%CPU %MEM ARGS Sun Oct  4 20:30:15 UTC 2026
 0.0  0.0 grep --color=auto ./cli       0  2336
 100  0.0 ./cli kernel images/4096x40   0  1420
  PID User     Command                         Swap      USS      PSS      RSS 
87114 codespace ./cli kernel images/4096x40        0      520      569     1828 
87112 codespace ./cli kernel images/4096x40        0      528      577     1820 
87110 codespace ./cli kernel images/4096x40        0      540      589     1848 
87108 codespace ./cli kernel images/4096x40        0      772      819     2044 
87106 codespace ./cli kernel images/4096x40        0      816      861     2068 
87101 codespace /usr/bin/python3 /usr/bin/s        0    11940    12161    14352 
%CPU %MEM ARGS Sun Oct  4 20:30:15 UTC 2026
 0.0  0.0 grep --color=auto ./cli       1  2160
23.6  0.0 ./cli kernel images/4096x40   1  2332
25.0  0.0 ./cli kernel images/4096x40   0  2444
33.3  0.0 ./cli kernel images/4096x40   1  2748
33.9  0.0 ./cli kernel images/4096x40   1  2824
35.1  0.0 ./cli kernel images/4096x40   0  2828
  PID User     Command                         Swap      USS      PSS      RSS 
87112 codespace ./cli kernel images/4096x40        0     1464     1513     2756 
87110 codespace ./cli kernel images/4096x40        0     1788     1837     3096 
87106 codespace ./cli kernel images/4096x40        0     1896     1941     3148 
87108 codespace ./cli kernel images/4096x40        0     1968     2015     3240 
87114 codespace ./cli kernel images/4096x40        0     2180     2229     3488 
87118 codespace /usr/bin/python3 /usr/bin/s        0    12084    12309    14568 
%CPU %MEM ARGS Sun Oct  4 20:30:16 UTC 2026
 0.0  0.0 grep --color=auto ./cli       1  2180
25.2  0.0 ./cli kernel images/4096x40   1  3368
29.2  0.0 ./cli kernel images/4096x40   1  3772
30.3  0.0 ./cli kernel images/4096x40   1  3848
32.1  0.0 ./cli kernel images/4096x40   0  4048
37.2  0.0 ./cli kernel images/4096x40   0  4420
  PID User     Command                         Swap      USS      PSS      RSS 
87112 codespace ./cli kernel images/4096x40        0     2552     2596     3844 
87106 codespace ./cli kernel images/4096x40        0     2984     3024     4236 
87108 codespace ./cli kernel images/4096x40        0     3048     3090     4320 
87110 codespace ./cli kernel images/4096x40        0     3172     3216     4480 
87114 codespace ./cli kernel images/4096x40        0     3572     3616     4880 
87134 codespace /usr/bin/python3 /usr/bin/s        0    12076    12274    14560 
%CPU %MEM ARGS Sun Oct  4 20:30:16 UTC 2026
 0.0  0.0 grep --color=auto ./cli       0  2204
25.1  0.0 ./cli kernel images/4096x40   1  4532
28.3  0.0 ./cli kernel images/4096x40   0  4956
29.8  0.0 ./cli kernel images/4096x40   0  5096
30.2  0.0 ./cli kernel images/4096x40   1  5184
35.2  0.0 ./cli kernel images/4096x40   0  5696
  PID User     Command                         Swap      USS      PSS      RSS 
87108 codespace ./cli kernel images/4096x40        0     4156     4198     5428 
87112 codespace ./cli kernel images/4096x40        0     4252     4296     5544 
87106 codespace ./cli kernel images/4096x40        0     4360     4400     5612 
87110 codespace ./cli kernel images/4096x40        0     4480     4526     5788 
87114 codespace ./cli kernel images/4096x40        0     4888     4932     6196 
87153 codespace /usr/bin/python3 /usr/bin/s        0    12088    12279    14504 
%CPU %MEM ARGS Sun Oct  4 20:30:17 UTC 2026
 0.0  0.0 grep --color=auto ./cli       1  2340
27.9  0.0 ./cli kernel images/4096x40   0  6084
29.3  0.0 ./cli kernel images/4096x40   0  6420
29.9  0.0 ./cli kernel images/4096x40   1  6380
29.9  0.0 ./cli kernel images/4096x40   1  6484
32.6  0.0 ./cli kernel images/4096x40   0  6828
  PID User     Command                         Swap      USS      PSS      RSS 
87108 codespace ./cli kernel images/4096x40        0     5224     5271     6496 
87110 codespace ./cli kernel images/4096x40        0     5548     5597     6856 
87112 codespace ./cli kernel images/4096x40        0     5748     5797     7040 
87106 codespace ./cli kernel images/4096x40        0     5852     5897     7104 
87114 codespace ./cli kernel images/4096x40        0     5944     5993     7252 
87178 codespace /usr/bin/python3 /usr/bin/s        0    12144    12375    14632 
%CPU %MEM ARGS Sun Oct  4 20:30:17 UTC 2026
 0.0  0.0 grep --color=auto ./cli       0  2156
27.7  0.0 ./cli kernel images/4096x40   0  7164
29.2  0.0 ./cli kernel images/4096x40   0  7516
31.4  0.0 ./cli kernel images/4096x40   0  7916
31.7  0.0 ./cli kernel images/4096x40   1  8016
32.4  0.0 ./cli kernel images/4096x40   1  8124
  PID User     Command                         Swap      USS      PSS      RSS 
87108 codespace ./cli kernel images/4096x40        0     6308     6355     7580 
87110 codespace ./cli kernel images/4096x40        0     6636     6685     7944 
87114 codespace ./cli kernel images/4096x40        0     7048     7097     8356 
87112 codespace ./cli kernel images/4096x40        0     7416     7465     8708 
87106 codespace ./cli kernel images/4096x40        0     7512     7557     8764 
87183 codespace /usr/bin/python3 /usr/bin/s        0    12096    12328    14604 
%CPU %MEM ARGS Sun Oct  4 20:30:18 UTC 2026
 0.0  0.0 grep --color=auto ./cli       0  2248
27.5  0.1 ./cli kernel images/4096x40   0  8244
28.8  0.1 ./cli kernel images/4096x40   0  8596
30.4  0.1 ./cli kernel images/4096x40   0  8992
33.2  0.1 ./cli kernel images/4096x40   1  9628
33.5  0.1 ./cli kernel images/4096x40   1  9740
  PID User     Command                         Swap      USS      PSS      RSS 
87108 codespace ./cli kernel images/4096x40        0     7404     7451     8676 
87110 codespace ./cli kernel images/4096x40        0     7724     7773     9032 
87114 codespace ./cli kernel images/4096x40        0     8140     8189     9448 
87112 codespace ./cli kernel images/4096x40        0     9032     9081    10324 
87106 codespace ./cli kernel images/4096x40        0     9156     9201    10408 
87189 codespace /usr/bin/python3 /usr/bin/s        0    12072    12297    14528 
%CPU %MEM ARGS Sun Oct  4 20:30:19 UTC 2026
 0.0  0.0 grep --color=auto ./cli       0  2176
26.4  0.1 ./cli kernel images/4096x40   0  9072
27.2  0.1 ./cli kernel images/4096x40   1  9392
28.6  0.1 ./cli kernel images/4096x40   1  9764
32.0  0.1 ./cli kernel images/4096x40   1 10664
33.4  0.1 ./cli kernel images/4096x40   0 11116
  PID User     Command                         Swap      USS      PSS      RSS 
87108 codespace ./cli kernel images/4096x40        0     8224     8266     9496 
87110 codespace ./cli kernel images/4096x40        0     8748     8791    10056 
87114 codespace ./cli kernel images/4096x40        0     9152     9194    10460 
87112 codespace ./cli kernel images/4096x40        0     9836     9880    11128 
87106 codespace ./cli kernel images/4096x40        0    10284    10324    11536 
87221 codespace /usr/bin/python3 /usr/bin/s        0    12080    12258    14536 
%CPU %MEM ARGS Sun Oct  4 20:30:19 UTC 2026
 0.0  0.0 grep --color=auto ./cli       1  2188
26.2  0.1 ./cli kernel images/4096x40   0 10208
28.1  0.1 ./cli kernel images/4096x40   1 10900
29.3  0.1 ./cli kernel images/4096x40   0 11284
30.9  0.1 ./cli kernel images/4096x40   0 11816
32.0  0.1 ./cli kernel images/4096x40   0 12248
  PID User     Command                         Swap      USS      PSS      RSS 
87108 codespace ./cli kernel images/4096x40        0     9576     9618    10848 
87110 codespace ./cli kernel images/4096x40        0    10032    10076    11340 
87114 codespace ./cli kernel images/4096x40        0    10668    10712    11976 
87112 codespace ./cli kernel images/4096x40        0    10956    11000    12248 
87106 codespace ./cli kernel images/4096x40        0    11360    11400    12612 
87239 codespace /usr/bin/python3 /usr/bin/s        0    12100    12324    14612 
%CPU %MEM ARGS Sun Oct  4 20:30:20 UTC 2026
 0.0  0.0 grep --color=auto ./cli       1  2340
27.1  0.1 ./cli kernel images/4096x40   0 11636
28.1  0.1 ./cli kernel images/4096x40   1 12060
29.7  0.1 ./cli kernel images/4096x40   1 12628
30.6  0.1 ./cli kernel images/4096x40   0 12956
31.6  0.1 ./cli kernel images/4096x40   1 13360
  PID User     Command                         Swap      USS      PSS      RSS 
87108 codespace ./cli kernel images/4096x40        0    10980    11027    12252 
87110 codespace ./cli kernel images/4096x40        0    11176    11225    12484 
87114 codespace ./cli kernel images/4096x40        0    11748    11797    13056 
87261 codespace /usr/bin/python3 /usr/bin/s        0    12076    12298    14488 
87112 codespace ./cli kernel images/4096x40        0    12308    12357    13600 
87106 codespace ./cli kernel images/4096x40        0    12516    12561    13768 
%CPU %MEM ARGS Sun Oct  4 20:30:20 UTC 2026
 0.0  0.0 grep --color=auto ./cli       0  2252
28.0  0.1 ./cli kernel images/4096x40   1 13116
28.3  0.1 ./cli kernel images/4096x40   0 13144
29.3  0.1 ./cli kernel images/4096x40   1 13684
31.3  0.1 ./cli kernel images/4096x40   1 14408
31.3  0.1 ./cli kernel images/4096x40   1 14424
  PID User     Command                         Swap      USS      PSS      RSS 
87110 codespace ./cli kernel images/4096x40        0    12052    12101    13360 
87266 codespace /usr/bin/python3 /usr/bin/s        0    12080    12299    14560 
87108 codespace ./cli kernel images/4096x40        0    12284    12331    13556 
87114 codespace ./cli kernel images/4096x40        0    12640    12689    13948 
87112 codespace ./cli kernel images/4096x40        0    13360    13409    14652 
87106 codespace ./cli kernel images/4096x40        0    13400    13445    14652 
%CPU %MEM ARGS Sun Oct  4 20:30:21 UTC 2026
 0.0  0.0 grep --color=auto ./cli       0  2204
27.8  0.1 ./cli kernel images/4096x40   1 13836
29.2  0.1 ./cli kernel images/4096x40   1 14404
30.0  0.1 ./cli kernel images/4096x40   0 14824
30.9  0.1 ./cli kernel images/4096x40   1 15112
30.9  0.1 ./cli kernel images/4096x40   1 15132
  PID User     Command                         Swap      USS      PSS      RSS 
87272 codespace /usr/bin/python3 /usr/bin/s        0    12084    12303    14564 
87110 codespace ./cli kernel images/4096x40        0    12868    12917    14176 
87114 codespace ./cli kernel images/4096x40        0    13448    13497    14756 
87108 codespace ./cli kernel images/4096x40        0    14020    14067    15292 
87106 codespace ./cli kernel images/4096x40        0    14200    14245    15452 
87112 codespace ./cli kernel images/4096x40        0    14200    14249    15492 
%CPU %MEM ARGS Sun Oct  4 20:30:21 UTC 2026
 0.0  0.0 grep --color=auto ./cli       1  2180
27.6  0.1 ./cli kernel images/4096x40   1 14692
29.1  0.1 ./cli kernel images/4096x40   1 15260
30.1  0.1 ./cli kernel images/4096x40   1 15820
30.7  0.1 ./cli kernel images/4096x40   1 16032
31.4  0.2 ./cli kernel images/4096x40   0 16360
  PID User     Command                         Swap      USS      PSS      RSS 
87280 codespace /usr/bin/python3 /usr/bin/s        0    12040    12259    14520 
87110 codespace ./cli kernel images/4096x40        0    13724    13773    15032 
87114 codespace ./cli kernel images/4096x40        0    14312    14361    15620 
87108 codespace ./cli kernel images/4096x40        0    14880    14924    16152 
87112 codespace ./cli kernel images/4096x40        0    15096    15145    16388 
87106 codespace ./cli kernel images/4096x40        0    15536    15576    16788 
%CPU %MEM ARGS Sun Oct  4 20:30:22 UTC 2026
 0.0  0.0 grep --color=auto ./cli       0  2180
27.8  0.1 ./cli kernel images/4096x40   1 15864
28.9  0.2 ./cli kernel images/4096x40   1 16416
29.6  0.2 ./cli kernel images/4096x40   0 16768
30.1  0.2 ./cli kernel images/4096x40   0 17000
30.8  0.2 ./cli kernel images/4096x40   0 17428
  PID User     Command                         Swap      USS      PSS      RSS 
87295 codespace /usr/bin/python3 /usr/bin/s        0    12092    12321    14600 
87110 codespace ./cli kernel images/4096x40        0    14972    15021    16280 
87114 codespace ./cli kernel images/4096x40        0    15552    15601    16860 
87108 codespace ./cli kernel images/4096x40        0    15924    15971    17196 
87112 codespace ./cli kernel images/4096x40        0    16236    16285    17528 
87106 codespace ./cli kernel images/4096x40        0    16832    16877    18084 
%CPU %MEM ARGS Sun Oct  4 20:30:22 UTC 2026
 0.0  0.0 grep --color=auto ./cli       1  2296
27.8  0.2 ./cli kernel images/4096x40   1 17164
28.8  0.2 ./cli kernel images/4096x40   0 17532
29.3  0.2 ./cli kernel images/4096x40   0 17904
29.9  0.2 ./cli kernel images/4096x40   0 18164
31.8  0.2 ./cli kernel images/4096x40   1 19316
  PID User     Command                         Swap      USS      PSS      RSS 
87300 codespace /usr/bin/python3 /usr/bin/s        0    12080    12300    14560 
87110 codespace ./cli kernel images/4096x40        0    16364    16413    17672 
87114 codespace ./cli kernel images/4096x40        0    16636    16685    17944 
87108 codespace ./cli kernel images/4096x40        0    17016    17063    18288 
87112 codespace ./cli kernel images/4096x40        0    17276    17325    18568 
87106 codespace ./cli kernel images/4096x40        0    18640    18685    19892 
%CPU %MEM ARGS Sun Oct  4 20:30:23 UTC 2026
 0.0  0.0 grep --color=auto ./cli       0  2248
28.4  0.2 ./cli kernel images/4096x40   1 18484
28.9  0.2 ./cli kernel images/4096x40   1 18716
29.2  0.2 ./cli kernel images/4096x40   0 18936
29.7  0.2 ./cli kernel images/4096x40   0 19196
31.9  0.2 ./cli kernel images/4096x40   0 20560
  PID User     Command                         Swap      USS      PSS      RSS 
87306 codespace /usr/bin/python3 /usr/bin/s        0    12088    12305    14500 
87114 codespace ./cli kernel images/4096x40        0    18008    18057    19316 
87110 codespace ./cli kernel images/4096x40        0    18060    18109    19368 
87108 codespace ./cli kernel images/4096x40        0    18096    18143    19368 
87112 codespace ./cli kernel images/4096x40        0    18372    18421    19664 
87106 codespace ./cli kernel images/4096x40        0    19724    19769    20976 
%CPU %MEM ARGS Sun Oct  4 20:30:24 UTC 2026
 0.0  0.0 grep --color=auto ./cli       0  2160
28.9  0.2 ./cli kernel images/4096x40   0 19832
28.9  0.2 ./cli kernel images/4096x40   0 19908
29.5  0.2 ./cli kernel images/4096x40   1 20408
29.6  0.2 ./cli kernel images/4096x40   0 20284
31.4  0.2 ./cli kernel images/4096x40   0 21532
  PID User     Command                         Swap      USS      PSS      RSS 
87311 codespace /usr/bin/python3 /usr/bin/s        0    12080    12267    14452 
87114 codespace ./cli kernel images/4096x40        0    18928    18973    20236 
87108 codespace ./cli kernel images/4096x40        0    19088    19134    20360 
87112 codespace ./cli kernel images/4096x40        0    19396    19443    20688 
87110 codespace ./cli kernel images/4096x40        0    19652    19700    20960 
87106 codespace ./cli kernel images/4096x40        0    20640    20685    21892 
%CPU %MEM ARGS Sun Oct  4 20:30:24 UTC 2026
 0.0  0.0 grep --color=auto ./cli       0  2304
28.7  0.2 ./cli kernel images/4096x40   0 20836
29.1  0.2 ./cli kernel images/4096x40   1 21184
29.5  0.2 ./cli kernel images/4096x40   0 21288
30.0  0.2 ./cli kernel images/4096x40   1 21756
31.1  0.2 ./cli kernel images/4096x40   0 22540
  PID User     Command                         Swap      USS      PSS      RSS 
87323 codespace /usr/bin/python3 /usr/bin/s        0    12080    12307    14556 
87114 codespace ./cli kernel images/4096x40        0    19992    20041    21300 
87112 codespace ./cli kernel images/4096x40        0    20440    20489    21732 
87108 codespace ./cli kernel images/4096x40        0    20564    20611    21836 
87110 codespace ./cli kernel images/4096x40        0    21144    21193    22452 
87106 codespace ./cli kernel images/4096x40        0    21688    21733    22940 
%CPU %MEM ARGS Sun Oct  4 20:30:25 UTC 2026
 0.0  0.0 grep --color=auto ./cli       1  2248
29.1  0.2 ./cli kernel images/4096x40   1 22280
29.1  0.2 ./cli kernel images/4096x40   0 22276
29.2  0.2 ./cli kernel images/4096x40   1 22456
30.0  0.2 ./cli kernel images/4096x40   1 23048
30.8  0.2 ./cli kernel images/4096x40   0 23524
  PID User     Command                         Swap      USS      PSS      RSS 
87328 codespace /usr/bin/python3 /usr/bin/s        0    12072    12295    14556 
87112 codespace ./cli kernel images/4096x40        0    21460    21509    22752 
87114 codespace ./cli kernel images/4096x40        0    21468    21517    22776 
87108 codespace ./cli kernel images/4096x40        0    21640    21687    22912 
87110 codespace ./cli kernel images/4096x40        0    22212    22261    23520 
87106 codespace ./cli kernel images/4096x40        0    22696    22741    23948 
%CPU %MEM ARGS Sun Oct  4 20:30:25 UTC 2026
 0.0  0.0 grep --color=auto ./cli       1  2184
29.3  0.2 ./cli kernel images/4096x40   1 23468
29.3  0.2 ./cli kernel images/4096x40   0 23492
29.5  0.2 ./cli kernel images/4096x40   1 23664
30.2  0.2 ./cli kernel images/4096x40   0 24272
30.8  0.3 ./cli kernel images/4096x40   1 24620
  PID User     Command                         Swap      USS      PSS      RSS 
87334 codespace /usr/bin/python3 /usr/bin/s        0    12084    12303    14564 
87114 codespace ./cli kernel images/4096x40        0    22616    22665    23924 
87108 codespace ./cli kernel images/4096x40        0    22872    22919    24144 
87112 codespace ./cli kernel images/4096x40        0    22896    22945    24188 
87110 codespace ./cli kernel images/4096x40        0    23540    23589    24848 
87106 codespace ./cli kernel images/4096x40        0    23776    23821    25028 
%CPU %MEM ARGS Sun Oct  4 20:30:26 UTC 2026
 0.0  0.0 grep --color=auto ./cli       0  2160
29.1  0.3 ./cli kernel images/4096x40   0 24600
29.5  0.3 ./cli kernel images/4096x40   0 24864
29.6  0.3 ./cli kernel images/4096x40   1 24992
30.1  0.3 ./cli kernel images/4096x40   0 25544
30.7  0.3 ./cli kernel images/4096x40   1 25888
  PID User     Command                         Swap      USS      PSS      RSS 
87339 codespace /usr/bin/python3 /usr/bin/s        0    12092    12327    14588 
87114 codespace ./cli kernel images/4096x40        0    23744    23793    25052 
87112 codespace ./cli kernel images/4096x40        0    24016    24065    25308 
87108 codespace ./cli kernel images/4096x40        0    24356    24403    25628 
87110 codespace ./cli kernel images/4096x40        0    24672    24721    25980 
87106 codespace ./cli kernel images/4096x40        0    25248    25293    26500 
%CPU %MEM ARGS Sun Oct  4 20:30:26 UTC 2026
 0.0  0.0 grep --color=auto ./cli       0  2252
29.0  0.3 ./cli kernel images/4096x40   0 25596
29.3  0.3 ./cli kernel images/4096x40   0 25860
29.9  0.3 ./cli kernel images/4096x40   1 26468
29.9  0.3 ./cli kernel images/4096x40   0 26544
31.0  0.3 ./cli kernel images/4096x40   1 27372
  PID User     Command                         Swap      USS      PSS      RSS 
87348 codespace /usr/bin/python3 /usr/bin/s        0    12080    12301    14560 
87114 codespace ./cli kernel images/4096x40        0    24736    24785    26044 
87112 codespace ./cli kernel images/4096x40        0    25008    25057    26300 
87110 codespace ./cli kernel images/4096x40        0    25668    25717    26976 
87108 codespace ./cli kernel images/4096x40        0    25960    26007    27232 
87106 codespace ./cli kernel images/4096x40        0    26856    26901    28108 
%CPU %MEM ARGS Sun Oct  4 20:30:27 UTC 2026
 0.0  0.0 grep --color=auto ./cli       0  2252
28.9  0.3 ./cli kernel images/4096x40   1 26832
29.1  0.3 ./cli kernel images/4096x40   0 26948
29.7  0.3 ./cli kernel images/4096x40   0 27620
30.1  0.3 ./cli kernel images/4096x40   0 27908
31.3  0.3 ./cli kernel images/4096x40   1 28988
  PID User     Command                         Swap      USS      PSS      RSS 
87357 codespace /usr/bin/python3 /usr/bin/s        0    12080    12300    14492 
87112 codespace ./cli kernel images/4096x40        0    26100    26149    27392 
87114 codespace ./cli kernel images/4096x40        0    26160    26209    27468 
87110 codespace ./cli kernel images/4096x40        0    26768    26817    28076 
87108 codespace ./cli kernel images/4096x40        0    27056    27103    28328 
87106 codespace ./cli kernel images/4096x40        0    28332    28377    29584 
%CPU %MEM ARGS Sun Oct  4 20:30:27 UTC 2026
 0.0  0.0 grep --color=auto ./cli       0  2160
29.0  0.3 ./cli kernel images/4096x40   1 28028
29.2  0.3 ./cli kernel images/4096x40   0 28144
29.5  0.3 ./cli kernel images/4096x40   0 28588
30.2  0.3 ./cli kernel images/4096x40   0 29120
31.2  0.3 ./cli kernel images/4096x40   1 30180
  PID User     Command                         Swap      USS      PSS      RSS 
87368 codespace /usr/bin/python3 /usr/bin/s        0    12088    12321    14624 
87114 codespace ./cli kernel images/4096x40        0    27180    27229    28488 
87112 codespace ./cli kernel images/4096x40        0    27408    27457    28700 
87110 codespace ./cli kernel images/4096x40        0    27700    27749    29008 
87108 codespace ./cli kernel images/4096x40        0    28372    28419    29644 
87106 codespace ./cli kernel images/4096x40        0    29344    29389    30596 
%CPU %MEM ARGS Sun Oct  4 20:30:28 UTC 2026
 0.0  0.0 grep --color=auto ./cli       0  2252
28.8  0.3 ./cli kernel images/4096x40   1 29084
29.1  0.3 ./cli kernel images/4096x40   1 29312
29.4  0.3 ./cli kernel images/4096x40   1 29676
30.1  0.3 ./cli kernel images/4096x40   1 30344
31.8  0.3 ./cli kernel images/4096x40   0 32020
  PID User     Command                         Swap      USS      PSS      RSS 
87374 codespace /usr/bin/python3 /usr/bin/s        0    12088    12313    14524 
87114 codespace ./cli kernel images/4096x40        0    28164    28213    29472 
87112 codespace ./cli kernel images/4096x40        0    28412    28461    29704 
87110 codespace ./cli kernel images/4096x40        0    28764    28813    30072 
87108 codespace ./cli kernel images/4096x40        0    29408    29455    30680 
87106 codespace ./cli kernel images/4096x40        0    31232    31277    32484 
%CPU %MEM ARGS Sun Oct  4 20:30:29 UTC 2026
 0.0  0.0 grep --color=auto ./cli       1  2172
29.0  0.3 ./cli kernel images/4096x40   1 30328
29.1  0.3 ./cli kernel images/4096x40   0 30368
29.2  0.3 ./cli kernel images/4096x40   0 30632
29.9  0.3 ./cli kernel images/4096x40   0 31308
31.7  0.4 ./cli kernel images/4096x40   0 33116
  PID User     Command                         Swap      USS      PSS      RSS 
87379 codespace /usr/bin/python3 /usr/bin/s        0    12080    12300    14492 
87114 codespace ./cli kernel images/4096x40        0    29524    29573    30832 
87112 codespace ./cli kernel images/4096x40        0    29592    29641    30884 
87110 codespace ./cli kernel images/4096x40        0    29724    29773    31032 
87108 codespace ./cli kernel images/4096x40        0    30376    30423    31648 
87106 codespace ./cli kernel images/4096x40        0    32216    32261    33468 
%CPU %MEM ARGS Sun Oct  4 20:30:29 UTC 2026
 0.0  0.0 grep --color=auto ./cli       1  2196
28.8  0.3 ./cli kernel images/4096x40   0 31456
28.9  0.3 ./cli kernel images/4096x40   0 31564
29.0  0.3 ./cli kernel images/4096x40   1 31648
29.5  0.3 ./cli kernel images/4096x40   0 32192
31.2  0.4 ./cli kernel images/4096x40   0 34000
  PID User     Command                         Swap      USS      PSS      RSS 
87410 codespace /usr/bin/python3 /usr/bin/s        0    12088    12318    14536 
87112 codespace ./cli kernel images/4096x40        0    30448    30497    31740 
87110 codespace ./cli kernel images/4096x40        0    30532    30581    31840 
87114 codespace ./cli kernel images/4096x40        0    30840    30889    32148 
87108 codespace ./cli kernel images/4096x40        0    31192    31239    32464 
87106 codespace ./cli kernel images/4096x40        0    33012    33057    34264 
%CPU %MEM ARGS Sun Oct  4 20:30:30 UTC 2026
 0.0  0.0 grep --color=auto ./cli       1  2340
28.7  0.3 ./cli kernel images/4096x40   0 32308
28.9  0.4 ./cli kernel images/4096x40   1 32540
29.2  0.4 ./cli kernel images/4096x40   0 32860
29.4  0.4 ./cli kernel images/4096x40   0 33048
30.9  0.4 ./cli kernel images/4096x40   0 34708
  PID User     Command                         Swap      USS      PSS      RSS 
87415 codespace /usr/bin/python3 /usr/bin/s        0    12080    12297    14496 
87112 codespace ./cli kernel images/4096x40        0    31300    31349    32592 
87110 codespace ./cli kernel images/4096x40        0    31732    31781    33040 
87114 codespace ./cli kernel images/4096x40        0    31844    31893    33152 
87108 codespace ./cli kernel images/4096x40        0    32040    32087    33312 
87106 codespace ./cli kernel images/4096x40        0    33712    33757    34964 
%CPU %MEM ARGS Sun Oct  4 20:30:30 UTC 2026
 0.0  0.0 grep --color=auto ./cli       0  2200
28.7  0.4 ./cli kernel images/4096x40   1 33208
29.1  0.4 ./cli kernel images/4096x40   0 33672
29.3  0.4 ./cli kernel images/4096x40   0 33848
29.5  0.4 ./cli kernel images/4096x40   1 34224
30.7  0.4 ./cli kernel images/4096x40   0 35512
  PID User     Command                         Swap      USS      PSS      RSS 
87421 codespace /usr/bin/python3 /usr/bin/s        0    12040    12257    14456 
87112 codespace ./cli kernel images/4096x40        0    32580    32629    33872 
87114 codespace ./cli kernel images/4096x40        0    32824    32873    34132 
87108 codespace ./cli kernel images/4096x40        0    32960    33007    34232 
87110 codespace ./cli kernel images/4096x40        0    33408    33457    34716 
87106 codespace ./cli kernel images/4096x40        0    34664    34709    35916 
%CPU %MEM ARGS Sun Oct  4 20:30:31 UTC 2026
 0.0  0.0 grep --color=auto ./cli       0  2188
29.0  0.4 ./cli kernel images/4096x40   0 34784
29.2  0.4 ./cli kernel images/4096x40   1 34824
29.2  0.4 ./cli kernel images/4096x40   0 34932
29.6  0.4 ./cli kernel images/4096x40   0 35400
30.8  0.4 ./cli kernel images/4096x40   1 36908
  PID User     Command                         Swap      USS      PSS      RSS 
87426 codespace /usr/bin/python3 /usr/bin/s        0    12076    12303    14528 
87114 codespace ./cli kernel images/4096x40        0    33928    33977    35236 
87108 codespace ./cli kernel images/4096x40        0    34080    34127    35352 
87112 codespace ./cli kernel images/4096x40        0    34244    34293    35536 
87110 codespace ./cli kernel images/4096x40        0    34516    34565    35824 
87106 codespace ./cli kernel images/4096x40        0    36284    36329    37536 
%CPU %MEM ARGS Sun Oct  4 20:30:31 UTC 2026
 0.0  0.0 grep --color=auto ./cli       0  2340
29.0  0.4 ./cli kernel images/4096x40   0 35916
29.3  0.4 ./cli kernel images/4096x40   0 36224
29.4  0.4 ./cli kernel images/4096x40   1 36336
29.6  0.4 ./cli kernel images/4096x40   0 36684
31.1  0.4 ./cli kernel images/4096x40   1 38416
  PID User     Command                         Swap      USS      PSS      RSS 
87432 codespace /usr/bin/python3 /usr/bin/s        0    12076    12291    14492 
87114 codespace ./cli kernel images/4096x40        0    35104    35153    36412 
87108 codespace ./cli kernel images/4096x40        0    35508    35555    36780 
87112 codespace ./cli kernel images/4096x40        0    35520    35569    36812 
87110 codespace ./cli kernel images/4096x40        0    35836    35885    37144 
87106 codespace ./cli kernel images/4096x40        0    37812    37857    39064 
%CPU %MEM ARGS Sun Oct  4 20:30:32 UTC 2026
 0.0  0.0 grep --color=auto ./cli       1  2160
28.7  0.4 ./cli kernel images/4096x40   0 36884
29.1  0.4 ./cli kernel images/4096x40   1 37416
29.1  0.4 ./cli kernel images/4096x40   1 37504
29.2  0.4 ./cli kernel images/4096x40   0 37648
31.0  0.4 ./cli kernel images/4096x40   1 39808
  PID User     Command                         Swap      USS      PSS      RSS 
87444 codespace /usr/bin/python3 /usr/bin/s        0    12100    12331    14548 
87114 codespace ./cli kernel images/4096x40        0    36044    36093    37352 
87108 codespace ./cli kernel images/4096x40        0    36616    36663    37888 
87112 codespace ./cli kernel images/4096x40        0    36624    36673    37916 
87110 codespace ./cli kernel images/4096x40        0    36784    36833    38092 
87106 codespace ./cli kernel images/4096x40        0    38972    39017    40224 
%CPU %MEM ARGS Sun Oct  4 20:30:33 UTC 2026
 0.0  0.0 grep --color=auto ./cli       0  2304
28.6  0.4 ./cli kernel images/4096x40   0 37992
29.1  0.4 ./cli kernel images/4096x40   0 38572
29.2  0.4 ./cli kernel images/4096x40   0 38752
29.4  0.4 ./cli kernel images/4096x40   1 38920
31.1  0.5 ./cli kernel images/4096x40   1 41112
  PID User     Command                         Swap      USS      PSS      RSS 
87449 codespace /usr/bin/python3 /usr/bin/s        0    12076    12296    14488 
87114 codespace ./cli kernel images/4096x40        0    37156    37205    38464 
87108 codespace ./cli kernel images/4096x40        0    37732    37779    39004 
87110 codespace ./cli kernel images/4096x40        0    37896    37945    39204 
87112 codespace ./cli kernel images/4096x40        0    38388    38437    39680 
87106 codespace ./cli kernel images/4096x40        0    40552    40597    41804 
%CPU %MEM ARGS Sun Oct  4 20:30:33 UTC 2026
 0.0  0.0 grep --color=auto ./cli       1  2304
28.6  0.4 ./cli kernel images/4096x40   0 39256
29.0  0.4 ./cli kernel images/4096x40   1 39724
29.1  0.4 ./cli kernel images/4096x40   1 39904
29.6  0.4 ./cli kernel images/4096x40   1 40528
31.2  0.5 ./cli kernel images/4096x40   1 42728
  PID User     Command                         Swap      USS      PSS      RSS 
87461 codespace /usr/bin/python3 /usr/bin/s        0    12092    12319    14540 
87114 codespace ./cli kernel images/4096x40        0    38452    38501    39760 
87108 codespace ./cli kernel images/4096x40        0    38632    38679    39904 
87110 codespace ./cli kernel images/4096x40        0    38792    38841    40100 
87112 codespace ./cli kernel images/4096x40        0    39456    39505    40748 
87106 codespace ./cli kernel images/4096x40        0    41660    41705    42912 
%CPU %MEM ARGS Sun Oct  4 20:30:34 UTC 2026
 0.0  0.0 grep --color=auto ./cli       1  2208
28.6  0.4 ./cli kernel images/4096x40   0 40224
28.9  0.4 ./cli kernel images/4096x40   0 40604
29.2  0.5 ./cli kernel images/4096x40   1 40976
29.4  0.5 ./cli kernel images/4096x40   0 41240
30.9  0.5 ./cli kernel images/4096x40   0 43416
  PID User     Command                         Swap      USS      PSS      RSS 
87466 codespace /usr/bin/python3 /usr/bin/s        0    12088    12314    14532 
87114 codespace ./cli kernel images/4096x40        0    39220    39269    40528 
87110 codespace ./cli kernel images/4096x40        0    39580    39629    40888 
87108 codespace ./cli kernel images/4096x40        0    40172    40218    41444 
87112 codespace ./cli kernel images/4096x40        0    40240    40288    41532 
87106 codespace ./cli kernel images/4096x40        0    42440    42486    43692 
%CPU %MEM ARGS Sun Oct  4 20:30:34 UTC 2026
 0.0  0.0 grep --color=auto ./cli       1  2212
28.5  0.5 ./cli kernel images/4096x40   0 40988
28.8  0.5 ./cli kernel images/4096x40   0 41504
29.3  0.5 ./cli kernel images/4096x40   0 42004
29.3  0.5 ./cli kernel images/4096x40   1 42096
30.8  0.5 ./cli kernel images/4096x40   0 44156
  PID User     Command                         Swap      USS      PSS      RSS 
87476 codespace /usr/bin/python3 /usr/bin/s        0    12076    12276    14464 
87114 codespace ./cli kernel images/4096x40        0    40160    40209    41468 
87110 codespace ./cli kernel images/4096x40        0    40636    40685    41944 
87112 codespace ./cli kernel images/4096x40        0    41188    41237    42480 
87108 codespace ./cli kernel images/4096x40        0    41256    41303    42528 
87106 codespace ./cli kernel images/4096x40        0    43324    43369    44576 
%CPU %MEM ARGS Sun Oct  4 20:30:35 UTC 2026
 0.0  0.0 grep --color=auto ./cli       1  2160
28.5  0.5 ./cli kernel images/4096x40   0 42092
28.9  0.5 ./cli kernel images/4096x40   1 42724
29.3  0.5 ./cli kernel images/4096x40   0 43224
29.4  0.5 ./cli kernel images/4096x40   1 43268
30.7  0.5 ./cli kernel images/4096x40   0 45252
  PID User     Command                         Swap      USS      PSS      RSS 
87483 codespace /usr/bin/python3 /usr/bin/s        0    12084    12316    14532 
87114 codespace ./cli kernel images/4096x40        0    41704    41753    43012 
87110 codespace ./cli kernel images/4096x40        0    41868    41917    43176 
87108 codespace ./cli kernel images/4096x40        0    42424    42471    43696 
87112 codespace ./cli kernel images/4096x40        0    42460    42509    43752 
87106 codespace ./cli kernel images/4096x40        0    44752    44797    46004 
%CPU %MEM ARGS Sun Oct  4 20:30:35 UTC 2026
 0.0  0.0 grep --color=auto ./cli       0  2172
28.7  0.5 ./cli kernel images/4096x40   0 43772
28.8  0.5 ./cli kernel images/4096x40   1 43972
29.3  0.5 ./cli kernel images/4096x40   1 44512
29.3  0.5 ./cli kernel images/4096x40   0 44560
30.7  0.5 ./cli kernel images/4096x40   0 46700
  PID User     Command                         Swap      USS      PSS      RSS 
87489 codespace /usr/bin/python3 /usr/bin/s        0    12088    12320    14536 
87114 codespace ./cli kernel images/4096x40        0    42980    43029    44288 
87110 codespace ./cli kernel images/4096x40        0    43424    43473    44732 
87112 codespace ./cli kernel images/4096x40        0    43756    43805    45048 
87108 codespace ./cli kernel images/4096x40        0    43792    43839    45064 
87106 codespace ./cli kernel images/4096x40        0    45876    45921    47128 
%CPU %MEM ARGS Sun Oct  4 20:30:36 UTC 2026
 0.0  0.0 grep --color=auto ./cli       0  2252
28.7  0.5 ./cli kernel images/4096x40   0 44892
29.0  0.5 ./cli kernel images/4096x40   1 45536
29.4  0.5 ./cli kernel images/4096x40   0 45852
29.4  0.5 ./cli kernel images/4096x40   1 45908
30.7  0.5 ./cli kernel images/4096x40   0 47992
  PID User     Command                         Swap      USS      PSS      RSS 
87495 codespace /usr/bin/python3 /usr/bin/s        0    12084    12302    14500 
87114 codespace ./cli kernel images/4096x40        0    44080    44129    45388 
87110 codespace ./cli kernel images/4096x40        0    44964    45013    46272 
87112 codespace ./cli kernel images/4096x40        0    45028    45077    46320 
87108 codespace ./cli kernel images/4096x40        0    45348    45395    46620 
87106 codespace ./cli kernel images/4096x40        0    47164    47209    48416 
%CPU %MEM ARGS Sun Oct  4 20:30:36 UTC 2026
 0.0  0.0 grep --color=auto ./cli       0  2192
28.7  0.5 ./cli kernel images/4096x40   0 46064
29.3  0.5 ./cli kernel images/4096x40   0 47020
29.4  0.5 ./cli kernel images/4096x40   1 47256
29.6  0.5 ./cli kernel images/4096x40   0 47564
30.6  0.6 ./cli kernel images/4096x40   0 49156
  PID User     Command                         Swap      USS      PSS      RSS 
87503 codespace /usr/bin/python3 /usr/bin/s        0    12076    12315    14604 
87114 codespace ./cli kernel images/4096x40        0    45096    45145    46404 
87112 codespace ./cli kernel images/4096x40        0    46056    46105    47348 
87110 codespace ./cli kernel images/4096x40        0    46396    46445    47704 
87108 codespace ./cli kernel images/4096x40        0    46600    46647    47872 
87106 codespace ./cli kernel images/4096x40        0    48192    48237    49444 
%CPU %MEM ARGS Sun Oct  4 20:30:37 UTC 2026
 0.0  0.0 grep --color=auto ./cli       0  2280
28.6  0.5 ./cli kernel images/4096x40   1 47060
29.2  0.5 ./cli kernel images/4096x40   0 47936
29.5  0.5 ./cli kernel images/4096x40   0 48472
29.6  0.6 ./cli kernel images/4096x40   1 48836
30.5  0.6 ./cli kernel images/4096x40   0 50064
  PID User     Command                         Swap      USS      PSS      RSS 
87512 codespace /usr/bin/python3 /usr/bin/s        0    12084    12304    14516 
87114 codespace ./cli kernel images/4096x40        0    46440    46489    47748 
87112 codespace ./cli kernel images/4096x40        0    47200    47249    48492 
87108 codespace ./cli kernel images/4096x40        0    47596    47643    48868 
87110 codespace ./cli kernel images/4096x40        0    48252    48301    49560 
87106 codespace ./cli kernel images/4096x40        0    49352    49397    50604 
%CPU %MEM ARGS Sun Oct  4 20:30:38 UTC 2026
 0.0  0.0 grep --color=auto ./cli       1  2276
28.7  0.5 ./cli kernel images/4096x40   0 48392
29.2  0.6 ./cli kernel images/4096x40   0 49152
29.4  0.6 ./cli kernel images/4096x40   1 49472
29.8  0.6 ./cli kernel images/4096x40   1 50284
30.4  0.6 ./cli kernel images/4096x40   1 51276
  PID User     Command                         Swap      USS      PSS      RSS 
87517 codespace /usr/bin/python3 /usr/bin/s        0    12096    12329    14632 
87114 codespace ./cli kernel images/4096x40        0    47696    47745    49004 
87112 codespace ./cli kernel images/4096x40        0    48472    48521    49764 
87108 codespace ./cli kernel images/4096x40        0    48640    48687    49912 
87110 codespace ./cli kernel images/4096x40        0    49432    49481    50740 
87106 codespace ./cli kernel images/4096x40        0    50464    50509    51716 
%CPU %MEM ARGS Sun Oct  4 20:30:38 UTC 2026
 0.0  0.0 grep --color=auto ./cli       0  2168
28.8  0.6 ./cli kernel images/4096x40   0 49676
29.3  0.6 ./cli kernel images/4096x40   0 50444
29.4  0.6 ./cli kernel images/4096x40   1 50792
29.9  0.6 ./cli kernel images/4096x40   1 51628
30.4  0.6 ./cli kernel images/4096x40   0 52432
  PID User     Command                         Swap      USS      PSS      RSS 
87523 codespace /usr/bin/python3 /usr/bin/s        0    12060    12285    14544 
87114 codespace ./cli kernel images/4096x40        0    48852    48901    50160 
87112 codespace ./cli kernel images/4096x40        0    49584    49633    50876 
87108 codespace ./cli kernel images/4096x40        0    49976    50023    51248 
87110 codespace ./cli kernel images/4096x40        0    50788    50837    52096 
87106 codespace ./cli kernel images/4096x40        0    51572    51617    52824 
%CPU %MEM ARGS Sun Oct  4 20:30:39 UTC 2026
 0.0  0.0 grep --color=auto ./cli       0  2288
28.7  0.6 ./cli kernel images/4096x40   1 50740
29.2  0.6 ./cli kernel images/4096x40   0 51516
29.4  0.6 ./cli kernel images/4096x40   1 51884
29.8  0.6 ./cli kernel images/4096x40   0 52728
30.3  0.6 ./cli kernel images/4096x40   1 53540
  PID User     Command                         Swap      USS      PSS      RSS 
87534 codespace /usr/bin/python3 /usr/bin/s        0    12112    12307    14564 
87114 codespace ./cli kernel images/4096x40        0    49920    49967    51228 
87112 codespace ./cli kernel images/4096x40        0    50776    50824    52068 
87108 codespace ./cli kernel images/4096x40        0    51032    51079    52304 
87110 codespace ./cli kernel images/4096x40        0    51784    51833    53092 
87106 codespace ./cli kernel images/4096x40        0    52624    52669    53876 
%CPU %MEM ARGS Sun Oct  4 20:30:39 UTC 2026
 0.0  0.0 grep --color=auto ./cli       0  2184
28.5  0.6 ./cli kernel images/4096x40   1 51672
29.1  0.6 ./cli kernel images/4096x40   1 52812
29.4  0.6 ./cli kernel images/4096x40   0 53296
29.5  0.6 ./cli kernel images/4096x40   1 53580
30.0  0.6 ./cli kernel images/4096x40   1 54400
  PID User     Command                         Swap      USS      PSS      RSS 
87551 codespace /usr/bin/python3 /usr/bin/s        0    12080    12297    14492 
87114 codespace ./cli kernel images/4096x40        0    51448    51497    52756 
87108 codespace ./cli kernel images/4096x40        0    51912    51959    53184 
87112 codespace ./cli kernel images/4096x40        0    52556    52605    53848 
87110 codespace ./cli kernel images/4096x40        0    52660    52709    53968 
87106 codespace ./cli kernel images/4096x40        0    53488    53533    54740 
%CPU %MEM ARGS Sun Oct  4 20:30:40 UTC 2026
 0.0  0.0 grep --color=auto ./cli       1  2064
28.7  0.6 ./cli kernel images/4096x40   1 53292
28.9  0.6 ./cli kernel images/4096x40   1 53784
29.3  0.6 ./cli kernel images/4096x40   1 54552
29.5  0.6 ./cli kernel images/4096x40   0 54744
29.8  0.6 ./cli kernel images/4096x40   1 55264
  PID User     Command                         Swap      USS      PSS      RSS 
87569 codespace /usr/bin/python3 /usr/bin/s        0    12076    12303    14528 
87114 codespace ./cli kernel images/4096x40        0    52280    52329    53588 
87108 codespace ./cli kernel images/4096x40        0    52784    52831    54056 
87110 codespace ./cli kernel images/4096x40        0    53536    53585    54844 
87112 codespace ./cli kernel images/4096x40        0    53928    53977    55220 
87106 codespace ./cli kernel images/4096x40        0    54276    54321    55528 
%CPU %MEM ARGS Sun Oct  4 20:30:40 UTC 2026
 0.0  0.0 grep --color=auto ./cli       0  2180
28.7  0.6 ./cli kernel images/4096x40   1 54088
29.0  0.6 ./cli kernel images/4096x40   0 54892
29.3  0.6 ./cli kernel images/4096x40   1 55348
29.7  0.6 ./cli kernel images/4096x40   1 55964
29.7  0.6 ./cli kernel images/4096x40   1 56068
  PID User     Command                         Swap      USS      PSS      RSS 
87574 codespace /usr/bin/python3 /usr/bin/s        0    12092    12312    14572 
87114 codespace ./cli kernel images/4096x40        0    53104    53153    54412 
87108 codespace ./cli kernel images/4096x40        0    54040    54087    55312 
87110 codespace ./cli kernel images/4096x40        0    54340    54389    55648 
87112 codespace ./cli kernel images/4096x40        0    54988    55037    56280 
87106 codespace ./cli kernel images/4096x40        0    55064    55109    56316 
%CPU %MEM ARGS Sun Oct  4 20:30:41 UTC 2026
 0.0  0.0 grep --color=auto ./cli       0  2252
28.7  0.6 ./cli kernel images/4096x40   0 55176
29.2  0.6 ./cli kernel images/4096x40   1 56124
29.3  0.6 ./cli kernel images/4096x40   1 56312
29.6  0.6 ./cli kernel images/4096x40   1 56908
29.7  0.7 ./cli kernel images/4096x40   1 57004
  PID User     Command                         Swap      USS      PSS      RSS 
87580 codespace /usr/bin/python3 /usr/bin/s        0    12080    12300    14560 
87114 codespace ./cli kernel images/4096x40        0    54344    54393    55652 
87108 codespace ./cli kernel images/4096x40        0    55204    55251    56476 
87110 codespace ./cli kernel images/4096x40        0    55372    55421    56680 
87112 codespace ./cli kernel images/4096x40        0    56012    56061    57304 
87106 codespace ./cli kernel images/4096x40        0    56056    56101    57308 
%CPU %MEM ARGS Sun Oct  4 20:30:41 UTC 2026
 0.0  0.0 grep --color=auto ./cli       0  2192
28.7  0.6 ./cli kernel images/4096x40   0 56244
29.3  0.7 ./cli kernel images/4096x40   1 57316
29.3  0.7 ./cli kernel images/4096x40   1 57508
29.6  0.7 ./cli kernel images/4096x40   0 57920
29.6  0.7 ./cli kernel images/4096x40   0 57992
  PID User     Command                         Swap      USS      PSS      RSS 
87588 codespace /usr/bin/python3 /usr/bin/s        0    12080    12299    14492 
87114 codespace ./cli kernel images/4096x40        0    55432    55481    56740 
87108 codespace ./cli kernel images/4096x40        0    56520    56567    57792 
87110 codespace ./cli kernel images/4096x40        0    56684    56733    57992 
87112 codespace ./cli kernel images/4096x40        0    57096    57145    58388 
87106 codespace ./cli kernel images/4096x40        0    57152    57197    58404 
%CPU %MEM ARGS Sun Oct  4 20:30:42 UTC 2026
 0.0  0.0 grep --color=auto ./cli       1  2176
28.7  0.7 ./cli kernel images/4096x40   0 57380
29.3  0.7 ./cli kernel images/4096x40   1 58716
29.4  0.7 ./cli kernel images/4096x40   1 58908
29.6  0.7 ./cli kernel images/4096x40   0 59100
29.6  0.7 ./cli kernel images/4096x40   0 59168
  PID User     Command                         Swap      USS      PSS      RSS 
87597 codespace /usr/bin/python3 /usr/bin/s        0    12080    12294    14516 
87114 codespace ./cli kernel images/4096x40        0    56516    56565    57824 
87108 codespace ./cli kernel images/4096x40        0    57872    57919    59144 
87110 codespace ./cli kernel images/4096x40        0    58044    58093    59352 
87112 codespace ./cli kernel images/4096x40        0    58232    58281    59524 
87106 codespace ./cli kernel images/4096x40        0    58284    58329    59536 
%CPU %MEM ARGS Sun Oct  4 20:30:43 UTC 2026
 0.0  0.0 grep --color=auto ./cli       0  2184
28.7  0.7 ./cli kernel images/4096x40   0 58468
29.4  0.7 ./cli kernel images/4096x40   1 59968
29.5  0.7 ./cli kernel images/4096x40   1 60164
29.6  0.7 ./cli kernel images/4096x40   0 60208
29.6  0.7 ./cli kernel images/4096x40   0 60272
  PID User     Command                         Swap      USS      PSS      RSS 
87602 codespace /usr/bin/python3 /usr/bin/s        0    12088    12318    14532 
87114 codespace ./cli kernel images/4096x40        0    57580    57629    58888 
87108 codespace ./cli kernel images/4096x40        0    59136    59183    60408 
87110 codespace ./cli kernel images/4096x40        0    59240    59289    60548 
87112 codespace ./cli kernel images/4096x40        0    59320    59369    60612 
87106 codespace ./cli kernel images/4096x40        0    59388    59433    60640 
%CPU %MEM ARGS Sun Oct  4 20:30:43 UTC 2026
 0.0  0.0 grep --color=auto ./cli       0  2192
28.7  0.7 ./cli kernel images/4096x40   0 59428
29.5  0.7 ./cli kernel images/4096x40   1 61180
29.6  0.7 ./cli kernel images/4096x40   0 61180
29.6  0.7 ./cli kernel images/4096x40   0 61224
29.7  0.7 ./cli kernel images/4096x40   1 61652
  PID User     Command                         Swap      USS      PSS      RSS 
87608 codespace /usr/bin/python3 /usr/bin/s        0    12096    12324    14556 
87114 codespace ./cli kernel images/4096x40        0    58616    58665    59924 
87110 codespace ./cli kernel images/4096x40        0    60316    60365    61624 
87112 codespace ./cli kernel images/4096x40        0    60340    60389    61632 
87106 codespace ./cli kernel images/4096x40        0    60380    60425    61632 
87108 codespace ./cli kernel images/4096x40        0    60816    60863    62088 
%CPU %MEM ARGS Sun Oct  4 20:30:44 UTC 2026
 0.0  0.0 grep --color=auto ./cli       0  2152
28.7  0.7 ./cli kernel images/4096x40   0 60616
29.6  0.7 ./cli kernel images/4096x40   1 62500
29.6  0.7 ./cli kernel images/4096x40   0 62348
29.6  0.7 ./cli kernel images/4096x40   0 62400
29.9  0.7 ./cli kernel images/4096x40   1 62984
  PID User     Command                         Swap      USS      PSS      RSS 
87613 codespace /usr/bin/python3 /usr/bin/s        0    12112    12358    14596 
87114 codespace ./cli kernel images/4096x40        0    59792    59843    61100 
87112 codespace ./cli kernel images/4096x40        0    61524    61567    62816 
87106 codespace ./cli kernel images/4096x40        0    61560    61603    62812 
87110 codespace ./cli kernel images/4096x40        0    61808    61852    63116 
87108 codespace ./cli kernel images/4096x40        0    62304    62346    63576 
%CPU %MEM ARGS Sun Oct  4 20:30:44 UTC 2026
 0.0  0.0 grep --color=auto ./cli       0  2300
28.6  0.7 ./cli kernel images/4096x40   1 61604
29.4  0.7 ./cli kernel images/4096x40   1 63388
29.5  0.7 ./cli kernel images/4096x40   0 63372
29.5  0.7 ./cli kernel images/4096x40   1 63748
29.8  0.7 ./cli kernel images/4096x40   0 64192
  PID User     Command                         Swap      USS      PSS      RSS 
87631 codespace /usr/bin/python3 /usr/bin/s        0    12084    12323    14636 
87114 codespace ./cli kernel images/4096x40        0    60880    60929    62188 
87106 codespace ./cli kernel images/4096x40        0    62632    62677    63884 
87112 codespace ./cli kernel images/4096x40        0    62632    62681    63924 
87110 codespace ./cli kernel images/4096x40        0    62876    62925    64184 
87108 codespace ./cli kernel images/4096x40        0    63580    63627    64852 
%CPU %MEM ARGS Sun Oct  4 20:30:45 UTC 2026
 0.0  0.0 grep --color=auto ./cli       1  2248
28.6  0.7 ./cli kernel images/4096x40   0 62840
29.4  0.7 ./cli kernel images/4096x40   0 64536
29.4  0.7 ./cli kernel images/4096x40   1 64624
29.5  0.7 ./cli kernel images/4096x40   0 64876
29.9  0.8 ./cli kernel images/4096x40   1 65624
  PID User     Command                         Swap      USS      PSS      RSS 
87636 codespace /usr/bin/python3 /usr/bin/s        0    12100    12336    14644 
87114 codespace ./cli kernel images/4096x40        0    61976    62025    63284 
87106 codespace ./cli kernel images/4096x40        0    63668    63713    64920 
87112 codespace ./cli kernel images/4096x40        0    63984    64033    65276 
87110 codespace ./cli kernel images/4096x40        0    64048    64097    65356 
87108 codespace ./cli kernel images/4096x40        0    64956    65003    66228 
%CPU %MEM ARGS Sun Oct  4 20:30:45 UTC 2026
 0.0  0.0 grep --color=auto ./cli       0  2152
28.6  0.7 ./cli kernel images/4096x40   1 63948
29.4  0.8 ./cli kernel images/4096x40   0 65852
29.5  0.8 ./cli kernel images/4096x40   0 65904
29.5  0.8 ./cli kernel images/4096x40   0 66192
29.9  0.8 ./cli kernel images/4096x40   1 66964
  PID User     Command                         Swap      USS      PSS      RSS 
87642 codespace /usr/bin/python3 /usr/bin/s        0    12076    12303    14528 
87114 codespace ./cli kernel images/4096x40        0    63492    63541    64800 
87106 codespace ./cli kernel images/4096x40        0    65024    65069    66276 
87112 codespace ./cli kernel images/4096x40        0    65084    65133    66376 
87110 codespace ./cli kernel images/4096x40        0    65344    65393    66652 
87108 codespace ./cli kernel images/4096x40        0    66432    66479    67704 
%CPU %MEM ARGS Sun Oct  4 20:30:46 UTC 2026
 0.0  0.0 grep --color=auto ./cli       1  2212
28.8  0.8 ./cli kernel images/4096x40   1 65632
29.3  0.8 ./cli kernel images/4096x40   0 67000
29.4  0.8 ./cli kernel images/4096x40   0 67048
29.5  0.8 ./cli kernel images/4096x40   0 67336
30.1  0.8 ./cli kernel images/4096x40   1 68652
  PID User     Command                         Swap      USS      PSS      RSS 
87648 codespace /usr/bin/python3 /usr/bin/s        0    12080    12302    14560 
87114 codespace ./cli kernel images/4096x40        0    65140    65189    66448 
87106 codespace ./cli kernel images/4096x40        0    66144    66189    67396 
87112 codespace ./cli kernel images/4096x40        0    66204    66253    67496 
87110 codespace ./cli kernel images/4096x40        0    66456    66505    67764 
87108 codespace ./cli kernel images/4096x40        0    67780    67827    69052 
%CPU %MEM ARGS Sun Oct  4 20:30:47 UTC 2026
 0.0  0.0 grep --color=auto ./cli       0  2160
29.1  0.8 ./cli kernel images/4096x40   1 67516
29.3  0.8 ./cli kernel images/4096x40   0 67944
29.3  0.8 ./cli kernel images/4096x40   1 68020
29.3  0.8 ./cli kernel images/4096x40   0 68272
30.0  0.8 ./cli kernel images/4096x40   0 69568
  PID User     Command                         Swap      USS      PSS      RSS 
87656 codespace /usr/bin/python3 /usr/bin/s        0    12088    12322    14600 
87114 codespace ./cli kernel images/4096x40        0    66916    66965    68224 
87106 codespace ./cli kernel images/4096x40        0    67088    67133    68340 
87112 codespace ./cli kernel images/4096x40        0    67404    67453    68696 
87110 codespace ./cli kernel images/4096x40        0    67412    67461    68720 
87108 codespace ./cli kernel images/4096x40        0    68724    68771    69996 
%CPU %MEM ARGS Sun Oct  4 20:30:47 UTC 2026
 0.0  0.0 grep --color=auto ./cli       1  2288
29.2  0.8 ./cli kernel images/4096x40   0 68864
29.2  0.8 ./cli kernel images/4096x40   0 69036
29.3  0.8 ./cli kernel images/4096x40   0 69380
29.4  0.8 ./cli kernel images/4096x40   1 69520
29.9  0.8 ./cli kernel images/4096x40   0 70676
  PID User     Command                         Swap      USS      PSS      RSS 
87665 codespace /usr/bin/python3 /usr/bin/s        0    12112    12353    14604 
87114 codespace ./cli kernel images/4096x40        0    67900    67949    69208 
87106 codespace ./cli kernel images/4096x40        0    68032    68077    69284 
87110 codespace ./cli kernel images/4096x40        0    68376    68425    69684 
87112 codespace ./cli kernel images/4096x40        0    68700    68749    69992 
87108 codespace ./cli kernel images/4096x40        0    69688    69735    70960 
%CPU %MEM ARGS Sun Oct  4 20:30:48 UTC 2026
 0.0  0.0 grep --color=auto ./cli       1  2308
29.2  0.8 ./cli kernel images/4096x40   0 69964
29.2  0.8 ./cli kernel images/4096x40   1 69944
29.3  0.8 ./cli kernel images/4096x40   0 70320
29.7  0.8 ./cli kernel images/4096x40   1 71012
29.9  0.8 ./cli kernel images/4096x40   0 71620
  PID User     Command                         Swap      USS      PSS      RSS 
87670 codespace /usr/bin/python3 /usr/bin/s        0    12092    12318    14540 
87106 codespace ./cli kernel images/4096x40        0    69112    69157    70364 
87114 codespace ./cli kernel images/4096x40        0    69404    69453    70712 
87110 codespace ./cli kernel images/4096x40        0    69460    69509    70768 
87112 codespace ./cli kernel images/4096x40        0    70436    70485    71728 
87108 codespace ./cli kernel images/4096x40        0    70772    70819    72044 
%CPU %MEM ARGS Sun Oct  4 20:30:48 UTC 2026
 0.0  0.0 grep --color=auto ./cli       0  2180
29.2  0.8 ./cli kernel images/4096x40   0 71188
29.3  0.8 ./cli kernel images/4096x40   1 71504
29.3  0.8 ./cli kernel images/4096x40   0 71420
29.8  0.8 ./cli kernel images/4096x40   1 72568
29.9  0.8 ./cli kernel images/4096x40   0 72848
  PID User     Command                         Swap      USS      PSS      RSS 
87676 codespace /usr/bin/python3 /usr/bin/s        0    12096    12331    14636 
87106 codespace ./cli kernel images/4096x40        0    70376    70421    71628 
87110 codespace ./cli kernel images/4096x40        0    70656    70705    71964 
87114 codespace ./cli kernel images/4096x40        0    70656    70705    71964 
87112 codespace ./cli kernel images/4096x40        0    71736    71785    73028 
87108 codespace ./cli kernel images/4096x40        0    72060    72107    73332 
%CPU %MEM ARGS Sun Oct  4 20:30:49 UTC 2026
 0.0  0.0 grep --color=auto ./cli       1  2180
29.3  0.8 ./cli kernel images/4096x40   0 72364
29.3  0.8 ./cli kernel images/4096x40   0 72600
29.4  0.8 ./cli kernel images/4096x40   1 72808
29.9  0.9 ./cli kernel images/4096x40   1 73884
29.9  0.9 ./cli kernel images/4096x40   0 74048
  PID User     Command                         Swap      USS      PSS      RSS 
87681 codespace /usr/bin/python3 /usr/bin/s        0    12088    12314    14536 
87106 codespace ./cli kernel images/4096x40        0    71408    71453    72660 
87114 codespace ./cli kernel images/4096x40        0    71604    71653    72912 
87110 codespace ./cli kernel images/4096x40        0    71812    71861    73120 
87112 codespace ./cli kernel images/4096x40        0    72888    72937    74180 
87108 codespace ./cli kernel images/4096x40        0    73072    73119    74344 
%CPU %MEM ARGS Sun Oct  4 20:30:49 UTC 2026
 0.0  0.0 grep --color=auto ./cli       0  2344
29.1  0.8 ./cli kernel images/4096x40   0 73088
29.2  0.9 ./cli kernel images/4096x40   0 73304
29.2  0.9 ./cli kernel images/4096x40   0 73532
29.8  0.9 ./cli kernel images/4096x40   0 74760
29.9  0.9 ./cli kernel images/4096x40   1 75156
  PID User     Command                         Swap      USS      PSS      RSS 
87693 codespace /usr/bin/python3 /usr/bin/s        0    12080    12304    14556 
87106 codespace ./cli kernel images/4096x40        0    72164    72209    73416 
87114 codespace ./cli kernel images/4096x40        0    72364    72413    73672 
87110 codespace ./cli kernel images/4096x40        0    72584    72633    73892 
87108 codespace ./cli kernel images/4096x40        0    73840    73887    75112 
87112 codespace ./cli kernel images/4096x40        0    74368    74417    75660 
%CPU %MEM ARGS Sun Oct  4 20:30:50 UTC 2026
 0.0  0.0 grep --color=auto ./cli       1  2252
29.1  0.9 ./cli kernel images/4096x40   0 74068
29.2  0.9 ./cli kernel images/4096x40   1 74484
29.2  0.9 ./cli kernel images/4096x40   0 74296
29.7  0.9 ./cli kernel images/4096x40   0 75760
30.1  0.9 ./cli kernel images/4096x40   1 76544
  PID User     Command                         Swap      USS      PSS      RSS 
87698 codespace /usr/bin/python3 /usr/bin/s        0    12076    12296    14488 
87106 codespace ./cli kernel images/4096x40        0    73204    73247    74456 
87114 codespace ./cli kernel images/4096x40        0    73392    73441    74700 
87110 codespace ./cli kernel images/4096x40        0    73536    73585    74844 
87108 codespace ./cli kernel images/4096x40        0    74852    74899    76124 
87112 codespace ./cli kernel images/4096x40        0    75780    75829    77072 
%CPU %MEM ARGS Sun Oct  4 20:30:50 UTC 2026
 0.0  0.0 grep --color=auto ./cli       0  2196
28.9  0.9 ./cli kernel images/4096x40   0 74928
29.0  0.9 ./cli kernel images/4096x40   0 75276
29.2  0.9 ./cli kernel images/4096x40   1 75616
29.5  0.9 ./cli kernel images/4096x40   0 76568
30.0  0.9 ./cli kernel images/4096x40   0 77732
  PID User     Command                         Swap      USS      PSS      RSS 
87727 codespace /usr/bin/python3 /usr/bin/s        0    12104    12335    14588 
87106 codespace ./cli kernel images/4096x40        0    73924    73969    75176 
87110 codespace ./cli kernel images/4096x40        0    74244    74293    75552 
87114 codespace ./cli kernel images/4096x40        0    74852    74901    76160 
87108 codespace ./cli kernel images/4096x40        0    75568    75615    76840 
87112 codespace ./cli kernel images/4096x40        0    76728    76777    78020 
%CPU %MEM ARGS Sun Oct  4 20:30:51 UTC 2026
 0.0  0.0 grep --color=auto ./cli       0  2184
28.8  0.9 ./cli kernel images/4096x40   0 75716
28.9  0.9 ./cli kernel images/4096x40   0 76116
29.4  0.9 ./cli kernel images/4096x40   1 77160
29.4  0.9 ./cli kernel images/4096x40   0 77360
29.9  0.9 ./cli kernel images/4096x40   0 78536
  PID User     Command                         Swap      USS      PSS      RSS 
87732 codespace /usr/bin/python3 /usr/bin/s        0    12100    12347    14608 
87106 codespace ./cli kernel images/4096x40        0    74728    74773    75980 
87110 codespace ./cli kernel images/4096x40        0    75088    75137    76396 
87114 codespace ./cli kernel images/4096x40        0    76356    76405    77664 
87108 codespace ./cli kernel images/4096x40        0    76364    76411    77636 
87112 codespace ./cli kernel images/4096x40        0    77540    77589    78832 
%CPU %MEM ARGS Sun Oct  4 20:30:51 UTC 2026
 0.0  0.0 grep --color=auto ./cli       1  2180
28.8  0.9 ./cli kernel images/4096x40   0 76596
28.9  0.9 ./cli kernel images/4096x40   0 76992
29.4  0.9 ./cli kernel images/4096x40   1 78396
29.6  0.9 ./cli kernel images/4096x40   1 78616
29.9  0.9 ./cli kernel images/4096x40   0 79408
  PID User     Command                         Swap      USS      PSS      RSS 
87738 codespace /usr/bin/python3 /usr/bin/s        0    12080    12307    14532 
87106 codespace ./cli kernel images/4096x40        0    75772    75817    77024 
87110 codespace ./cli kernel images/4096x40        0    76148    76197    77456 
87108 codespace ./cli kernel images/4096x40        0    77656    77703    78928 
87114 codespace ./cli kernel images/4096x40        0    77828    77877    79136 
87112 codespace ./cli kernel images/4096x40        0    78592    78641    79884 
%CPU %MEM ARGS Sun Oct  4 20:30:52 UTC 2026
 0.0  0.0 grep --color=auto ./cli       0  2184
28.8  0.9 ./cli kernel images/4096x40   0 77560
28.8  0.9 ./cli kernel images/4096x40   0 77960
29.5  0.9 ./cli kernel images/4096x40   0 79580
29.5  0.9 ./cli kernel images/4096x40   0 79620
29.9  0.9 ./cli kernel images/4096x40   1 80780
  PID User     Command                         Swap      USS      PSS      RSS 
87749 codespace /usr/bin/python3 /usr/bin/s        0    12084    12314    14528 
87106 codespace ./cli kernel images/4096x40        0    76712    76757    77964 
87110 codespace ./cli kernel images/4096x40        0    77384    77433    78692 
87108 codespace ./cli kernel images/4096x40        0    78732    78779    80004 
87114 codespace ./cli kernel images/4096x40        0    78804    78853    80112 
87112 codespace ./cli kernel images/4096x40        0    80280    80329    81572 
%CPU %MEM ARGS Sun Oct  4 20:30:52 UTC 2026
 0.0  0.0 grep --color=auto ./cli       0  2188
28.7  0.9 ./cli kernel images/4096x40   0 78704
29.0  0.9 ./cli kernel images/4096x40   1 79672
29.5  0.9 ./cli kernel images/4096x40   0 80740
29.5  0.9 ./cli kernel images/4096x40   0 80776
30.1  1.0 ./cli kernel images/4096x40   1 82492
  PID User     Command                         Swap      USS      PSS      RSS 
87755 codespace /usr/bin/python3 /usr/bin/s        0    12080    12304    14564 
87106 codespace ./cli kernel images/4096x40        0    77872    77917    79124 
87110 codespace ./cli kernel images/4096x40        0    78884    78933    80192 
87108 codespace ./cli kernel images/4096x40        0    79912    79959    81184 
87114 codespace ./cli kernel images/4096x40        0    79984    80033    81292 
87112 codespace ./cli kernel images/4096x40        0    81760    81809    83052 
%CPU %MEM ARGS Sun Oct  4 20:30:53 UTC 2026
 0.0  0.0 grep --color=auto ./cli       0  2196
28.8  0.9 ./cli kernel images/4096x40   1 80020
29.0  0.9 ./cli kernel images/4096x40   0 80876
29.4  1.0 ./cli kernel images/4096x40   0 81908
29.5  1.0 ./cli kernel images/4096x40   0 81956
30.2  1.0 ./cli kernel images/4096x40   1 83864
  PID User     Command                         Swap      USS      PSS      RSS 
87760 codespace /usr/bin/python3 /usr/bin/s        0    12116    12345    14564 
87106 codespace ./cli kernel images/4096x40        0    79284    79329    80536 
87110 codespace ./cli kernel images/4096x40        0    79972    80021    81280 
87108 codespace ./cli kernel images/4096x40        0    81060    81107    82332 
87114 codespace ./cli kernel images/4096x40        0    81144    81193    82452 
87112 codespace ./cli kernel images/4096x40        0    83192    83241    84484 
%CPU %MEM ARGS Sun Oct  4 20:30:54 UTC 2026
 0.0  0.0 grep --color=auto ./cli       0  2180
28.9  1.0 ./cli kernel images/4096x40   0 81356
29.0  1.0 ./cli kernel images/4096x40   0 82084
29.5  1.0 ./cli kernel images/4096x40   1 83132
29.5  1.0 ./cli kernel images/4096x40   1 83184
30.3  1.0 ./cli kernel images/4096x40   1 85336
  PID User     Command                         Swap      USS      PSS      RSS 
87766 codespace /usr/bin/python3 /usr/bin/s        0    12072    12285    14488 
87106 codespace ./cli kernel images/4096x40        0    80496    80541    81748 
87110 codespace ./cli kernel images/4096x40        0    81232    81281    82540 
87114 codespace ./cli kernel images/4096x40        0    82344    82392    83652 
87108 codespace ./cli kernel images/4096x40        0    82348    82395    83620 
87112 codespace ./cli kernel images/4096x40        0    84624    84673    85916 
%CPU %MEM ARGS Sun Oct  4 20:30:54 UTC 2026
 0.0  0.0 grep --color=auto ./cli       0  2160
28.8  1.0 ./cli kernel images/4096x40   0 82428
29.0  1.0 ./cli kernel images/4096x40   1 83108
29.4  1.0 ./cli kernel images/4096x40   1 84244
29.5  1.0 ./cli kernel images/4096x40   0 84348
30.2  1.0 ./cli kernel images/4096x40   0 86468
  PID User     Command                         Swap      USS      PSS      RSS 
87778 codespace /usr/bin/python3 /usr/bin/s        0    12076    12291    14492 
87106 codespace ./cli kernel images/4096x40        0    81848    81893    83100 
87110 codespace ./cli kernel images/4096x40        0    82256    82305    83564 
87108 codespace ./cli kernel images/4096x40        0    83412    83459    84684 
87114 codespace ./cli kernel images/4096x40        0    83792    83841    85100 
87112 codespace ./cli kernel images/4096x40        0    85648    85697    86940 
%CPU %MEM ARGS Sun Oct  4 20:30:55 UTC 2026
 0.0  0.0 grep --color=auto ./cli       1  2156
28.9  1.0 ./cli kernel images/4096x40   0 83848
29.0  1.0 ./cli kernel images/4096x40   1 84424
29.4  1.0 ./cli kernel images/4096x40   0 85424
29.6  1.0 ./cli kernel images/4096x40   0 85760
30.2  1.0 ./cli kernel images/4096x40   1 87776
  PID User     Command                         Swap      USS      PSS      RSS 
87783 codespace /usr/bin/python3 /usr/bin/s        0    12080    12296    14492 
87106 codespace ./cli kernel images/4096x40        0    83004    83049    84256 
87110 codespace ./cli kernel images/4096x40        0    83664    83713    84972 
87108 codespace ./cli kernel images/4096x40        0    84544    84591    85816 
87114 codespace ./cli kernel images/4096x40        0    84956    85005    86264 
87112 codespace ./cli kernel images/4096x40        0    87068    87117    88360 
%CPU %MEM ARGS Sun Oct  4 20:30:55 UTC 2026
 0.0  0.0 grep --color=auto ./cli       1  2192
28.9  1.0 ./cli kernel images/4096x40   0 84968
29.1  1.0 ./cli kernel images/4096x40   0 85620
29.4  1.0 ./cli kernel images/4096x40   0 86600
29.5  1.0 ./cli kernel images/4096x40   0 86884
30.3  1.0 ./cli kernel images/4096x40   0 89096
  PID User     Command                         Swap      USS      PSS      RSS 
87789 codespace /usr/bin/python3 /usr/bin/s        0    12080    12273    14564 
87106 codespace ./cli kernel images/4096x40        0    83896    83939    85148 
87110 codespace ./cli kernel images/4096x40        0    84512    84559    85820 
87108 codespace ./cli kernel images/4096x40        0    85516    85561    86788 
87114 codespace ./cli kernel images/4096x40        0    85804    85851    87112 
87112 codespace ./cli kernel images/4096x40        0    88012    88059    89304 
%CPU %MEM ARGS Sun Oct  4 20:30:56 UTC 2026
 0.0  0.0 grep --color=auto ./cli       0  2248
28.8  1.0 ./cli kernel images/4096x40   1 85664
29.1  1.0 ./cli kernel images/4096x40   1 86928
29.3  1.0 ./cli kernel images/4096x40   0 87364
29.4  1.0 ./cli kernel images/4096x40   1 87584
30.2  1.1 ./cli kernel images/4096x40   0 89868
  PID User     Command                         Swap      USS      PSS      RSS 
87800 codespace /usr/bin/python3 /usr/bin/s        0    12076    12291    14492 
87106 codespace ./cli kernel images/4096x40        0    85096    85141    86348 
87110 codespace ./cli kernel images/4096x40        0    86020    86069    87328 
87108 codespace ./cli kernel images/4096x40        0    86524    86571    87796 
87114 codespace ./cli kernel images/4096x40        0    86828    86877    88136 
87112 codespace ./cli kernel images/4096x40        0    89052    89101    90344 
%CPU %MEM ARGS Sun Oct  4 20:30:56 UTC 2026
 0.0  0.0 grep --color=auto ./cli       0  2176
29.0  1.0 ./cli kernel images/4096x40   1 87360
29.1  1.0 ./cli kernel images/4096x40   0 87960
29.3  1.0 ./cli kernel images/4096x40   0 88464
29.5  1.0 ./cli kernel images/4096x40   1 89028
30.2  1.1 ./cli kernel images/4096x40   0 90956
  PID User     Command                         Swap      USS      PSS      RSS 
87806 codespace /usr/bin/python3 /usr/bin/s        0    12048    12237    14496 
87106 codespace ./cli kernel images/4096x40        0    86440    86485    87692 
87110 codespace ./cli kernel images/4096x40        0    87028    87072    88336 
87108 codespace ./cli kernel images/4096x40        0    87552    87598    88824 
87114 codespace ./cli kernel images/4096x40        0    88256    88300    89564 
87112 codespace ./cli kernel images/4096x40        0    90056    90100    91348 
%CPU %MEM ARGS Sun Oct  4 20:30:57 UTC 2026
 0.0  0.0 grep --color=auto ./cli       0  2288
28.9  1.0 ./cli kernel images/4096x40   0 88268
29.0  1.0 ./cli kernel images/4096x40   1 88908
29.2  1.0 ./cli kernel images/4096x40   0 89368
29.7  1.1 ./cli kernel images/4096x40   1 90792
30.1  1.1 ./cli kernel images/4096x40   0 91852
  PID User     Command                         Swap      USS      PSS      RSS 
87817 codespace /usr/bin/python3 /usr/bin/s        0    12076    12292    14492 
87106 codespace ./cli kernel images/4096x40        0    87456    87501    88708 
87110 codespace ./cli kernel images/4096x40        0    88060    88109    89368 
87108 codespace ./cli kernel images/4096x40        0    88540    88587    89812 
87114 codespace ./cli kernel images/4096x40        0    89932    89981    91240 
87112 codespace ./cli kernel images/4096x40        0    91040    91089    92332 
%CPU %MEM ARGS Sun Oct  4 20:30:57 UTC 2026
 0.0  0.0 grep --color=auto ./cli       1  2300
28.9  1.0 ./cli kernel images/4096x40   0 89336
29.2  1.1 ./cli kernel images/4096x40   1 90436
29.2  1.1 ./cli kernel images/4096x40   0 90440
29.7  1.1 ./cli kernel images/4096x40   1 91896
30.0  1.1 ./cli kernel images/4096x40   0 92924
  PID User     Command                         Swap      USS      PSS      RSS 
87823 codespace /usr/bin/python3 /usr/bin/s        0    12076    12292    14492 
87106 codespace ./cli kernel images/4096x40        0    88496    88541    89748 
87108 codespace ./cli kernel images/4096x40        0    89604    89651    90876 
87110 codespace ./cli kernel images/4096x40        0    89868    89917    91176 
87114 codespace ./cli kernel images/4096x40        0    91412    91461    92720 
87112 codespace ./cli kernel images/4096x40        0    92136    92185    93428 
%CPU %MEM ARGS Sun Oct  4 20:30:58 UTC 2026
 0.0  0.0 grep --color=auto ./cli       0  2180
28.9  1.1 ./cli kernel images/4096x40   0 90588
29.2  1.1 ./cli kernel images/4096x40   0 91692
29.3  1.1 ./cli kernel images/4096x40   0 91904
29.8  1.1 ./cli kernel images/4096x40   1 93476
30.0  1.1 ./cli kernel images/4096x40   1 94192
  PID User     Command                         Swap      USS      PSS      RSS 
87828 codespace /usr/bin/python3 /usr/bin/s        0    12080    12296    14496 
87106 codespace ./cli kernel images/4096x40        0    89792    89837    91044 
87108 codespace ./cli kernel images/4096x40        0    90884    90931    92156 
87110 codespace ./cli kernel images/4096x40        0    91088    91137    92396 
87114 codespace ./cli kernel images/4096x40        0    92896    92945    94204 
87112 codespace ./cli kernel images/4096x40        0    93584    93633    94876 
%CPU %MEM ARGS Sun Oct  4 20:30:59 UTC 2026
 0.0  0.0 grep --color=auto ./cli       1  2172
29.0  1.1 ./cli kernel images/4096x40   0 91980
29.2  1.1 ./cli kernel images/4096x40   1 92844
29.3  1.1 ./cli kernel images/4096x40   0 93284
29.8  1.1 ./cli kernel images/4096x40   1 94820
30.0  1.1 ./cli kernel images/4096x40   1 95540
  PID User     Command                         Swap      USS      PSS      RSS 
87834 codespace /usr/bin/python3 /usr/bin/s        0    12084    12308    14568 
87106 codespace ./cli kernel images/4096x40        0    91300    91345    92552 
87108 codespace ./cli kernel images/4096x40        0    92024    92071    93296 
87110 codespace ./cli kernel images/4096x40        0    92580    92629    93888 
87114 codespace ./cli kernel images/4096x40        0    94096    94144    95404 
87112 codespace ./cli kernel images/4096x40        0    94788    94836    96080 
%CPU %MEM ARGS Sun Oct  4 20:30:59 UTC 2026
 0.0  0.0 grep --color=auto ./cli       0  2252
29.0  1.1 ./cli kernel images/4096x40   0 93224
29.2  1.1 ./cli kernel images/4096x40   1 93916
29.3  1.1 ./cli kernel images/4096x40   0 94504
29.8  1.1 ./cli kernel images/4096x40   1 95944
30.0  1.1 ./cli kernel images/4096x40   1 96648
  PID User     Command                         Swap      USS      PSS      RSS 
87846 codespace /usr/bin/python3 /usr/bin/s        0    12080    12295    14496 
87106 codespace ./cli kernel images/4096x40        0    92360    92405    93612 
87108 codespace ./cli kernel images/4096x40        0    93284    93331    94556 
87110 codespace ./cli kernel images/4096x40        0    93644    93693    94952 
87114 codespace ./cli kernel images/4096x40        0    95112    95161    96420 
87112 codespace ./cli kernel images/4096x40        0    96092    96141    97384 
%CPU %MEM ARGS Sun Oct  4 20:31:00 UTC 2026
 0.0  0.0 grep --color=auto ./cli       0  2172
29.0  1.1 ./cli kernel images/4096x40   0 94448
29.2  1.1 ./cli kernel images/4096x40   1 95388
29.3  1.1 ./cli kernel images/4096x40   1 95720
29.8  1.1 ./cli kernel images/4096x40   0 97148
30.1  1.2 ./cli kernel images/4096x40   0 98040
  PID User     Command                         Swap      USS      PSS      RSS 
87851 codespace /usr/bin/python3 /usr/bin/s        0    12076    12285    14468 
87106 codespace ./cli kernel images/4096x40        0    93600    93645    94852 
87108 codespace ./cli kernel images/4096x40        0    94732    94779    96004 
87110 codespace ./cli kernel images/4096x40        0    95176    95225    96484 
87114 codespace ./cli kernel images/4096x40        0    96292    96341    97600 
87112 codespace ./cli kernel images/4096x40        0    97192    97241    98484 
%CPU %MEM ARGS Sun Oct  4 20:31:00 UTC 2026
 0.0  0.0 grep --color=auto ./cli       0  2204
28.9  1.1 ./cli kernel images/4096x40   1 95432
29.4  1.1 ./cli kernel images/4096x40   0 97080
29.4  1.1 ./cli kernel images/4096x40   0 96992
29.7  1.2 ./cli kernel images/4096x40   1 98144
30.0  1.2 ./cli kernel images/4096x40   0 98996
  PID User     Command                         Swap      USS      PSS      RSS 
87863 codespace /usr/bin/python3 /usr/bin/s        0    12104    12335    14588 
87106 codespace ./cli kernel images/4096x40        0    94764    94809    96016 
87108 codespace ./cli kernel images/4096x40        0    96252    96299    97524 
87110 codespace ./cli kernel images/4096x40        0    96332    96381    97640 
87114 codespace ./cli kernel images/4096x40        0    97548    97597    98856 
87112 codespace ./cli kernel images/4096x40        0    98292    98341    99584 
%CPU %MEM ARGS Sun Oct  4 20:31:01 UTC 2026
 0.0  0.0 grep --color=auto ./cli       1  2304
28.9  1.1 ./cli kernel images/4096x40   1 96656
29.3  1.2 ./cli kernel images/4096x40   1 98200
29.4  1.2 ./cli kernel images/4096x40   0 98488
29.6  1.2 ./cli kernel images/4096x40   1 99372
29.9  1.2 ./cli kernel images/4096x40   0 100224
  PID User     Command                         Swap      USS      PSS      RSS 
87886 codespace /usr/bin/python3 /usr/bin/s        0    12084    12307    14532 
87106 codespace ./cli kernel images/4096x40        0    95808    95853    97060 
87110 codespace ./cli kernel images/4096x40        0    97356    97405    98664 
87108 codespace ./cli kernel images/4096x40        0    97872    97919    99144 
87114 codespace ./cli kernel images/4096x40        0    98572    98621    99880 
87112 codespace ./cli kernel images/4096x40        0    99684    99732   100976 
%CPU %MEM ARGS Sun Oct  4 20:31:02 UTC 2026
 0.0  0.0 grep --color=auto ./cli       0  2172
28.8  1.2 ./cli kernel images/4096x40   0 97704
29.2  1.2 ./cli kernel images/4096x40   1 99312
29.4  1.2 ./cli kernel images/4096x40   0 99992
29.5  1.2 ./cli kernel images/4096x40   1 100480
29.9  1.2 ./cli kernel images/4096x40   0 101712
  PID User     Command                         Swap      USS      PSS      RSS 
87898 codespace /usr/bin/python3 /usr/bin/s        0    12072    12271    14456 
87106 codespace ./cli kernel images/4096x40        0    96860    96905    98112 
87110 codespace ./cli kernel images/4096x40        0    98584    98633    99892 
87108 codespace ./cli kernel images/4096x40        0    99188    99235   100460 
87114 codespace ./cli kernel images/4096x40        0    99804    99853   101112 
87112 codespace ./cli kernel images/4096x40        0   100864   100913   102156 
%CPU %MEM ARGS Sun Oct  4 20:31:02 UTC 2026
 0.0  0.0 grep --color=auto ./cli       1  2244
28.8  1.2 ./cli kernel images/4096x40   1 98948
29.2  1.2 ./cli kernel images/4096x40   0 100768
29.4  1.2 ./cli kernel images/4096x40   1 101228
29.6  1.2 ./cli kernel images/4096x40   0 101856
29.9  1.2 ./cli kernel images/4096x40   1 102948
  PID User     Command                         Swap      USS      PSS      RSS 
87904 codespace /usr/bin/python3 /usr/bin/s        0    12100    12332    14636 
87106 codespace ./cli kernel images/4096x40        0    98104    98149    99356 
87110 codespace ./cli kernel images/4096x40        0   100204   100253   101512 
87108 codespace ./cli kernel images/4096x40        0   100396   100443   101668 
87114 codespace ./cli kernel images/4096x40        0   101340   101389   102648 
87112 codespace ./cli kernel images/4096x40        0   102156   102205   103448 
%CPU %MEM ARGS Sun Oct  4 20:31:03 UTC 2026
 0.0  0.0 grep --color=auto ./cli       1  2164
28.8  1.2 ./cli kernel images/4096x40   0 100196
29.3  1.2 ./cli kernel images/4096x40   0 102300
29.4  1.2 ./cli kernel images/4096x40   1 102436
29.6  1.2 ./cli kernel images/4096x40   1 103276
29.9  1.2 ./cli kernel images/4096x40   1 104160
  PID User     Command                         Swap      USS      PSS      RSS 
87909 codespace /usr/bin/python3 /usr/bin/s        0    12108    12308    14528 
87106 codespace ./cli kernel images/4096x40        0    99528    99573   100780 
87108 codespace ./cli kernel images/4096x40        0   101616   101663   102888 
87110 codespace ./cli kernel images/4096x40        0   101696   101745   103004 
87114 codespace ./cli kernel images/4096x40        0   102504   102553   103812 
87112 codespace ./cli kernel images/4096x40        0   103364   103413   104656 
%CPU %MEM ARGS Sun Oct  4 20:31:04 UTC 2026
 0.0  0.0 grep --color=auto ./cli       1  2180
28.9  1.2 ./cli kernel images/4096x40   0 101888
29.4  1.2 ./cli kernel images/4096x40   1 103656
29.4  1.2 ./cli kernel images/4096x40   0 103984
29.6  1.2 ./cli kernel images/4096x40   1 104508
29.9  1.2 ./cli kernel images/4096x40   1 105388
  PID User     Command                         Swap      USS      PSS      RSS 
87915 codespace /usr/bin/python3 /usr/bin/s        0    12088    12317    14528 
87106 codespace ./cli kernel images/4096x40        0   101288   101333   102540 
87108 codespace ./cli kernel images/4096x40        0   102848   102895   104120 
87110 codespace ./cli kernel images/4096x40        0   103440   103489   104748 
87114 codespace ./cli kernel images/4096x40        0   103736   103785   105044 
87112 codespace ./cli kernel images/4096x40        0   104600   104649   105892 
%CPU %MEM ARGS Sun Oct  4 20:31:04 UTC 2026
 0.0  0.0 grep --color=auto ./cli       0  2248
29.0  1.2 ./cli kernel images/4096x40   0 103524
29.3  1.2 ./cli kernel images/4096x40   1 104748
29.5  1.2 ./cli kernel images/4096x40   1 105620
29.6  1.2 ./cli kernel images/4096x40   1 105620
29.8  1.3 ./cli kernel images/4096x40   0 106476
  PID User     Command                         Swap      USS      PSS      RSS 
87924 codespace /usr/bin/python3 /usr/bin/s        0    12084    12315    14532 
87106 codespace ./cli kernel images/4096x40        0   103596   103641   104848 
87108 codespace ./cli kernel images/4096x40        0   103892   103939   105164 
87110 codespace ./cli kernel images/4096x40        0   104744   104793   106052 
87114 codespace ./cli kernel images/4096x40        0   104764   104813   106072 
87112 codespace ./cli kernel images/4096x40        0   105656   105705   106948 
%CPU %MEM ARGS Sun Oct  4 20:31:05 UTC 2026
 0.0  0.0 grep --color=auto ./cli       0  2212
29.3  1.3 ./cli kernel images/4096x40   1 105808
29.3  1.3 ./cli kernel images/4096x40   0 105916
29.4  1.3 ./cli kernel images/4096x40   1 106596
29.5  1.3 ./cli kernel images/4096x40   1 106580
29.7  1.3 ./cli kernel images/4096x40   1 107480
  PID User     Command                         Swap      USS      PSS      RSS 
87932 codespace /usr/bin/python3 /usr/bin/s        0    12084    12308    14528 
87106 codespace ./cli kernel images/4096x40        0   104868   104913   106120 
87108 codespace ./cli kernel images/4096x40        0   105068   105115   106340 
87110 codespace ./cli kernel images/4096x40        0   105640   105689   106948 
87114 codespace ./cli kernel images/4096x40        0   105664   105713   106972 
87112 codespace ./cli kernel images/4096x40        0   106540   106589   107832 
%CPU %MEM ARGS Sun Oct  4 20:31:05 UTC 2026
 0.0  0.0 grep --color=auto ./cli       0  2176
29.3  1.3 ./cli kernel images/4096x40   1 106852
29.4  1.3 ./cli kernel images/4096x40   0 107256
29.4  1.3 ./cli kernel images/4096x40   1 107640
29.5  1.3 ./cli kernel images/4096x40   1 107632
29.7  1.3 ./cli kernel images/4096x40   0 108648
  PID User     Command                         Swap      USS      PSS      RSS 
87938 codespace /usr/bin/python3 /usr/bin/s        0    12080    12300    14560 
87106 codespace ./cli kernel images/4096x40        0   105972   106017   107224 
87108 codespace ./cli kernel images/4096x40        0   106448   106495   107720 
87110 codespace ./cli kernel images/4096x40        0   106744   106793   108052 
87114 codespace ./cli kernel images/4096x40        0   106792   106841   108100 
87112 codespace ./cli kernel images/4096x40        0   108136   108185   109428 
%CPU %MEM ARGS Sun Oct  4 20:31:06 UTC 2026
 0.0  0.0 grep --color=auto ./cli       0  2168
29.2  1.3 ./cli kernel images/4096x40   1 107884
29.3  1.3 ./cli kernel images/4096x40   1 108368
29.4  1.3 ./cli kernel images/4096x40   1 108676
29.4  1.3 ./cli kernel images/4096x40   1 108660
30.0  1.3 ./cli kernel images/4096x40   0 110816
  PID User     Command                         Swap      USS      PSS      RSS 
87943 codespace /usr/bin/python3 /usr/bin/s        0    12100    12331    14584 
87106 codespace ./cli kernel images/4096x40        0   106992   107037   108244 
87108 codespace ./cli kernel images/4096x40        0   107496   107543   108768 
87110 codespace ./cli kernel images/4096x40        0   107792   107841   109100 
87114 codespace ./cli kernel images/4096x40        0   108024   108073   109332 
87112 codespace ./cli kernel images/4096x40        0   110320   110369   111612 
%CPU %MEM ARGS Sun Oct  4 20:31:06 UTC 2026
 0.0  0.0 grep --color=auto ./cli       0  2180
29.2  1.3 ./cli kernel images/4096x40   1 109000
29.3  1.3 ./cli kernel images/4096x40   0 109460
29.3  1.3 ./cli kernel images/4096x40   1 109788
29.5  1.3 ./cli kernel images/4096x40   0 110168
30.1  1.3 ./cli kernel images/4096x40   0 112496
  PID User     Command                         Swap      USS      PSS      RSS 
87950 codespace /usr/bin/python3 /usr/bin/s        0    12076    12263    14496 
87106 codespace ./cli kernel images/4096x40        0   108196   108239   109448 
87108 codespace ./cli kernel images/4096x40        0   108672   108717   109944 
87110 codespace ./cli kernel images/4096x40        0   108872   108919   110180 
87114 codespace ./cli kernel images/4096x40        0   109268   109315   110576 
87112 codespace ./cli kernel images/4096x40        0   111720   111767   113012 
%CPU %MEM ARGS Sun Oct  4 20:31:07 UTC 2026
 0.0  0.0 grep --color=auto ./cli       0  2152
29.2  1.3 ./cli kernel images/4096x40   0 110456
29.2  1.3 ./cli kernel images/4096x40   0 110688
29.3  1.3 ./cli kernel images/4096x40   1 110568
29.4  1.3 ./cli kernel images/4096x40   0 111052
30.0  1.3 ./cli kernel images/4096x40   0 113516
  PID User     Command                         Swap      USS      PSS      RSS 
87966 codespace /usr/bin/python3 /usr/bin/s        0    12076    12299    14560 
87106 codespace ./cli kernel images/4096x40        0   109700   109745   110952 
87108 codespace ./cli kernel images/4096x40        0   109704   109751   110976 
87110 codespace ./cli kernel images/4096x40        0   110160   110209   111468 
87114 codespace ./cli kernel images/4096x40        0   110272   110321   111580 
87112 codespace ./cli kernel images/4096x40        0   112736   112785   114028 
%CPU %MEM ARGS Sun Oct  4 20:31:08 UTC 2026
 0.0  0.0 grep --color=auto ./cli       1  2164
29.2  1.3 ./cli kernel images/4096x40   0 111728
29.3  1.3 ./cli kernel images/4096x40   1 112072
29.3  1.3 ./cli kernel images/4096x40   0 112240
29.4  1.3 ./cli kernel images/4096x40   1 112504
30.0  1.4 ./cli kernel images/4096x40   0 114716
  PID User     Command                         Swap      USS      PSS      RSS 
87972 codespace /usr/bin/python3 /usr/bin/s        0    12072    12296    14536 
87106 codespace ./cli kernel images/4096x40        0   110904   110949   112156 
87108 codespace ./cli kernel images/4096x40        0   111236   111283   112508 
87114 codespace ./cli kernel images/4096x40        0   111436   111485   112744 
87110 codespace ./cli kernel images/4096x40        0   111648   111697   112956 
87112 codespace ./cli kernel images/4096x40        0   113888   113937   115180 
%CPU %MEM ARGS Sun Oct  4 20:31:08 UTC 2026
 0.0  0.0 grep --color=auto ./cli       0  2196
29.2  1.3 ./cli kernel images/4096x40   0 112868
29.3  1.3 ./cli kernel images/4096x40   0 113192
29.4  1.3 ./cli kernel images/4096x40   0 113364
29.4  1.3 ./cli kernel images/4096x40   1 113836
30.0  1.4 ./cli kernel images/4096x40   1 115992
  PID User     Command                         Swap      USS      PSS      RSS 
87977 codespace /usr/bin/python3 /usr/bin/s        0    12080    12296    14496 
87106 codespace ./cli kernel images/4096x40        0   111960   112005   113212 
87108 codespace ./cli kernel images/4096x40        0   112276   112323   113548 
87114 codespace ./cli kernel images/4096x40        0   112476   112525   113784 
87110 codespace ./cli kernel images/4096x40        0   112996   113045   114304 
87112 codespace ./cli kernel images/4096x40        0   115064   115113   116356 
%CPU %MEM ARGS Sun Oct  4 20:31:09 UTC 2026
 0.0  0.0 grep --color=auto ./cli       0  2176
29.2  1.4 ./cli kernel images/4096x40   0 113876
29.3  1.4 ./cli kernel images/4096x40   0 114200
29.4  1.4 ./cli kernel images/4096x40   1 114480
29.5  1.4 ./cli kernel images/4096x40   1 115196
30.0  1.4 ./cli kernel images/4096x40   0 116972
  PID User     Command                         Swap      USS      PSS      RSS 
87983 codespace /usr/bin/python3 /usr/bin/s        0    12096    12329    14636 
87106 codespace ./cli kernel images/4096x40        0   113040   113085   114292 
87108 codespace ./cli kernel images/4096x40        0   113352   113399   114624 
87114 codespace ./cli kernel images/4096x40        0   113696   113744   115004 
87110 codespace ./cli kernel images/4096x40        0   114292   114341   115600 
87112 codespace ./cli kernel images/4096x40        0   116148   116197   117440 
%CPU %MEM ARGS Sun Oct  4 20:31:09 UTC 2026
 0.0  0.0 grep --color=auto ./cli       0  2196
29.2  1.4 ./cli kernel images/4096x40   0 114928
29.3  1.4 ./cli kernel images/4096x40   1 115236
29.5  1.4 ./cli kernel images/4096x40   0 116212
29.5  1.4 ./cli kernel images/4096x40   0 116076
29.9  1.4 ./cli kernel images/4096x40   0 118020
  PID User     Command                         Swap      USS      PSS      RSS 
87995 codespace /usr/bin/python3 /usr/bin/s        0    12080    12296    14496 
87106 codespace ./cli kernel images/4096x40        0   113956   114001   115208 
87108 codespace ./cli kernel images/4096x40        0   114396   114443   115668 
87114 codespace ./cli kernel images/4096x40        0   115112   115161   116420 
87110 codespace ./cli kernel images/4096x40        0   115224   115273   116532 
87112 codespace ./cli kernel images/4096x40        0   117052   117101   118344 
%CPU %MEM ARGS Sun Oct  4 20:31:10 UTC 2026
 0.0  0.0 grep --color=auto ./cli       0  2168
29.2  1.4 ./cli kernel images/4096x40   0 115716
29.4  1.4 ./cli kernel images/4096x40   0 117012
29.4  1.4 ./cli kernel images/4096x40   0 116860
29.4  1.4 ./cli kernel images/4096x40   1 116896
29.9  1.4 ./cli kernel images/4096x40   0 118804
  PID User     Command                         Swap      USS      PSS      RSS 
88000 codespace /usr/bin/python3 /usr/bin/s        0    12080    12302    14492 
87106 codespace ./cli kernel images/4096x40        0   114716   114761   115968 
87114 codespace ./cli kernel images/4096x40        0   115888   115937   117196 
87110 codespace ./cli kernel images/4096x40        0   115992   116041   117300 
87108 codespace ./cli kernel images/4096x40        0   116072   116119   117344 
87112 codespace ./cli kernel images/4096x40        0   117820   117869   119112 
%CPU %MEM ARGS Sun Oct  4 20:31:10 UTC 2026
 0.0  0.0 grep --color=auto ./cli       0  2292
29.2  1.4 ./cli kernel images/4096x40   0 116552
29.4  1.4 ./cli kernel images/4096x40   0 117804
29.4  1.4 ./cli kernel images/4096x40   0 117644
29.4  1.4 ./cli kernel images/4096x40   0 117872
29.9  1.4 ./cli kernel images/4096x40   1 119900
  PID User     Command                         Swap      USS      PSS      RSS 
88005 codespace /usr/bin/python3 /usr/bin/s        0    12048    12281    14560 
87106 codespace ./cli kernel images/4096x40        0   115572   115617   116824 
87114 codespace ./cli kernel images/4096x40        0   116656   116705   117964 
87110 codespace ./cli kernel images/4096x40        0   116808   116857   118116 
87108 codespace ./cli kernel images/4096x40        0   116872   116919   118144 
87112 codespace ./cli kernel images/4096x40        0   119056   119105   120348 
%CPU %MEM ARGS Sun Oct  4 20:31:11 UTC 2026
 0.0  0.0 grep --color=auto ./cli       1  2208
29.2  1.4 ./cli kernel images/4096x40   0 117804
29.3  1.4 ./cli kernel images/4096x40   0 118632
29.3  1.4 ./cli kernel images/4096x40   0 118444
29.4  1.4 ./cli kernel images/4096x40   0 118692
29.9  1.4 ./cli kernel images/4096x40   0 120864
  PID User     Command                         Swap      USS      PSS      RSS 
88011 codespace /usr/bin/python3 /usr/bin/s        0    12068    12286    14516 
87106 codespace ./cli kernel images/4096x40        0   117036   117079   118288 
87114 codespace ./cli kernel images/4096x40        0   117652   117701   118960 
87110 codespace ./cli kernel images/4096x40        0   117684   117733   118992 
87108 codespace ./cli kernel images/4096x40        0   117724   117771   118996 
87112 codespace ./cli kernel images/4096x40        0   119956   120005   121248 
%CPU %MEM ARGS Sun Oct  4 20:31:11 UTC 2026
 0.0  0.0 grep --color=auto ./cli       0  2196
29.2  1.4 ./cli kernel images/4096x40   1 119620
29.2  1.4 ./cli kernel images/4096x40   1 119352
29.2  1.4 ./cli kernel images/4096x40   1 119656
29.3  1.4 ./cli kernel images/4096x40   0 119952
29.8  1.4 ./cli kernel images/4096x40   1 121840
  PID User     Command                         Swap      USS      PSS      RSS 
88036 codespace /usr/bin/python3 /usr/bin/s        0    12088    12313    14532 
87106 codespace ./cli kernel images/4096x40        0   118624   118669   119876 
87110 codespace ./cli kernel images/4096x40        0   118776   118825   120084 
87108 codespace ./cli kernel images/4096x40        0   118796   118843   120068 
87114 codespace ./cli kernel images/4096x40        0   119316   119365   120624 
87112 codespace ./cli kernel images/4096x40        0   121016   121065   122308 
%CPU %MEM ARGS Sun Oct  4 20:31:12 UTC 2026
 0.0  0.0 grep --color=auto ./cli       1  2196
29.2  1.4 ./cli kernel images/4096x40   1 120720
29.2  1.4 ./cli kernel images/4096x40   0 120680
29.2  1.4 ./cli kernel images/4096x40   1 120884
29.3  1.4 ./cli kernel images/4096x40   0 121304
29.8  1.5 ./cli kernel images/4096x40   1 123064
  PID User     Command                         Swap      USS      PSS      RSS 
88046 codespace /usr/bin/python3 /usr/bin/s        0    12076    12275    14532 
87110 codespace ./cli kernel images/4096x40        0   119892   119939   121200 
87106 codespace ./cli kernel images/4096x40        0   119948   119991   121200 
87108 codespace ./cli kernel images/4096x40        0   120060   120105   121332 
87114 codespace ./cli kernel images/4096x40        0   121500   121547   122808 
87112 codespace ./cli kernel images/4096x40        0   122292   122338   123584 
%CPU %MEM ARGS Sun Oct  4 20:31:13 UTC 2026
 0.0  0.0 grep --color=auto ./cli       0  2292
29.0  1.4 ./cli kernel images/4096x40   1 121760
29.1  1.4 ./cli kernel images/4096x40   1 121928
29.1  1.4 ./cli kernel images/4096x40   1 121844
29.6  1.5 ./cli kernel images/4096x40   1 124112
29.7  1.5 ./cli kernel images/4096x40   1 124136
  PID User     Command                         Swap      USS      PSS      RSS 
88058 codespace /usr/bin/python3 /usr/bin/s        0    12080    12316    14604 
87110 codespace ./cli kernel images/4096x40        0   120568   120617   121876 
87106 codespace ./cli kernel images/4096x40        0   120700   120745   121952 
87108 codespace ./cli kernel images/4096x40        0   120776   120823   122048 
87112 codespace ./cli kernel images/4096x40        0   122944   122993   124236 
87114 codespace ./cli kernel images/4096x40        0   122960   123009   124268 
%CPU %MEM ARGS Sun Oct  4 20:31:13 UTC 2026
 0.0  0.0 grep --color=auto ./cli       1  2208
29.0  1.5 ./cli kernel images/4096x40   1 122444
29.1  1.5 ./cli kernel images/4096x40   1 122524
29.1  1.5 ./cli kernel images/4096x40   0 122736
29.6  1.5 ./cli kernel images/4096x40   1 124800
29.7  1.5 ./cli kernel images/4096x40   0 124944
  PID User     Command                         Swap      USS      PSS      RSS 
88063 codespace /usr/bin/python3 /usr/bin/s        0    12068    12292    14532 
87110 codespace ./cli kernel images/4096x40        0   121616   121665   122924 
87106 codespace ./cli kernel images/4096x40        0   121688   121733   122940 
87108 codespace ./cli kernel images/4096x40        0   122148   122195   123420 
87112 codespace ./cli kernel images/4096x40        0   124008   124057   125300 
87114 codespace ./cli kernel images/4096x40        0   124516   124565   125824 
%CPU %MEM ARGS Sun Oct  4 20:31:14 UTC 2026
 0.0  0.0 grep --color=auto ./cli       1  2292
29.1  1.5 ./cli kernel images/4096x40   1 123832
29.1  1.5 ./cli kernel images/4096x40   1 123892
29.2  1.5 ./cli kernel images/4096x40   0 124260
29.6  1.5 ./cli kernel images/4096x40   0 125968
29.7  1.5 ./cli kernel images/4096x40   0 126452
  PID User     Command                         Swap      USS      PSS      RSS 
88069 codespace /usr/bin/python3 /usr/bin/s        0    12096    12324    14580 
87110 codespace ./cli kernel images/4096x40        0   122988   123037   124296 
87106 codespace ./cli kernel images/4096x40        0   123076   123121   124328 
87108 codespace ./cli kernel images/4096x40        0   123508   123555   124780 
87112 codespace ./cli kernel images/4096x40        0   125248   125297   126540 
87114 codespace ./cli kernel images/4096x40        0   125760   125809   127068 
%CPU %MEM ARGS Sun Oct  4 20:31:14 UTC 2026
 0.0  0.0 grep --color=auto ./cli       0  2132
29.0  1.5 ./cli kernel images/4096x40   0 124980
29.1  1.5 ./cli kernel images/4096x40   0 125072
29.2  1.5 ./cli kernel images/4096x40   1 125432
29.5  1.5 ./cli kernel images/4096x40   0 127124
29.7  1.5 ./cli kernel images/4096x40   0 127612
  PID User     Command                         Swap      USS      PSS      RSS 
88081 codespace /usr/bin/python3 /usr/bin/s        0    12080    12296    14516 
87110 codespace ./cli kernel images/4096x40        0   123988   124037   125296 
87106 codespace ./cli kernel images/4096x40        0   124080   124125   125332 
87108 codespace ./cli kernel images/4096x40        0   124608   124655   125880 
87112 codespace ./cli kernel images/4096x40        0   126148   126197   127440 
87114 codespace ./cli kernel images/4096x40        0   126644   126693   127952 
%CPU %MEM ARGS Sun Oct  4 20:31:15 UTC 2026
 0.0  0.0 grep --color=auto ./cli       1  2288
29.0  1.5 ./cli kernel images/4096x40   0 125880
29.1  1.5 ./cli kernel images/4096x40   1 126088
29.2  1.5 ./cli kernel images/4096x40   0 126872
29.5  1.5 ./cli kernel images/4096x40   0 128000
29.6  1.5 ./cli kernel images/4096x40   0 128500
  PID User     Command                         Swap      USS      PSS      RSS 
88086 codespace /usr/bin/python3 /usr/bin/s        0    12076    12302    14540 
87110 codespace ./cli kernel images/4096x40        0   125000   125049   126308 
87106 codespace ./cli kernel images/4096x40        0   125240   125285   126492 
87108 codespace ./cli kernel images/4096x40        0   126012   126059   127284 
87112 codespace ./cli kernel images/4096x40        0   127176   127225   128468 
87114 codespace ./cli kernel images/4096x40        0   127688   127737   128996 
%CPU %MEM ARGS Sun Oct  4 20:31:16 UTC 2026
 0.0  0.0 grep --color=auto ./cli       1  2200
28.9  1.5 ./cli kernel images/4096x40   0 126784
29.0  1.5 ./cli kernel images/4096x40   1 127112
29.2  1.5 ./cli kernel images/4096x40   1 127864
29.4  1.5 ./cli kernel images/4096x40   0 128976
29.5  1.5 ./cli kernel images/4096x40   0 129460
  PID User     Command                         Swap      USS      PSS      RSS 
88092 codespace /usr/bin/python3 /usr/bin/s        0    12120    12352    14568 
87110 codespace ./cli kernel images/4096x40        0   125940   125989   127248 
87106 codespace ./cli kernel images/4096x40        0   126576   126621   127828 
87108 codespace ./cli kernel images/4096x40        0   127052   127099   128324 
87112 codespace ./cli kernel images/4096x40        0   128252   128301   129544 
87114 codespace ./cli kernel images/4096x40        0   128768   128817   130076 
%CPU %MEM ARGS Sun Oct  4 20:31:16 UTC 2026
 0.0  0.0 grep --color=auto ./cli       1  2300
28.8  1.5 ./cli kernel images/4096x40   0 128000
29.1  1.5 ./cli kernel images/4096x40   1 128828
29.1  1.5 ./cli kernel images/4096x40   1 129244
29.4  1.6 ./cli kernel images/4096x40   0 130272
29.5  1.6 ./cli kernel images/4096x40   0 130760
  PID User     Command                         Swap      USS      PSS      RSS 
88097 codespace /usr/bin/python3 /usr/bin/s        0    12084    12301    14500 
87110 codespace ./cli kernel images/4096x40        0   127240   127289   128548 
87106 codespace ./cli kernel images/4096x40        0   127988   128033   129240 
87108 codespace ./cli kernel images/4096x40        0   128416   128463   129688 
87112 codespace ./cli kernel images/4096x40        0   129548   129597   130840 
87114 codespace ./cli kernel images/4096x40        0   130040   130089   131348 
%CPU %MEM ARGS Sun Oct  4 20:31:17 UTC 2026
 0.0  0.0 grep --color=auto ./cli       0  2168
28.8  1.5 ./cli kernel images/4096x40   0 129200
29.1  1.6 ./cli kernel images/4096x40   1 130160
29.1  1.6 ./cli kernel images/4096x40   1 130584
29.3  1.6 ./cli kernel images/4096x40   0 131488
29.4  1.6 ./cli kernel images/4096x40   0 131964
  PID User     Command                         Swap      USS      PSS      RSS 
88109 codespace /usr/bin/python3 /usr/bin/s        0    12080    12304    14492 
87110 codespace ./cli kernel images/4096x40        0   128388   128437   129696 
87106 codespace ./cli kernel images/4096x40        0   129308   129353   130560 
87108 codespace ./cli kernel images/4096x40        0   129748   129795   131020 
87112 codespace ./cli kernel images/4096x40        0   130720   130769   132012 
87114 codespace ./cli kernel images/4096x40        0   131200   131249   132508 
%CPU %MEM ARGS Sun Oct  4 20:31:17 UTC 2026
 0.0  0.0 grep --color=auto ./cli       1  2172
28.8  1.6 ./cli kernel images/4096x40   1 130584
29.1  1.6 ./cli kernel images/4096x40   0 131320
29.2  1.6 ./cli kernel images/4096x40   1 131936
29.4  1.6 ./cli kernel images/4096x40   0 132696
29.5  1.6 ./cli kernel images/4096x40   0 133168
  PID User     Command                         Swap      USS      PSS      RSS 
88115 codespace /usr/bin/python3 /usr/bin/s        0    12076    12303    14540 
87110 codespace ./cli kernel images/4096x40        0   129936   129985   131244 
87106 codespace ./cli kernel images/4096x40        0   130504   130549   131756 
87108 codespace ./cli kernel images/4096x40        0   131288   131335   132560 
87112 codespace ./cli kernel images/4096x40        0   131956   132005   133248 
87114 codespace ./cli kernel images/4096x40        0   132452   132501   133760 
%CPU %MEM ARGS Sun Oct  4 20:31:18 UTC 2026
 0.0  0.0 grep --color=auto ./cli       1  2196
28.8  1.6 ./cli kernel images/4096x40   1 131972
29.1  1.6 ./cli kernel images/4096x40   0 132840
29.2  1.6 ./cli kernel images/4096x40   0 133276
29.4  1.6 ./cli kernel images/4096x40   0 134200
29.4  1.6 ./cli kernel images/4096x40   1 134428
  PID User     Command                         Swap      USS      PSS      RSS 
88125 codespace /usr/bin/python3 /usr/bin/s        0    12076    12303    14528 
87110 codespace ./cli kernel images/4096x40        0   131228   131277   132536 
87106 codespace ./cli kernel images/4096x40        0   132136   132181   133388 
87108 codespace ./cli kernel images/4096x40        0   132592   132639   133864 
87112 codespace ./cli kernel images/4096x40        0   133408   133457   134700 
87114 codespace ./cli kernel images/4096x40        0   133820   133869   135128 
%CPU %MEM ARGS Sun Oct  4 20:31:19 UTC 2026
 0.0  0.0 grep --color=auto ./cli       0  2304
28.9  1.6 ./cli kernel images/4096x40   1 133420
29.1  1.6 ./cli kernel images/4096x40   0 134132
29.2  1.6 ./cli kernel images/4096x40   0 134716
29.3  1.6 ./cli kernel images/4096x40   0 135488
29.4  1.6 ./cli kernel images/4096x40   1 135864
  PID User     Command                         Swap      USS      PSS      RSS 
88131 codespace /usr/bin/python3 /usr/bin/s        0    12076    12259    14560 
87110 codespace ./cli kernel images/4096x40        0   132848   132896   134156 
87106 codespace ./cli kernel images/4096x40        0   133304   133349   134556 
87108 codespace ./cli kernel images/4096x40        0   133904   133951   135176 
87112 codespace ./cli kernel images/4096x40        0   134728   134775   136020 
87114 codespace ./cli kernel images/4096x40        0   135384   135428   136692 
%CPU %MEM ARGS Sun Oct  4 20:31:20 UTC 2026
 0.0  0.0 grep --color=auto ./cli       1  2160
28.9  1.6 ./cli kernel images/4096x40   1 134864
29.1  1.6 ./cli kernel images/4096x40   0 135628
29.1  1.6 ./cli kernel images/4096x40   1 135964
29.3  1.6 ./cli kernel images/4096x40   1 136628
29.4  1.6 ./cli kernel images/4096x40   1 137340
  PID User     Command                         Swap      USS      PSS      RSS 
88143 codespace /usr/bin/python3 /usr/bin/s        0    12088    12339    14604 
87110 codespace ./cli kernel images/4096x40        0   133772   133821   135080 
87106 codespace ./cli kernel images/4096x40        0   134652   134697   135904 
87108 codespace ./cli kernel images/4096x40        0   134892   134939   136164 
87112 codespace ./cli kernel images/4096x40        0   135536   135585   136828 
87114 codespace ./cli kernel images/4096x40        0   136248   136297   137556 
%CPU %MEM ARGS Sun Oct  4 20:31:20 UTC 2026
 0.0  0.0 grep --color=auto ./cli       1  2212
28.9  1.6 ./cli kernel images/4096x40   0 136124
29.1  1.6 ./cli kernel images/4096x40   1 136500
29.1  1.6 ./cli kernel images/4096x40   1 136756
29.3  1.6 ./cli kernel images/4096x40   0 137664
29.4  1.6 ./cli kernel images/4096x40   1 138104
  PID User     Command                         Swap      USS      PSS      RSS 
88148 codespace /usr/bin/python3 /usr/bin/s        0    12080    12305    14556 
87110 codespace ./cli kernel images/4096x40        0   135312   135361   136620 
87106 codespace ./cli kernel images/4096x40        0   135672   135717   136924 
87108 codespace ./cli kernel images/4096x40        0   135912   135959   137184 
87112 codespace ./cli kernel images/4096x40        0   136892   136941   138184 
87114 codespace ./cli kernel images/4096x40        0   137360   137409   138668 
%CPU %MEM ARGS Sun Oct  4 20:31:21 UTC 2026
 0.0  0.0 grep --color=auto ./cli       1  2208
28.9  1.6 ./cli kernel images/4096x40   0 137348
29.1  1.6 ./cli kernel images/4096x40   0 137728
29.1  1.6 ./cli kernel images/4096x40   1 138028
29.3  1.7 ./cli kernel images/4096x40   0 138880
29.4  1.7 ./cli kernel images/4096x40   1 139384
  PID User     Command                         Swap      USS      PSS      RSS 
88154 codespace /usr/bin/python3 /usr/bin/s        0    12088    12320    14536 
87110 codespace ./cli kernel images/4096x40        0   136560   136609   137868 
87106 codespace ./cli kernel images/4096x40        0   136924   136969   138176 
87108 codespace ./cli kernel images/4096x40        0   137336   137383   138608 
87112 codespace ./cli kernel images/4096x40        0   138304   138353   139596 
87114 codespace ./cli kernel images/4096x40        0   138648   138697   139956 
%CPU %MEM ARGS Sun Oct  4 20:31:21 UTC 2026
 0.0  0.0 grep --color=auto ./cli       0  2344
28.9  1.7 ./cli kernel images/4096x40   0 138564
29.0  1.7 ./cli kernel images/4096x40   0 138948
29.2  1.7 ./cli kernel images/4096x40   1 139948
29.3  1.7 ./cli kernel images/4096x40   0 140280
29.3  1.7 ./cli kernel images/4096x40   1 140600
  PID User     Command                         Swap      USS      PSS      RSS 
88159 codespace /usr/bin/python3 /usr/bin/s        0    12076    12267    14492 
87110 codespace ./cli kernel images/4096x40        0   137700   137749   139008 
87106 codespace ./cli kernel images/4096x40        0   138092   138132   139344 
87108 codespace ./cli kernel images/4096x40        0   139148   139192   140420 
87112 codespace ./cli kernel images/4096x40        0   139436   139485   140728 
87114 codespace ./cli kernel images/4096x40        0   139772   139819   141080 
%CPU %MEM ARGS Sun Oct  4 20:31:22 UTC 2026
 0.0  0.0 grep --color=auto ./cli       1  2288
28.9  1.7 ./cli kernel images/4096x40   0 139928
29.0  1.7 ./cli kernel images/4096x40   1 140092
29.1  1.7 ./cli kernel images/4096x40   1 141132
29.2  1.7 ./cli kernel images/4096x40   0 141480
29.3  1.7 ./cli kernel images/4096x40   1 141676
  PID User     Command                         Swap      USS      PSS      RSS 
88188 codespace /usr/bin/python3 /usr/bin/s        0    12080    12295    14496 
87106 codespace ./cli kernel images/4096x40        0   139240   139285   140492 
87110 codespace ./cli kernel images/4096x40        0   139376   139425   140684 
87108 codespace ./cli kernel images/4096x40        0   140288   140335   141560 
87114 codespace ./cli kernel images/4096x40        0   140908   140957   142216 
87112 codespace ./cli kernel images/4096x40        0   141012   141061   142304 
%CPU %MEM ARGS Sun Oct  4 20:31:23 UTC 2026
 0.0  0.0 grep --color=auto ./cli       0  2296
28.9  1.7 ./cli kernel images/4096x40   0 141620
29.0  1.7 ./cli kernel images/4096x40   1 141412
29.1  1.7 ./cli kernel images/4096x40   0 142332
29.3  1.7 ./cli kernel images/4096x40   1 142996
29.3  1.7 ./cli kernel images/4096x40   0 143164
  PID User     Command                         Swap      USS      PSS      RSS 
88194 codespace /usr/bin/python3 /usr/bin/s        0    12092    12320    14540 
87106 codespace ./cli kernel images/4096x40        0   140812   140857   142064 
87110 codespace ./cli kernel images/4096x40        0   140816   140865   142124 
87108 codespace ./cli kernel images/4096x40        0   141516   141563   142788 
87112 codespace ./cli kernel images/4096x40        0   142420   142469   143712 
87114 codespace ./cli kernel images/4096x40        0   142520   142569   143828 
%CPU %MEM ARGS Sun Oct  4 20:31:23 UTC 2026
 0.0  0.0 grep --color=auto ./cli       0  2308
28.9  1.7 ./cli kernel images/4096x40   0 142852
29.0  1.7 ./cli kernel images/4096x40   0 142884
29.1  1.7 ./cli kernel images/4096x40   0 143568
29.3  1.7 ./cli kernel images/4096x40   1 144592
29.3  1.7 ./cli kernel images/4096x40   1 144664
  PID User     Command                         Swap      USS      PSS      RSS 
88199 codespace /usr/bin/python3 /usr/bin/s        0    12080    12291    14612 
87106 codespace ./cli kernel images/4096x40        0   142064   142107   143316 
87110 codespace ./cli kernel images/4096x40        0   142060   142107   143368 
87108 codespace ./cli kernel images/4096x40        0   142764   142809   144036 
87112 codespace ./cli kernel images/4096x40        0   144140   144187   145432 
87114 codespace ./cli kernel images/4096x40        0   144204   144251   145512 
%CPU %MEM ARGS Sun Oct  4 20:31:24 UTC 2026
 0.0  0.0 grep --color=auto ./cli       0  2344
28.9  1.7 ./cli kernel images/4096x40   0 144196
29.0  1.7 ./cli kernel images/4096x40   0 144220
29.1  1.7 ./cli kernel images/4096x40   1 144748
29.3  1.7 ./cli kernel images/4096x40   1 146092
29.3  1.7 ./cli kernel images/4096x40   1 146060
  PID User     Command                         Swap      USS      PSS      RSS 
88211 codespace /usr/bin/python3 /usr/bin/s        0    12092    12311    14508 
87106 codespace ./cli kernel images/4096x40        0   143384   143424   144636 
87110 codespace ./cli kernel images/4096x40        0   143376   143425   144684 
87108 codespace ./cli kernel images/4096x40        0   143880   143927   145152 
87114 codespace ./cli kernel images/4096x40        0   145344   145393   146652 
87112 codespace ./cli kernel images/4096x40        0   145772   145821   147064 
%CPU %MEM ARGS Sun Oct  4 20:31:25 UTC 2026
 0.0  0.0 grep --color=auto ./cli       0  2168
28.9  1.7 ./cli kernel images/4096x40   0 145380
28.9  1.7 ./cli kernel images/4096x40   0 145412
29.0  1.7 ./cli kernel images/4096x40   0 145884
29.3  1.8 ./cli kernel images/4096x40   1 147476
29.4  1.8 ./cli kernel images/4096x40   1 147956
  PID User     Command                         Swap      USS      PSS      RSS 
88223 codespace /usr/bin/python3 /usr/bin/s        0    12080    12299    14496 
87106 codespace ./cli kernel images/4096x40        0   144572   144617   145824 
87110 codespace ./cli kernel images/4096x40        0   144576   144625   145884 
87108 codespace ./cli kernel images/4096x40        0   145084   145131   146356 
87114 codespace ./cli kernel images/4096x40        0   147020   147069   148328 
87112 codespace ./cli kernel images/4096x40        0   147484   147533   148776 
%CPU %MEM ARGS Sun Oct  4 20:31:25 UTC 2026
 0.0  0.0 grep --color=auto ./cli       1  2168
28.9  1.8 ./cli kernel images/4096x40   0 146760
29.0  1.8 ./cli kernel images/4096x40   0 146776
29.0  1.8 ./cli kernel images/4096x40   1 147132
29.4  1.8 ./cli kernel images/4096x40   1 149016
29.5  1.8 ./cli kernel images/4096x40   1 149496
  PID User     Command                         Swap      USS      PSS      RSS 
88228 codespace /usr/bin/python3 /usr/bin/s        0    12076    12296    14488 
87106 codespace ./cli kernel images/4096x40        0   146148   146193   147400 
87110 codespace ./cli kernel images/4096x40        0   146228   146277   147536 
87108 codespace ./cli kernel images/4096x40        0   146324   146371   147596 
87114 codespace ./cli kernel images/4096x40        0   148284   148333   149592 
87112 codespace ./cli kernel images/4096x40        0   148756   148805   150048 
%CPU %MEM ARGS Sun Oct  4 20:31:26 UTC 2026
 0.0  0.0 grep --color=auto ./cli       0  2340
29.0  1.8 ./cli kernel images/4096x40   0 148344
29.0  1.8 ./cli kernel images/4096x40   0 148456
29.0  1.8 ./cli kernel images/4096x40   1 148404
29.4  1.8 ./cli kernel images/4096x40   1 150464
29.4  1.8 ./cli kernel images/4096x40   0 150712
  PID User     Command                         Swap      USS      PSS      RSS 
88234 codespace /usr/bin/python3 /usr/bin/s        0    12088    12315    14536 
87110 codespace ./cli kernel images/4096x40        0   147528   147577   148836 
87108 codespace ./cli kernel images/4096x40        0   147636   147683   148908 
87106 codespace ./cli kernel images/4096x40        0   147860   147905   149112 
87112 codespace ./cli kernel images/4096x40        0   149924   149973   151216 
87114 codespace ./cli kernel images/4096x40        0   149956   150005   151264 
%CPU %MEM ARGS Sun Oct  4 20:31:27 UTC 2026
 0.0  0.0 grep --color=auto ./cli       1  2248
28.9  1.8 ./cli kernel images/4096x40   0 149576
29.0  1.8 ./cli kernel images/4096x40   0 149680
29.1  1.8 ./cli kernel images/4096x40   1 150268
29.4  1.8 ./cli kernel images/4096x40   0 151924
29.4  1.8 ./cli kernel images/4096x40   1 152028
  PID User     Command                         Swap      USS      PSS      RSS 
88243 codespace /usr/bin/python3 /usr/bin/s        0    12088    12319    14536 
87110 codespace ./cli kernel images/4096x40        0   148808   148857   150116 
87108 codespace ./cli kernel images/4096x40        0   148884   148931   150156 
87106 codespace ./cli kernel images/4096x40        0   149412   149457   150664 
87114 codespace ./cli kernel images/4096x40        0   151300   151349   152608 
87112 codespace ./cli kernel images/4096x40        0   151912   151961   153204 
%CPU %MEM ARGS Sun Oct  4 20:31:27 UTC 2026
 0.0  0.0 grep --color=auto ./cli       1  2296
28.9  1.8 ./cli kernel images/4096x40   1 150864
29.0  1.8 ./cli kernel images/4096x40   0 151324
29.0  1.8 ./cli kernel images/4096x40   1 151492
29.4  1.8 ./cli kernel images/4096x40   1 153276
29.6  1.8 ./cli kernel images/4096x40   0 154224
  PID User     Command                         Swap      USS      PSS      RSS 
88251 codespace /usr/bin/python3 /usr/bin/s        0    12112    12351    14604 
87110 codespace ./cli kernel images/4096x40        0   150040   150089   151348 
87106 codespace ./cli kernel images/4096x40        0   150636   150681   151888 
87108 codespace ./cli kernel images/4096x40        0   150772   150819   152044 
87114 codespace ./cli kernel images/4096x40        0   152528   152577   153836 
87112 codespace ./cli kernel images/4096x40        0   153788   153837   155080 
%CPU %MEM ARGS Sun Oct  4 20:31:28 UTC 2026
 0.0  0.0 grep --color=auto ./cli       1  2208
28.9  1.8 ./cli kernel images/4096x40   1 152068
29.0  1.8 ./cli kernel images/4096x40   1 152708
29.1  1.8 ./cli kernel images/4096x40   0 153252
29.3  1.8 ./cli kernel images/4096x40   1 154480
29.6  1.9 ./cli kernel images/4096x40   0 155920
  PID User     Command                         Swap      USS      PSS      RSS 
88257 codespace /usr/bin/python3 /usr/bin/s        0    12088    12319    14536 
87110 codespace ./cli kernel images/4096x40        0   151256   151305   152564 
87106 codespace ./cli kernel images/4096x40        0   151868   151913   153120 
87108 codespace ./cli kernel images/4096x40        0   152676   152723   153948 
87114 codespace ./cli kernel images/4096x40        0   153756   153805   155064 
87112 codespace ./cli kernel images/4096x40        0   155484   155533   156776 
%CPU %MEM ARGS Sun Oct  4 20:31:29 UTC 2026
 0.0  0.0 grep --color=auto ./cli       1  2176
28.9  1.8 ./cli kernel images/4096x40   1 153308
29.0  1.8 ./cli kernel images/4096x40   0 154088
29.1  1.9 ./cli kernel images/4096x40   1 154804
29.3  1.9 ./cli kernel images/4096x40   1 155724
29.7  1.9 ./cli kernel images/4096x40   0 157640
  PID User     Command                         Swap      USS      PSS      RSS 
88263 codespace /usr/bin/python3 /usr/bin/s        0    12080    12299    14496 
87110 codespace ./cli kernel images/4096x40        0   152484   152533   153792 
87106 codespace ./cli kernel images/4096x40        0   153268   153313   154520 
87108 codespace ./cli kernel images/4096x40        0   153984   154031   155256 
87114 codespace ./cli kernel images/4096x40        0   154984   155033   156292 
87112 codespace ./cli kernel images/4096x40        0   156900   156949   158192 
%CPU %MEM ARGS Sun Oct  4 20:31:29 UTC 2026
 0.0  0.0 grep --color=auto ./cli       1  2248
28.8  1.8 ./cli kernel images/4096x40   0 154396
29.0  1.9 ./cli kernel images/4096x40   0 155220
29.2  1.9 ./cli kernel images/4096x40   0 156004
29.3  1.9 ./cli kernel images/4096x40   0 156932
29.7  1.9 ./cli kernel images/4096x40   0 158784
  PID User     Command                         Swap      USS      PSS      RSS 
88271 codespace /usr/bin/python3 /usr/bin/s        0    12080    12250    14496 
87110 codespace ./cli kernel images/4096x40        0   153196   153242   154504 
87106 codespace ./cli kernel images/4096x40        0   154048   154091   155300 
87108 codespace ./cli kernel images/4096x40        0   154820   154865   156092 
87114 codespace ./cli kernel images/4096x40        0   155780   155823   157088 
87112 codespace ./cli kernel images/4096x40        0   157628   157674   158920 
%CPU %MEM ARGS Sun Oct  4 20:31:30 UTC 2026
 0.0  0.0 grep --color=auto ./cli       1  2200
28.8  1.9 ./cli kernel images/4096x40   0 155000
29.0  1.9 ./cli kernel images/4096x40   0 155816
29.1  1.9 ./cli kernel images/4096x40   0 156608
29.4  1.9 ./cli kernel images/4096x40   1 158144
29.6  1.9 ./cli kernel images/4096x40   1 159424
  PID User     Command                         Swap      USS      PSS      RSS 
88286 codespace /usr/bin/python3 /usr/bin/s        0    12064    12304    14556 
87110 codespace ./cli kernel images/4096x40        0   154052   154101   155360 
87106 codespace ./cli kernel images/4096x40        0   154896   154941   156148 
87108 codespace ./cli kernel images/4096x40        0   155672   155719   156944 
87114 codespace ./cli kernel images/4096x40        0   157192   157241   158500 
87112 codespace ./cli kernel images/4096x40        0   158456   158505   159748 
%CPU %MEM ARGS Sun Oct  4 20:31:30 UTC 2026
 0.0  0.0 grep --color=auto ./cli       0  2300
28.9  1.9 ./cli kernel images/4096x40   1 156408
28.9  1.9 ./cli kernel images/4096x40   0 156628
29.1  1.9 ./cli kernel images/4096x40   0 157404
29.3  1.9 ./cli kernel images/4096x40   0 158928
29.6  1.9 ./cli kernel images/4096x40   0 160172
  PID User     Command                         Swap      USS      PSS      RSS 
88291 codespace /usr/bin/python3 /usr/bin/s        0    12080    12300    14560 
87110 codespace ./cli kernel images/4096x40        0   155580   155629   156888 
87106 codespace ./cli kernel images/4096x40        0   155612   155657   156864 
87108 codespace ./cli kernel images/4096x40        0   156424   156471   157696 
87114 codespace ./cli kernel images/4096x40        0   157984   158033   159292 
87112 codespace ./cli kernel images/4096x40        0   159228   159277   160520 
%CPU %MEM ARGS Sun Oct  4 20:31:31 UTC 2026
 0.0  0.0 grep --color=auto ./cli       0  2160
28.9  1.9 ./cli kernel images/4096x40   0 157452
29.0  1.9 ./cli kernel images/4096x40   1 158096
29.0  1.9 ./cli kernel images/4096x40   0 158232
29.3  1.9 ./cli kernel images/4096x40   0 159756
29.5  1.9 ./cli kernel images/4096x40   0 161000
  PID User     Command                         Swap      USS      PSS      RSS 
88297 codespace /usr/bin/python3 /usr/bin/s        0    12088    12327    14640 
87106 codespace ./cli kernel images/4096x40        0   156472   156517   157724 
87108 codespace ./cli kernel images/4096x40        0   157244   157291   158516 
87110 codespace ./cli kernel images/4096x40        0   157296   157345   158604 
87114 codespace ./cli kernel images/4096x40        0   158820   158869   160128 
87112 codespace ./cli kernel images/4096x40        0   160072   160121   161364 
%CPU %MEM ARGS Sun Oct  4 20:31:31 UTC 2026
 0.0  0.0 grep --color=auto ./cli       0  2196
29.0  1.9 ./cli kernel images/4096x40   1 158696
29.0  1.9 ./cli kernel images/4096x40   0 159076
29.0  1.9 ./cli kernel images/4096x40   0 159396
29.3  1.9 ./cli kernel images/4096x40   0 160616
29.5  1.9 ./cli kernel images/4096x40   0 161856
  PID User     Command                         Swap      USS      PSS      RSS 
88302 codespace /usr/bin/python3 /usr/bin/s        0    12088    12318    14532 
87106 codespace ./cli kernel images/4096x40        0   157892   157937   159144 
87108 codespace ./cli kernel images/4096x40        0   158116   158163   159388 
87110 codespace ./cli kernel images/4096x40        0   158508   158557   159816 
87114 codespace ./cli kernel images/4096x40        0   159672   159721   160980 
87112 codespace ./cli kernel images/4096x40        0   160904   160953   162196 
%CPU %MEM ARGS Sun Oct  4 20:31:32 UTC 2026
 0.0  0.0 grep --color=auto ./cli       0  2296
29.0  1.9 ./cli kernel images/4096x40   1 159952
29.0  1.9 ./cli kernel images/4096x40   0 160376
29.0  1.9 ./cli kernel images/4096x40   1 160516
29.2  1.9 ./cli kernel images/4096x40   1 161620
29.5  2.0 ./cli kernel images/4096x40   1 163152
  PID User     Command                         Swap      USS      PSS      RSS 
88309 codespace /usr/bin/python3 /usr/bin/s        0    12080    12308    14556 
87106 codespace ./cli kernel images/4096x40        0   159048   159093   160300 
87108 codespace ./cli kernel images/4096x40        0   159636   159682   160908 
87110 codespace ./cli kernel images/4096x40        0   159664   159711   160972 
87114 codespace ./cli kernel images/4096x40        0   160808   160857   162116 
87112 codespace ./cli kernel images/4096x40        0   162432   162481   163724 
%CPU %MEM ARGS Sun Oct  4 20:31:32 UTC 2026
 0.0  0.0 grep --color=auto ./cli       0  2344
28.9  1.9 ./cli kernel images/4096x40   0 161204
28.9  1.9 ./cli kernel images/4096x40   1 161748
29.0  1.9 ./cli kernel images/4096x40   0 161836
29.2  2.0 ./cli kernel images/4096x40   1 162840
29.4  2.0 ./cli kernel images/4096x40   0 164412
  PID User     Command                         Swap      USS      PSS      RSS 
88337 codespace /usr/bin/python3 /usr/bin/s        0    12080    12303    14552 
87106 codespace ./cli kernel images/4096x40        0   160384   160429   161636 
87108 codespace ./cli kernel images/4096x40        0   161024   161071   162296 
87110 codespace ./cli kernel images/4096x40        0   161072   161121   162380 
87114 codespace ./cli kernel images/4096x40        0   162252   162301   163560 
87112 codespace ./cli kernel images/4096x40        0   163628   163677   164920 
%CPU %MEM ARGS Sun Oct  4 20:31:33 UTC 2026
 0.0  0.0 grep --color=auto ./cli       0  2300
28.9  1.9 ./cli kernel images/4096x40   0 162396
29.0  2.0 ./cli kernel images/4096x40   0 163024
29.0  2.0 ./cli kernel images/4096x40   1 163196
29.2  2.0 ./cli kernel images/4096x40   1 164324
29.4  2.0 ./cli kernel images/4096x40   0 165592
  PID User     Command                         Swap      USS      PSS      RSS 
88343 codespace /usr/bin/python3 /usr/bin/s        0    12080    12304    14556 
87106 codespace ./cli kernel images/4096x40        0   161704   161749   162956 
87108 codespace ./cli kernel images/4096x40        0   162224   162271   163496 
87110 codespace ./cli kernel images/4096x40        0   162472   162521   163780 
87114 codespace ./cli kernel images/4096x40        0   163688   163737   164996 
87112 codespace ./cli kernel images/4096x40        0   164912   164961   166204 
%CPU %MEM ARGS Sun Oct  4 20:31:34 UTC 2026
 0.0  0.0 grep --color=auto ./cli       0  2244
28.9  2.0 ./cli kernel images/4096x40   0 163976
29.0  2.0 ./cli kernel images/4096x40   1 164536
29.0  2.0 ./cli kernel images/4096x40   0 164464
29.2  2.0 ./cli kernel images/4096x40   1 165656
29.4  2.0 ./cli kernel images/4096x40   1 166912
  PID User     Command                         Swap      USS      PSS      RSS 
88349 codespace /usr/bin/python3 /usr/bin/s        0    12104    12335    14588 
87106 codespace ./cli kernel images/4096x40        0   163412   163457   164664 
87110 codespace ./cli kernel images/4096x40        0   163716   163765   165024 
87108 codespace ./cli kernel images/4096x40        0   163968   164015   165240 
87114 codespace ./cli kernel images/4096x40        0   164924   164973   166232 
87112 codespace ./cli kernel images/4096x40        0   166156   166205   167448 
%CPU %MEM ARGS Sun Oct  4 20:31:34 UTC 2026
 0.0  0.0 grep --color=auto ./cli       0  2160
29.0  2.0 ./cli kernel images/4096x40   0 165844
29.0  2.0 ./cli kernel images/4096x40   0 165612
29.0  2.0 ./cli kernel images/4096x40   0 166104
29.2  2.0 ./cli kernel images/4096x40   1 167108
29.4  2.0 ./cli kernel images/4096x40   1 168376
  PID User     Command                         Swap      USS      PSS      RSS 
88355 codespace /usr/bin/python3 /usr/bin/s        0    12092    12323    14600 
87106 codespace ./cli kernel images/4096x40        0   164796   164841   166048 
87110 codespace ./cli kernel images/4096x40        0   165184   165233   166492 
87108 codespace ./cli kernel images/4096x40        0   165328   165375   166600 
87114 codespace ./cli kernel images/4096x40        0   166624   166673   167932 
87112 codespace ./cli kernel images/4096x40        0   167636   167685   168928 
%CPU %MEM ARGS Sun Oct  4 20:31:35 UTC 2026
 0.0  0.0 grep --color=auto ./cli       0  2196
28.9  2.0 ./cli kernel images/4096x40   0 166764
29.0  2.0 ./cli kernel images/4096x40   1 167304
29.0  2.0 ./cli kernel images/4096x40   1 167508
29.2  2.0 ./cli kernel images/4096x40   0 168516
29.4  2.0 ./cli kernel images/4096x40   0 169524
  PID User     Command                         Swap      USS      PSS      RSS 
88372 codespace /usr/bin/python3 /usr/bin/s        0    12076    12297    14488 
87106 codespace ./cli kernel images/4096x40        0   166176   166221   167428 
87108 codespace ./cli kernel images/4096x40        0   166628   166675   167900 
87110 codespace ./cli kernel images/4096x40        0   166832   166881   168140 
87114 codespace ./cli kernel images/4096x40        0   168148   168197   169456 
87112 codespace ./cli kernel images/4096x40        0   168760   168809   170052 
%CPU %MEM ARGS Sun Oct  4 20:31:36 UTC 2026
 0.0  0.0 grep --color=auto ./cli       1  2204
29.0  2.0 ./cli kernel images/4096x40   1 168700
29.0  2.0 ./cli kernel images/4096x40   1 168908
29.0  2.0 ./cli kernel images/4096x40   0 168724
29.2  2.0 ./cli kernel images/4096x40   1 170128
29.4  2.1 ./cli kernel images/4096x40   0 171140
  PID User     Command                         Swap      USS      PSS      RSS 
88378 codespace /usr/bin/python3 /usr/bin/s        0    12044    12271    14496 
87108 codespace ./cli kernel images/4096x40        0   167848   167895   169120 
87106 codespace ./cli kernel images/4096x40        0   167884   167929   169136 
87110 codespace ./cli kernel images/4096x40        0   168056   168105   169364 
87114 codespace ./cli kernel images/4096x40        0   169328   169377   170636 
87112 codespace ./cli kernel images/4096x40        0   170576   170625   171868 
%CPU %MEM ARGS Sun Oct  4 20:31:36 UTC 2026
 0.0  0.0 grep --color=auto ./cli       0  2180
28.9  2.0 ./cli kernel images/4096x40   1 169980
29.0  2.0 ./cli kernel images/4096x40   0 169788
29.0  2.0 ./cli kernel images/4096x40   1 169824
29.2  2.1 ./cli kernel images/4096x40   1 171192
29.5  2.1 ./cli kernel images/4096x40   0 172964
  PID User     Command                         Swap      USS      PSS      RSS 
88383 codespace /usr/bin/python3 /usr/bin/s        0    12080    12302    14560 
87108 codespace ./cli kernel images/4096x40        0   168992   169039   170264 
87106 codespace ./cli kernel images/4096x40        0   169144   169189   170396 
87110 codespace ./cli kernel images/4096x40        0   169140   169189   170448 
87114 codespace ./cli kernel images/4096x40        0   170704   170753   172012 
87112 codespace ./cli kernel images/4096x40        0   172236   172285   173528 
%CPU %MEM ARGS Sun Oct  4 20:31:37 UTC 2026
 0.0  0.0 grep --color=auto ./cli       1  2196
28.9  2.1 ./cli kernel images/4096x40   1 171172
28.9  2.1 ./cli kernel images/4096x40   0 171044
29.0  2.1 ./cli kernel images/4096x40   1 171276
29.2  2.1 ./cli kernel images/4096x40   1 172648
29.5  2.1 ./cli kernel images/4096x40   0 174216
  PID User     Command                         Swap      USS      PSS      RSS 
88393 codespace /usr/bin/python3 /usr/bin/s        0    12072    12276    14488 
87108 codespace ./cli kernel images/4096x40        0   170228   170275   171500 
87106 codespace ./cli kernel images/4096x40        0   170664   170709   171916 
87110 codespace ./cli kernel images/4096x40        0   170688   170737   171996 
87114 codespace ./cli kernel images/4096x40        0   171908   171957   173216 
87112 codespace ./cli kernel images/4096x40        0   173484   173533   174776 
%CPU %MEM ARGS Sun Oct  4 20:31:38 UTC 2026
 0.0  0.0 grep --color=auto ./cli       1  2288
28.9  2.1 ./cli kernel images/4096x40   0 172508
29.0  2.1 ./cli kernel images/4096x40   1 172736
29.0  2.1 ./cli kernel images/4096x40   1 172840
29.2  2.1 ./cli kernel images/4096x40   1 173876
29.5  2.1 ./cli kernel images/4096x40   0 175688
  PID User     Command                         Swap      USS      PSS      RSS 
88401 codespace /usr/bin/python3 /usr/bin/s        0    12112    12352    14604 
87110 codespace ./cli kernel images/4096x40        0   171904   171953   173212 
87108 codespace ./cli kernel images/4096x40        0   171924   171971   173196 
87106 codespace ./cli kernel images/4096x40        0   171992   172037   173244 
87114 codespace ./cli kernel images/4096x40        0   173148   173197   174456 
87112 codespace ./cli kernel images/4096x40        0   175232   175281   176524 
%CPU %MEM ARGS Sun Oct  4 20:31:38 UTC 2026
 0.0  0.0 grep --color=auto ./cli       1  2292
29.0  2.1 ./cli kernel images/4096x40   1 174088
29.0  2.1 ./cli kernel images/4096x40   0 174040
29.0  2.1 ./cli kernel images/4096x40   0 174076
29.2  2.1 ./cli kernel images/4096x40   1 175232
29.5  2.1 ./cli kernel images/4096x40   0 177232
  PID User     Command                         Swap      USS      PSS      RSS 
88406 codespace /usr/bin/python3 /usr/bin/s        0    12080    12286    14524 
87108 codespace ./cli kernel images/4096x40        0   173224   173271   174496 
87106 codespace ./cli kernel images/4096x40        0   173232   173277   174484 
87110 codespace ./cli kernel images/4096x40        0   173372   173421   174680 
87114 codespace ./cli kernel images/4096x40        0   174644   174693   175952 
87112 codespace ./cli kernel images/4096x40        0   176464   176513   177756 
%CPU %MEM ARGS Sun Oct  4 20:31:39 UTC 2026
 0.0  0.0 grep --color=auto ./cli       0  2252
29.0  2.1 ./cli kernel images/4096x40   1 175620
29.0  2.1 ./cli kernel images/4096x40   0 175336
29.0  2.1 ./cli kernel images/4096x40   1 175452
29.2  2.1 ./cli kernel images/4096x40   0 176616
29.5  2.1 ./cli kernel images/4096x40   0 178484
  PID User     Command                         Swap      USS      PSS      RSS 
88412 codespace /usr/bin/python3 /usr/bin/s        0    12080    12307    14556 
87106 codespace ./cli kernel images/4096x40        0   174540   174585   175792 
87108 codespace ./cli kernel images/4096x40        0   174640   174687   175912 
87110 codespace ./cli kernel images/4096x40        0   174820   174869   176128 
87114 codespace ./cli kernel images/4096x40        0   175956   176005   177264 
87112 codespace ./cli kernel images/4096x40        0   177800   177849   179092 
%CPU %MEM ARGS Sun Oct  4 20:31:39 UTC 2026
 0.0  0.0 grep --color=auto ./cli       0  2204
29.0  2.1 ./cli kernel images/4096x40   0 176568
29.0  2.1 ./cli kernel images/4096x40   1 176896
29.1  2.1 ./cli kernel images/4096x40   1 177064
29.2  2.1 ./cli kernel images/4096x40   0 177848
29.5  2.2 ./cli kernel images/4096x40   0 179732
  PID User     Command                         Swap      USS      PSS      RSS 
88420 codespace /usr/bin/python3 /usr/bin/s        0    12080    12325    14584 
87106 codespace ./cli kernel images/4096x40        0   175760   175805   177012 
87108 codespace ./cli kernel images/4096x40        0   176304   176351   177576 
87110 codespace ./cli kernel images/4096x40        0   176480   176529   177788 
87114 codespace ./cli kernel images/4096x40        0   177168   177217   178476 
87112 codespace ./cli kernel images/4096x40        0   179016   179065   180308 
%CPU %MEM ARGS Sun Oct  4 20:31:40 UTC 2026
 0.0  0.0 grep --color=auto ./cli       0  2200
29.0  2.1 ./cli kernel images/4096x40   0 177780
29.1  2.1 ./cli kernel images/4096x40   0 178484
29.1  2.1 ./cli kernel images/4096x40   1 178860
29.2  2.2 ./cli kernel images/4096x40   1 179184
29.5  2.2 ./cli kernel images/4096x40   0 180944
  PID User     Command                         Swap      USS      PSS      RSS 
88429 codespace /usr/bin/python3 /usr/bin/s        0    12080    12268    14500 
87106 codespace ./cli kernel images/4096x40        0   176932   176977   178184 
87110 codespace ./cli kernel images/4096x40        0   177668   177715   178976 
87108 codespace ./cli kernel images/4096x40        0   178356   178401   179628 
87114 codespace ./cli kernel images/4096x40        0   178784   178831   180092 
87112 codespace ./cli kernel images/4096x40        0   180196   180243   181488 
%CPU %MEM ARGS Sun Oct  4 20:31:41 UTC 2026
 0.0  0.0 grep --color=auto ./cli       1  2208
29.0  2.2 ./cli kernel images/4096x40   1 179068
29.0  2.2 ./cli kernel images/4096x40   1 179672
29.2  2.2 ./cli kernel images/4096x40   0 180608
29.2  2.2 ./cli kernel images/4096x40   1 180668
29.4  2.2 ./cli kernel images/4096x40   0 182200
  PID User     Command                         Swap      USS      PSS      RSS 
88441 codespace /usr/bin/python3 /usr/bin/s        0    12088    12315    14532 
87106 codespace ./cli kernel images/4096x40        0   178120   178165   179372 
87110 codespace ./cli kernel images/4096x40        0   178724   178773   180032 
87108 codespace ./cli kernel images/4096x40        0   179780   179827   181052 
87114 codespace ./cli kernel images/4096x40        0   179960   180009   181268 
87112 codespace ./cli kernel images/4096x40        0   181400   181449   182692 
%CPU %MEM ARGS Sun Oct  4 20:31:41 UTC 2026
 0.0  0.0 grep --color=auto ./cli       1  2192
29.0  2.2 ./cli kernel images/4096x40   0 180312
29.0  2.2 ./cli kernel images/4096x40   0 180928
29.2  2.2 ./cli kernel images/4096x40   1 181944
29.2  2.2 ./cli kernel images/4096x40   1 181844
29.4  2.2 ./cli kernel images/4096x40   1 183420
  PID User     Command                         Swap      USS      PSS      RSS 
88446 codespace /usr/bin/python3 /usr/bin/s        0    12084    12314    14532 
87106 codespace ./cli kernel images/4096x40        0   179708   179753   180960 
87110 codespace ./cli kernel images/4096x40        0   180344   180393   181652 
87108 codespace ./cli kernel images/4096x40        0   181028   181075   182300 
87114 codespace ./cli kernel images/4096x40        0   181220   181268   182528 
87112 codespace ./cli kernel images/4096x40        0   182672   182720   183964 
%CPU %MEM ARGS Sun Oct  4 20:31:42 UTC 2026
 0.0  0.0 grep --color=auto ./cli       0  2184
29.0  2.2 ./cli kernel images/4096x40   1 181692
29.0  2.2 ./cli kernel images/4096x40   0 182272
29.1  2.2 ./cli kernel images/4096x40   0 182972
29.2  2.2 ./cli kernel images/4096x40   1 183200
29.4  2.2 ./cli kernel images/4096x40   0 184660
  PID User     Command                         Swap      USS      PSS      RSS 
88458 codespace /usr/bin/python3 /usr/bin/s        0    12080    12304    14564 
87106 codespace ./cli kernel images/4096x40        0   181176   181221   182428 
87110 codespace ./cli kernel images/4096x40        0   181500   181549   182808 
87108 codespace ./cli kernel images/4096x40        0   182192   182237   183464 
87114 codespace ./cli kernel images/4096x40        0   182908   182957   184216 
87112 codespace ./cli kernel images/4096x40        0   183960   184009   185252 
%CPU %MEM ARGS Sun Oct  4 20:31:43 UTC 2026
 0.0  0.0 grep --color=auto ./cli       1  2168
28.9  2.2 ./cli kernel images/4096x40   0 183580
29.0  2.2 ./cli kernel images/4096x40   1 183596
29.1  2.2 ./cli kernel images/4096x40   0 184300
29.2  2.2 ./cli kernel images/4096x40   1 185104
29.4  2.2 ./cli kernel images/4096x40   0 185984
  PID User     Command                         Swap      USS      PSS      RSS 
88482 codespace /usr/bin/python3 /usr/bin/s        0    12116    12346    14560 
87110 codespace ./cli kernel images/4096x40        0   182784   182833   184092 
87106 codespace ./cli kernel images/4096x40        0   182812   182857   184064 
87108 codespace ./cli kernel images/4096x40        0   183476   183523   184748 
87114 codespace ./cli kernel images/4096x40        0   184432   184481   185740 
87112 codespace ./cli kernel images/4096x40        0   185268   185317   186560 
%CPU %MEM ARGS Sun Oct  4 20:31:44 UTC 2026
 0.0  0.0 grep --color=auto ./cli       1  2192
29.0  2.2 ./cli kernel images/4096x40   0 185048
29.0  2.2 ./cli kernel images/4096x40   1 185056
29.1  2.2 ./cli kernel images/4096x40   1 185564
29.2  2.2 ./cli kernel images/4096x40   0 186612
29.4  2.3 ./cli kernel images/4096x40   1 187356
  PID User     Command                         Swap      USS      PSS      RSS 
88487 codespace /usr/bin/python3 /usr/bin/s        0    12072    12299    14536 
87106 codespace ./cli kernel images/4096x40        0   184208   184253   185460 
87110 codespace ./cli kernel images/4096x40        0   184568   184617   185876 
87108 codespace ./cli kernel images/4096x40        0   184748   184795   186020 
87114 codespace ./cli kernel images/4096x40        0   186212   186261   187520 
87112 codespace ./cli kernel images/4096x40        0   186620   186669   187912 
%CPU %MEM ARGS Sun Oct  4 20:31:44 UTC 2026
 0.0  0.0 grep --color=auto ./cli       1  2176
29.0  2.2 ./cli kernel images/4096x40   1 186356
29.0  2.2 ./cli kernel images/4096x40   0 186832
29.1  2.2 ./cli kernel images/4096x40   1 186860
29.3  2.3 ./cli kernel images/4096x40   0 188384
29.4  2.3 ./cli kernel images/4096x40   1 188656
  PID User     Command                         Swap      USS      PSS      RSS 
88493 codespace /usr/bin/python3 /usr/bin/s        0    12068    12284    14484 
87106 codespace ./cli kernel images/4096x40        0   185508   185553   186760 
87108 codespace ./cli kernel images/4096x40        0   186016   186062   187288 
87110 codespace ./cli kernel images/4096x40        0   186152   186201   187460 
87114 codespace ./cli kernel images/4096x40        0   187792   187841   189100 
87112 codespace ./cli kernel images/4096x40        0   187912   187956   189204 
%CPU %MEM ARGS Sun Oct  4 20:31:45 UTC 2026
 0.0  0.0 grep --color=auto ./cli       0  2156
29.0  2.3 ./cli kernel images/4096x40   1 187836
29.1  2.3 ./cli kernel images/4096x40   0 188260
29.1  2.3 ./cli kernel images/4096x40   0 188124
29.3  2.3 ./cli kernel images/4096x40   0 189816
29.4  2.3 ./cli kernel images/4096x40   1 190152
  PID User     Command                         Swap      USS      PSS      RSS 
88505 codespace /usr/bin/python3 /usr/bin/s        0    12080    12308    14556 
87106 codespace ./cli kernel images/4096x40        0   187056   187101   188308 
87108 codespace ./cli kernel images/4096x40        0   187292   187339   188564 
87110 codespace ./cli kernel images/4096x40        0   187444   187493   188752 
87114 codespace ./cli kernel images/4096x40        0   189136   189185   190444 
87112 codespace ./cli kernel images/4096x40        0   189480   189529   190772 
%CPU %MEM ARGS Sun Oct  4 20:31:45 UTC 2026
 0.0  0.0 grep --color=auto ./cli       0  2288
29.0  2.3 ./cli kernel images/4096x40   0 189132
29.0  2.3 ./cli kernel images/4096x40   0 189316
29.1  2.3 ./cli kernel images/4096x40   1 189664
29.3  2.3 ./cli kernel images/4096x40   0 191084
29.4  2.3 ./cli kernel images/4096x40   1 191636
  PID User     Command                         Swap      USS      PSS      RSS 
88510 codespace /usr/bin/python3 /usr/bin/s        0    12080    12300    14560 
87106 codespace ./cli kernel images/4096x40        0   188304   188349   189556 
87108 codespace ./cli kernel images/4096x40        0   188512   188559   189784 
87110 codespace ./cli kernel images/4096x40        0   189244   189293   190552 
87114 codespace ./cli kernel images/4096x40        0   190364   190413   191672 
87112 codespace ./cli kernel images/4096x40        0   191276   191325   192568 
%CPU %MEM ARGS Sun Oct  4 20:31:46 UTC 2026
 0.0  0.0 grep --color=auto ./cli       1  2212
29.0  2.3 ./cli kernel images/4096x40   0 190452
29.0  2.3 ./cli kernel images/4096x40   0 190540
29.1  2.3 ./cli kernel images/4096x40   0 191196
29.3  2.3 ./cli kernel images/4096x40   1 192356
29.4  2.3 ./cli kernel images/4096x40   1 193196
  PID User     Command                         Swap      USS      PSS      RSS 
88522 codespace /usr/bin/python3 /usr/bin/s        0    12096    12327    14604 
87106 codespace ./cli kernel images/4096x40        0   189504   189549   190756 
87108 codespace ./cli kernel images/4096x40        0   189688   189735   190960 
87110 codespace ./cli kernel images/4096x40        0   190492   190541   191800 
87114 codespace ./cli kernel images/4096x40        0   191544   191593   192852 
87112 codespace ./cli kernel images/4096x40        0   192376   192425   193668 
%CPU %MEM ARGS Sun Oct  4 20:31:47 UTC 2026
 0.0  0.0 grep --color=auto ./cli       1  2208
29.0  2.3 ./cli kernel images/4096x40   0 191792
29.0  2.3 ./cli kernel images/4096x40   0 191700
29.1  2.3 ./cli kernel images/4096x40   1 192544
29.3  2.3 ./cli kernel images/4096x40   0 193576
29.4  2.3 ./cli kernel images/4096x40   1 194420
  PID User     Command                         Swap      USS      PSS      RSS 
88528 codespace /usr/bin/python3 /usr/bin/s        0    12056    12317    14640 
87106 codespace ./cli kernel images/4096x40        0   190780   190820   192032 
87108 codespace ./cli kernel images/4096x40        0   190928   190975   192200 
87110 codespace ./cli kernel images/4096x40        0   191760   191809   193068 
87114 codespace ./cli kernel images/4096x40        0   192800   192849   194108 
87112 codespace ./cli kernel images/4096x40        0   193708   193756   195000 
%CPU %MEM ARGS Sun Oct  4 20:31:47 UTC 2026
 0.0  0.0 grep --color=auto ./cli       0  2204
29.0  2.3 ./cli kernel images/4096x40   0 192828
29.0  2.3 ./cli kernel images/4096x40   0 192928
29.1  2.3 ./cli kernel images/4096x40   1 194140
29.2  2.3 ./cli kernel images/4096x40   0 194700
29.4  2.4 ./cli kernel images/4096x40   0 195616
  PID User     Command                         Swap      USS      PSS      RSS 
88544 codespace /usr/bin/python3 /usr/bin/s        0    12084    12302    14564 
87106 codespace ./cli kernel images/4096x40        0   191940   191984   193192 
87108 codespace ./cli kernel images/4096x40        0   192036   192083   193308 
87110 codespace ./cli kernel images/4096x40        0   193412   193461   194720 
87114 codespace ./cli kernel images/4096x40        0   193844   193892   195152 
87112 codespace ./cli kernel images/4096x40        0   194760   194809   196052 
%CPU %MEM ARGS Sun Oct  4 20:31:48 UTC 2026
 0.0  0.0 grep --color=auto ./cli       1  2164
28.9  2.3 ./cli kernel images/4096x40   0 193832
28.9  2.3 ./cli kernel images/4096x40   0 193928
29.2  2.4 ./cli kernel images/4096x40   0 195700
29.2  2.4 ./cli kernel images/4096x40   1 196144
29.3  2.4 ./cli kernel images/4096x40   0 196616
  PID User     Command                         Swap      USS      PSS      RSS 
88557 codespace /usr/bin/python3 /usr/bin/s        0    12080    12304    14544 
87106 codespace ./cli kernel images/4096x40        0   192984   193029   194236 
87108 codespace ./cli kernel images/4096x40        0   193104   193151   194376 
87114 codespace ./cli kernel images/4096x40        0   194944   194993   196252 
87110 codespace ./cli kernel images/4096x40        0   195760   195809   197068 
87112 codespace ./cli kernel images/4096x40        0   195988   196037   197280 
%CPU %MEM ARGS Sun Oct  4 20:31:49 UTC 2026
 0.0  0.0 grep --color=auto ./cli       1  2276
28.9  2.3 ./cli kernel images/4096x40   0 194944
28.9  2.3 ./cli kernel images/4096x40   0 195168
29.2  2.4 ./cli kernel images/4096x40   0 196828
29.3  2.4 ./cli kernel images/4096x40   0 197880
29.3  2.4 ./cli kernel images/4096x40   1 198644
  PID User     Command                         Swap      USS      PSS      RSS 
88563 codespace /usr/bin/python3 /usr/bin/s        0    12080    12297    14492 
87106 codespace ./cli kernel images/4096x40        0   194020   194065   195272 
87108 codespace ./cli kernel images/4096x40        0   194212   194259   195484 
87114 codespace ./cli kernel images/4096x40        0   195968   196017   197276 
87112 codespace ./cli kernel images/4096x40        0   198580   198632   199936 
87110 codespace ./cli kernel images/4096x40        0   200412   200461   201720 
%CPU %MEM ARGS Sun Oct  4 20:31:49 UTC 2026
 0.0  0.0 grep --color=auto ./cli       0  2208
28.9  2.4 ./cli kernel images/4096x40   0 195992
28.9  2.4 ./cli kernel images/4096x40   0 196176
29.2  2.4 ./cli kernel images/4096x40   1 197976
29.3  2.5 ./cli kernel images/4096x40   0 203500
29.4  2.5 ./cli kernel images/4096x40   1 208472
  PID User     Command                         Swap      USS      PSS      RSS 
88568 codespace /usr/bin/python3 /usr/bin/s        0    12080    12304    14528 
87106 codespace ./cli kernel images/4096x40        0   195168   195208   196420 
87108 codespace ./cli kernel images/4096x40        0   195356   195403   196628 
87114 codespace ./cli kernel images/4096x40        0   201756   201805   203064 
87112 codespace ./cli kernel images/4096x40        0   205444   205496   206800 
87110 codespace ./cli kernel images/4096x40        0   211652   211701   212960 
%CPU %MEM ARGS Sun Oct  4 20:31:50 UTC 2026
 0.0  0.0 grep --color=auto ./cli       0  2220
28.9  2.4 ./cli kernel images/4096x40   0 197364
28.9  2.4 ./cli kernel images/4096x40   0 197536
29.2  2.5 ./cli kernel images/4096x40   1 207400
29.3  2.6 ./cli kernel images/4096x40   1 211616
29.4  2.6 ./cli kernel images/4096x40   0 217524
  PID User     Command                         Swap      USS      PSS      RSS 
88580 codespace /usr/bin/python3 /usr/bin/s        0    12076    12299    14560 
87106 codespace ./cli kernel images/4096x40        0   196564   196609   197816 
87108 codespace ./cli kernel images/4096x40        0   197036   197083   198308 
87114 codespace ./cli kernel images/4096x40        0   210648   210697   211956 
87112 codespace ./cli kernel images/4096x40        0   214556   214607   215912 
87110 codespace ./cli kernel images/4096x40        0   219576   219625   220884 
%CPU %MEM ARGS Sun Oct  4 20:31:51 UTC 2026
 0.0  0.0 grep --color=auto ./cli       1  2164
28.9  2.4 ./cli kernel images/4096x40   0 202148
28.9  2.4 ./cli kernel images/4096x40   0 202764
29.2  2.6 ./cli kernel images/4096x40   1 216432
29.3  2.7 ./cli kernel images/4096x40   1 220708
29.4  2.7 ./cli kernel images/4096x40   0 225216
  PID User     Command                         Swap      USS      PSS      RSS 
88585 codespace /usr/bin/python3 /usr/bin/s        0    12072    12295    14484 
87106 codespace ./cli kernel images/4096x40        0   203160   203205   204412 
87108 codespace ./cli kernel images/4096x40        0   203984   204031   205256 
87114 codespace ./cli kernel images/4096x40        0   220280   220329   221588 
87112 codespace ./cli kernel images/4096x40        0   224140   224192   225496 
87110 codespace ./cli kernel images/4096x40        0   226780   226829   228088 
%CPU %MEM ARGS Sun Oct  4 20:31:51 UTC 2026
 0.0  0.0 grep --color=auto ./cli       0  2196
28.9  2.5 ./cli kernel images/4096x40   0 210148
28.9  2.5 ./cli kernel images/4096x40   0 210164
29.3  2.7 ./cli kernel images/4096x40   1 225924
29.4  2.8 ./cli kernel images/4096x40   1 230152
29.4  2.8 ./cli kernel images/4096x40   0 233272
  PID User     Command                         Swap      USS      PSS      RSS 
88591 codespace /usr/bin/python3 /usr/bin/s        0    12096    12329    14636 
87106 codespace ./cli kernel images/4096x40        0   211208   211253   212460 
87108 codespace ./cli kernel images/4096x40        0   211324   211371   212596 
87114 codespace ./cli kernel images/4096x40        0   228052   228101   229360 
87112 codespace ./cli kernel images/4096x40        0   231340   231392   232696 
87110 codespace ./cli kernel images/4096x40        0   234656   234705   235964 
%CPU %MEM ARGS Sun Oct  4 20:31:52 UTC 2026
 0.0  0.0 grep --color=auto ./cli       1  2156
28.9  2.6 ./cli kernel images/4096x40   0 216476
28.9  2.6 ./cli kernel images/4096x40   0 216380
29.3  2.8 ./cli kernel images/4096x40   1 234360
29.4  2.9 ./cli kernel images/4096x40   1 236972
29.4  2.9 ./cli kernel images/4096x40   1 239480
  PID User     Command                         Swap      USS      PSS      RSS 
88597 codespace /usr/bin/python3 /usr/bin/s        0    12112    12352    14604 
87106 codespace ./cli kernel images/4096x40        0   217816   217859   219068 
87108 codespace ./cli kernel images/4096x40        0   218076   218117   219348 
87114 codespace ./cli kernel images/4096x40        0   235804   235853   237112 
87112 codespace ./cli kernel images/4096x40        0   239372   239424   240728 
87110 codespace ./cli kernel images/4096x40        0   240380   240427   241688 
%CPU %MEM ARGS Sun Oct  4 20:31:52 UTC 2026
 0.0  0.0 grep --color=auto ./cli       0  2288
28.8  2.7 ./cli kernel images/4096x40   0 223352
29.0  2.8 ./cli kernel images/4096x40   1 228092
29.2  2.9 ./cli kernel images/4096x40   0 240172
29.3  3.0 ./cli kernel images/4096x40   0 245360
29.3  3.0 ./cli kernel images/4096x40   0 244072
  PID User     Command                         Swap      USS      PSS      RSS 
88614 codespace /usr/bin/python3 /usr/bin/s        0    12084    12284    14532 
87108 codespace ./cli kernel images/4096x40        0   225620   225665   226892 
87106 codespace ./cli kernel images/4096x40        0   229540   229585   230792 
87114 codespace ./cli kernel images/4096x40        0   242596   242643   243904 
87110 codespace ./cli kernel images/4096x40        0   247372   247421   248680 
87112 codespace ./cli kernel images/4096x40        0   247580   247632   248936 
%CPU %MEM ARGS Sun Oct  4 20:31:53 UTC 2026
 0.0  0.0 grep --color=auto ./cli       1  2168
28.8  2.8 ./cli kernel images/4096x40   0 233740
29.0  2.9 ./cli kernel images/4096x40   1 237132
29.2  3.0 ./cli kernel images/4096x40   1 248876
29.3  3.1 ./cli kernel images/4096x40   0 253664
29.3  3.1 ./cli kernel images/4096x40   0 253248
  PID User     Command                         Swap      USS      PSS      RSS 
88637 codespace /usr/bin/python3 /usr/bin/s        0    12100    12333    14636 
87108 codespace ./cli kernel images/4096x40        0   235176   235223   236448 
87106 codespace ./cli kernel images/4096x40        0   238224   238269   239476 
87114 codespace ./cli kernel images/4096x40        0   251228   251277   252536 
87112 codespace ./cli kernel images/4096x40        0   255352   255404   256708 
87110 codespace ./cli kernel images/4096x40        0   255480   255529   256788 
%CPU %MEM ARGS Sun Oct  4 20:31:54 UTC 2026
 0.0  0.0 grep --color=auto ./cli       0  2168
28.9  2.9 ./cli kernel images/4096x40   0 241980
29.0  3.0 ./cli kernel images/4096x40   1 244700
29.2  3.1 ./cli kernel images/4096x40   1 256520
29.3  3.2 ./cli kernel images/4096x40   1 260692
29.3  3.2 ./cli kernel images/4096x40   0 262072
  PID User     Command                         Swap      USS      PSS      RSS 
88643 codespace /usr/bin/python3 /usr/bin/s        0    12096    12325    14604 
87108 codespace ./cli kernel images/4096x40        0   243284   243331   244556 
87106 codespace ./cli kernel images/4096x40        0   245752   245797   247004 
87114 codespace ./cli kernel images/4096x40        0   259076   259125   260384 
87112 codespace ./cli kernel images/4096x40        0   262892   262944   264248 
87110 codespace ./cli kernel images/4096x40        0   263616   263665   264924 
%CPU %MEM ARGS Sun Oct  4 20:31:54 UTC 2026
 0.0  0.0 grep --color=auto ./cli       0  2288
28.9  3.0 ./cli kernel images/4096x40   1 249172
29.0  3.0 ./cli kernel images/4096x40   1 252072
29.2  3.2 ./cli kernel images/4096x40   0 264436
29.3  3.3 ./cli kernel images/4096x40   1 268992
29.3  3.3 ./cli kernel images/4096x40   0 268676
  PID User     Command                         Swap      USS      PSS      RSS 
88648 codespace /usr/bin/python3 /usr/bin/s        0    12072    12287    14488 
87108 codespace ./cli kernel images/4096x40        0   250856   250903   252128 
87106 codespace ./cli kernel images/4096x40        0   253148   253188   254400 
87114 codespace ./cli kernel images/4096x40        0   266852   266901   268160 
87112 codespace ./cli kernel images/4096x40        0   270676   270728   272032 
87110 codespace ./cli kernel images/4096x40        0   271104   271153   272412 
%CPU %MEM ARGS Sun Oct  4 20:31:55 UTC 2026
 0.0  0.0 grep --color=auto ./cli       1  2308
28.9  3.1 ./cli kernel images/4096x40   0 257000
28.9  3.1 ./cli kernel images/4096x40   1 259992
29.2  3.3 ./cli kernel images/4096x40   0 272732
29.3  3.4 ./cli kernel images/4096x40   0 276836
29.3  3.4 ./cli kernel images/4096x40   0 276864
  PID User     Command                         Swap      USS      PSS      RSS 
88660 codespace /usr/bin/python3 /usr/bin/s        0    12080    12301    14560 
87108 codespace ./cli kernel images/4096x40        0   257188   257235   258460 
87106 codespace ./cli kernel images/4096x40        0   261156   261201   262408 
87114 codespace ./cli kernel images/4096x40        0   273656   273705   274964 
87110 codespace ./cli kernel images/4096x40        0   277400   277449   278708 
87112 codespace ./cli kernel images/4096x40        0   277660   277711   279016 
%CPU %MEM ARGS Sun Oct  4 20:31:56 UTC 2026
 0.0  0.0 grep --color=auto ./cli       1  2168
28.9  3.2 ./cli kernel images/4096x40   1 263164
29.0  3.2 ./cli kernel images/4096x40   0 266920
29.2  3.4 ./cli kernel images/4096x40   0 278428
29.3  3.4 ./cli kernel images/4096x40   0 282624
29.3  3.5 ./cli kernel images/4096x40   1 285844
  PID User     Command                         Swap      USS      PSS      RSS 
88665 codespace /usr/bin/python3 /usr/bin/s        0    12096    12326    14604 
87108 codespace ./cli kernel images/4096x40        0   264492   264539   265764 
87106 codespace ./cli kernel images/4096x40        0   268328   268373   269580 
87114 codespace ./cli kernel images/4096x40        0   280596   280645   281904 
87112 codespace ./cli kernel images/4096x40        0   284980   285032   286336 
87110 codespace ./cli kernel images/4096x40        0   287552   287601   288860 
%CPU %MEM ARGS Sun Oct  4 20:31:56 UTC 2026
 0.0  0.0 grep --color=auto ./cli       1  2180
28.9  3.3 ./cli kernel images/4096x40   1 271208
29.0  3.3 ./cli kernel images/4096x40   0 275100
29.2  3.5 ./cli kernel images/4096x40   1 286408
29.3  3.5 ./cli kernel images/4096x40   0 290932
29.4  3.6 ./cli kernel images/4096x40   0 293436
  PID User     Command                         Swap      USS      PSS      RSS 
88671 codespace /usr/bin/python3 /usr/bin/s        0    12080    12281    14512 
87108 codespace ./cli kernel images/4096x40        0   272944   272991   274216 
87106 codespace ./cli kernel images/4096x40        0   276652   276697   277904 
87114 codespace ./cli kernel images/4096x40        0   289176   289225   290484 
87112 codespace ./cli kernel images/4096x40        0   292952   293003   294308 
87110 codespace ./cli kernel images/4096x40        0   296328   296377   297636 
%CPU %MEM ARGS Sun Oct  4 20:31:57 UTC 2026
 0.0  0.0 grep --color=auto ./cli       0  2200
28.9  3.4 ./cli kernel images/4096x40   0 278852
29.0  3.4 ./cli kernel images/4096x40   0 284544
29.2  3.6 ./cli kernel images/4096x40   1 294552
29.3  3.6 ./cli kernel images/4096x40   0 298100
29.4  3.7 ./cli kernel images/4096x40   0 302812
  PID User     Command                         Swap      USS      PSS      RSS 
88677 codespace /usr/bin/python3 /usr/bin/s        0    12072    12273    14604 
87108 codespace ./cli kernel images/4096x40        0   279292   279339   280564 
87106 codespace ./cli kernel images/4096x40        0   284792   284837   286044 
87114 codespace ./cli kernel images/4096x40        0   297176   297220   298484 
87112 codespace ./cli kernel images/4096x40        0   298800   298851   300156 
87110 codespace ./cli kernel images/4096x40        0   303336   303385   304644 
%CPU %MEM ARGS Sun Oct  4 20:31:58 UTC 2026
 0.0  0.0 grep --color=auto ./cli       0  2208
28.8  3.4 ./cli kernel images/4096x40   0 283616
29.0  3.5 ./cli kernel images/4096x40   0 289352
29.2  3.7 ./cli kernel images/4096x40   0 302848
29.3  3.7 ./cli kernel images/4096x40   1 303608
29.3  3.7 ./cli kernel images/4096x40   0 307604
  PID User     Command                         Swap      USS      PSS      RSS 
88694 codespace /usr/bin/python3 /usr/bin/s        0    12068    12283    14484 
87108 codespace ./cli kernel images/4096x40        0   285404   285451   286676 
87106 codespace ./cli kernel images/4096x40        0   289788   289833   291040 
87112 codespace ./cli kernel images/4096x40        0   304360   304411   305716 
87114 codespace ./cli kernel images/4096x40        0   306196   306245   307504 
87110 codespace ./cli kernel images/4096x40        0   309984   310033   311292 
%CPU %MEM ARGS Sun Oct  4 20:31:58 UTC 2026
 0.0  0.0 grep --color=auto ./cli       0  2204
28.9  3.6 ./cli kernel images/4096x40   1 294836
28.9  3.6 ./cli kernel images/4096x40   0 296556
29.2  3.8 ./cli kernel images/4096x40   1 310148
29.3  3.8 ./cli kernel images/4096x40   0 312664
29.3  3.8 ./cli kernel images/4096x40   1 316072
  PID User     Command                         Swap      USS      PSS      RSS 
88700 codespace /usr/bin/python3 /usr/bin/s        0    12096    12327    14608 
87108 codespace ./cli kernel images/4096x40        0   295896   295943   297168 
87106 codespace ./cli kernel images/4096x40        0   297692   297737   298944 
87112 codespace ./cli kernel images/4096x40        0   311708   311760   313064 
87114 codespace ./cli kernel images/4096x40        0   314148   314197   315456 
87110 codespace ./cli kernel images/4096x40        0   317308   317357   318616 
%CPU %MEM ARGS Sun Oct  4 20:31:59 UTC 2026
 0.0  0.0 grep --color=auto ./cli       1  2340
28.9  3.7 ./cli kernel images/4096x40   1 301272
29.0  3.7 ./cli kernel images/4096x40   0 306240
29.2  3.9 ./cli kernel images/4096x40   0 317564
29.3  3.9 ./cli kernel images/4096x40   1 318776
29.3  3.9 ./cli kernel images/4096x40   1 322508
  PID User     Command                         Swap      USS      PSS      RSS 
88706 codespace /usr/bin/python3 /usr/bin/s        0    12080    12306    14564 
87108 codespace ./cli kernel images/4096x40        0   302804   302851   304076 
87106 codespace ./cli kernel images/4096x40        0   308380   308425   309632 
87112 codespace ./cli kernel images/4096x40        0   321408   321459   322764 
87114 codespace ./cli kernel images/4096x40        0   321508   321557   322816 
87110 codespace ./cli kernel images/4096x40        0   324424   324473   325732 
%CPU %MEM ARGS Sun Oct  4 20:31:59 UTC 2026
 0.0  0.0 grep --color=auto ./cli       1  2300
28.9  3.7 ./cli kernel images/4096x40   1 308948
29.0  3.8 ./cli kernel images/4096x40   1 315300
29.3  4.0 ./cli kernel images/4096x40   0 327948
29.3  4.0 ./cli kernel images/4096x40   1 330152
29.3  4.0 ./cli kernel images/4096x40   0 327608
  PID User     Command                         Swap      USS      PSS      RSS 
88711 codespace /usr/bin/python3 /usr/bin/s        0    12072    12300    14536 
87108 codespace ./cli kernel images/4096x40        0   312076   312123   313348 
87106 codespace ./cli kernel images/4096x40        0   317740   317780   318992 
87112 codespace ./cli kernel images/4096x40        0   330732   330784   332088 
87114 codespace ./cli kernel images/4096x40        0   330820   330869   332128 
87110 codespace ./cli kernel images/4096x40        0   332232   332281   333540 
%CPU %MEM ARGS Sun Oct  4 20:32:00 UTC 2026
 0.0  0.0 grep --color=auto ./cli       0  2248
28.9  3.9 ./cli kernel images/4096x40   0 319468
29.1  4.0 ./cli kernel images/4096x40   0 325576
29.3  4.1 ./cli kernel images/4096x40   0 338268
29.3  4.1 ./cli kernel images/4096x40   1 336976
29.3  4.1 ./cli kernel images/4096x40   0 336112
  PID User     Command                         Swap      USS      PSS      RSS 
88723 codespace /usr/bin/python3 /usr/bin/s        0    12076    12303    14560 
87108 codespace ./cli kernel images/4096x40        0   320100   320147   321372 
87106 codespace ./cli kernel images/4096x40        0   325872   325917   327124 
87114 codespace ./cli kernel images/4096x40        0   338040   338089   339348 
87112 codespace ./cli kernel images/4096x40        0   338896   338947   340252 
87110 codespace ./cli kernel images/4096x40        0   339652   339701   340960 
%CPU %MEM ARGS Sun Oct  4 20:32:01 UTC 2026
 0.0  0.0 grep --color=auto ./cli       0  2204
28.9  4.0 ./cli kernel images/4096x40   1 325732
29.0  4.0 ./cli kernel images/4096x40   0 333152
29.2  4.2 ./cli kernel images/4096x40   1 343016
29.3  4.2 ./cli kernel images/4096x40   1 344276
29.3  4.2 ./cli kernel images/4096x40   0 346676
  PID User     Command                         Swap      USS      PSS      RSS 
88729 codespace /usr/bin/python3 /usr/bin/s        0    12084    12308    14528 
87108 codespace ./cli kernel images/4096x40        0   326800   326847   328072 
87106 codespace ./cli kernel images/4096x40        0   334604   334649   335856 
87114 codespace ./cli kernel images/4096x40        0   345468   345517   346776 
87112 codespace ./cli kernel images/4096x40        0   346300   346352   347656 
87110 codespace ./cli kernel images/4096x40        0   348344   348393   349652 
%CPU %MEM ARGS Sun Oct  4 20:32:02 UTC 2026
 0.0  0.0 grep --color=auto ./cli       0  2204
28.9  4.1 ./cli kernel images/4096x40   1 334036
29.1  4.2 ./cli kernel images/4096x40   0 342032
29.3  4.3 ./cli kernel images/4096x40   1 351364
29.3  4.3 ./cli kernel images/4096x40   0 352312
29.3  4.3 ./cli kernel images/4096x40   0 354772
  PID User     Command                         Swap      USS      PSS      RSS 
88734 codespace /usr/bin/python3 /usr/bin/s        0    12088    12315    14532 
87108 codespace ./cli kernel images/4096x40        0   337580   337627   338852 
87106 codespace ./cli kernel images/4096x40        0   343124   343169   344376 
87112 codespace ./cli kernel images/4096x40        0   354684   354736   356040 
87114 codespace ./cli kernel images/4096x40        0   356292   356341   357600 
87110 codespace ./cli kernel images/4096x40        0   357000   357049   358308 
%CPU %MEM ARGS Sun Oct  4 20:32:02 UTC 2026
 0.0  0.0 grep --color=auto ./cli       1  2296
28.9  4.2 ./cli kernel images/4096x40   0 343020
29.0  4.2 ./cli kernel images/4096x40   0 348872
29.2  4.4 ./cli kernel images/4096x40   0 359632
29.3  4.4 ./cli kernel images/4096x40   0 360680
29.3  4.4 ./cli kernel images/4096x40   1 363668
  PID User     Command                         Swap      USS      PSS      RSS 
88746 codespace /usr/bin/python3 /usr/bin/s        0    12088    12315    14532 
87108 codespace ./cli kernel images/4096x40        0   343996   344043   345268 
87106 codespace ./cli kernel images/4096x40        0   349404   349449   350656 
87112 codespace ./cli kernel images/4096x40        0   362240   362292   363596 
87114 codespace ./cli kernel images/4096x40        0   365048   365097   366356 
87110 codespace ./cli kernel images/4096x40        0   365604   365653   366912 
%CPU %MEM ARGS Sun Oct  4 20:32:03 UTC 2026
 0.0  0.0 grep --color=auto ./cli       1  2248
28.9  4.3 ./cli kernel images/4096x40   1 352172
29.0  4.4 ./cli kernel images/4096x40   1 357996
29.2  4.5 ./cli kernel images/4096x40   0 367660
29.3  4.5 ./cli kernel images/4096x40   1 371476
29.3  4.5 ./cli kernel images/4096x40   0 369872
  PID User     Command                         Swap      USS      PSS      RSS 
88752 codespace /usr/bin/python3 /usr/bin/s        0    12092    12331    14584 
87108 codespace ./cli kernel images/4096x40        0   354268   354315   355540 
87106 codespace ./cli kernel images/4096x40        0   359516   359561   360768 
87112 codespace ./cli kernel images/4096x40        0   370776   370828   372132 
87114 codespace ./cli kernel images/4096x40        0   373284   373333   374592 
87110 codespace ./cli kernel images/4096x40        0   373876   373925   375184 
%CPU %MEM ARGS Sun Oct  4 20:32:04 UTC 2026
 0.0  0.0 grep --color=auto ./cli       1  2196
28.8  4.4 ./cli kernel images/4096x40   0 360376
29.0  4.5 ./cli kernel images/4096x40   1 366760
29.2  4.6 ./cli kernel images/4096x40   0 379932
29.2  4.6 ./cli kernel images/4096x40   1 379208
29.2  4.6 ./cli kernel images/4096x40   0 378476
  PID User     Command                         Swap      USS      PSS      RSS 
88782 codespace /usr/bin/python3 /usr/bin/s        0    12080    12296    14496 
87108 codespace ./cli kernel images/4096x40        0   362152   362199   363424 
87106 codespace ./cli kernel images/4096x40        0   367864   367909   369116 
87114 codespace ./cli kernel images/4096x40        0   381536   381585   382844 
87112 codespace ./cli kernel images/4096x40        0   381672   381724   383028 
87110 codespace ./cli kernel images/4096x40        0   382212   382261   383520 
%CPU %MEM ARGS Sun Oct  4 20:32:05 UTC 2026
 0.0  0.0 grep --color=auto ./cli       0  2124
28.8  4.5 ./cli kernel images/4096x40   0 368772
29.0  4.6 ./cli kernel images/4096x40   1 376104
29.2  4.7 ./cli kernel images/4096x40   0 388348
29.2  4.7 ./cli kernel images/4096x40   0 386768
29.3  4.7 ./cli kernel images/4096x40   1 388572
  PID User     Command                         Swap      USS      PSS      RSS 
88787 codespace /usr/bin/python3 /usr/bin/s        0    12080    12301    14560 
87108 codespace ./cli kernel images/4096x40        0   370688   370735   371960 
87106 codespace ./cli kernel images/4096x40        0   379484   379529   380736 
87114 codespace ./cli kernel images/4096x40        0   390068   390117   391376 
87110 codespace ./cli kernel images/4096x40        0   390668   390717   391976 
87112 codespace ./cli kernel images/4096x40        0   393320   393371   394676 
%CPU %MEM ARGS Sun Oct  4 20:32:05 UTC 2026
 0.0  0.0 grep --color=auto ./cli       1  2160
28.8  4.6 ./cli kernel images/4096x40   0 376560
29.0  4.7 ./cli kernel images/4096x40   1 386316
29.2  4.8 ./cli kernel images/4096x40   1 394628
29.2  4.8 ./cli kernel images/4096x40   0 394632
29.2  4.8 ./cli kernel images/4096x40   1 394676
  PID User     Command                         Swap      USS      PSS      RSS 
88799 codespace /usr/bin/python3 /usr/bin/s        0    12092    12319    14536 
87108 codespace ./cli kernel images/4096x40        0   378328   378375   379600 
87106 codespace ./cli kernel images/4096x40        0   387812   387857   389064 
87110 codespace ./cli kernel images/4096x40        0   393320   393369   394628 
87112 codespace ./cli kernel images/4096x40        0   393320   393372   394676 
87114 codespace ./cli kernel images/4096x40        0   393324   393373   394632 
%CPU %MEM ARGS Sun Oct  4 20:32:06 UTC 2026
 0.0  0.0 grep --color=auto ./cli       1  2192
28.7  4.7 ./cli kernel images/4096x40   0 383444
29.0  4.8 ./cli kernel images/4096x40   0 394572
29.1  4.8 ./cli kernel images/4096x40   0 394628
29.1  4.8 ./cli kernel images/4096x40   0 394632
29.2  4.8 ./cli kernel images/4096x40   0 394676
  PID User     Command                         Swap      USS      PSS      RSS 
88805 codespace /usr/bin/python3 /usr/bin/s        0    12100    12340    14592 
87108 codespace ./cli kernel images/4096x40        0   383312   383359   384584 
87106 codespace ./cli kernel images/4096x40        0   393320   393365   394572 
87110 codespace ./cli kernel images/4096x40        0   393320   393369   394628 
87112 codespace ./cli kernel images/4096x40        0   393320   393372   394676 
87114 codespace ./cli kernel images/4096x40        0   393324   393373   394632 
%CPU %MEM ARGS Sun Oct  4 20:32:07 UTC 2026
 0.0  0.0 grep --color=auto ./cli       0  2296
28.7  4.7 ./cli kernel images/4096x40   1 387928
29.0  4.8 ./cli kernel images/4096x40   0 394572
29.1  4.8 ./cli kernel images/4096x40   0 394628
29.1  4.8 ./cli kernel images/4096x40   0 394632
29.1  4.8 ./cli kernel images/4096x40   0 394676
  PID User     Command                         Swap      USS      PSS      RSS 
88810 codespace /usr/bin/python3 /usr/bin/s        0    12084    12297    14532 
87108 codespace ./cli kernel images/4096x40        0   388340   388387   389612 
87106 codespace ./cli kernel images/4096x40        0   393320   393365   394572 
87110 codespace ./cli kernel images/4096x40        0   393320   393369   394628 
87112 codespace ./cli kernel images/4096x40        0   393320   393371   394676 
87114 codespace ./cli kernel images/4096x40        0   393324   393373   394632 
%CPU %MEM ARGS Sun Oct  4 20:32:07 UTC 2026
 0.0  0.0 grep --color=auto ./cli       0  2200
28.6  4.8 ./cli kernel images/4096x40   0 392832
28.9  4.8 ./cli kernel images/4096x40   0 394572
29.0  4.8 ./cli kernel images/4096x40   1 394628
29.0  4.8 ./cli kernel images/4096x40   1 394632
29.1  4.8 ./cli kernel images/4096x40   1 394676
  PID User     Command                         Swap      USS      PSS      RSS 
88817 codespace /usr/bin/python3 /usr/bin/s        0    12076    12298    14488 
87106 codespace ./cli kernel images/4096x40        0   393320   393365   394572 
87108 codespace ./cli kernel images/4096x40        0   393320   393367   394592 
87110 codespace ./cli kernel images/4096x40        0   393320   393369   394628 
87112 codespace ./cli kernel images/4096x40        0   393320   393372   394676 
87114 codespace ./cli kernel images/4096x40        0   393324   393373   394632 
%CPU %MEM ARGS Sun Oct  4 20:32:08 UTC 2026
 0.0  0.0 grep --color=auto ./cli       0  2212
28.6  4.8 ./cli kernel images/4096x40   0 394592
28.9  4.8 ./cli kernel images/4096x40   1 394572
28.9  4.8 ./cli kernel images/4096x40   0 394628
28.9  4.8 ./cli kernel images/4096x40   0 394632
29.0  4.8 ./cli kernel images/4096x40   0 394676
  PID User     Command                         Swap      USS      PSS      RSS 
88828 codespace /usr/bin/python3 /usr/bin/s        0    12072    12286    14488 
87106 codespace ./cli kernel images/4096x40        0   393320   393365   394572 
87108 codespace ./cli kernel images/4096x40        0   393320   393367   394592 
87110 codespace ./cli kernel images/4096x40        0   393320   393369   394628 
87112 codespace ./cli kernel images/4096x40        0   393320   393372   394676 
87114 codespace ./cli kernel images/4096x40        0   393324   393373   394632 
%CPU %MEM ARGS Sun Oct  4 20:32:09 UTC 2026
 0.0  0.0 grep --color=auto ./cli       0  2160
28.5  4.8 ./cli kernel images/4096x40   1 394592
28.8  4.8 ./cli kernel images/4096x40   0 394572
28.8  4.8 ./cli kernel images/4096x40   0 394628
28.9  4.8 ./cli kernel images/4096x40   0 394632
28.9  4.8 ./cli kernel images/4096x40   0 394676
  PID User     Command                         Swap      USS      PSS      RSS 
88840 codespace /usr/bin/python3 /usr/bin/s        0    12076    12297    14488 
87106 codespace ./cli kernel images/4096x40        0   393320   393365   394572 
87108 codespace ./cli kernel images/4096x40        0   393320   393367   394592 
87110 codespace ./cli kernel images/4096x40        0   393320   393369   394628 
87112 codespace ./cli kernel images/4096x40        0   393320   393372   394676 
87114 codespace ./cli kernel images/4096x40        0   393324   393373   394632 
%CPU %MEM ARGS Sun Oct  4 20:32:10 UTC 2026
 0.0  0.0 grep --color=auto ./cli       0  2156
28.5  4.8 ./cli kernel images/4096x40   1 394592
28.7  4.8 ./cli kernel images/4096x40   0 394572
28.7  4.8 ./cli kernel images/4096x40   0 394628
28.8  4.8 ./cli kernel images/4096x40   0 394632
28.8  4.8 ./cli kernel images/4096x40   1 394676
  PID User     Command                         Swap      USS      PSS      RSS 
88849 codespace /usr/bin/python3 /usr/bin/s        0    12092    12327    14588 
87106 codespace ./cli kernel images/4096x40        0   393320   393365   394572 
87108 codespace ./cli kernel images/4096x40        0   393320   393367   394592 
87110 codespace ./cli kernel images/4096x40        0   393320   393369   394628 
87112 codespace ./cli kernel images/4096x40        0   393320   393372   394676 
87114 codespace ./cli kernel images/4096x40        0   393324   393373   394632 
%CPU %MEM ARGS Sun Oct  4 20:32:11 UTC 2026
 0.0  0.0 grep --color=auto ./cli       0  2176
28.3  4.8 ./cli kernel images/4096x40   0 394592
28.6  4.8 ./cli kernel images/4096x40   1 394572
28.6  4.8 ./cli kernel images/4096x40   0 394628
28.6  4.8 ./cli kernel images/4096x40   0 394632
28.8  4.8 ./cli kernel images/4096x40   1 394676
  PID User     Command                         Swap      USS      PSS      RSS 
88858 codespace /usr/bin/python3 /usr/bin/s        0    12072    12286    14488 
87106 codespace ./cli kernel images/4096x40        0   393320   393365   394572 
87108 codespace ./cli kernel images/4096x40        0   393320   393367   394592 
87110 codespace ./cli kernel images/4096x40        0   393320   393369   394628 
87112 codespace ./cli kernel images/4096x40        0   393320   393371   394676 
87114 codespace ./cli kernel images/4096x40        0   393324   393373   394632 
%CPU %MEM ARGS Sun Oct  4 20:32:12 UTC 2026
 0.0  0.0 grep --color=auto ./cli       1  2176
28.2  4.8 ./cli kernel images/4096x40   1 394592
28.5  4.8 ./cli kernel images/4096x40   0 394572
28.5  4.8 ./cli kernel images/4096x40   0 394632
28.5  4.8 ./cli kernel images/4096x40   1 394628
28.7  4.8 ./cli kernel images/4096x40   1 394676
  PID User     Command                         Swap      USS      PSS      RSS 
88864 codespace /usr/bin/python3 /usr/bin/s        0    12116    12354    14556 
87106 codespace ./cli kernel images/4096x40        0   393320   393366   394572 
87108 codespace ./cli kernel images/4096x40        0   393320   393367   394592 
87110 codespace ./cli kernel images/4096x40        0   393320   393369   394628 
87112 codespace ./cli kernel images/4096x40        0   393320   393372   394676 
87114 codespace ./cli kernel images/4096x40        0   393324   393373   394632 
%CPU %MEM ARGS Sun Oct  4 20:32:13 UTC 2026
 0.0  0.0 grep --color=auto ./cli       1  2200
28.1  4.8 ./cli kernel images/4096x40   0 394592
28.4  4.8 ./cli kernel images/4096x40   1 394572
28.4  4.8 ./cli kernel images/4096x40   1 394628
28.5  4.8 ./cli kernel images/4096x40   0 394632
28.6  4.8 ./cli kernel images/4096x40   1 394676
  PID User     Command                         Swap      USS      PSS      RSS 
88876 codespace /usr/bin/python3 /usr/bin/s        0    12112    12353    14604 
87106 codespace ./cli kernel images/4096x40        0   393320   393365   394572 
87108 codespace ./cli kernel images/4096x40        0   393320   393367   394592 
87110 codespace ./cli kernel images/4096x40        0   393320   393369   394628 
87112 codespace ./cli kernel images/4096x40        0   393320   393372   394676 
87114 codespace ./cli kernel images/4096x40        0   393324   393373   394632 
%CPU %MEM ARGS Sun Oct  4 20:32:15 UTC 2026
 0.0  0.0 grep --color=auto ./cli       0  2340
28.1  4.8 ./cli kernel images/4096x40   1 394592
28.2  4.8 ./cli kernel images/4096x40   0 394572
28.3  4.8 ./cli kernel images/4096x40   1 394628
28.4  4.8 ./cli kernel images/4096x40   1 394676
28.4  4.8 ./cli kernel images/4096x40   1 394632
  PID User     Command                         Swap      USS      PSS      RSS 
88905 codespace /usr/bin/python3 /usr/bin/s        0    12072    12264    14488 
87106 codespace ./cli kernel images/4096x40        0   393320   393365   394572 
87108 codespace ./cli kernel images/4096x40        0   393320   393367   394592 
87114 codespace ./cli kernel images/4096x40        0   393324   393368   394632 
87110 codespace ./cli kernel images/4096x40        0   393320   393369   394628 
87112 codespace ./cli kernel images/4096x40        0   393320   393371   394676 
%CPU %MEM ARGS Sun Oct  4 20:32:16 UTC 2026
 0.0  0.0 grep --color=auto ./cli       1  2204
27.9  4.8 ./cli kernel images/4096x40   1 394592
28.1  4.8 ./cli kernel images/4096x40   1 394572
28.3  4.8 ./cli kernel images/4096x40   0 394628
28.3  4.8 ./cli kernel images/4096x40   1 394632
28.3  4.8 ./cli kernel images/4096x40   1 394676
  PID User     Command                         Swap      USS      PSS      RSS 
88917 codespace /usr/bin/python3 /usr/bin/s        0    12076    12292    14492 
87106 codespace ./cli kernel images/4096x40        0   393320   393365   394572 
87108 codespace ./cli kernel images/4096x40        0   393320   393367   394592 
87110 codespace ./cli kernel images/4096x40        0   393320   393369   394628 
87112 codespace ./cli kernel images/4096x40        0   393320   393372   394676 
87114 codespace ./cli kernel images/4096x40        0   393324   393373   394632 
%CPU %MEM ARGS Sun Oct  4 20:32:17 UTC 2026
 0.0  0.0 grep --color=auto ./cli       0  2156
27.8  4.8 ./cli kernel images/4096x40   0 394592
28.0  4.8 ./cli kernel images/4096x40   0 394572
28.2  4.8 ./cli kernel images/4096x40   0 394628
28.2  4.8 ./cli kernel images/4096x40   0 394676
28.3  4.8 ./cli kernel images/4096x40   1 394632
  PID User     Command                         Swap      USS      PSS      RSS 
88923 codespace /usr/bin/python3 /usr/bin/s        0    12080    12303    14524 
87106 codespace ./cli kernel images/4096x40        0   393320   393365   394572 
87108 codespace ./cli kernel images/4096x40        0   393320   393367   394592 
87110 codespace ./cli kernel images/4096x40        0   393320   393369   394628 
87112 codespace ./cli kernel images/4096x40        0   393320   393371   394676 
87114 codespace ./cli kernel images/4096x40        0   393324   393373   394632 
%CPU %MEM ARGS Sun Oct  4 20:32:18 UTC 2026
 0.0  0.0 grep --color=auto ./cli       1  2156
27.8  4.8 ./cli kernel images/4096x40   0 394592
27.9  4.8 ./cli kernel images/4096x40   1 394572
28.1  4.8 ./cli kernel images/4096x40   1 394628
28.1  4.8 ./cli kernel images/4096x40   1 394676
28.2  4.8 ./cli kernel images/4096x40   1 394632
  PID User     Command                         Swap      USS      PSS      RSS 
88930 codespace /usr/bin/python3 /usr/bin/s        0    12076    12291    14492 
87108 codespace ./cli kernel images/4096x40        0   393320   393363   394592 
87106 codespace ./cli kernel images/4096x40        0   393320   393365   394572 
87110 codespace ./cli kernel images/4096x40        0   393320   393369   394628 
87112 codespace ./cli kernel images/4096x40        0   393320   393372   394676 
87114 codespace ./cli kernel images/4096x40        0   393324   393373   394632 
%CPU %MEM ARGS Sun Oct  4 20:32:19 UTC 2026
 0.0  0.0 grep --color=auto ./cli       0  2248
27.8  4.8 ./cli kernel images/4096x40   1 394592
27.8  4.8 ./cli kernel images/4096x40   0 394572
28.0  4.8 ./cli kernel images/4096x40   0 394628
28.0  4.8 ./cli kernel images/4096x40   0 394676
28.1  4.8 ./cli kernel images/4096x40   0 394632
  PID User     Command                         Swap      USS      PSS      RSS 
88942 codespace /usr/bin/python3 /usr/bin/s        0    12104    12335    14588 
87106 codespace ./cli kernel images/4096x40        0   393320   393365   394572 
87108 codespace ./cli kernel images/4096x40        0   393320   393367   394592 
87110 codespace ./cli kernel images/4096x40        0   393320   393369   394628 
87112 codespace ./cli kernel images/4096x40        0   393320   393372   394676 
87114 codespace ./cli kernel images/4096x40        0   393324   393373   394632 
%CPU %MEM ARGS Sun Oct  4 20:32:20 UTC 2026
 0.0  0.0 grep --color=auto ./cli       0  2180
27.8  4.8 ./cli kernel images/4096x40   0 394592
27.8  4.8 ./cli kernel images/4096x40   0 394572
27.9  4.8 ./cli kernel images/4096x40   0 394628
28.0  4.8 ./cli kernel images/4096x40   1 394676
28.0  4.8 ./cli kernel images/4096x40   0 394632
  PID User     Command                         Swap      USS      PSS      RSS 
88947 codespace /usr/bin/python3 /usr/bin/s        0    12072    12287    14488 
87106 codespace ./cli kernel images/4096x40        0   393320   393363   394572 
87108 codespace ./cli kernel images/4096x40        0   393320   393367   394592 
87110 codespace ./cli kernel images/4096x40        0   393320   393369   394628 
87112 codespace ./cli kernel images/4096x40        0   393320   393371   394676 
87114 codespace ./cli kernel images/4096x40        0   393324   393373   394632 
%CPU %MEM ARGS Sun Oct  4 20:32:21 UTC 2026
 0.0  0.0 grep --color=auto ./cli       1  2248
27.7  4.8 ./cli kernel images/4096x40   1 394592
27.7  4.8 ./cli kernel images/4096x40   0 394572
27.8  4.8 ./cli kernel images/4096x40   1 394628
28.0  4.8 ./cli kernel images/4096x40   1 394676
28.0  4.8 ./cli kernel images/4096x40   1 394632
  PID User     Command                         Swap      USS      PSS      RSS 
88959 codespace /usr/bin/python3 /usr/bin/s        0    12080    12297    14496 
87106 codespace ./cli kernel images/4096x40        0   393320   393360   394572 
87108 codespace ./cli kernel images/4096x40        0   393320   393367   394592 
87110 codespace ./cli kernel images/4096x40        0   393320   393369   394628 
87112 codespace ./cli kernel images/4096x40        0   393320   393371   394676 
87114 codespace ./cli kernel images/4096x40        0   393324   393373   394632 
%CPU %MEM ARGS Sun Oct  4 20:32:22 UTC 2026
 0.0  0.0 grep --color=auto ./cli       1  2200
27.5  4.8 ./cli kernel images/4096x40   1 394592
27.6  4.8 ./cli kernel images/4096x40   1 394572
27.7  4.8 ./cli kernel images/4096x40   1 394628
27.8  4.8 ./cli kernel images/4096x40   1 394632
28.0  4.8 ./cli kernel images/4096x40   0 394676
  PID User     Command                         Swap      USS      PSS      RSS 
88972 codespace /usr/bin/python3 /usr/bin/s        0    12092    12329    14588 
87106 codespace ./cli kernel images/4096x40        0   393320   393365   394572 
87108 codespace ./cli kernel images/4096x40        0   393320   393367   394592 
87110 codespace ./cli kernel images/4096x40        0   393320   393369   394628 
87112 codespace ./cli kernel images/4096x40        0   393320   393372   394676 
87114 codespace ./cli kernel images/4096x40        0   393324   393373   394632 
%CPU %MEM ARGS Sun Oct  4 20:32:23 UTC 2026
 0.0  0.0 grep --color=auto ./cli       1  2252
27.5  4.8 ./cli kernel images/4096x40   1 394592
27.6  4.8 ./cli kernel images/4096x40   1 394572
27.6  4.8 ./cli kernel images/4096x40   1 394628
27.8  4.8 ./cli kernel images/4096x40   1 394632
27.9  4.8 ./cli kernel images/4096x40   0 394676
  PID User     Command                         Swap      USS      PSS      RSS 
88978 codespace /usr/bin/python3 /usr/bin/s        0    12104    12337    14640 
87106 codespace ./cli kernel images/4096x40        0   393320   393365   394572 
87108 codespace ./cli kernel images/4096x40        0   393320   393367   394592 
87110 codespace ./cli kernel images/4096x40        0   393320   393369   394628 
87112 codespace ./cli kernel images/4096x40        0   393320   393372   394676 
87114 codespace ./cli kernel images/4096x40        0   393324   393373   394632 
%CPU %MEM ARGS Sun Oct  4 20:32:24 UTC 2026
 0.0  0.0 grep --color=auto ./cli       1  2172
27.4  4.8 ./cli kernel images/4096x40   1 394592
27.5  4.8 ./cli kernel images/4096x40   1 394572
27.6  4.8 ./cli kernel images/4096x40   0 394628
27.7  4.8 ./cli kernel images/4096x40   1 394632
27.9  4.8 ./cli kernel images/4096x40   1 394676
  PID User     Command                         Swap      USS      PSS      RSS 
88984 codespace /usr/bin/python3 /usr/bin/s        0    12104    12335    14640 
87106 codespace ./cli kernel images/4096x40        0   393320   393365   394572 
87108 codespace ./cli kernel images/4096x40        0   393320   393365   394592 
87110 codespace ./cli kernel images/4096x40        0   393320   393369   394628 
87112 codespace ./cli kernel images/4096x40        0   393320   393371   394676 
87114 codespace ./cli kernel images/4096x40        0   393324   393373   394632 
%CPU %MEM ARGS Sun Oct  4 20:32:25 UTC 2026
 0.0  0.0 grep --color=auto ./cli       0  2196
27.4  4.8 ./cli kernel images/4096x40   1 394592
27.4  4.8 ./cli kernel images/4096x40   0 394572
27.5  4.8 ./cli kernel images/4096x40   0 394628
27.6  4.8 ./cli kernel images/4096x40   0 394632
27.7  4.8 ./cli kernel images/4096x40   0 394676
  PID User     Command                         Swap      USS      PSS      RSS 
89013 codespace /usr/bin/python3 /usr/bin/s        0    12080    12303    14564 
87106 codespace ./cli kernel images/4096x40        0   393320   393365   394572 
87108 codespace ./cli kernel images/4096x40        0   393320   393367   394592 
87110 codespace ./cli kernel images/4096x40        0   393320   393369   394628 
87112 codespace ./cli kernel images/4096x40        0   393320   393372   394676 
87114 codespace ./cli kernel images/4096x40        0   393324   393373   394632 
%CPU %MEM ARGS Sun Oct  4 20:32:26 UTC 2026
 0.0  0.0 grep --color=auto ./cli       1  2248
27.3  4.8 ./cli kernel images/4096x40   0 394572
27.3  4.8 ./cli kernel images/4096x40   0 394592
27.4  4.8 ./cli kernel images/4096x40   1 394628
27.5  4.8 ./cli kernel images/4096x40   0 394632
27.7  4.8 ./cli kernel images/4096x40   0 394676
  PID User     Command                         Swap      USS      PSS      RSS 
89025 codespace /usr/bin/python3 /usr/bin/s        0    12076    12290    14492 
87110 codespace ./cli kernel images/4096x40        0   393320   393364   394628 
87106 codespace ./cli kernel images/4096x40        0   393320   393365   394572 
87108 codespace ./cli kernel images/4096x40        0   393320   393367   394592 
87112 codespace ./cli kernel images/4096x40        0   393320   393372   394676 
87114 codespace ./cli kernel images/4096x40        0   393324   393373   394632 
%CPU %MEM ARGS Sun Oct  4 20:32:27 UTC 2026
 0.0  0.0 grep --color=auto ./cli       1  2220
27.2  4.8 ./cli kernel images/4096x40   0 394572
27.3  4.8 ./cli kernel images/4096x40   1 394592
27.4  4.8 ./cli kernel images/4096x40   0 394628
27.4  4.8 ./cli kernel images/4096x40   0 394632
27.6  4.8 ./cli kernel images/4096x40   0 394676
  PID User     Command                         Swap      USS      PSS      RSS 
89037 codespace /usr/bin/python3 /usr/bin/s        0    12088    12317    14532 
87106 codespace ./cli kernel images/4096x40        0   393320   393365   394572 
87108 codespace ./cli kernel images/4096x40        0   393320   393367   394592 
87110 codespace ./cli kernel images/4096x40        0   393320   393369   394628 
87112 codespace ./cli kernel images/4096x40        0   393320   393372   394676 
87114 codespace ./cli kernel images/4096x40        0   393324   393373   394632 
%CPU %MEM ARGS Sun Oct  4 20:32:28 UTC 2026
 0.0  0.0 grep --color=auto ./cli       1  2180
27.2  4.8 ./cli kernel images/4096x40   1 394572
27.2  4.8 ./cli kernel images/4096x40   1 394592
27.3  4.8 ./cli kernel images/4096x40   0 394628
27.4  4.8 ./cli kernel images/4096x40   1 394632
27.5  4.8 ./cli kernel images/4096x40   1 394676
  PID User     Command                         Swap      USS      PSS      RSS 
89044 codespace /usr/bin/python3 /usr/bin/s        0    12084    12319    14604 
87106 codespace ./cli kernel images/4096x40        0   393320   393365   394572 
87108 codespace ./cli kernel images/4096x40        0   393320   393367   394592 
87110 codespace ./cli kernel images/4096x40        0   393320   393369   394628 
87112 codespace ./cli kernel images/4096x40        0   393320   393372   394676 
87114 codespace ./cli kernel images/4096x40        0   393324   393373   394632 
%CPU %MEM ARGS Sun Oct  4 20:32:29 UTC 2026
 0.0  0.0 grep --color=auto ./cli       1  2248
27.1  4.8 ./cli kernel images/4096x40   1 394572
27.1  4.8 ./cli kernel images/4096x40   0 394592
27.3  4.8 ./cli kernel images/4096x40   1 394632
27.3  4.8 ./cli kernel images/4096x40   1 394628
27.4  4.8 ./cli kernel images/4096x40   1 394676
  PID User     Command                         Swap      USS      PSS      RSS 
89054 codespace /usr/bin/python3 /usr/bin/s        0    12100    12329    14584 
87106 codespace ./cli kernel images/4096x40        0   393320   393365   394572 
87108 codespace ./cli kernel images/4096x40        0   393320   393367   394592 
87110 codespace ./cli kernel images/4096x40        0   393320   393369   394628 
87112 codespace ./cli kernel images/4096x40        0   393320   393372   394676 
87114 codespace ./cli kernel images/4096x40        0   393324   393373   394632 
%CPU %MEM ARGS Sun Oct  4 20:32:30 UTC 2026
 0.0  0.0 grep --color=auto ./cli       0  2180
27.0  4.8 ./cli kernel images/4096x40   1 394572
27.1  4.8 ./cli kernel images/4096x40   1 394592
27.2  4.8 ./cli kernel images/4096x40   0 394632
27.2  4.8 ./cli kernel images/4096x40   1 394628
27.3  4.8 ./cli kernel images/4096x40   1 394676
  PID User     Command                         Swap      USS      PSS      RSS 
89062 codespace /usr/bin/python3 /usr/bin/s        0    12076    12303    14528 
87106 codespace ./cli kernel images/4096x40        0   393320   393365   394572 
87108 codespace ./cli kernel images/4096x40        0   393320   393367   394592 
87110 codespace ./cli kernel images/4096x40        0   393320   393369   394628 
87112 codespace ./cli kernel images/4096x40        0   393320   393371   394676 
87114 codespace ./cli kernel images/4096x40        0   393324   393373   394632 
%CPU %MEM ARGS Sun Oct  4 20:32:31 UTC 2026
 0.0  0.0 grep --color=auto ./cli       0  2200
26.9  4.8 ./cli kernel images/4096x40   1 394572
27.1  4.8 ./cli kernel images/4096x40   0 394632
27.1  4.8 ./cli kernel images/4096x40   0 394592
27.1  4.8 ./cli kernel images/4096x40   1 394628
27.3  4.8 ./cli kernel images/4096x40   1 394676
  PID User     Command                         Swap      USS      PSS      RSS 
89074 codespace /usr/bin/python3 /usr/bin/s        0    12080    12306    14564 
87106 codespace ./cli kernel images/4096x40        0   393320   393365   394572 
87108 codespace ./cli kernel images/4096x40        0   393320   393366   394592 
87110 codespace ./cli kernel images/4096x40        0   393320   393369   394628 
87112 codespace ./cli kernel images/4096x40        0   393320   393371   394676 
87114 codespace ./cli kernel images/4096x40        0   393324   393373   394632 
%CPU %MEM ARGS Sun Oct  4 20:32:33 UTC 2026
 0.0  0.0 grep --color=auto ./cli       0  2252
26.8  4.8 ./cli kernel images/4096x40   0 394572
27.0  4.8 ./cli kernel images/4096x40   0 394632
27.0  4.8 ./cli kernel images/4096x40   0 394592
27.0  4.8 ./cli kernel images/4096x40   0 394628
27.2  4.8 ./cli kernel images/4096x40   1 394676
  PID User     Command                         Swap      USS      PSS      RSS 
89087 codespace /usr/bin/python3 /usr/bin/s        0    12084    12311    14536 
87106 codespace ./cli kernel images/4096x40        0   393320   393365   394572 
87108 codespace ./cli kernel images/4096x40        0   393320   393367   394592 
87110 codespace ./cli kernel images/4096x40        0   393320   393369   394628 
87112 codespace ./cli kernel images/4096x40        0   393320   393372   394676 
87114 codespace ./cli kernel images/4096x40        0   393324   393373   394632 
%CPU %MEM ARGS Sun Oct  4 20:32:34 UTC 2026
 0.0  0.0 grep --color=auto ./cli       1  2160
26.7  4.8 ./cli kernel images/4096x40   0 394572
26.9  4.8 ./cli kernel images/4096x40   1 394592
26.9  4.8 ./cli kernel images/4096x40   0 394632
27.0  4.8 ./cli kernel images/4096x40   1 394628
27.1  4.8 ./cli kernel images/4096x40   1 394676
  PID User     Command                         Swap      USS      PSS      RSS 
89097 codespace /usr/bin/python3 /usr/bin/s        0    12084    12292    14528 
87106 codespace ./cli kernel images/4096x40        0   393320   393365   394572 
87108 codespace ./cli kernel images/4096x40        0   393320   393367   394592 
87114 codespace ./cli kernel images/4096x40        0   393324   393368   394632 
87110 codespace ./cli kernel images/4096x40        0   393320   393369   394628 
87112 codespace ./cli kernel images/4096x40        0   393320   393371   394676 
%CPU %MEM ARGS Sun Oct  4 20:32:35 UTC 2026
 0.0  0.0 grep --color=auto ./cli       0  2248
26.7  4.8 ./cli kernel images/4096x40   0 394572
26.8  4.8 ./cli kernel images/4096x40   0 394632
26.9  4.8 ./cli kernel images/4096x40   1 394592
26.9  4.8 ./cli kernel images/4096x40   0 394628
27.0  4.8 ./cli kernel images/4096x40   0 394676
  PID User     Command                         Swap      USS      PSS      RSS 
89127 codespace /usr/bin/python3 /usr/bin/s        0    12084    12307    14528 
87106 codespace ./cli kernel images/4096x40        0   393320   393365   394572 
87108 codespace ./cli kernel images/4096x40        0   393320   393367   394592 
87110 codespace ./cli kernel images/4096x40        0   393320   393369   394628 
87112 codespace ./cli kernel images/4096x40        0   393320   393372   394676 
87114 codespace ./cli kernel images/4096x40        0   393324   393373   394632 
%CPU %MEM ARGS Sun Oct  4 20:32:36 UTC 2026
 0.0  0.0 grep --color=auto ./cli       1  2180
26.6  4.8 ./cli kernel images/4096x40   0 394572
26.8  4.8 ./cli kernel images/4096x40   0 394632
26.8  4.8 ./cli kernel images/4096x40   1 394592
26.8  4.8 ./cli kernel images/4096x40   1 394628
27.0  4.8 ./cli kernel images/4096x40   0 394676
  PID User     Command                         Swap      USS      PSS      RSS 
89133 codespace /usr/bin/python3 /usr/bin/s        0    12088    12305    14500 
87106 codespace ./cli kernel images/4096x40        0   393320   393365   394572 
87108 codespace ./cli kernel images/4096x40        0   393320   393367   394592 
87110 codespace ./cli kernel images/4096x40        0   393320   393369   394628 
87112 codespace ./cli kernel images/4096x40        0   393320   393371   394676 
87114 codespace ./cli kernel images/4096x40        0   393324   393373   394632 
%CPU %MEM ARGS Sun Oct  4 20:32:37 UTC 2026
 0.0  0.0 grep --color=auto ./cli       1  2344
26.6  4.8 ./cli kernel images/4096x40   1 394572
26.7  4.8 ./cli kernel images/4096x40   1 394632
26.8  4.8 ./cli kernel images/4096x40   1 394628
26.8  4.8 ./cli kernel images/4096x40   0 394592
26.9  4.8 ./cli kernel images/4096x40   1 394676
  PID User     Command                         Swap      USS      PSS      RSS 
89139 codespace /usr/bin/python3 /usr/bin/s        0    12080    12301    14492 
87106 codespace ./cli kernel images/4096x40        0   393320   393365   394572 
87108 codespace ./cli kernel images/4096x40        0   393320   393367   394592 
87110 codespace ./cli kernel images/4096x40        0   393320   393369   394628 
87112 codespace ./cli kernel images/4096x40        0   393320   393372   394676 
87114 codespace ./cli kernel images/4096x40        0   393324   393373   394632 
%CPU %MEM ARGS Sun Oct  4 20:32:38 UTC 2026
 0.0  0.0 grep --color=auto ./cli       1  2156
26.5  4.8 ./cli kernel images/4096x40   1 394572
26.6  4.8 ./cli kernel images/4096x40   0 394632
26.7  4.8 ./cli kernel images/4096x40   1 394628
26.7  4.8 ./cli kernel images/4096x40   1 394592
26.8  4.8 ./cli kernel images/4096x40   0 394676
  PID User     Command                         Swap      USS      PSS      RSS 
89157 codespace /usr/bin/python3 /usr/bin/s        0    12084    12316    14532 
87106 codespace ./cli kernel images/4096x40        0   393320   393365   394572 
87108 codespace ./cli kernel images/4096x40        0   393320   393367   394592 
87110 codespace ./cli kernel images/4096x40        0   393320   393369   394628 
87112 codespace ./cli kernel images/4096x40        0   393320   393372   394676 
87114 codespace ./cli kernel images/4096x40        0   393324   393373   394632 
%CPU %MEM ARGS Sun Oct  4 20:32:39 UTC 2026
 0.0  0.0 grep --color=auto ./cli       1  2252
26.4  4.8 ./cli kernel images/4096x40   0 394572
26.6  4.8 ./cli kernel images/4096x40   0 394632
26.6  4.8 ./cli kernel images/4096x40   0 394628
26.7  4.8 ./cli kernel images/4096x40   0 394592
26.7  4.8 ./cli kernel images/4096x40   0 394676
  PID User     Command                         Swap      USS      PSS      RSS 
89164 codespace /usr/bin/python3 /usr/bin/s        0    12100    12331    14584 
87106 codespace ./cli kernel images/4096x40        0   393320   393365   394572 
87108 codespace ./cli kernel images/4096x40        0   393320   393367   394592 
87110 codespace ./cli kernel images/4096x40        0   393320   393369   394628 
87112 codespace ./cli kernel images/4096x40        0   393320   393372   394676 
87114 codespace ./cli kernel images/4096x40        0   393324   393373   394632 
%CPU %MEM ARGS Sun Oct  4 20:32:40 UTC 2026
 0.0  0.0 grep --color=auto ./cli       1  2164
26.4  4.8 ./cli kernel images/4096x40   1 394572
26.5  4.8 ./cli kernel images/4096x40   1 394632
26.6  4.8 ./cli kernel images/4096x40   1 394628
26.6  4.8 ./cli kernel images/4096x40   0 394592
26.7  4.8 ./cli kernel images/4096x40   1 394676
  PID User     Command                         Swap      USS      PSS      RSS 
89169 codespace /usr/bin/python3 /usr/bin/s        0    12080    12303    14556 
87106 codespace ./cli kernel images/4096x40        0   393320   393364   394572 
87110 codespace ./cli kernel images/4096x40        0   393320   393364   394628 
87108 codespace ./cli kernel images/4096x40        0   393320   393367   394592 
87112 codespace ./cli kernel images/4096x40        0   393320   393371   394676 
87114 codespace ./cli kernel images/4096x40        0   393324   393373   394632 
%CPU %MEM ARGS Sun Oct  4 20:32:41 UTC 2026
 0.0  0.0 grep --color=auto ./cli       0  2248
26.4  4.8 ./cli kernel images/4096x40   1 394572
26.5  4.8 ./cli kernel images/4096x40   1 394632
26.5  4.8 ./cli kernel images/4096x40   0 394628
26.6  4.8 ./cli kernel images/4096x40   1 394592
26.6  4.8 ./cli kernel images/4096x40   1 394676
  PID User     Command                         Swap      USS      PSS      RSS 
89181 codespace /usr/bin/python3 /usr/bin/s        0    12080    12295    14496 
87106 codespace ./cli kernel images/4096x40        0   393320   393365   394572 
87108 codespace ./cli kernel images/4096x40        0   393320   393367   394592 
87110 codespace ./cli kernel images/4096x40        0   393320   393369   394628 
87112 codespace ./cli kernel images/4096x40        0   393320   393371   394676 
87114 codespace ./cli kernel images/4096x40        0   393324   393373   394632 
%CPU %MEM ARGS Sun Oct  4 20:32:42 UTC 2026
 0.0  0.0 grep --color=auto ./cli       1  2300
26.3  4.8 ./cli kernel images/4096x40   1 394572
26.4  4.8 ./cli kernel images/4096x40   1 394632
26.5  4.8 ./cli kernel images/4096x40   0 394628
26.5  4.8 ./cli kernel images/4096x40   1 394592
26.6  4.8 ./cli kernel images/4096x40   0 394676
  PID User     Command                         Swap      USS      PSS      RSS 
89187 codespace /usr/bin/python3 /usr/bin/s        0    12088    12315    14528 
87106 codespace ./cli kernel images/4096x40        0   393320   393365   394572 
87108 codespace ./cli kernel images/4096x40        0   393320   393367   394592 
87110 codespace ./cli kernel images/4096x40        0   393320   393369   394628 
87112 codespace ./cli kernel images/4096x40        0   393320   393372   394676 
87114 codespace ./cli kernel images/4096x40        0   393324   393373   394632 
%CPU %MEM ARGS Sun Oct  4 20:32:43 UTC 2026
 0.0  0.0 grep --color=auto ./cli       0  2252
26.2  4.8 ./cli kernel images/4096x40   0 394572
26.3  4.8 ./cli kernel images/4096x40   0 394632
26.4  4.8 ./cli kernel images/4096x40   0 394628
26.4  4.8 ./cli kernel images/4096x40   0 394592
26.6  4.8 ./cli kernel images/4096x40   0 394676
  PID User     Command                         Swap      USS      PSS      RSS 
89201 codespace /usr/bin/python3 /usr/bin/s        0    12076    12303    14528 
87106 codespace ./cli kernel images/4096x40        0   393320   393365   394572 
87108 codespace ./cli kernel images/4096x40        0   393320   393367   394592 
87110 codespace ./cli kernel images/4096x40        0   393320   393369   394628 
87112 codespace ./cli kernel images/4096x40        0   393320   393371   394676 
87114 codespace ./cli kernel images/4096x40        0   393324   393373   394632 
%CPU %MEM ARGS Sun Oct  4 20:32:44 UTC 2026
 0.0  0.0 grep --color=auto ./cli       0  2172
26.2  4.8 ./cli kernel images/4096x40   0 394632
26.3  4.8 ./cli kernel images/4096x40   1 394572
26.4  4.8 ./cli kernel images/4096x40   0 394592
26.4  4.8 ./cli kernel images/4096x40   0 394628
26.5  4.8 ./cli kernel images/4096x40   0 394676
  PID User     Command                         Swap      USS      PSS      RSS 
89210 codespace /usr/bin/python3 /usr/bin/s        0    12088    12309    14568 
87106 codespace ./cli kernel images/4096x40        0   393320   393365   394572 
87108 codespace ./cli kernel images/4096x40        0   393320   393367   394592 
87110 codespace ./cli kernel images/4096x40        0   393320   393369   394628 
87112 codespace ./cli kernel images/4096x40        0   393320   393371   394676 
87114 codespace ./cli kernel images/4096x40        0   393324   393373   394632 
%CPU %MEM ARGS Sun Oct  4 20:32:45 UTC 2026
 0.0  0.0 grep --color=auto ./cli       1  2180
26.2  4.8 ./cli kernel images/4096x40   0 394632
26.2  4.8 ./cli kernel images/4096x40   0 394572
26.3  4.8 ./cli kernel images/4096x40   0 394592
26.3  4.8 ./cli kernel images/4096x40   1 394628
26.5  4.8 ./cli kernel images/4096x40   0 394676
  PID User     Command                         Swap      USS      PSS      RSS 
89222 codespace /usr/bin/python3 /usr/bin/s        0    12080    12297    14492 
87106 codespace ./cli kernel images/4096x40        0   393320   393365   394572 
87108 codespace ./cli kernel images/4096x40        0   393320   393365   394592 
87110 codespace ./cli kernel images/4096x40        0   393320   393369   394628 
87112 codespace ./cli kernel images/4096x40        0   393320   393371   394676 
87114 codespace ./cli kernel images/4096x40        0   393324   393372   394632 
%CPU %MEM ARGS Sun Oct  4 20:32:46 UTC 2026
 0.0  0.0 grep --color=auto ./cli       0  2208
26.1  4.8 ./cli kernel images/4096x40   1 394632
26.1  4.8 ./cli kernel images/4096x40   0 394572
26.2  4.8 ./cli kernel images/4096x40   0 394592
26.3  4.8 ./cli kernel images/4096x40   0 394628
26.4  4.8 ./cli kernel images/4096x40   0 394676
  PID User     Command                         Swap      USS      PSS      RSS 
89246 codespace /usr/bin/python3 /usr/bin/s        0    12100    12333    14636 
87106 codespace ./cli kernel images/4096x40        0   393320   393365   394572 
87108 codespace ./cli kernel images/4096x40        0   393320   393367   394592 
87110 codespace ./cli kernel images/4096x40        0   393320   393369   394628 
87112 codespace ./cli kernel images/4096x40        0   393320   393372   394676 
87114 codespace ./cli kernel images/4096x40        0   393324   393373   394632 
%CPU %MEM ARGS Sun Oct  4 20:32:47 UTC 2026
 0.0  0.0 grep --color=auto ./cli       0  2288
26.1  4.8 ./cli kernel images/4096x40   0 394632
26.1  4.8 ./cli kernel images/4096x40   0 394572
26.2  4.8 ./cli kernel images/4096x40   0 394592
26.2  4.8 ./cli kernel images/4096x40   0 394628
26.3  4.8 ./cli kernel images/4096x40   0 394676
  PID User     Command                         Swap      USS      PSS      RSS 
89251 codespace /usr/bin/python3 /usr/bin/s        0    12088    12315    14532 
87106 codespace ./cli kernel images/4096x40        0   393320   393365   394572 
87108 codespace ./cli kernel images/4096x40        0   393320   393367   394592 
87110 codespace ./cli kernel images/4096x40        0   393320   393369   394628 
87112 codespace ./cli kernel images/4096x40        0   393320   393372   394676 
87114 codespace ./cli kernel images/4096x40        0   393324   393373   394632 
%CPU %MEM ARGS Sun Oct  4 20:32:48 UTC 2026
 0.0  0.0 grep --color=auto ./cli       0  2160
26.0  4.8 ./cli kernel images/4096x40   0 394572
26.0  4.8 ./cli kernel images/4096x40   1 394632
26.1  4.8 ./cli kernel images/4096x40   0 394592
26.2  4.8 ./cli kernel images/4096x40   0 394628
26.3  4.8 ./cli kernel images/4096x40   0 394676
  PID User     Command                         Swap      USS      PSS      RSS 
89257 codespace /usr/bin/python3 /usr/bin/s        0    12092    12293    14552 
87106 codespace ./cli kernel images/4096x40        0   393320   393363   394572 
87108 codespace ./cli kernel images/4096x40        0   393320   393365   394592 
87110 codespace ./cli kernel images/4096x40        0   393320   393367   394628 
87112 codespace ./cli kernel images/4096x40        0   393320   393369   394676 
87114 codespace ./cli kernel images/4096x40        0   393324   393371   394632 
%CPU %MEM ARGS Sun Oct  4 20:32:49 UTC 2026
 0.0  0.0 grep --color=auto ./cli       1  2192
26.0  4.8 ./cli kernel images/4096x40   0 394572
26.0  4.8 ./cli kernel images/4096x40   1 394632
26.0  4.8 ./cli kernel images/4096x40   1 394592
26.1  4.8 ./cli kernel images/4096x40   0 394628
26.2  4.8 ./cli kernel images/4096x40   0 394676
  PID User     Command                         Swap      USS      PSS      RSS 
89275 codespace /usr/bin/python3 /usr/bin/s        0    12084    12315    14532 
87106 codespace ./cli kernel images/4096x40        0   393320   393365   394572 
87108 codespace ./cli kernel images/4096x40        0   393320   393367   394592 
87110 codespace ./cli kernel images/4096x40        0   393320   393369   394628 
87112 codespace ./cli kernel images/4096x40        0   393320   393372   394676 
87114 codespace ./cli kernel images/4096x40        0   393324   393373   394632 
%CPU %MEM ARGS Sun Oct  4 20:32:50 UTC 2026
 0.0  0.0 grep --color=auto ./cli       0  2196
25.9  4.8 ./cli kernel images/4096x40   0 394632
25.9  4.8 ./cli kernel images/4096x40   0 394572
26.0  4.8 ./cli kernel images/4096x40   0 394592
26.1  4.8 ./cli kernel images/4096x40   0 394628
26.2  4.8 ./cli kernel images/4096x40   1 394676
  PID User     Command                         Swap      USS      PSS      RSS 
89281 codespace /usr/bin/python3 /usr/bin/s        0    12080    12296    14496 
87106 codespace ./cli kernel images/4096x40        0   393320   393365   394572 
87108 codespace ./cli kernel images/4096x40        0   393320   393367   394592 
87110 codespace ./cli kernel images/4096x40        0   393320   393369   394628 
87112 codespace ./cli kernel images/4096x40        0   393320   393372   394676 
87114 codespace ./cli kernel images/4096x40        0   393324   393373   394632 
%CPU %MEM ARGS Sun Oct  4 20:32:51 UTC 2026
 0.0  0.0 grep --color=auto ./cli       0  2244
25.9  4.8 ./cli kernel images/4096x40   0 394572
25.9  4.8 ./cli kernel images/4096x40   0 394632
25.9  4.8 ./cli kernel images/4096x40   0 394592
26.1  4.8 ./cli kernel images/4096x40   1 394628
26.2  4.8 ./cli kernel images/4096x40   0 394676
  PID User     Command                         Swap      USS      PSS      RSS 
89287 codespace /usr/bin/python3 /usr/bin/s        0    12088    12302    14504 
87106 codespace ./cli kernel images/4096x40        0   393320   393365   394572 
87108 codespace ./cli kernel images/4096x40        0   393320   393367   394592 
87114 codespace ./cli kernel images/4096x40        0   393324   393367   394632 
87110 codespace ./cli kernel images/4096x40        0   393320   393369   394628 
87112 codespace ./cli kernel images/4096x40        0   393320   393371   394676 
%CPU %MEM ARGS Sun Oct  4 20:32:52 UTC 2026
 0.0  0.0 grep --color=auto ./cli       0  2196
25.8  4.8 ./cli kernel images/4096x40   0 394572
25.8  4.8 ./cli kernel images/4096x40   0 394632
25.9  4.8 ./cli kernel images/4096x40   0 394592
26.0  4.8 ./cli kernel images/4096x40   0 394628
26.1  4.8 ./cli kernel images/4096x40   1 394676
  PID User     Command                         Swap      USS      PSS      RSS 
89299 codespace /usr/bin/python3 /usr/bin/s        0    12076    12291    14492 
87106 codespace ./cli kernel images/4096x40        0   393320   393365   394572 
87108 codespace ./cli kernel images/4096x40        0   393320   393367   394592 
87110 codespace ./cli kernel images/4096x40        0   393320   393369   394628 
87112 codespace ./cli kernel images/4096x40        0   393320   393371   394676 
87114 codespace ./cli kernel images/4096x40        0   393324   393373   394632 
%CPU %MEM ARGS Sun Oct  4 20:32:53 UTC 2026
 0.0  0.0 grep --color=auto ./cli       1  1788
25.8  4.8 ./cli kernel images/4096x40   1 394632
25.8  4.8 ./cli kernel images/4096x40   1 394572
25.8  4.8 ./cli kernel images/4096x40   1 394592
25.9  4.8 ./cli kernel images/4096x40   0 394628
26.1  4.8 ./cli kernel images/4096x40   1 394676
  PID User     Command                         Swap      USS      PSS      RSS 
89305 codespace /usr/bin/python3 /usr/bin/s        0    12104    12333    14588 
87106 codespace ./cli kernel images/4096x40        0   393320   393365   394572 
87108 codespace ./cli kernel images/4096x40        0   393320   393367   394592 
87110 codespace ./cli kernel images/4096x40        0   393320   393369   394628 
87112 codespace ./cli kernel images/4096x40        0   393320   393372   394676 
87114 codespace ./cli kernel images/4096x40        0   393324   393373   394632 
%CPU %MEM ARGS Sun Oct  4 20:32:54 UTC 2026
 0.0  0.0 grep --color=auto ./cli       0  2308
25.7  4.8 ./cli kernel images/4096x40   0 394572
25.7  4.8 ./cli kernel images/4096x40   0 394592
25.8  4.8 ./cli kernel images/4096x40   1 394632
25.9  4.8 ./cli kernel images/4096x40   1 394628
26.1  4.8 ./cli kernel images/4096x40   1 394676
  PID User     Command                         Swap      USS      PSS      RSS 
89314 codespace /usr/bin/python3 /usr/bin/s        0    12076    12298    14488 
87106 codespace ./cli kernel images/4096x40        0   393320   393365   394572 
87108 codespace ./cli kernel images/4096x40        0   393320   393367   394592 
87110 codespace ./cli kernel images/4096x40        0   393320   393369   394628 
87112 codespace ./cli kernel images/4096x40        0   393320   393372   394676 
87114 codespace ./cli kernel images/4096x40        0   393324   393373   394632 
%CPU %MEM ARGS Sun Oct  4 20:32:55 UTC 2026
 0.0  0.0 grep --color=auto ./cli       1  2172
25.7  4.8 ./cli kernel images/4096x40   0 394592
25.7  4.8 ./cli kernel images/4096x40   1 394572
25.7  4.8 ./cli kernel images/4096x40   0 394632
25.8  4.8 ./cli kernel images/4096x40   0 394628
26.0  4.8 ./cli kernel images/4096x40   0 394676
  PID User     Command                         Swap      USS      PSS      RSS 
89329 codespace /usr/bin/python3 /usr/bin/s        0    12080    12303    14492 
87106 codespace ./cli kernel images/4096x40        0   393320   393365   394572 
87108 codespace ./cli kernel images/4096x40        0   393320   393367   394592 
87110 codespace ./cli kernel images/4096x40        0   393320   393369   394628 
87112 codespace ./cli kernel images/4096x40        0   393320   393372   394676 
87114 codespace ./cli kernel images/4096x40        0   393324   393373   394632 
%CPU %MEM ARGS Sun Oct  4 20:32:56 UTC 2026
 0.0  0.0 grep --color=auto ./cli       1  2172
25.6  4.8 ./cli kernel images/4096x40   0 394592
25.6  4.8 ./cli kernel images/4096x40   0 394632
25.7  4.8 ./cli kernel images/4096x40   1 394572
25.8  4.8 ./cli kernel images/4096x40   0 394628
26.0  4.8 ./cli kernel images/4096x40   0 394676
  PID User     Command                         Swap      USS      PSS      RSS 
89353 codespace /usr/bin/python3 /usr/bin/s        0    12080    12300    14492 
87106 codespace ./cli kernel images/4096x40        0   393320   393365   394572 
87108 codespace ./cli kernel images/4096x40        0   393320   393367   394592 
87110 codespace ./cli kernel images/4096x40        0   393320   393369   394628 
87112 codespace ./cli kernel images/4096x40        0   393320   393371   394676 
87114 codespace ./cli kernel images/4096x40        0   393324   393373   394632 
%CPU %MEM ARGS Sun Oct  4 20:32:57 UTC 2026
 0.0  0.0 grep --color=auto ./cli       1  2304
25.6  4.8 ./cli kernel images/4096x40   1 394632
25.6  4.8 ./cli kernel images/4096x40   0 394592
25.6  4.8 ./cli kernel images/4096x40   1 394572
25.7  4.8 ./cli kernel images/4096x40   1 394628
25.9  4.8 ./cli kernel images/4096x40   0 394676
  PID User     Command                         Swap      USS      PSS      RSS 
89362 codespace /usr/bin/python3 /usr/bin/s        0    12080    12288    14472 
87106 codespace ./cli kernel images/4096x40        0   393320   393365   394572 
87108 codespace ./cli kernel images/4096x40        0   393320   393367   394592 
87110 codespace ./cli kernel images/4096x40        0   393320   393369   394628 
87112 codespace ./cli kernel images/4096x40        0   393320   393372   394676 
87114 codespace ./cli kernel images/4096x40        0   393324   393373   394632 
%CPU %MEM ARGS Sun Oct  4 20:32:58 UTC 2026
 0.0  0.0 grep --color=auto ./cli       0  2176
25.5  4.8 ./cli kernel images/4096x40   1 394592
25.5  4.8 ./cli kernel images/4096x40   1 394632
25.6  4.8 ./cli kernel images/4096x40   0 394572
25.6  4.8 ./cli kernel images/4096x40   1 394628
25.9  4.8 ./cli kernel images/4096x40   0 394676
  PID User     Command                         Swap      USS      PSS      RSS 
89371 codespace /usr/bin/python3 /usr/bin/s        0    12112    12352    14604 
87106 codespace ./cli kernel images/4096x40        0   393320   393365   394572 
87108 codespace ./cli kernel images/4096x40        0   393320   393367   394592 
87110 codespace ./cli kernel images/4096x40        0   393320   393369   394628 
87112 codespace ./cli kernel images/4096x40        0   393320   393372   394676 
87114 codespace ./cli kernel images/4096x40        0   393324   393373   394632 
%CPU %MEM ARGS Sun Oct  4 20:32:59 UTC 2026
 0.0  0.0 grep --color=auto ./cli       0  2252
25.5  4.8 ./cli kernel images/4096x40   0 394592
25.5  4.8 ./cli kernel images/4096x40   1 394632
25.5  4.8 ./cli kernel images/4096x40   0 394572
25.6  4.8 ./cli kernel images/4096x40   0 394628
25.9  4.8 ./cli kernel images/4096x40   1 394676
  PID User     Command                         Swap      USS      PSS      RSS 
89377 codespace /usr/bin/python3 /usr/bin/s        0    12080    12301    14560 
87106 codespace ./cli kernel images/4096x40        0   393320   393365   394572 
87108 codespace ./cli kernel images/4096x40        0   393320   393367   394592 
87114 codespace ./cli kernel images/4096x40        0   393324   393368   394632 
87110 codespace ./cli kernel images/4096x40        0   393320   393369   394628 
87112 codespace ./cli kernel images/4096x40        0   393320   393370   394676 
%CPU %MEM ARGS Sun Oct  4 20:33:00 UTC 2026
 0.0  0.0 grep --color=auto ./cli       0  2156
25.4  4.8 ./cli kernel images/4096x40   0 394592
25.5  4.8 ./cli kernel images/4096x40   1 394632
25.5  4.8 ./cli kernel images/4096x40   0 394572
25.5  4.8 ./cli kernel images/4096x40   0 394628
25.8  4.8 ./cli kernel images/4096x40   0 394676
  PID User     Command                         Swap      USS      PSS      RSS 
89394 codespace /usr/bin/python3 /usr/bin/s        0    12084    12323    14636 
87106 codespace ./cli kernel images/4096x40        0   393320   393365   394572 
87108 codespace ./cli kernel images/4096x40        0   393320   393367   394592 
87110 codespace ./cli kernel images/4096x40        0   393320   393369   394628 
87112 codespace ./cli kernel images/4096x40        0   393320   393372   394676 
87114 codespace ./cli kernel images/4096x40        0   393324   393373   394632 
%CPU %MEM ARGS Sun Oct  4 20:33:01 UTC 2026
 0.0  0.0 grep --color=auto ./cli       0  2176
25.4  4.8 ./cli kernel images/4096x40   1 394592
25.4  4.8 ./cli kernel images/4096x40   1 394572
25.4  4.8 ./cli kernel images/4096x40   1 394632
25.5  4.8 ./cli kernel images/4096x40   0 394628
25.8  4.8 ./cli kernel images/4096x40   1 394676
  PID User     Command                         Swap      USS      PSS      RSS 
89400 codespace /usr/bin/python3 /usr/bin/s        0    12080    12300    14560 
87106 codespace ./cli kernel images/4096x40        0   393320   393365   394572 
87108 codespace ./cli kernel images/4096x40        0   393320   393367   394592 
87110 codespace ./cli kernel images/4096x40        0   393320   393369   394628 
87112 codespace ./cli kernel images/4096x40        0   393320   393372   394676 
87114 codespace ./cli kernel images/4096x40        0   393324   393373   394632 
%CPU %MEM ARGS Sun Oct  4 20:33:02 UTC 2026
 0.0  0.0 grep --color=auto ./cli       0  2288
25.3  4.8 ./cli kernel images/4096x40   0 394592
25.4  4.8 ./cli kernel images/4096x40   0 394572
25.4  4.8 ./cli kernel images/4096x40   0 394632
25.5  4.8 ./cli kernel images/4096x40   0 394628
25.7  4.8 ./cli kernel images/4096x40   1 394676
  PID User     Command                         Swap      USS      PSS      RSS 
89406 codespace /usr/bin/python3 /usr/bin/s        0    12080    12300    14560 
87106 codespace ./cli kernel images/4096x40        0   393320   393365   394572 
87108 codespace ./cli kernel images/4096x40        0   393320   393367   394592 
87110 codespace ./cli kernel images/4096x40        0   393320   393368   394628 
87112 codespace ./cli kernel images/4096x40        0   393320   393371   394676 
87114 codespace ./cli kernel images/4096x40        0   393324   393373   394632 
%CPU %MEM ARGS Sun Oct  4 20:33:03 UTC 2026
 0.0  0.0 grep --color=auto ./cli       1  2252
25.2  4.8 ./cli kernel images/4096x40   1 394592
25.3  4.8 ./cli kernel images/4096x40   1 394632
25.3  4.8 ./cli kernel images/4096x40   0 394572
25.4  4.8 ./cli kernel images/4096x40   1 394628
25.7  4.8 ./cli kernel images/4096x40   1 394676
  PID User     Command                         Swap      USS      PSS      RSS 
89418 codespace /usr/bin/python3 /usr/bin/s        0    12080    12295    14496 
87106 codespace ./cli kernel images/4096x40        0   393320   393365   394572 
87108 codespace ./cli kernel images/4096x40        0   393320   393367   394592 
87110 codespace ./cli kernel images/4096x40        0   393320   393369   394628 
87112 codespace ./cli kernel images/4096x40        0   393320   393371   394676 
87114 codespace ./cli kernel images/4096x40        0   393324   393373   394632 
%CPU %MEM ARGS Sun Oct  4 20:33:04 UTC 2026
 0.0  0.0 grep --color=auto ./cli       1  2168
25.2  4.8 ./cli kernel images/4096x40   1 394592
25.3  4.8 ./cli kernel images/4096x40   0 394632
25.3  4.8 ./cli kernel images/4096x40   1 394572
25.4  4.8 ./cli kernel images/4096x40   1 394628
25.6  4.8 ./cli kernel images/4096x40   1 394676
  PID User     Command                         Swap      USS      PSS      RSS 
89424 codespace /usr/bin/python3 /usr/bin/s        0    12112    12350    14552 
87106 codespace ./cli kernel images/4096x40        0   393320   393365   394572 
87108 codespace ./cli kernel images/4096x40        0   393320   393367   394592 
87110 codespace ./cli kernel images/4096x40        0   393320   393369   394628 
87112 codespace ./cli kernel images/4096x40        0   393320   393372   394676 
87114 codespace ./cli kernel images/4096x40        0   393324   393373   394632 
%CPU %MEM ARGS Sun Oct  4 20:33:05 UTC 2026
 0.0  0.0 grep --color=auto ./cli       1  2176
25.1  4.8 ./cli kernel images/4096x40   0 394592
25.3  4.8 ./cli kernel images/4096x40   1 394572
25.3  4.8 ./cli kernel images/4096x40   1 394632
25.3  4.8 ./cli kernel images/4096x40   0 394628
25.5  4.8 ./cli kernel images/4096x40   1 394676
  PID User     Command                         Swap      USS      PSS      RSS 
89430 codespace /usr/bin/python3 /usr/bin/s        0    12084    12320    14608 
87106 codespace ./cli kernel images/4096x40        0   393320   393363   394572 
87108 codespace ./cli kernel images/4096x40        0   393320   393365   394592 
87110 codespace ./cli kernel images/4096x40        0   393320   393367   394628 
87112 codespace ./cli kernel images/4096x40        0   393320   393371   394676 
87114 codespace ./cli kernel images/4096x40        0   393324   393373   394632 
%CPU %MEM ARGS Sun Oct  4 20:33:06 UTC 2026
 0.0  0.0 grep --color=auto ./cli       1  2196
25.1  4.8 ./cli kernel images/4096x40   1 394592
25.2  4.8 ./cli kernel images/4096x40   0 394572
25.3  4.8 ./cli kernel images/4096x40   0 394632
25.3  4.8 ./cli kernel images/4096x40   1 394628
25.5  4.8 ./cli kernel images/4096x40   1 394676
  PID User     Command                         Swap      USS      PSS      RSS 
89455 codespace /usr/bin/python3 /usr/bin/s        0    12080    12297    14492 
87106 codespace ./cli kernel images/4096x40        0   393320   393365   394572 
87108 codespace ./cli kernel images/4096x40        0   393320   393367   394592 
87110 codespace ./cli kernel images/4096x40        0   393320   393369   394628 
87112 codespace ./cli kernel images/4096x40        0   393320   393372   394676 
87114 codespace ./cli kernel images/4096x40        0   393324   393373   394632 
%CPU %MEM ARGS Sun Oct  4 20:33:07 UTC 2026
 0.0  0.0 grep --color=auto ./cli       0  2196
25.0  4.8 ./cli kernel images/4096x40   0 394592
25.2  4.8 ./cli kernel images/4096x40   1 394572
25.2  4.8 ./cli kernel images/4096x40   0 394632
25.2  4.8 ./cli kernel images/4096x40   0 394628
25.5  4.8 ./cli kernel images/4096x40   0 394676
  PID User     Command                         Swap      USS      PSS      RSS 
89474 codespace /usr/bin/python3 /usr/bin/s        0    12100    12331    14588 
87106 codespace ./cli kernel images/4096x40        0   393320   393365   394572 
87108 codespace ./cli kernel images/4096x40        0   393320   393367   394592 
87110 codespace ./cli kernel images/4096x40        0   393320   393369   394628 
87112 codespace ./cli kernel images/4096x40        0   393320   393372   394676 
87114 codespace ./cli kernel images/4096x40        0   393324   393373   394632 
%CPU %MEM ARGS Sun Oct  4 20:33:08 UTC 2026
 0.0  0.0 grep --color=auto ./cli       1  2184
25.0  4.8 ./cli kernel images/4096x40   0 394592
25.1  4.8 ./cli kernel images/4096x40   1 394572
25.2  4.8 ./cli kernel images/4096x40   1 394632
25.2  4.8 ./cli kernel images/4096x40   0 394628
25.4  4.8 ./cli kernel images/4096x40   1 394676
  PID User     Command                         Swap      USS      PSS      RSS 
89481 codespace /usr/bin/python3 /usr/bin/s        0    12080    12302    14496 
87106 codespace ./cli kernel images/4096x40        0   393320   393365   394572 
87108 codespace ./cli kernel images/4096x40        0   393320   393367   394592 
87110 codespace ./cli kernel images/4096x40        0   393320   393369   394628 
87112 codespace ./cli kernel images/4096x40        0   393320   393371   394676 
87114 codespace ./cli kernel images/4096x40        0   393324   393373   394632 
%CPU %MEM ARGS Sun Oct  4 20:33:09 UTC 2026
 0.0  0.0 grep --color=auto ./cli       0  2212
24.9  4.8 ./cli kernel images/4096x40   0 394592
25.1  4.8 ./cli kernel images/4096x40   1 394572
25.1  4.8 ./cli kernel images/4096x40   1 394632
25.2  4.8 ./cli kernel images/4096x40   1 394628
25.4  4.8 ./cli kernel images/4096x40   1 394676
  PID User     Command                         Swap      USS      PSS      RSS 
89492 codespace /usr/bin/python3 /usr/bin/s        0    12088    12313    14532 
87106 codespace ./cli kernel images/4096x40        0   393320   393365   394572 
87108 codespace ./cli kernel images/4096x40        0   393320   393367   394592 
87110 codespace ./cli kernel images/4096x40        0   393320   393369   394628 
87112 codespace ./cli kernel images/4096x40        0   393320   393372   394676 
87114 codespace ./cli kernel images/4096x40        0   393324   393373   394632 
%CPU %MEM ARGS Sun Oct  4 20:33:10 UTC 2026
 0.0  0.0 grep --color=auto ./cli       0  2308
24.9  4.8 ./cli kernel images/4096x40   1 394592
25.0  4.8 ./cli kernel images/4096x40   1 394572
25.1  4.8 ./cli kernel images/4096x40   0 394632
25.2  4.8 ./cli kernel images/4096x40   1 394628
25.4  4.8 ./cli kernel images/4096x40   1 394676
  PID User     Command                         Swap      USS      PSS      RSS 
89498 codespace /usr/bin/python3 /usr/bin/s        0    12076    12300    14488 
87106 codespace ./cli kernel images/4096x40        0   393320   393365   394572 
87108 codespace ./cli kernel images/4096x40        0   393320   393367   394592 
87110 codespace ./cli kernel images/4096x40        0   393320   393369   394628 
87112 codespace ./cli kernel images/4096x40        0   393320   393371   394676 
87114 codespace ./cli kernel images/4096x40        0   393324   393373   394632 
%CPU %MEM ARGS Sun Oct  4 20:33:11 UTC 2026
 0.0  0.0 grep --color=auto ./cli       0  2288
24.9  4.8 ./cli kernel images/4096x40   1 394592
25.0  4.8 ./cli kernel images/4096x40   0 394572
25.0  4.8 ./cli kernel images/4096x40   0 394632
25.1  4.8 ./cli kernel images/4096x40   0 394628
25.3  4.8 ./cli kernel images/4096x40   1 394676
  PID User     Command                         Swap      USS      PSS      RSS 
89507 codespace /usr/bin/python3 /usr/bin/s        0    12072    12287    14488 
87106 codespace ./cli kernel images/4096x40        0   393320   393366   394572 
87108 codespace ./cli kernel images/4096x40        0   393320   393367   394592 
87110 codespace ./cli kernel images/4096x40        0   393320   393369   394628 
87112 codespace ./cli kernel images/4096x40        0   393320   393372   394676 
87114 codespace ./cli kernel images/4096x40        0   393324   393373   394632 
%CPU %MEM ARGS Sun Oct  4 20:33:12 UTC 2026
 0.0  0.0 grep --color=auto ./cli       1  2308
24.8  4.8 ./cli kernel images/4096x40   1 394592
25.0  4.8 ./cli kernel images/4096x40   1 394572
25.0  4.8 ./cli kernel images/4096x40   0 394632
25.1  4.8 ./cli kernel images/4096x40   0 394628
25.3  4.8 ./cli kernel images/4096x40   1 394676
  PID User     Command                         Swap      USS      PSS      RSS 
89522 codespace /usr/bin/python3 /usr/bin/s        0    12080    12295    14496 
87106 codespace ./cli kernel images/4096x40        0   393320   393365   394572 
87108 codespace ./cli kernel images/4096x40        0   393320   393367   394592 
87110 codespace ./cli kernel images/4096x40        0   393320   393369   394628 
87112 codespace ./cli kernel images/4096x40        0   393320   393371   394676 
87114 codespace ./cli kernel images/4096x40        0   393324   393373   394632 
%CPU %MEM ARGS Sun Oct  4 20:33:13 UTC 2026
 0.0  0.0 grep --color=auto ./cli       1  2148
24.8  4.8 ./cli kernel images/4096x40   1 394592
24.9  4.8 ./cli kernel images/4096x40   1 394572
25.0  4.8 ./cli kernel images/4096x40   1 394632
25.1  4.8 ./cli kernel images/4096x40   0 394628
25.2  4.8 ./cli kernel images/4096x40   1 394676
  PID User     Command                         Swap      USS      PSS      RSS 
89528 codespace /usr/bin/python3 /usr/bin/s        0    12088    12315    14536 
87106 codespace ./cli kernel images/4096x40        0   393320   393365   394572 
87108 codespace ./cli kernel images/4096x40        0   393320   393367   394592 
87112 codespace ./cli kernel images/4096x40        0   393320   393368   394676 
87110 codespace ./cli kernel images/4096x40        0   393320   393369   394628 
87114 codespace ./cli kernel images/4096x40        0   393324   393373   394632 
%CPU %MEM ARGS Sun Oct  4 20:33:14 UTC 2026
 0.0  0.0 grep --color=auto ./cli       1  2340
24.7  4.8 ./cli kernel images/4096x40   1 394592
24.9  4.8 ./cli kernel images/4096x40   0 394572
24.9  4.8 ./cli kernel images/4096x40   1 394632
25.1  4.8 ./cli kernel images/4096x40   1 394628
25.2  4.8 ./cli kernel images/4096x40   0 394676
  PID User     Command                         Swap      USS      PSS      RSS 
89540 codespace /usr/bin/python3 /usr/bin/s        0    12084    12319    14604 
87106 codespace ./cli kernel images/4096x40        0   393320   393365   394572 
87108 codespace ./cli kernel images/4096x40        0   393320   393367   394592 
87110 codespace ./cli kernel images/4096x40        0   393320   393369   394628 
87112 codespace ./cli kernel images/4096x40        0   393320   393372   394676 
87114 codespace ./cli kernel images/4096x40        0   393324   393373   394632 
%CPU %MEM ARGS Sun Oct  4 20:33:15 UTC 2026
 0.0  0.0 grep --color=auto ./cli       1  2308
24.7  4.8 ./cli kernel images/4096x40   1 394592
24.9  4.8 ./cli kernel images/4096x40   1 394572
24.9  4.8 ./cli kernel images/4096x40   1 394632
25.0  4.8 ./cli kernel images/4096x40   1 394628
25.2  4.8 ./cli kernel images/4096x40   0 394676
  PID User     Command                         Swap      USS      PSS      RSS 
89546 codespace /usr/bin/python3 /usr/bin/s        0    12104    12323    14516 
87106 codespace ./cli kernel images/4096x40        0   393320   393365   394572 
87108 codespace ./cli kernel images/4096x40        0   393320   393367   394592 
87110 codespace ./cli kernel images/4096x40        0   393320   393369   394628 
87112 codespace ./cli kernel images/4096x40        0   393320   393372   394676 
87114 codespace ./cli kernel images/4096x40        0   393324   393373   394632 
%CPU %MEM ARGS Sun Oct  4 20:33:16 UTC 2026
 0.0  0.0 grep --color=auto ./cli       0  2176
24.7  4.8 ./cli kernel images/4096x40   0 394592
24.8  4.8 ./cli kernel images/4096x40   0 394572
24.9  4.8 ./cli kernel images/4096x40   0 394632
25.0  4.8 ./cli kernel images/4096x40   0 394628
25.2  4.8 ./cli kernel images/4096x40   0 394676
  PID User     Command                         Swap      USS      PSS      RSS 
89552 codespace /usr/bin/python3 /usr/bin/s        0    12080    12296    14496 
87106 codespace ./cli kernel images/4096x40        0   393320   393365   394572 
87108 codespace ./cli kernel images/4096x40        0   393320   393365   394592 
87110 codespace ./cli kernel images/4096x40        0   393320   393367   394628 
87112 codespace ./cli kernel images/4096x40        0   393320   393369   394676 
87114 codespace ./cli kernel images/4096x40        0   393324   393373   394632 
%CPU %MEM ARGS Sun Oct  4 20:33:18 UTC 2026
 0.0  0.0 grep --color=auto ./cli       1  2308
24.6  4.8 ./cli kernel images/4096x40   0 394592
24.7  4.8 ./cli kernel images/4096x40   0 394572
24.8  4.8 ./cli kernel images/4096x40   0 394632
24.9  4.8 ./cli kernel images/4096x40   1 394628
25.1  4.8 ./cli kernel images/4096x40   1 394676
  PID User     Command                         Swap      USS      PSS      RSS 
89587 codespace /usr/bin/python3 /usr/bin/s        0    12080    12293    14504 
87106 codespace ./cli kernel images/4096x40        0   393320   393365   394572 
87108 codespace ./cli kernel images/4096x40        0   393320   393367   394592 
87110 codespace ./cli kernel images/4096x40        0   393320   393369   394628 
87112 codespace ./cli kernel images/4096x40        0   393320   393371   394676 
87114 codespace ./cli kernel images/4096x40        0   393324   393373   394632 
%CPU %MEM ARGS Sun Oct  4 20:33:19 UTC 2026
 0.0  0.0 grep --color=auto ./cli       0  2180
24.6  4.8 ./cli kernel images/4096x40   1 394592
24.7  4.8 ./cli kernel images/4096x40   0 394632
24.8  4.8 ./cli kernel images/4096x40   0 394572
24.9  4.8 ./cli kernel images/4096x40   1 394628
25.0  4.8 ./cli kernel images/4096x40   0 394676
  PID User     Command                         Swap      USS      PSS      RSS 
89593 codespace /usr/bin/python3 /usr/bin/s        0    12084    12298    14500 
87106 codespace ./cli kernel images/4096x40        0   393320   393365   394572 
87108 codespace ./cli kernel images/4096x40        0   393320   393367   394592 
87110 codespace ./cli kernel images/4096x40        0   393320   393369   394628 
87112 codespace ./cli kernel images/4096x40        0   393320   393372   394676 
87114 codespace ./cli kernel images/4096x40        0   393324   393372   394632 
%CPU %MEM ARGS Sun Oct  4 20:33:20 UTC 2026
 0.0  0.0 grep --color=auto ./cli       1  2192
24.5  4.8 ./cli kernel images/4096x40   1 394592
24.7  4.8 ./cli kernel images/4096x40   1 394572
24.8  4.8 ./cli kernel images/4096x40   0 394632
24.8  4.8 ./cli kernel images/4096x40   1 394628
25.0  4.8 ./cli kernel images/4096x40   1 394676
  PID User     Command                         Swap      USS      PSS      RSS 
89606 codespace /usr/bin/python3 /usr/bin/s        0    12072    12287    14488 
87106 codespace ./cli kernel images/4096x40        0   393320   393365   394572 
87108 codespace ./cli kernel images/4096x40        0   393320   393367   394592 
87110 codespace ./cli kernel images/4096x40        0   393320   393369   394628 
87112 codespace ./cli kernel images/4096x40        0   393320   393371   394676 
87114 codespace ./cli kernel images/4096x40        0   393324   393373   394632 
%CPU %MEM ARGS Sun Oct  4 20:33:21 UTC 2026
 0.0  0.0 grep --color=auto ./cli       1  2340
24.5  4.8 ./cli kernel images/4096x40   0 394592
24.7  4.8 ./cli kernel images/4096x40   1 394572
24.7  4.8 ./cli kernel images/4096x40   1 394632
24.8  4.8 ./cli kernel images/4096x40   1 394628
24.9  4.8 ./cli kernel images/4096x40   1 394676
  PID User     Command                         Swap      USS      PSS      RSS 
89612 codespace /usr/bin/python3 /usr/bin/s        0    12076    12296    14488 
87106 codespace ./cli kernel images/4096x40        0   393320   393365   394572 
87108 codespace ./cli kernel images/4096x40        0   393320   393367   394592 
87110 codespace ./cli kernel images/4096x40        0   393320   393369   394628 
87112 codespace ./cli kernel images/4096x40        0   393320   393371   394676 
87114 codespace ./cli kernel images/4096x40        0   393324   393373   394632 
%CPU %MEM ARGS Sun Oct  4 20:33:22 UTC 2026
 0.0  0.0 grep --color=auto ./cli       0  2156
24.5  4.8 ./cli kernel images/4096x40   0 394592
24.7  4.8 ./cli kernel images/4096x40   0 394572
24.7  4.8 ./cli kernel images/4096x40   1 394632
24.7  4.8 ./cli kernel images/4096x40   1 394628
24.9  4.8 ./cli kernel images/4096x40   1 394676
  PID User     Command                         Swap      USS      PSS      RSS 
89618 codespace /usr/bin/python3 /usr/bin/s        0    12088    12319    14536 
87106 codespace ./cli kernel images/4096x40        0   393320   393365   394572 
87108 codespace ./cli kernel images/4096x40        0   393320   393366   394592 
87112 codespace ./cli kernel images/4096x40        0   393320   393367   394676 
87110 codespace ./cli kernel images/4096x40        0   393320   393369   394628 
87114 codespace ./cli kernel images/4096x40        0   393324   393373   394632 
%CPU %MEM ARGS Sun Oct  4 20:33:23 UTC 2026
 0.0  0.0 grep --color=auto ./cli       1  2304
24.5  4.8 ./cli kernel images/4096x40   1 394592
24.6  4.8 ./cli kernel images/4096x40   1 394572
24.6  4.8 ./cli kernel images/4096x40   1 394632
24.7  4.8 ./cli kernel images/4096x40   1 394628
24.9  4.8 ./cli kernel images/4096x40   0 394676
  PID User     Command                         Swap      USS      PSS      RSS 
89634 codespace /usr/bin/python3 /usr/bin/s        0    12048    12264    14464 
87106 codespace ./cli kernel images/4096x40        0   393320   393365   394572 
87108 codespace ./cli kernel images/4096x40        0   393320   393367   394592 
87110 codespace ./cli kernel images/4096x40        0   393320   393369   394628 
87112 codespace ./cli kernel images/4096x40        0   393320   393372   394676 
87114 codespace ./cli kernel images/4096x40        0   393324   393373   394632 
%CPU %MEM ARGS Sun Oct  4 20:33:24 UTC 2026
 0.0  0.0 grep --color=auto ./cli       1  2176
24.4  4.8 ./cli kernel images/4096x40   0 394592
24.6  4.8 ./cli kernel images/4096x40   0 394572
24.6  4.8 ./cli kernel images/4096x40   0 394632
24.7  4.8 ./cli kernel images/4096x40   1 394628
24.8  4.8 ./cli kernel images/4096x40   0 394676
  PID User     Command                         Swap      USS      PSS      RSS 
89640 codespace /usr/bin/python3 /usr/bin/s        0    12104    12347    14604 
87106 codespace ./cli kernel images/4096x40        0   393320   393365   394572 
87108 codespace ./cli kernel images/4096x40        0   393320   393367   394592 
87110 codespace ./cli kernel images/4096x40        0   393320   393369   394628 
87112 codespace ./cli kernel images/4096x40        0   393320   393372   394676 
87114 codespace ./cli kernel images/4096x40        0   393324   393373   394632 
%CPU %MEM ARGS Sun Oct  4 20:33:25 UTC 2026
 0.0  0.0 grep --color=auto ./cli       1  2200
24.4  4.8 ./cli kernel images/4096x40   0 394592
24.5  4.8 ./cli kernel images/4096x40   1 394572
24.6  4.8 ./cli kernel images/4096x40   1 394632
24.6  4.8 ./cli kernel images/4096x40   1 394628
24.8  4.8 ./cli kernel images/4096x40   1 394676
  PID User     Command                         Swap      USS      PSS      RSS 
89646 codespace /usr/bin/python3 /usr/bin/s        0    12076    12263    14556 
87106 codespace ./cli kernel images/4096x40        0   393320   393365   394572 
87108 codespace ./cli kernel images/4096x40        0   393320   393367   394592 
87114 codespace ./cli kernel images/4096x40        0   393324   393368   394632 
87110 codespace ./cli kernel images/4096x40        0   393320   393369   394628 
87112 codespace ./cli kernel images/4096x40        0   393320   393371   394676 
%CPU %MEM ARGS Sun Oct  4 20:33:26 UTC 2026
 0.0  0.0 grep --color=auto ./cli       1  2292
24.5  4.8 ./cli kernel images/4096x40   1 394592
24.5  4.8 ./cli kernel images/4096x40   1 394572
24.5  4.8 ./cli kernel images/4096x40   0 394632
24.6  4.8 ./cli kernel images/4096x40   1 394628
24.8  4.8 ./cli kernel images/4096x40   0 394676
  PID User     Command                         Swap      USS      PSS      RSS 
89658 codespace /usr/bin/python3 /usr/bin/s        0    12112    12352    14604 
87106 codespace ./cli kernel images/4096x40        0   393320   393365   394572 
87108 codespace ./cli kernel images/4096x40        0   393320   393367   394592 
87110 codespace ./cli kernel images/4096x40        0   393320   393369   394628 
87112 codespace ./cli kernel images/4096x40        0   393320   393372   394676 
87114 codespace ./cli kernel images/4096x40        0   393324   393373   394632 
%CPU %MEM ARGS Sun Oct  4 20:33:27 UTC 2026
 0.0  0.0 grep --color=auto ./cli       1  2208
24.4  4.8 ./cli kernel images/4096x40   1 394592
24.5  4.8 ./cli kernel images/4096x40   0 394572
24.5  4.8 ./cli kernel images/4096x40   1 394632
24.5  4.8 ./cli kernel images/4096x40   1 394628
24.8  4.8 ./cli kernel images/4096x40   1 394676
  PID User     Command                         Swap      USS      PSS      RSS 
89664 codespace /usr/bin/python3 /usr/bin/s        0    12088    12313    14532 
87106 codespace ./cli kernel images/4096x40        0   393320   393365   394572 
87108 codespace ./cli kernel images/4096x40        0   393320   393367   394592 
87110 codespace ./cli kernel images/4096x40        0   393320   393369   394628 
87112 codespace ./cli kernel images/4096x40        0   393320   393369   394676 
87114 codespace ./cli kernel images/4096x40        0   393324   393373   394632 
%CPU %MEM ARGS Sun Oct  4 20:33:28 UTC 2026
 0.0  0.0 grep --color=auto ./cli       1  2172
24.4  4.8 ./cli kernel images/4096x40   1 394592
24.4  4.8 ./cli kernel images/4096x40   1 394572
24.4  4.8 ./cli kernel images/4096x40   1 394632
24.5  4.8 ./cli kernel images/4096x40   1 394628
24.7  4.8 ./cli kernel images/4096x40   0 394676
  PID User     Command                         Swap      USS      PSS      RSS 
89691 codespace /usr/bin/python3 /usr/bin/s        0    12080    12295    14496 
87106 codespace ./cli kernel images/4096x40        0   393320   393363   394572 
87108 codespace ./cli kernel images/4096x40        0   393320   393364   394592 
87110 codespace ./cli kernel images/4096x40        0   393320   393367   394628 
87112 codespace ./cli kernel images/4096x40        0   393320   393369   394676 
87114 codespace ./cli kernel images/4096x40        0   393324   393372   394632 
%CPU %MEM ARGS Sun Oct  4 20:33:29 UTC 2026
 0.0  0.0 grep --color=auto ./cli       0  2292
24.3  4.8 ./cli kernel images/4096x40   1 394592
24.4  4.8 ./cli kernel images/4096x40   1 394572
24.4  4.8 ./cli kernel images/4096x40   1 394632
24.4  4.8 ./cli kernel images/4096x40   0 394628
24.7  4.8 ./cli kernel images/4096x40   0 394676
  PID User     Command                         Swap      USS      PSS      RSS 
89712 codespace /usr/bin/python3 /usr/bin/s        0    12076    12292    14492 
87106 codespace ./cli kernel images/4096x40        0   393320   393365   394572 
87108 codespace ./cli kernel images/4096x40        0   393320   393367   394592 
87110 codespace ./cli kernel images/4096x40        0   393320   393369   394628 
87112 codespace ./cli kernel images/4096x40        0   393320   393372   394676 
87114 codespace ./cli kernel images/4096x40        0   393324   393373   394632 
%CPU %MEM ARGS Sun Oct  4 20:33:30 UTC 2026
 0.0  0.0 grep --color=auto ./cli       1  2208
24.3  4.8 ./cli kernel images/4096x40   1 394592
24.4  4.8 ./cli kernel images/4096x40   1 394632
24.4  4.8 ./cli kernel images/4096x40   0 394572
24.4  4.8 ./cli kernel images/4096x40   1 394628
24.6  4.8 ./cli kernel images/4096x40   1 394676
  PID User     Command                         Swap      USS      PSS      RSS 
89718 codespace /usr/bin/python3 /usr/bin/s        0    12084    12310    14528 
87106 codespace ./cli kernel images/4096x40        0   393320   393365   394572 
87108 codespace ./cli kernel images/4096x40        0   393320   393367   394592 
87110 codespace ./cli kernel images/4096x40        0   393320   393369   394628 
87112 codespace ./cli kernel images/4096x40        0   393320   393372   394676 
87114 codespace ./cli kernel images/4096x40        0   393324   393373   394632 
%CPU %MEM ARGS Sun Oct  4 20:33:31 UTC 2026
 0.0  0.0 grep --color=auto ./cli       1  2152
24.2  4.8 ./cli kernel images/4096x40   1 394592
24.3  4.8 ./cli kernel images/4096x40   1 394632
24.4  4.8 ./cli kernel images/4096x40   1 394572
24.4  4.8 ./cli kernel images/4096x40   1 394628
24.6  4.8 ./cli kernel images/4096x40   0 394676
  PID User     Command                         Swap      USS      PSS      RSS 
89724 codespace /usr/bin/python3 /usr/bin/s        0    12076    12288    14472 
87106 codespace ./cli kernel images/4096x40        0   393320   393363   394572 
87108 codespace ./cli kernel images/4096x40        0   393320   393367   394592 
87110 codespace ./cli kernel images/4096x40        0   393320   393369   394628 
87112 codespace ./cli kernel images/4096x40        0   393320   393372   394676 
87114 codespace ./cli kernel images/4096x40        0   393324   393373   394632 
%CPU %MEM ARGS Sun Oct  4 20:33:32 UTC 2026
 0.0  0.0 grep --color=auto ./cli       1  2156
24.2  4.8 ./cli kernel images/4096x40   0 394592
24.3  4.8 ./cli kernel images/4096x40   0 394632
24.3  4.8 ./cli kernel images/4096x40   0 394628
24.3  4.8 ./cli kernel images/4096x40   0 394572
24.6  4.8 ./cli kernel images/4096x40   1 394676
  PID User     Command                         Swap      USS      PSS      RSS 
89736 codespace /usr/bin/python3 /usr/bin/s        0    12080    12300    14560 
87106 codespace ./cli kernel images/4096x40        0   393320   393365   394572 
87108 codespace ./cli kernel images/4096x40        0   393320   393367   394592 
87110 codespace ./cli kernel images/4096x40        0   393320   393369   394628 
87112 codespace ./cli kernel images/4096x40        0   393320   393371   394676 
87114 codespace ./cli kernel images/4096x40        0   393324   393373   394632 
%CPU %MEM ARGS Sun Oct  4 20:33:33 UTC 2026
 0.0  0.0 grep --color=auto ./cli       1  2292
24.2  4.8 ./cli kernel images/4096x40   0 394592
24.3  4.8 ./cli kernel images/4096x40   1 394632
24.3  4.8 ./cli kernel images/4096x40   0 394628
24.3  4.8 ./cli kernel images/4096x40   0 394572
24.6  4.8 ./cli kernel images/4096x40   0 394676
  PID User     Command                         Swap      USS      PSS      RSS 
89742 codespace /usr/bin/python3 /usr/bin/s        0    12080    12300    14560 
87106 codespace ./cli kernel images/4096x40        0   393320   393365   394572 
87108 codespace ./cli kernel images/4096x40        0   393320   393367   394592 
87110 codespace ./cli kernel images/4096x40        0   393320   393369   394628 
87112 codespace ./cli kernel images/4096x40        0   393320   393371   394676 
87114 codespace ./cli kernel images/4096x40        0   393324   393373   394632 
%CPU %MEM ARGS Sun Oct  4 20:33:34 UTC 2026
 0.0  0.0 grep --color=auto ./cli       1  2136
24.1  4.8 ./cli kernel images/4096x40   0 394592
24.2  4.8 ./cli kernel images/4096x40   1 394632
24.3  4.8 ./cli kernel images/4096x40   0 394628
24.3  4.8 ./cli kernel images/4096x40   0 394572
24.6  4.8 ./cli kernel images/4096x40   0 394676
  PID User     Command                         Swap      USS      PSS      RSS 
89748 codespace /usr/bin/python3 /usr/bin/s        0    12080    12300    14492 
87106 codespace ./cli kernel images/4096x40        0   393320   393365   394572 
87108 codespace ./cli kernel images/4096x40        0   393320   393367   394592 
87110 codespace ./cli kernel images/4096x40        0   393320   393369   394628 
87112 codespace ./cli kernel images/4096x40        0   393320   393372   394676 
87114 codespace ./cli kernel images/4096x40        0   393324   393373   394632 
%CPU %MEM ARGS Sun Oct  4 20:33:35 UTC 2026
 0.0  0.0 grep --color=auto ./cli       0  2176
24.1  4.8 ./cli kernel images/4096x40   1 394592
24.2  4.8 ./cli kernel images/4096x40   1 394632
24.2  4.8 ./cli kernel images/4096x40   1 394628
24.2  4.8 ./cli kernel images/4096x40   0 394572
24.5  4.8 ./cli kernel images/4096x40   1 394676
  PID User     Command                         Swap      USS      PSS      RSS 
89766 codespace /usr/bin/python3 /usr/bin/s        0    12104    12335    14588 
87106 codespace ./cli kernel images/4096x40        0   393320   393365   394572 
87108 codespace ./cli kernel images/4096x40        0   393320   393367   394592 
87110 codespace ./cli kernel images/4096x40        0   393320   393369   394628 
87112 codespace ./cli kernel images/4096x40        0   393320   393372   394676 
87114 codespace ./cli kernel images/4096x40        0   393324   393373   394632 
%CPU %MEM ARGS Sun Oct  4 20:33:36 UTC 2026
 0.0  0.0 grep --color=auto ./cli       0  2296
24.1  4.8 ./cli kernel images/4096x40   0 394592
24.2  4.8 ./cli kernel images/4096x40   1 394632
24.2  4.8 ./cli kernel images/4096x40   0 394628
24.2  4.8 ./cli kernel images/4096x40   0 394572
24.5  4.8 ./cli kernel images/4096x40   0 394676
  PID User     Command                         Swap      USS      PSS      RSS 
89772 codespace /usr/bin/python3 /usr/bin/s        0    12080    12303    14564 
87106 codespace ./cli kernel images/4096x40        0   393320   393365   394572 
87108 codespace ./cli kernel images/4096x40        0   393320   393367   394592 
87110 codespace ./cli kernel images/4096x40        0   393320   393369   394628 
87112 codespace ./cli kernel images/4096x40        0   393320   393371   394676 
87114 codespace ./cli kernel images/4096x40        0   393324   393373   394632 
%CPU %MEM ARGS Sun Oct  4 20:33:37 UTC 2026
 0.0  0.0 grep --color=auto ./cli       0  2252
24.0  4.8 ./cli kernel images/4096x40   1 394592
24.1  4.8 ./cli kernel images/4096x40   0 394628
24.2  4.8 ./cli kernel images/4096x40   1 394572
24.2  4.8 ./cli kernel images/4096x40   0 394632
24.4  4.8 ./cli kernel images/4096x40   0 394676
  PID User     Command                         Swap      USS      PSS      RSS 
89781 codespace /usr/bin/python3 /usr/bin/s        0    12112    12353    14604 
87106 codespace ./cli kernel images/4096x40        0   393320   393365   394572 
87108 codespace ./cli kernel images/4096x40        0   393320   393367   394592 
87110 codespace ./cli kernel images/4096x40        0   393320   393369   394628 
87112 codespace ./cli kernel images/4096x40        0   393320   393372   394676 
87114 codespace ./cli kernel images/4096x40        0   393324   393373   394632 
%CPU %MEM ARGS Sun Oct  4 20:33:39 UTC 2026
 0.0  0.0 grep --color=auto ./cli       0  2252
24.0  4.8 ./cli kernel images/4096x40   1 394592
24.1  4.8 ./cli kernel images/4096x40   1 394628
24.1  4.8 ./cli kernel images/4096x40   0 394572
24.2  4.8 ./cli kernel images/4096x40   0 394632
24.4  4.8 ./cli kernel images/4096x40   0 394676
  PID User     Command                         Swap      USS      PSS      RSS 
89808 codespace /usr/bin/python3 /usr/bin/s        0    12076    12296    14488 
87106 codespace ./cli kernel images/4096x40        0   393320   393365   394572 
87108 codespace ./cli kernel images/4096x40        0   393320   393367   394592 
87110 codespace ./cli kernel images/4096x40        0   393320   393369   394628 
87112 codespace ./cli kernel images/4096x40        0   393320   393371   394676 
87114 codespace ./cli kernel images/4096x40        0   393324   393373   394632 
%CPU %MEM ARGS Sun Oct  4 20:33:39 UTC 2026
 0.0  0.0 grep --color=auto ./cli       1  2156
24.0  4.8 ./cli kernel images/4096x40   1 394592
24.1  4.8 ./cli kernel images/4096x40   1 394572
24.1  4.8 ./cli kernel images/4096x40   0 394628
24.1  4.8 ./cli kernel images/4096x40   1 394632
24.4  4.8 ./cli kernel images/4096x40   1 394676
  PID User     Command                         Swap      USS      PSS      RSS 
89814 codespace /usr/bin/python3 /usr/bin/s        0    12080    12274    14492 
87106 codespace ./cli kernel images/4096x40        0   393320   393365   394572 
87108 codespace ./cli kernel images/4096x40        0   393320   393367   394592 
87110 codespace ./cli kernel images/4096x40        0   393320   393369   394628 
87114 codespace ./cli kernel images/4096x40        0   393324   393371   394632 
87112 codespace ./cli kernel images/4096x40        0   393320   393372   394676 
%CPU %MEM ARGS Sun Oct  4 20:33:40 UTC 2026
 0.0  0.0 grep --color=auto ./cli       1  2172
23.9  4.8 ./cli kernel images/4096x40   0 394592
24.1  4.8 ./cli kernel images/4096x40   0 394572
24.1  4.8 ./cli kernel images/4096x40   0 394632
24.1  4.8 ./cli kernel images/4096x40   1 394628
24.3  4.8 ./cli kernel images/4096x40   0 394676
  PID User     Command                         Swap      USS      PSS      RSS 
89832 codespace /usr/bin/python3 /usr/bin/s        0    12080    12307    14556 
87106 codespace ./cli kernel images/4096x40        0   393320   393365   394572 
87108 codespace ./cli kernel images/4096x40        0   393320   393367   394592 
87110 codespace ./cli kernel images/4096x40        0   393320   393369   394628 
87112 codespace ./cli kernel images/4096x40        0   393320   393371   394676 
87114 codespace ./cli kernel images/4096x40        0   393324   393373   394632 
%CPU %MEM ARGS Sun Oct  4 20:33:41 UTC 2026
 0.0  0.0 grep --color=auto ./cli       1  2340
23.9  4.8 ./cli kernel images/4096x40   1 394592
24.0  4.8 ./cli kernel images/4096x40   1 394632
24.1  4.8 ./cli kernel images/4096x40   1 394628
24.1  4.8 ./cli kernel images/4096x40   0 394572
24.3  4.8 ./cli kernel images/4096x40   1 394676
  PID User     Command                         Swap      USS      PSS      RSS 
89838 codespace /usr/bin/python3 /usr/bin/s        0    12088    12315    14532 
87106 codespace ./cli kernel images/4096x40        0   393320   393365   394572 
87108 codespace ./cli kernel images/4096x40        0   393320   393367   394592 
87110 codespace ./cli kernel images/4096x40        0   393320   393369   394628 
87112 codespace ./cli kernel images/4096x40        0   393320   393372   394676 
87114 codespace ./cli kernel images/4096x40        0   393324   393373   394632 
%CPU %MEM ARGS Sun Oct  4 20:33:42 UTC 2026
 0.0  0.0 grep --color=auto ./cli       0  2208
23.9  4.8 ./cli kernel images/4096x40   1 394592
24.0  4.8 ./cli kernel images/4096x40   1 394632
24.0  4.8 ./cli kernel images/4096x40   1 394628
24.1  4.8 ./cli kernel images/4096x40   0 394572
24.2  4.8 ./cli kernel images/4096x40   1 394676
  PID User     Command                         Swap      USS      PSS      RSS 
89844 codespace /usr/bin/python3 /usr/bin/s        0    12132    12367    14676 
87110 codespace ./cli kernel images/4096x40        0   393320   393364   394628 
87106 codespace ./cli kernel images/4096x40        0   393320   393365   394572 
87108 codespace ./cli kernel images/4096x40        0   393320   393367   394592 
87112 codespace ./cli kernel images/4096x40        0   393320   393372   394676 
87114 codespace ./cli kernel images/4096x40        0   393324   393373   394632 
%CPU %MEM ARGS Sun Oct  4 20:33:43 UTC 2026
 0.0  0.0 grep --color=auto ./cli       0  2212
23.8  4.8 ./cli kernel images/4096x40   0 394592
24.0  4.8 ./cli kernel images/4096x40   0 394628
24.0  4.8 ./cli kernel images/4096x40   0 394632
24.1  4.8 ./cli kernel images/4096x40   1 394572
24.2  4.8 ./cli kernel images/4096x40   1 394676
  PID User     Command                         Swap      USS      PSS      RSS 
89856 codespace /usr/bin/python3 /usr/bin/s        0    12076    12290    14492 
87106 codespace ./cli kernel images/4096x40        0   393320   393365   394572 
87108 codespace ./cli kernel images/4096x40        0   393320   393367   394592 
87110 codespace ./cli kernel images/4096x40        0   393320   393369   394628 
87112 codespace ./cli kernel images/4096x40        0   393320   393371   394676 
87114 codespace ./cli kernel images/4096x40        0   393324   393373   394632 
%CPU %MEM ARGS Sun Oct  4 20:33:44 UTC 2026
 0.0  0.0 grep --color=auto ./cli       0  2208
23.8  4.8 ./cli kernel images/4096x40   0 394592
24.0  4.8 ./cli kernel images/4096x40   0 394628
24.0  4.8 ./cli kernel images/4096x40   1 394632
24.0  4.8 ./cli kernel images/4096x40   0 394572
24.2  4.8 ./cli kernel images/4096x40   0 394676
  PID User     Command                         Swap      USS      PSS      RSS 
89862 codespace /usr/bin/python3 /usr/bin/s        0    12076    12290    14492 
87106 codespace ./cli kernel images/4096x40        0   393320   393365   394572 
87108 codespace ./cli kernel images/4096x40        0   393320   393367   394592 
87110 codespace ./cli kernel images/4096x40        0   393320   393369   394628 
87112 codespace ./cli kernel images/4096x40        0   393320   393372   394676 
87114 codespace ./cli kernel images/4096x40        0   393324   393373   394632 
%CPU %MEM ARGS Sun Oct  4 20:33:45 UTC 2026
 0.0  0.0 grep --color=auto ./cli       1  2148
23.8  4.8 ./cli kernel images/4096x40   1 394592
23.9  4.8 ./cli kernel images/4096x40   0 394628
24.0  4.8 ./cli kernel images/4096x40   0 394632
24.0  4.8 ./cli kernel images/4096x40   0 394572
24.2  4.8 ./cli kernel images/4096x40   1 394676
  PID User     Command                         Swap      USS      PSS      RSS 
89867 codespace /usr/bin/python3 /usr/bin/s        0    12064    12266    14516 
87106 codespace ./cli kernel images/4096x40        0   393320   393365   394572 
87108 codespace ./cli kernel images/4096x40        0   393320   393367   394592 
87110 codespace ./cli kernel images/4096x40        0   393320   393367   394628 
87112 codespace ./cli kernel images/4096x40        0   393320   393369   394676 
87114 codespace ./cli kernel images/4096x40        0   393324   393370   394632 
%CPU %MEM ARGS Sun Oct  4 20:33:46 UTC 2026
 0.0  0.0 grep --color=auto ./cli       0  2304
23.7  4.8 ./cli kernel images/4096x40   0 394592
23.9  4.8 ./cli kernel images/4096x40   0 394628
23.9  4.8 ./cli kernel images/4096x40   0 394632
24.0  4.8 ./cli kernel images/4096x40   0 394572
24.2  4.8 ./cli kernel images/4096x40   1 394676
  PID User     Command                         Swap      USS      PSS      RSS 
89886 codespace /usr/bin/python3 /usr/bin/s        0    12080    12306    14560 
87106 codespace ./cli kernel images/4096x40        0   393320   393365   394572 
87108 codespace ./cli kernel images/4096x40        0   393320   393367   394592 
87110 codespace ./cli kernel images/4096x40        0   393320   393369   394628 
87112 codespace ./cli kernel images/4096x40        0   393320   393371   394676 
87114 codespace ./cli kernel images/4096x40        0   393324   393373   394632 
%CPU %MEM ARGS Sun Oct  4 20:33:47 UTC 2026
 0.0  0.0 grep --color=auto ./cli       0  2184
23.7  4.8 ./cli kernel images/4096x40   0 394592
23.9  4.8 ./cli kernel images/4096x40   0 394628
23.9  4.8 ./cli kernel images/4096x40   0 394632
23.9  4.8 ./cli kernel images/4096x40   0 394572
24.2  4.8 ./cli kernel images/4096x40   1 394676
  PID User     Command                         Swap      USS      PSS      RSS 
89892 codespace /usr/bin/python3 /usr/bin/s        0    12080    12297    14492 
87106 codespace ./cli kernel images/4096x40        0   393320   393365   394572 
87108 codespace ./cli kernel images/4096x40        0   393320   393367   394592 
87110 codespace ./cli kernel images/4096x40        0   393320   393369   394628 
87112 codespace ./cli kernel images/4096x40        0   393320   393372   394676 
87114 codespace ./cli kernel images/4096x40        0   393324   393373   394632 
%CPU %MEM ARGS Sun Oct  4 20:33:48 UTC 2026
 0.0  0.0 grep --color=auto ./cli       1  2208
23.7  4.8 ./cli kernel images/4096x40   1 394592
23.8  4.8 ./cli kernel images/4096x40   1 394628
23.9  4.8 ./cli kernel images/4096x40   0 394632
23.9  4.8 ./cli kernel images/4096x40   1 394572
24.2  4.8 ./cli kernel images/4096x40   1 394676
  PID User     Command                         Swap      USS      PSS      RSS 
89898 codespace /usr/bin/python3 /usr/bin/s        0    12104    12337    14644 
87106 codespace ./cli kernel images/4096x40        0   393320   393365   394572 
87108 codespace ./cli kernel images/4096x40        0   393320   393365   394592 
87110 codespace ./cli kernel images/4096x40        0   393320   393369   394628 
87112 codespace ./cli kernel images/4096x40        0   393320   393372   394676 
87114 codespace ./cli kernel images/4096x40        0   393324   393373   394632 
%CPU %MEM ARGS Sun Oct  4 20:33:50 UTC 2026
 0.0  0.0 grep --color=auto ./cli       1  2200
23.7  4.8 ./cli kernel images/4096x40   1 394592
23.8  4.8 ./cli kernel images/4096x40   0 394628
23.9  4.8 ./cli kernel images/4096x40   0 394572
23.9  4.8 ./cli kernel images/4096x40   0 394632
24.1  4.8 ./cli kernel images/4096x40   0 394676
  PID User     Command                         Swap      USS      PSS      RSS 
89929 codespace /usr/bin/python3 /usr/bin/s        0    12100    12331    14584 
87106 codespace ./cli kernel images/4096x40        0   393320   393365   394572 
87108 codespace ./cli kernel images/4096x40        0   393320   393367   394592 
87110 codespace ./cli kernel images/4096x40        0   393320   393369   394628 
87112 codespace ./cli kernel images/4096x40        0   393320   393372   394676 
87114 codespace ./cli kernel images/4096x40        0   393324   393373   394632 
%CPU %MEM ARGS Sun Oct  4 20:33:51 UTC 2026
 0.0  0.0 grep --color=auto ./cli       1  2160
23.7  4.8 ./cli kernel images/4096x40   1 394592
23.7  4.8 ./cli kernel images/4096x40   1 394628
23.8  4.8 ./cli kernel images/4096x40   0 394572
23.8  4.8 ./cli kernel images/4096x40   1 394632
24.1  4.8 ./cli kernel images/4096x40   0 394676
  PID User     Command                         Swap      USS      PSS      RSS 
89935 codespace /usr/bin/python3 /usr/bin/s        0    12080    12273    14500 
87106 codespace ./cli kernel images/4096x40        0   393320   393365   394572 
87108 codespace ./cli kernel images/4096x40        0   393320   393367   394592 
87110 codespace ./cli kernel images/4096x40        0   393320   393368   394628 
87112 codespace ./cli kernel images/4096x40        0   393320   393369   394676 
87114 codespace ./cli kernel images/4096x40        0   393324   393371   394632 
%CPU %MEM ARGS Sun Oct  4 20:33:52 UTC 2026
 0.0  0.0 grep --color=auto ./cli       0  2248
23.7  4.8 ./cli kernel images/4096x40   0 394592
23.7  4.8 ./cli kernel images/4096x40   0 394628
23.8  4.8 ./cli kernel images/4096x40   1 394572
23.8  4.8 ./cli kernel images/4096x40   1 394632
24.1  4.8 ./cli kernel images/4096x40   0 394676
  PID User     Command                         Swap      USS      PSS      RSS 
89953 codespace /usr/bin/python3 /usr/bin/s        0    12080    12318    14608 
87106 codespace ./cli kernel images/4096x40        0   393320   393365   394572 
87108 codespace ./cli kernel images/4096x40        0   393320   393367   394592 
87110 codespace ./cli kernel images/4096x40        0   393320   393369   394628 
87112 codespace ./cli kernel images/4096x40        0   393320   393372   394676 
87114 codespace ./cli kernel images/4096x40        0   393324   393373   394632 
%CPU %MEM ARGS Sun Oct  4 20:33:53 UTC 2026
 0.0  0.0 grep --color=auto ./cli       1  2208
23.7  4.8 ./cli kernel images/4096x40   0 394592
23.7  4.8 ./cli kernel images/4096x40   0 394628
23.8  4.8 ./cli kernel images/4096x40   0 394572
23.8  4.8 ./cli kernel images/4096x40   0 394632
24.1  4.8 ./cli kernel images/4096x40   1 394676
  PID User     Command                         Swap      USS      PSS      RSS 
89959 codespace /usr/bin/python3 /usr/bin/s        0    12088    12314    14536 
87106 codespace ./cli kernel images/4096x40        0   393320   393365   394572 
87108 codespace ./cli kernel images/4096x40        0   393320   393367   394592 
87110 codespace ./cli kernel images/4096x40        0   393320   393369   394628 
87112 codespace ./cli kernel images/4096x40        0   393320   393372   394676 
87114 codespace ./cli kernel images/4096x40        0   393324   393373   394632 
%CPU %MEM ARGS Sun Oct  4 20:33:54 UTC 2026
 0.0  0.0 grep --color=auto ./cli       0  2344
23.6  4.8 ./cli kernel images/4096x40   1 394592
23.7  4.8 ./cli kernel images/4096x40   0 394628
23.7  4.8 ./cli kernel images/4096x40   0 394572
23.7  4.8 ./cli kernel images/4096x40   0 394632
24.1  4.8 ./cli kernel images/4096x40   1 394676
  PID User     Command                         Swap      USS      PSS      RSS 
89965 codespace /usr/bin/python3 /usr/bin/s        0    12072    12299    14536 
87106 codespace ./cli kernel images/4096x40        0   393320   393365   394572 
87108 codespace ./cli kernel images/4096x40        0   393320   393367   394592 
87110 codespace ./cli kernel images/4096x40        0   393320   393367   394628 
87112 codespace ./cli kernel images/4096x40        0   393320   393372   394676 
87114 codespace ./cli kernel images/4096x40        0   393324   393373   394632 
%CPU %MEM ARGS Sun Oct  4 20:33:55 UTC 2026
 0.0  0.0 grep --color=auto ./cli       0  2172
23.6  4.8 ./cli kernel images/4096x40   1 394628
23.6  4.8 ./cli kernel images/4096x40   0 394592
23.7  4.8 ./cli kernel images/4096x40   1 394572
23.7  4.8 ./cli kernel images/4096x40   1 394632
24.1  4.8 ./cli kernel images/4096x40   0 394676
  PID User     Command                         Swap      USS      PSS      RSS 
89977 codespace /usr/bin/python3 /usr/bin/s        0    12076    12313    14624 
87106 codespace ./cli kernel images/4096x40        0   393320   393365   394572 
87108 codespace ./cli kernel images/4096x40        0   393320   393367   394592 
87110 codespace ./cli kernel images/4096x40        0   393320   393369   394628 
87112 codespace ./cli kernel images/4096x40        0   393320   393372   394676 
87114 codespace ./cli kernel images/4096x40        0   393324   393373   394632 
%CPU %MEM ARGS Sun Oct  4 20:33:56 UTC 2026
 0.0  0.0 grep --color=auto ./cli       1  2172
23.6  4.8 ./cli kernel images/4096x40   1 394628
23.6  4.8 ./cli kernel images/4096x40   0 394592
23.7  4.8 ./cli kernel images/4096x40   1 394572
23.8  4.8 ./cli kernel images/4096x40   1 394632
24.0  4.8 ./cli kernel images/4096x40   0 394676
  PID User     Command                         Swap      USS      PSS      RSS 
89983 codespace /usr/bin/python3 /usr/bin/s        0    12072    12288    14488 
87106 codespace ./cli kernel images/4096x40        0   393320   393365   394572 
87108 codespace ./cli kernel images/4096x40        0   393320   393367   394592 
87110 codespace ./cli kernel images/4096x40        0   393320   393369   394628 
87112 codespace ./cli kernel images/4096x40        0   393320   393373   394676 
87114 codespace ./cli kernel images/4096x40        0   393324   393373   394632 
%CPU %MEM ARGS Sun Oct  4 20:33:57 UTC 2026
 0.0  0.0 grep --color=auto ./cli       1  2296
23.6  4.8 ./cli kernel images/4096x40   1 394628
23.6  4.8 ./cli kernel images/4096x40   0 394592
23.6  4.8 ./cli kernel images/4096x40   1 394572
23.7  4.8 ./cli kernel images/4096x40   1 394632
24.0  4.8 ./cli kernel images/4096x40   1 394676
  PID User     Command                         Swap      USS      PSS      RSS 
89989 codespace /usr/bin/python3 /usr/bin/s        0    12084    12286    14584 
87106 codespace ./cli kernel images/4096x40        0   393320   393360   394572 
87108 codespace ./cli kernel images/4096x40        0   393320   393362   394592 
87110 codespace ./cli kernel images/4096x40        0   393320   393367   394628 
87112 codespace ./cli kernel images/4096x40        0   393320   393369   394676 
87114 codespace ./cli kernel images/4096x40        0   393324   393371   394632 
%CPU %MEM ARGS Sun Oct  4 20:33:58 UTC 2026
 0.0  0.0 grep --color=auto ./cli       0  2344
23.5  4.8 ./cli kernel images/4096x40   1 394628
23.6  4.8 ./cli kernel images/4096x40   1 394592
23.6  4.8 ./cli kernel images/4096x40   1 394572
23.7  4.8 ./cli kernel images/4096x40   1 394632
24.0  4.8 ./cli kernel images/4096x40   1 394676
  PID User     Command                         Swap      USS      PSS      RSS 
90007 codespace /usr/bin/python3 /usr/bin/s        0    12080    12304    14492 
87106 codespace ./cli kernel images/4096x40        0   393320   393365   394572 
87108 codespace ./cli kernel images/4096x40        0   393320   393367   394592 
87110 codespace ./cli kernel images/4096x40        0   393320   393369   394628 
87112 codespace ./cli kernel images/4096x40        0   393320   393371   394676 
87114 codespace ./cli kernel images/4096x40        0   393324   393373   394632 
%CPU %MEM ARGS Sun Oct  4 20:33:59 UTC 2026
 0.0  0.0 grep --color=auto ./cli       0  2172
23.5  4.8 ./cli kernel images/4096x40   0 394628
23.6  4.8 ./cli kernel images/4096x40   0 394572
23.6  4.8 ./cli kernel images/4096x40   1 394592
23.7  4.8 ./cli kernel images/4096x40   0 394632
24.0  4.8 ./cli kernel images/4096x40   0 394676
  PID User     Command                         Swap      USS      PSS      RSS 
90013 codespace /usr/bin/python3 /usr/bin/s        0    12076    12314    14604 
87106 codespace ./cli kernel images/4096x40        0   393320   393365   394572 
87108 codespace ./cli kernel images/4096x40        0   393320   393367   394592 
87110 codespace ./cli kernel images/4096x40        0   393320   393369   394628 
87112 codespace ./cli kernel images/4096x40        0   393320   393372   394676 
87114 codespace ./cli kernel images/4096x40        0   393324   393373   394632 
%CPU %MEM ARGS Sun Oct  4 20:34:00 UTC 2026
 0.0  0.0 grep --color=auto ./cli       1  2156
23.5  4.8 ./cli kernel images/4096x40   0 394628
23.5  4.8 ./cli kernel images/4096x40   0 394572
23.6  4.8 ./cli kernel images/4096x40   0 394592
23.6  4.8 ./cli kernel images/4096x40   0 394632
23.9  4.8 ./cli kernel images/4096x40   0 394676
  PID User     Command                         Swap      USS      PSS      RSS 
90038 codespace /usr/bin/python3 /usr/bin/s        0    12080    12300    14560 
87106 codespace ./cli kernel images/4096x40        0   393320   393365   394572 
87108 codespace ./cli kernel images/4096x40        0   393320   393367   394592 
87110 codespace ./cli kernel images/4096x40        0   393320   393369   394628 
87112 codespace ./cli kernel images/4096x40        0   393320   393371   394676 
87114 codespace ./cli kernel images/4096x40        0   393324   393372   394632 
%CPU %MEM ARGS Sun Oct  4 20:34:00 UTC 2026
 0.0  0.0 grep --color=auto ./cli       1  2172
23.4  4.8 ./cli kernel images/4096x40   0 394628
23.5  4.8 ./cli kernel images/4096x40   0 394572
23.6  4.8 ./cli kernel images/4096x40   0 394592
23.6  4.8 ./cli kernel images/4096x40   0 394632
23.9  4.8 ./cli kernel images/4096x40   0 394676
  PID User     Command                         Swap      USS      PSS      RSS 
90046 codespace /usr/bin/python3 /usr/bin/s        0    12080    12297    14492 
87106 codespace ./cli kernel images/4096x40        0   393320   393365   394572 
87108 codespace ./cli kernel images/4096x40        0   393320   393367   394592 
87110 codespace ./cli kernel images/4096x40        0   393320   393369   394628 
87112 codespace ./cli kernel images/4096x40        0   393320   393372   394676 
87114 codespace ./cli kernel images/4096x40        0   393324   393373   394632 
%CPU %MEM ARGS Sun Oct  4 20:34:01 UTC 2026
 0.0  0.0 grep --color=auto ./cli       1  2288
23.4  4.8 ./cli kernel images/4096x40   1 394628
23.5  4.8 ./cli kernel images/4096x40   0 394572
23.5  4.8 ./cli kernel images/4096x40   0 394592
23.6  4.8 ./cli kernel images/4096x40   1 394632
23.8  4.8 ./cli kernel images/4096x40   1 394676
  PID User     Command                         Swap      USS      PSS      RSS 
90055 codespace /usr/bin/python3 /usr/bin/s        0    12076    12300    14488 
87106 codespace ./cli kernel images/4096x40        0   393320   393365   394572 
87108 codespace ./cli kernel images/4096x40        0   393320   393367   394592 
87110 codespace ./cli kernel images/4096x40        0   393320   393369   394628 
87112 codespace ./cli kernel images/4096x40        0   393320   393371   394676 
87114 codespace ./cli kernel images/4096x40        0   393324   393373   394632 
%CPU %MEM ARGS Sun Oct  4 20:34:02 UTC 2026
 0.0  0.0 grep --color=auto ./cli       1  2156
23.4  4.8 ./cli kernel images/4096x40   0 394628
23.5  4.8 ./cli kernel images/4096x40   0 394572
23.5  4.8 ./cli kernel images/4096x40   0 394592
23.6  4.8 ./cli kernel images/4096x40   0 394632
23.8  4.8 ./cli kernel images/4096x40   0 394676
  PID User     Command                         Swap      USS      PSS      RSS 
90061 codespace /usr/bin/python3 /usr/bin/s        0    12076    12299    14560 
87106 codespace ./cli kernel images/4096x40        0   393320   393365   394572 
87108 codespace ./cli kernel images/4096x40        0   393320   393367   394592 
87110 codespace ./cli kernel images/4096x40        0   393320   393369   394628 
87112 codespace ./cli kernel images/4096x40        0   393320   393372   394676 
87114 codespace ./cli kernel images/4096x40        0   393324   393373   394632 
%CPU %MEM ARGS Sun Oct  4 20:34:03 UTC 2026
 0.0  0.0 grep --color=auto ./cli       1  2212
23.4  4.8 ./cli kernel images/4096x40   0 394628
23.4  4.8 ./cli kernel images/4096x40   1 394572
23.5  4.8 ./cli kernel images/4096x40   1 394592
23.5  4.8 ./cli kernel images/4096x40   0 394632
23.8  4.8 ./cli kernel images/4096x40   1 394676
  PID User     Command                         Swap      USS      PSS      RSS 
90076 codespace /usr/bin/python3 /usr/bin/s        0    12080    12300    14492 
87106 codespace ./cli kernel images/4096x40        0   393320   393365   394572 
87108 codespace ./cli kernel images/4096x40        0   393320   393367   394592 
87110 codespace ./cli kernel images/4096x40        0   393320   393369   394628 
87112 codespace ./cli kernel images/4096x40        0   393320   393371   394676 
87114 codespace ./cli kernel images/4096x40        0   393324   393373   394632 
%CPU %MEM ARGS Sun Oct  4 20:34:04 UTC 2026
 0.0  0.0 grep --color=auto ./cli       0  2208
23.3  4.8 ./cli kernel images/4096x40   0 394628
23.4  4.8 ./cli kernel images/4096x40   0 394572
23.5  4.8 ./cli kernel images/4096x40   0 394592
23.5  4.8 ./cli kernel images/4096x40   0 394632
23.8  4.8 ./cli kernel images/4096x40   1 394676
  PID User     Command                         Swap      USS      PSS      RSS 
90085 codespace /usr/bin/python3 /usr/bin/s        0    12080    12295    14496 
87106 codespace ./cli kernel images/4096x40        0   393320   393365   394572 
87108 codespace ./cli kernel images/4096x40        0   393320   393367   394592 
87110 codespace ./cli kernel images/4096x40        0   393320   393369   394628 
87112 codespace ./cli kernel images/4096x40        0   393320   393372   394676 
87114 codespace ./cli kernel images/4096x40        0   393324   393373   394632 
%CPU %MEM ARGS Sun Oct  4 20:34:05 UTC 2026
 0.0  0.0 grep --color=auto ./cli       0  2172
23.3  4.8 ./cli kernel images/4096x40   0 394628
23.4  4.8 ./cli kernel images/4096x40   0 394572
23.5  4.8 ./cli kernel images/4096x40   0 394592
23.5  4.8 ./cli kernel images/4096x40   0 394632
23.8  4.8 ./cli kernel images/4096x40   1 394676
  PID User     Command                         Swap      USS      PSS      RSS 
90091 codespace /usr/bin/python3 /usr/bin/s        0    12088    12297    14588 
87106 codespace ./cli kernel images/4096x40        0   393320   393365   394572 
87108 codespace ./cli kernel images/4096x40        0   393320   393367   394592 
87110 codespace ./cli kernel images/4096x40        0   393320   393369   394628 
87114 codespace ./cli kernel images/4096x40        0   393324   393370   394632 
87112 codespace ./cli kernel images/4096x40        0   393320   393371   394676 
%CPU %MEM ARGS Sun Oct  4 20:34:06 UTC 2026
 0.0  0.0 grep --color=auto ./cli       1  2168
23.3  4.8 ./cli kernel images/4096x40   1 394628
23.4  4.8 ./cli kernel images/4096x40   0 394572
23.4  4.8 ./cli kernel images/4096x40   1 394592
23.4  4.8 ./cli kernel images/4096x40   1 394632
23.8  4.8 ./cli kernel images/4096x40   1 394676
  PID User     Command                         Swap      USS      PSS      RSS 
90103 codespace /usr/bin/python3 /usr/bin/s        0    12104    12337    14640 
87106 codespace ./cli kernel images/4096x40        0   393320   393365   394572 
87108 codespace ./cli kernel images/4096x40        0   393320   393367   394592 
87110 codespace ./cli kernel images/4096x40        0   393320   393369   394628 
87112 codespace ./cli kernel images/4096x40        0   393320   393372   394676 
87114 codespace ./cli kernel images/4096x40        0   393324   393373   394632 
%CPU %MEM ARGS Sun Oct  4 20:34:07 UTC 2026
 0.0  0.0 grep --color=auto ./cli       0  2192
23.2  4.8 ./cli kernel images/4096x40   0 394628
23.4  4.8 ./cli kernel images/4096x40   0 394572
23.4  4.8 ./cli kernel images/4096x40   0 394632
23.4  4.8 ./cli kernel images/4096x40   1 394592
23.8  4.8 ./cli kernel images/4096x40   0 394676
  PID User     Command                         Swap      USS      PSS      RSS 
90109 codespace /usr/bin/python3 /usr/bin/s        0    12084    12310    14532 
87106 codespace ./cli kernel images/4096x40        0   393320   393365   394572 
87108 codespace ./cli kernel images/4096x40        0   393320   393367   394592 
87110 codespace ./cli kernel images/4096x40        0   393320   393369   394628 
87112 codespace ./cli kernel images/4096x40        0   393320   393372   394676 
87114 codespace ./cli kernel images/4096x40        0   393324   393373   394632 
%CPU %MEM ARGS Sun Oct  4 20:34:08 UTC 2026
 0.0  0.0 grep --color=auto ./cli       0  2180
23.2  4.8 ./cli kernel images/4096x40   1 394628
23.4  4.8 ./cli kernel images/4096x40   0 394572
23.4  4.8 ./cli kernel images/4096x40   1 394632
23.4  4.8 ./cli kernel images/4096x40   0 394592
23.8  4.8 ./cli kernel images/4096x40   1 394676
  PID User     Command                         Swap      USS      PSS      RSS 
90115 codespace /usr/bin/python3 /usr/bin/s        0    12084    12288    14536 
87106 codespace ./cli kernel images/4096x40        0   393320   393365   394572 
87108 codespace ./cli kernel images/4096x40        0   393320   393367   394592 
87110 codespace ./cli kernel images/4096x40        0   393320   393369   394628 
87112 codespace ./cli kernel images/4096x40        0   393320   393372   394676 
87114 codespace ./cli kernel images/4096x40        0   393324   393373   394632 
%CPU %MEM ARGS Sun Oct  4 20:34:09 UTC 2026
 0.0  0.0 grep --color=auto ./cli       0  2172
23.2  4.8 ./cli kernel images/4096x40   0 394628
23.3  4.8 ./cli kernel images/4096x40   0 394572
23.4  4.8 ./cli kernel images/4096x40   1 394632
23.4  4.8 ./cli kernel images/4096x40   1 394592
23.7  4.8 ./cli kernel images/4096x40   1 394676
  PID User     Command                         Swap      USS      PSS      RSS 
90128 codespace /usr/bin/python3 /usr/bin/s        0    12064    12279    14480 
87106 codespace ./cli kernel images/4096x40        0   393320   393365   394572 
87108 codespace ./cli kernel images/4096x40        0   393320   393367   394592 
87110 codespace ./cli kernel images/4096x40        0   393320   393369   394628 
87112 codespace ./cli kernel images/4096x40        0   393320   393372   394676 
87114 codespace ./cli kernel images/4096x40        0   393324   393373   394632 
%CPU %MEM ARGS Sun Oct  4 20:34:10 UTC 2026
 0.0  0.0 grep --color=auto ./cli       0  2196
23.2  4.8 ./cli kernel images/4096x40   0 394628
23.3  4.8 ./cli kernel images/4096x40   0 394572
23.3  4.8 ./cli kernel images/4096x40   1 394632
23.4  4.8 ./cli kernel images/4096x40   1 394592
23.7  4.8 ./cli kernel images/4096x40   0 394676
  PID User     Command                         Swap      USS      PSS      RSS 
90145 codespace /usr/bin/python3 /usr/bin/s        0    12084    12310    14528 
87106 codespace ./cli kernel images/4096x40        0   393320   393365   394572 
87108 codespace ./cli kernel images/4096x40        0   393320   393367   394592 
87110 codespace ./cli kernel images/4096x40        0   393320   393369   394628 
87112 codespace ./cli kernel images/4096x40        0   393320   393372   394676 
87114 codespace ./cli kernel images/4096x40        0   393324   393373   394632 
%CPU %MEM ARGS Sun Oct  4 20:34:11 UTC 2026
 0.0  0.0 grep --color=auto ./cli       0  2156
23.2  4.8 ./cli kernel images/4096x40   1 394628
23.3  4.8 ./cli kernel images/4096x40   1 394572
23.3  4.8 ./cli kernel images/4096x40   0 394632
23.3  4.8 ./cli kernel images/4096x40   0 394592
23.7  4.8 ./cli kernel images/4096x40   1 394676
  PID User     Command                         Swap      USS      PSS      RSS 
90163 codespace /usr/bin/python3 /usr/bin/s        0    12080    12303    14564 
87106 codespace ./cli kernel images/4096x40        0   393320   393365   394572 
87112 codespace ./cli kernel images/4096x40        0   393320   393366   394676 
87108 codespace ./cli kernel images/4096x40        0   393320   393367   394592 
87110 codespace ./cli kernel images/4096x40        0   393320   393368   394628 
87114 codespace ./cli kernel images/4096x40        0   393324   393373   394632 
%CPU %MEM ARGS Sun Oct  4 20:34:12 UTC 2026
 0.0  0.0 grep --color=auto ./cli       0  2156
23.1  4.8 ./cli kernel images/4096x40   0 394628
23.3  4.8 ./cli kernel images/4096x40   0 394632
23.3  4.8 ./cli kernel images/4096x40   0 394592
23.3  4.8 ./cli kernel images/4096x40   1 394572
23.7  4.8 ./cli kernel images/4096x40   0 394676
  PID User     Command                         Swap      USS      PSS      RSS 
90175 codespace /usr/bin/python3 /usr/bin/s        0    12080    12306    14564 
87106 codespace ./cli kernel images/4096x40        0   393320   393365   394572 
87108 codespace ./cli kernel images/4096x40        0   393320   393367   394592 
87110 codespace ./cli kernel images/4096x40        0   393320   393369   394628 
87112 codespace ./cli kernel images/4096x40        0   393320   393371   394676 
87114 codespace ./cli kernel images/4096x40        0   393324   393373   394632 
%CPU %MEM ARGS Sun Oct  4 20:34:13 UTC 2026
 0.0  0.0 grep --color=auto ./cli       0  2160
23.1  4.8 ./cli kernel images/4096x40   1 394628
23.3  4.8 ./cli kernel images/4096x40   1 394572
23.3  4.8 ./cli kernel images/4096x40   0 394592
23.3  4.8 ./cli kernel images/4096x40   0 394632
23.7  4.8 ./cli kernel images/4096x40   0 394676
  PID User     Command                         Swap      USS      PSS      RSS 
90181 codespace /usr/bin/python3 /usr/bin/s        0    12084    12301    14500 
87106 codespace ./cli kernel images/4096x40        0   393320   393365   394572 
87108 codespace ./cli kernel images/4096x40        0   393320   393367   394592 
87110 codespace ./cli kernel images/4096x40        0   393320   393369   394628 
87112 codespace ./cli kernel images/4096x40        0   393320   393371   394676 
87114 codespace ./cli kernel images/4096x40        0   393324   393373   394632 
%CPU %MEM ARGS Sun Oct  4 20:34:14 UTC 2026
 0.0  0.0 grep --color=auto ./cli       0  2248
23.1  4.8 ./cli kernel images/4096x40   1 394628
23.2  4.8 ./cli kernel images/4096x40   1 394632
23.2  4.8 ./cli kernel images/4096x40   1 394572
23.3  4.8 ./cli kernel images/4096x40   1 394592
23.6  4.8 ./cli kernel images/4096x40   1 394676
  PID User     Command                         Swap      USS      PSS      RSS 
90187 codespace /usr/bin/python3 /usr/bin/s        0    12092    12326    14588 
87106 codespace ./cli kernel images/4096x40        0   393320   393363   394572 
87108 codespace ./cli kernel images/4096x40        0   393320   393365   394592 
87112 codespace ./cli kernel images/4096x40        0   393320   393366   394676 
87110 codespace ./cli kernel images/4096x40        0   393320   393367   394628 
87114 codespace ./cli kernel images/4096x40        0   393324   393373   394632 
%CPU %MEM ARGS Sun Oct  4 20:34:15 UTC 2026
 0.0  0.0 grep --color=auto ./cli       1  2164
23.1  4.8 ./cli kernel images/4096x40   1 394628
23.2  4.8 ./cli kernel images/4096x40   1 394632
23.2  4.8 ./cli kernel images/4096x40   0 394572
23.2  4.8 ./cli kernel images/4096x40   1 394592
23.6  4.8 ./cli kernel images/4096x40   0 394676
  PID User     Command                         Swap      USS      PSS      RSS 
90204 codespace /usr/bin/python3 /usr/bin/s        0    12076    12277    14508 
87106 codespace ./cli kernel images/4096x40        0   393320   393365   394572 
87108 codespace ./cli kernel images/4096x40        0   393320   393367   394592 
87110 codespace ./cli kernel images/4096x40        0   393320   393369   394628 
87112 codespace ./cli kernel images/4096x40        0   393320   393371   394676 
87114 codespace ./cli kernel images/4096x40        0   393324   393373   394632 
%CPU %MEM ARGS Sun Oct  4 20:34:16 UTC 2026
 0.0  0.0 grep --color=auto ./cli       1  2160
23.1  4.8 ./cli kernel images/4096x40   0 394628
23.2  4.8 ./cli kernel images/4096x40   1 394592
23.2  4.8 ./cli kernel images/4096x40   1 394632
23.2  4.8 ./cli kernel images/4096x40   1 394572
23.6  4.8 ./cli kernel images/4096x40   0 394676
  PID User     Command                         Swap      USS      PSS      RSS 
90209 codespace /usr/bin/python3 /usr/bin/s        0    12084    12311    14532 
87106 codespace ./cli kernel images/4096x40        0   393320   393365   394572 
87108 codespace ./cli kernel images/4096x40        0   393320   393367   394592 
87110 codespace ./cli kernel images/4096x40        0   393320   393369   394628 
87112 codespace ./cli kernel images/4096x40        0   393320   393372   394676 
87114 codespace ./cli kernel images/4096x40        0   393324   393373   394632 
%CPU %MEM ARGS Sun Oct  4 20:34:17 UTC 2026
 0.0  0.0 grep --color=auto ./cli       1  2200
23.1  4.8 ./cli kernel images/4096x40   0 394628
23.2  4.8 ./cli kernel images/4096x40   1 394632
23.2  4.8 ./cli kernel images/4096x40   1 394592
23.2  4.8 ./cli kernel images/4096x40   0 394572
23.6  4.8 ./cli kernel images/4096x40   1 394676
  PID User     Command                         Swap      USS      PSS      RSS 
90216 codespace /usr/bin/python3 /usr/bin/s        0    12088    12320    14536 
87106 codespace ./cli kernel images/4096x40        0   393320   393360   394572 
87110 codespace ./cli kernel images/4096x40        0   393320   393364   394628 
87108 codespace ./cli kernel images/4096x40        0   393320   393367   394592 
87112 codespace ./cli kernel images/4096x40        0   393320   393372   394676 
87114 codespace ./cli kernel images/4096x40        0   393324   393373   394632 
%CPU %MEM ARGS Sun Oct  4 20:34:18 UTC 2026
 0.0  0.0 grep --color=auto ./cli       0  2168
23.1  4.8 ./cli kernel images/4096x40   1 394628
23.1  4.8 ./cli kernel images/4096x40   1 394592
23.1  4.8 ./cli kernel images/4096x40   1 394572
23.2  4.8 ./cli kernel images/4096x40   0 394632
23.5  4.8 ./cli kernel images/4096x40   1 394676
  PID User     Command                         Swap      USS      PSS      RSS 
90228 codespace /usr/bin/python3 /usr/bin/s        0    12088    12318    14532 
87106 codespace ./cli kernel images/4096x40        0   393320   393365   394572 
87108 codespace ./cli kernel images/4096x40        0   393320   393367   394592 
87110 codespace ./cli kernel images/4096x40        0   393320   393369   394628 
87112 codespace ./cli kernel images/4096x40        0   393320   393371   394676 
87114 codespace ./cli kernel images/4096x40        0   393324   393373   394632 
%CPU %MEM ARGS Sun Oct  4 20:34:19 UTC 2026
 0.0  0.0 grep --color=auto ./cli       0  2176
23.1  4.8 ./cli kernel images/4096x40   0 394628
23.1  4.8 ./cli kernel images/4096x40   0 394592
23.1  4.8 ./cli kernel images/4096x40   0 394572
23.2  4.8 ./cli kernel images/4096x40   1 394632
23.5  4.8 ./cli kernel images/4096x40   0 394676
  PID User     Command                         Swap      USS      PSS      RSS 
90234 codespace /usr/bin/python3 /usr/bin/s        0    12080    12305    14524 
87106 codespace ./cli kernel images/4096x40        0   393320   393365   394572 
87108 codespace ./cli kernel images/4096x40        0   393320   393367   394592 
87110 codespace ./cli kernel images/4096x40        0   393320   393369   394628 
87112 codespace ./cli kernel images/4096x40        0   393320   393372   394676 
87114 codespace ./cli kernel images/4096x40        0   393324   393373   394632 
%CPU %MEM ARGS Sun Oct  4 20:34:20 UTC 2026
 0.0  0.0 grep --color=auto ./cli       0  2248
23.0  4.8 ./cli kernel images/4096x40   0 394628
23.1  4.8 ./cli kernel images/4096x40   1 394592
23.1  4.8 ./cli kernel images/4096x40   0 394572
23.2  4.8 ./cli kernel images/4096x40   0 394632
23.5  4.8 ./cli kernel images/4096x40   1 394676
  PID User     Command                         Swap      USS      PSS      RSS 
90249 codespace /usr/bin/python3 /usr/bin/s        0    12104    12337    14596 
87106 codespace ./cli kernel images/4096x40        0   393320   393365   394572 
87108 codespace ./cli kernel images/4096x40        0   393320   393367   394592 
87110 codespace ./cli kernel images/4096x40        0   393320   393369   394628 
87112 codespace ./cli kernel images/4096x40        0   393320   393372   394676 
87114 codespace ./cli kernel images/4096x40        0   393324   393373   394632 
%CPU %MEM ARGS Sun Oct  4 20:34:21 UTC 2026
 0.0  0.0 grep --color=auto ./cli       1  2180
23.0  4.8 ./cli kernel images/4096x40   0 394628
23.0  4.8 ./cli kernel images/4096x40   1 394592
23.1  4.8 ./cli kernel images/4096x40   1 394572
23.1  4.8 ./cli kernel images/4096x40   1 394632
23.5  4.8 ./cli kernel images/4096x40   1 394676
  PID User     Command                         Swap      USS      PSS      RSS 
90277 codespace /usr/bin/python3 /usr/bin/s        0    12072    12299    14536 
87106 codespace ./cli kernel images/4096x40        0   393320   393365   394572 
87108 codespace ./cli kernel images/4096x40        0   393320   393367   394592 
87110 codespace ./cli kernel images/4096x40        0   393320   393369   394628 
87112 codespace ./cli kernel images/4096x40        0   393320   393372   394676 
87114 codespace ./cli kernel images/4096x40        0   393324   393373   394632 
%CPU %MEM ARGS Sun Oct  4 20:34:22 UTC 2026
 0.0  0.0 grep --color=auto ./cli       0  2156
23.0  4.8 ./cli kernel images/4096x40   1 394628
23.0  4.8 ./cli kernel images/4096x40   1 394592
23.1  4.8 ./cli kernel images/4096x40   1 394572
23.1  4.8 ./cli kernel images/4096x40   1 394632
23.4  4.8 ./cli kernel images/4096x40   0 394676
  PID User     Command                         Swap      USS      PSS      RSS 
90283 codespace /usr/bin/python3 /usr/bin/s        0    12068    12293    14524 
87106 codespace ./cli kernel images/4096x40        0   393320   393365   394572 
87108 codespace ./cli kernel images/4096x40        0   393320   393367   394592 
87110 codespace ./cli kernel images/4096x40        0   393320   393369   394628 
87112 codespace ./cli kernel images/4096x40        0   393320   393372   394676 
87114 codespace ./cli kernel images/4096x40        0   393324   393373   394632 
%CPU %MEM ARGS Sun Oct  4 20:34:23 UTC 2026
 0.0  0.0 grep --color=auto ./cli       0  2288
23.0  4.8 ./cli kernel images/4096x40   0 394592
23.0  4.8 ./cli kernel images/4096x40   1 394628
23.1  4.8 ./cli kernel images/4096x40   1 394572
23.1  4.8 ./cli kernel images/4096x40   0 394632
23.4  4.8 ./cli kernel images/4096x40   1 394676
  PID User     Command                         Swap      USS      PSS      RSS 
90288 codespace /usr/bin/python3 /usr/bin/s        0    12076    12300    14560 
87106 codespace ./cli kernel images/4096x40        0   393320   393365   394572 
87108 codespace ./cli kernel images/4096x40        0   393320   393367   394592 
87110 codespace ./cli kernel images/4096x40        0   393320   393369   394628 
87112 codespace ./cli kernel images/4096x40        0   393320   393372   394676 
87114 codespace ./cli kernel images/4096x40        0   393324   393373   394632 
%CPU %MEM ARGS Sun Oct  4 20:34:24 UTC 2026
 0.0  0.0 grep --color=auto ./cli       0  2252
23.0  4.8 ./cli kernel images/4096x40   0 394592
23.0  4.8 ./cli kernel images/4096x40   0 394628
23.0  4.8 ./cli kernel images/4096x40   1 394572
23.1  4.8 ./cli kernel images/4096x40   0 394632
23.4  4.8 ./cli kernel images/4096x40   1 394676
  PID User     Command                         Swap      USS      PSS      RSS 
90300 codespace /usr/bin/python3 /usr/bin/s        0    12076    12300    14488 
87106 codespace ./cli kernel images/4096x40        0   393320   393365   394572 
87108 codespace ./cli kernel images/4096x40        0   393320   393367   394592 
87110 codespace ./cli kernel images/4096x40        0   393320   393369   394628 
87112 codespace ./cli kernel images/4096x40        0   393320   393371   394676 
87114 codespace ./cli kernel images/4096x40        0   393324   393373   394632 
%CPU %MEM ARGS Sun Oct  4 20:34:25 UTC 2026
 0.0  0.0 grep --color=auto ./cli       0  2304
22.9  4.8 ./cli kernel images/4096x40   0 394592
23.0  4.8 ./cli kernel images/4096x40   0 394628
23.0  4.8 ./cli kernel images/4096x40   0 394632
23.1  4.8 ./cli kernel images/4096x40   1 394572
23.4  4.8 ./cli kernel images/4096x40   0 394676
  PID User     Command                         Swap      USS      PSS      RSS 
90306 codespace /usr/bin/python3 /usr/bin/s        0    12096    12325    14588 
87106 codespace ./cli kernel images/4096x40        0   393320   393365   394572 
87108 codespace ./cli kernel images/4096x40        0   393320   393367   394592 
87110 codespace ./cli kernel images/4096x40        0   393320   393369   394628 
87112 codespace ./cli kernel images/4096x40        0   393320   393372   394676 
87114 codespace ./cli kernel images/4096x40        0   393324   393373   394632 
%CPU %MEM ARGS Sun Oct  4 20:34:26 UTC 2026
 0.0  0.0 grep --color=auto ./cli       1  2168
22.9  4.8 ./cli kernel images/4096x40   0 394592
22.9  4.8 ./cli kernel images/4096x40   0 394628
23.0  4.8 ./cli kernel images/4096x40   0 394632
23.1  4.8 ./cli kernel images/4096x40   0 394572
23.4  4.8 ./cli kernel images/4096x40   0 394676
  PID User     Command                         Swap      USS      PSS      RSS 
90318 codespace /usr/bin/python3 /usr/bin/s        0    12088    12297    14536 
87106 codespace ./cli kernel images/4096x40        0   393320   393360   394572 
87108 codespace ./cli kernel images/4096x40        0   393320   393367   394592 
87110 codespace ./cli kernel images/4096x40        0   393320   393369   394628 
87112 codespace ./cli kernel images/4096x40        0   393320   393371   394676 
87114 codespace ./cli kernel images/4096x40        0   393324   393371   394632 
%CPU %MEM ARGS Sun Oct  4 20:34:27 UTC 2026
 0.0  0.0 grep --color=auto ./cli       1  2180
22.9  4.8 ./cli kernel images/4096x40   1 394592
22.9  4.8 ./cli kernel images/4096x40   1 394628
23.0  4.8 ./cli kernel images/4096x40   1 394632
23.0  4.8 ./cli kernel images/4096x40   0 394572
23.3  4.8 ./cli kernel images/4096x40   0 394676
  PID User     Command                         Swap      USS      PSS      RSS 
90330 codespace /usr/bin/python3 /usr/bin/s        0    12080    12298    14496 
87106 codespace ./cli kernel images/4096x40        0   393320   393365   394572 
87108 codespace ./cli kernel images/4096x40        0   393320   393367   394592 
87110 codespace ./cli kernel images/4096x40        0   393320   393369   394628 
87112 codespace ./cli kernel images/4096x40        0   393320   393371   394676 
87114 codespace ./cli kernel images/4096x40        0   393324   393373   394632 
%CPU %MEM ARGS Sun Oct  4 20:34:28 UTC 2026
 0.0  0.0 grep --color=auto ./cli       1  2160
22.9  4.8 ./cli kernel images/4096x40   1 394592
22.9  4.8 ./cli kernel images/4096x40   1 394628
23.0  4.8 ./cli kernel images/4096x40   0 394632
23.0  4.8 ./cli kernel images/4096x40   1 394572
23.3  4.8 ./cli kernel images/4096x40   1 394676
  PID User     Command                         Swap      USS      PSS      RSS 
90336 codespace /usr/bin/python3 /usr/bin/s        0    12080    12306    14556 
87106 codespace ./cli kernel images/4096x40        0   393320   393365   394572 
87108 codespace ./cli kernel images/4096x40        0   393320   393367   394592 
87110 codespace ./cli kernel images/4096x40        0   393320   393369   394628 
87112 codespace ./cli kernel images/4096x40        0   393320   393371   394676 
87114 codespace ./cli kernel images/4096x40        0   393324   393373   394632 
%CPU %MEM ARGS Sun Oct  4 20:34:29 UTC 2026
 0.0  0.0 grep --color=auto ./cli       1  2296
22.8  4.8 ./cli kernel images/4096x40   1 394592
22.9  4.8 ./cli kernel images/4096x40   0 394628
23.0  4.8 ./cli kernel images/4096x40   1 394572
23.0  4.8 ./cli kernel images/4096x40   0 394632
23.3  4.8 ./cli kernel images/4096x40   0 394676
  PID User     Command                         Swap      USS      PSS      RSS 
90342 codespace /usr/bin/python3 /usr/bin/s        0    12100    12335    14640 
87106 codespace ./cli kernel images/4096x40        0   393320   393360   394572 
87108 codespace ./cli kernel images/4096x40        0   393320   393367   394592 
87110 codespace ./cli kernel images/4096x40        0   393320   393369   394628 
87112 codespace ./cli kernel images/4096x40        0   393320   393372   394676 
87114 codespace ./cli kernel images/4096x40        0   393324   393373   394632 
%CPU %MEM ARGS Sun Oct  4 20:34:30 UTC 2026
 0.0  0.0 grep --color=auto ./cli       1  2176
22.8  4.8 ./cli kernel images/4096x40   1 394592
22.8  4.8 ./cli kernel images/4096x40   1 394628
23.0  4.8 ./cli kernel images/4096x40   1 394572
23.0  4.8 ./cli kernel images/4096x40   0 394632
23.3  4.8 ./cli kernel images/4096x40   1 394676
  PID User     Command                         Swap      USS      PSS      RSS 
90354 codespace /usr/bin/python3 /usr/bin/s        0    12104    12334    14588 
87106 codespace ./cli kernel images/4096x40        0   393320   393365   394572 
87108 codespace ./cli kernel images/4096x40        0   393320   393367   394592 
87110 codespace ./cli kernel images/4096x40        0   393320   393369   394628 
87112 codespace ./cli kernel images/4096x40        0   393320   393372   394676 
87114 codespace ./cli kernel images/4096x40        0   393324   393373   394632 
%CPU %MEM ARGS Sun Oct  4 20:34:31 UTC 2026
 0.0  0.0 grep --color=auto ./cli       0  2160
22.8  4.8 ./cli kernel images/4096x40   1 394592
22.8  4.8 ./cli kernel images/4096x40   1 394628
22.9  4.8 ./cli kernel images/4096x40   1 394572
23.0  4.8 ./cli kernel images/4096x40   0 394632
23.2  4.8 ./cli kernel images/4096x40   1 394676
  PID User     Command                         Swap      USS      PSS      RSS 
90367 codespace /usr/bin/python3 /usr/bin/s        0    12072    12265    14488 
87106 codespace ./cli kernel images/4096x40        0   393320   393365   394572 
87108 codespace ./cli kernel images/4096x40        0   393320   393367   394592 
87114 codespace ./cli kernel images/4096x40        0   393324   393368   394632 
87110 codespace ./cli kernel images/4096x40        0   393320   393369   394628 
87112 codespace ./cli kernel images/4096x40        0   393320   393371   394676 
%CPU %MEM ARGS Sun Oct  4 20:34:32 UTC 2026
 0.0  0.0 grep --color=auto ./cli       0  2272
22.8  4.8 ./cli kernel images/4096x40   1 394592
22.8  4.8 ./cli kernel images/4096x40   0 394628
22.9  4.8 ./cli kernel images/4096x40   0 394572
23.0  4.8 ./cli kernel images/4096x40   0 394632
23.2  4.8 ./cli kernel images/4096x40   0 394676
  PID User     Command                         Swap      USS      PSS      RSS 
90396 codespace /usr/bin/python3 /usr/bin/s        0    12092    12324    14540 
87106 codespace ./cli kernel images/4096x40        0   393320   393365   394572 
87108 codespace ./cli kernel images/4096x40        0   393320   393367   394592 
87110 codespace ./cli kernel images/4096x40        0   393320   393369   394628 
87112 codespace ./cli kernel images/4096x40        0   393320   393372   394676 
87114 codespace ./cli kernel images/4096x40        0   393324   393373   394632 
%CPU %MEM ARGS Sun Oct  4 20:34:33 UTC 2026
 0.0  0.0 grep --color=auto ./cli       1  2172
22.7  4.8 ./cli kernel images/4096x40   0 394628
22.7  4.8 ./cli kernel images/4096x40   1 394592
22.9  4.8 ./cli kernel images/4096x40   0 394572
22.9  4.8 ./cli kernel images/4096x40   0 394632
23.2  4.8 ./cli kernel images/4096x40   0 394676
  PID User     Command                         Swap      USS      PSS      RSS 
90404 codespace /usr/bin/python3 /usr/bin/s        0    12088    12316    14536 
87106 codespace ./cli kernel images/4096x40        0   393320   393365   394572 
87108 codespace ./cli kernel images/4096x40        0   393320   393367   394592 
87110 codespace ./cli kernel images/4096x40        0   393320   393369   394628 
87112 codespace ./cli kernel images/4096x40        0   393320   393372   394676 
87114 codespace ./cli kernel images/4096x40        0   393324   393373   394632 
%CPU %MEM ARGS Sun Oct  4 20:34:34 UTC 2026
 0.0  0.0 grep --color=auto ./cli       1  2196
22.7  4.8 ./cli kernel images/4096x40   0 394628
22.7  4.8 ./cli kernel images/4096x40   0 394592
22.9  4.8 ./cli kernel images/4096x40   1 394572
22.9  4.8 ./cli kernel images/4096x40   1 394632
23.1  4.8 ./cli kernel images/4096x40   1 394676
  PID User     Command                         Swap      USS      PSS      RSS 
90410 codespace /usr/bin/python3 /usr/bin/s        0    12112    12343    14596 
87106 codespace ./cli kernel images/4096x40        0   393320   393365   394572 
87108 codespace ./cli kernel images/4096x40        0   393320   393365   394592 
87110 codespace ./cli kernel images/4096x40        0   393320   393369   394628 
87112 codespace ./cli kernel images/4096x40        0   393320   393372   394676 
87114 codespace ./cli kernel images/4096x40        0   393324   393373   394632 
%CPU %MEM ARGS Sun Oct  4 20:34:35 UTC 2026
 0.0  0.0 grep --color=auto ./cli       1  2160
22.7  4.8 ./cli kernel images/4096x40   1 394628
22.8  4.8 ./cli kernel images/4096x40   1 394592
22.8  4.8 ./cli kernel images/4096x40   1 394572
22.9  4.8 ./cli kernel images/4096x40   0 394632
23.1  4.8 ./cli kernel images/4096x40   1 394676
  PID User     Command                         Swap      USS      PSS      RSS 
90422 codespace /usr/bin/python3 /usr/bin/s        0    12076    12299    14480 
87106 codespace ./cli kernel images/4096x40        0   393320   393365   394572 
87108 codespace ./cli kernel images/4096x40        0   393320   393367   394592 
87110 codespace ./cli kernel images/4096x40        0   393320   393369   394628 
87112 codespace ./cli kernel images/4096x40        0   393320   393372   394676 
87114 codespace ./cli kernel images/4096x40        0   393324   393373   394632 
%CPU %MEM ARGS Sun Oct  4 20:34:36 UTC 2026
 0.0  0.0 grep --color=auto ./cli       0  2156
22.7  4.8 ./cli kernel images/4096x40   0 394628
22.7  4.8 ./cli kernel images/4096x40   0 394592
22.8  4.8 ./cli kernel images/4096x40   0 394572
22.9  4.8 ./cli kernel images/4096x40   1 394632
23.1  4.8 ./cli kernel images/4096x40   1 394676
  PID User     Command                         Swap      USS      PSS      RSS 
90428 codespace /usr/bin/python3 /usr/bin/s        0    12076    12267    14492 
87106 codespace ./cli kernel images/4096x40        0   393320   393365   394572 
87108 codespace ./cli kernel images/4096x40        0   393320   393367   394592 
87110 codespace ./cli kernel images/4096x40        0   393320   393369   394628 
87114 codespace ./cli kernel images/4096x40        0   393324   393371   394632 
87112 codespace ./cli kernel images/4096x40        0   393320   393372   394676 
%CPU %MEM ARGS Sun Oct  4 20:34:37 UTC 2026
 0.0  0.0 grep --color=auto ./cli       1  2160
22.7  4.8 ./cli kernel images/4096x40   0 394628
22.7  4.8 ./cli kernel images/4096x40   1 394592
22.8  4.8 ./cli kernel images/4096x40   1 394572
22.9  4.8 ./cli kernel images/4096x40   1 394632
23.1  4.8 ./cli kernel images/4096x40   0 394676
  PID User     Command                         Swap      USS      PSS      RSS 
90439 codespace /usr/bin/python3 /usr/bin/s        0    12084    12279    14536 
87106 codespace ./cli kernel images/4096x40        0   393320   393360   394572 
87108 codespace ./cli kernel images/4096x40        0   393320   393367   394592 
87114 codespace ./cli kernel images/4096x40        0   393324   393368   394632 
87110 codespace ./cli kernel images/4096x40        0   393320   393369   394628 
87112 codespace ./cli kernel images/4096x40        0   393320   393371   394676 
%CPU %MEM ARGS Sun Oct  4 20:34:38 UTC 2026
 0.0  0.0 grep --color=auto ./cli       0  2180
22.7  4.8 ./cli kernel images/4096x40   1 394628
22.7  4.8 ./cli kernel images/4096x40   1 394592
22.8  4.8 ./cli kernel images/4096x40   1 394572
22.8  4.8 ./cli kernel images/4096x40   1 394632
23.1  4.8 ./cli kernel images/4096x40   0 394676
  PID User     Command                         Swap      USS      PSS      RSS 
90451 codespace /usr/bin/python3 /usr/bin/s        0    12040    12255    14456 
87106 codespace ./cli kernel images/4096x40        0   393320   393365   394572 
87108 codespace ./cli kernel images/4096x40        0   393320   393367   394592 
87110 codespace ./cli kernel images/4096x40        0   393320   393369   394628 
87112 codespace ./cli kernel images/4096x40        0   393320   393371   394676 
87114 codespace ./cli kernel images/4096x40        0   393324   393373   394632 
%CPU %MEM ARGS Sun Oct  4 20:34:39 UTC 2026
 0.0  0.0 grep --color=auto ./cli       1  2188
22.6  4.8 ./cli kernel images/4096x40   0 394628
22.7  4.8 ./cli kernel images/4096x40   0 394592
22.7  4.8 ./cli kernel images/4096x40   0 394572
22.8  4.8 ./cli kernel images/4096x40   0 394632
23.1  4.8 ./cli kernel images/4096x40   0 394676
  PID User     Command                         Swap      USS      PSS      RSS 
90457 codespace /usr/bin/python3 /usr/bin/s        0    12080    12293    14476 
87106 codespace ./cli kernel images/4096x40        0   393320   393365   394572 
87108 codespace ./cli kernel images/4096x40        0   393320   393367   394592 
87110 codespace ./cli kernel images/4096x40        0   393320   393369   394628 
87112 codespace ./cli kernel images/4096x40        0   393320   393372   394676 
87114 codespace ./cli kernel images/4096x40        0   393324   393373   394632 
%CPU %MEM ARGS Sun Oct  4 20:34:40 UTC 2026
 0.0  0.0 grep --color=auto ./cli       1  2200
22.6  4.8 ./cli kernel images/4096x40   1 394628
22.7  4.8 ./cli kernel images/4096x40   1 394592
22.7  4.8 ./cli kernel images/4096x40   1 394572
22.8  4.8 ./cli kernel images/4096x40   1 394632
23.1  4.8 ./cli kernel images/4096x40   0 394676
  PID User     Command                         Swap      USS      PSS      RSS 
90462 codespace /usr/bin/python3 /usr/bin/s        0    12080    12306    14556 
87106 codespace ./cli kernel images/4096x40        0   393320   393365   394572 
87108 codespace ./cli kernel images/4096x40        0   393320   393367   394592 
87110 codespace ./cli kernel images/4096x40        0   393320   393369   394628 
87112 codespace ./cli kernel images/4096x40        0   393320   393371   394676 
87114 codespace ./cli kernel images/4096x40        0   393324   393373   394632 
%CPU %MEM ARGS Sun Oct  4 20:34:41 UTC 2026
 0.0  0.0 grep --color=auto ./cli       1  2308
22.6  4.8 ./cli kernel images/4096x40   0 394628
22.6  4.8 ./cli kernel images/4096x40   1 394592
22.7  4.8 ./cli kernel images/4096x40   0 394572
22.8  4.8 ./cli kernel images/4096x40   1 394632
23.1  4.8 ./cli kernel images/4096x40   1 394676
  PID User     Command                         Swap      USS      PSS      RSS 
90471 codespace /usr/bin/python3 /usr/bin/s        0    12072    12287    14488 
87106 codespace ./cli kernel images/4096x40        0   393320   393365   394572 
87108 codespace ./cli kernel images/4096x40        0   393320   393367   394592 
87110 codespace ./cli kernel images/4096x40        0   393320   393369   394628 
87112 codespace ./cli kernel images/4096x40        0   393320   393371   394676 
87114 codespace ./cli kernel images/4096x40        0   393324   393373   394632 
%CPU %MEM ARGS Sun Oct  4 20:34:42 UTC 2026
 0.0  0.0 grep --color=auto ./cli       0  2180
22.6  4.8 ./cli kernel images/4096x40   0 394628
22.6  4.8 ./cli kernel images/4096x40   0 394592
22.7  4.8 ./cli kernel images/4096x40   0 394572
22.8  4.8 ./cli kernel images/4096x40   0 394632
23.1  4.8 ./cli kernel images/4096x40   1 394676
  PID User     Command                         Swap      USS      PSS      RSS 
90498 codespace /usr/bin/python3 /usr/bin/s        0    12084    12308    14528 
87106 codespace ./cli kernel images/4096x40        0   393320   393365   394572 
87108 codespace ./cli kernel images/4096x40        0   393320   393367   394592 
87110 codespace ./cli kernel images/4096x40        0   393320   393369   394628 
87112 codespace ./cli kernel images/4096x40        0   393320   393372   394676 
87114 codespace ./cli kernel images/4096x40        0   393324   393373   394632 
%CPU %MEM ARGS Sun Oct  4 20:34:43 UTC 2026
 0.0  0.0 grep --color=auto ./cli       0  2156
22.6  4.8 ./cli kernel images/4096x40   1 394628
22.6  4.8 ./cli kernel images/4096x40   0 394592
22.7  4.8 ./cli kernel images/4096x40   0 394572
22.8  4.8 ./cli kernel images/4096x40   0 394632
23.0  4.8 ./cli kernel images/4096x40   1 394676
  PID User     Command                         Swap      USS      PSS      RSS 
90511 codespace /usr/bin/python3 /usr/bin/s        0    12080    12303    14556 
87106 codespace ./cli kernel images/4096x40        0   393320   393365   394572 
87108 codespace ./cli kernel images/4096x40        0   393320   393367   394592 
87110 codespace ./cli kernel images/4096x40        0   393320   393369   394628 
87112 codespace ./cli kernel images/4096x40        0   393320   393371   394676 
87114 codespace ./cli kernel images/4096x40        0   393324   393372   394632 
%CPU %MEM ARGS Sun Oct  4 20:34:44 UTC 2026
 0.0  0.0 grep --color=auto ./cli       0  2192
22.5  4.8 ./cli kernel images/4096x40   1 394628
22.6  4.8 ./cli kernel images/4096x40   0 394592
22.6  4.8 ./cli kernel images/4096x40   0 394572
22.7  4.8 ./cli kernel images/4096x40   0 394632
23.0  4.8 ./cli kernel images/4096x40   1 394676
  PID User     Command                         Swap      USS      PSS      RSS 
90523 codespace /usr/bin/python3 /usr/bin/s        0    12080    12305    14564 
87106 codespace ./cli kernel images/4096x40        0   393320   393365   394572 
87108 codespace ./cli kernel images/4096x40        0   393320   393367   394592 
87110 codespace ./cli kernel images/4096x40        0   393320   393369   394628 
87112 codespace ./cli kernel images/4096x40        0   393320   393371   394676 
87114 codespace ./cli kernel images/4096x40        0   393324   393373   394632 
%CPU %MEM ARGS Sun Oct  4 20:34:45 UTC 2026
 0.0  0.0 grep --color=auto ./cli       0  2164
22.5  4.8 ./cli kernel images/4096x40   0 394628
22.6  4.8 ./cli kernel images/4096x40   0 394592
22.6  4.8 ./cli kernel images/4096x40   1 394572
22.7  4.8 ./cli kernel images/4096x40   1 394632
23.0  4.8 ./cli kernel images/4096x40   0 394676
  PID User     Command                         Swap      USS      PSS      RSS 
90529 codespace /usr/bin/python3 /usr/bin/s        0    12092    12300    14568 
87106 codespace ./cli kernel images/4096x40        0   393320   393365   394572 
87108 codespace ./cli kernel images/4096x40        0   393320   393367   394592 
87110 codespace ./cli kernel images/4096x40        0   393320   393369   394628 
87112 codespace ./cli kernel images/4096x40        0   393320   393372   394676 
87114 codespace ./cli kernel images/4096x40        0   393324   393373   394632 
%CPU %MEM ARGS Sun Oct  4 20:34:46 UTC 2026
 0.0  0.0 grep --color=auto ./cli       0  2324
22.5  4.8 ./cli kernel images/4096x40   0 394628
22.6  4.8 ./cli kernel images/4096x40   0 394592
22.6  4.8 ./cli kernel images/4096x40   1 394572
22.7  4.8 ./cli kernel images/4096x40   0 394632
23.0  4.8 ./cli kernel images/4096x40   1 394676
  PID User     Command                         Swap      USS      PSS      RSS 
90535 codespace /usr/bin/python3 /usr/bin/s        0    12120    12355    14640 
87106 codespace ./cli kernel images/4096x40        0   393320   393365   394572 
87108 codespace ./cli kernel images/4096x40        0   393320   393367   394592 
87112 codespace ./cli kernel images/4096x40        0   393320   393367   394676 
87110 codespace ./cli kernel images/4096x40        0   393320   393368   394628 
87114 codespace ./cli kernel images/4096x40        0   393324   393373   394632 
%CPU %MEM ARGS Sun Oct  4 20:34:47 UTC 2026
 0.0  0.0 grep --color=auto ./cli       0  2344
22.5  4.8 ./cli kernel images/4096x40   0 394628
22.5  4.8 ./cli kernel images/4096x40   0 394592
22.6  4.8 ./cli kernel images/4096x40   1 394572
22.7  4.8 ./cli kernel images/4096x40   0 394632
23.0  4.8 ./cli kernel images/4096x40   1 394676
  PID User     Command                         Swap      USS      PSS      RSS 
90547 codespace /usr/bin/python3 /usr/bin/s        0    12076    12298    14488 
87106 codespace ./cli kernel images/4096x40        0   393320   393365   394572 
87108 codespace ./cli kernel images/4096x40        0   393320   393367   394592 
87110 codespace ./cli kernel images/4096x40        0   393320   393369   394628 
87112 codespace ./cli kernel images/4096x40        0   393320   393372   394676 
87114 codespace ./cli kernel images/4096x40        0   393324   393373   394632 
%CPU %MEM ARGS Sun Oct  4 20:34:48 UTC 2026
 0.0  0.0 grep --color=auto ./cli       0  2252
22.5  4.8 ./cli kernel images/4096x40   0 394628
22.5  4.8 ./cli kernel images/4096x40   0 394592
22.6  4.8 ./cli kernel images/4096x40   1 394572
22.7  4.8 ./cli kernel images/4096x40   0 394632
23.0  4.8 ./cli kernel images/4096x40   0 394676
  PID User     Command                         Swap      USS      PSS      RSS 
90555 codespace /usr/bin/python3 /usr/bin/s        0    12084    12311    14560 
87106 codespace ./cli kernel images/4096x40        0   393320   393359   394572 
87108 codespace ./cli kernel images/4096x40        0   393320   393362   394592 
87110 codespace ./cli kernel images/4096x40        0   393320   393363   394628 
87112 codespace ./cli kernel images/4096x40        0   393320   393370   394676 
87114 codespace ./cli kernel images/4096x40        0   393324   393373   394632 
%CPU %MEM ARGS Sun Oct  4 20:34:49 UTC 2026
 0.0  0.0 grep --color=auto ./cli       0  2172
22.5  4.8 ./cli kernel images/4096x40   1 394628
22.5  4.8 ./cli kernel images/4096x40   0 394592
22.6  4.8 ./cli kernel images/4096x40   0 394572
22.6  4.8 ./cli kernel images/4096x40   0 394632
22.9  4.8 ./cli kernel images/4096x40   0 394676
  PID User     Command                         Swap      USS      PSS      RSS 
90576 codespace /usr/bin/python3 /usr/bin/s        0    12092    12317    14536 
87106 codespace ./cli kernel images/4096x40        0   393320   393365   394572 
87108 codespace ./cli kernel images/4096x40        0   393320   393365   394592 
87110 codespace ./cli kernel images/4096x40        0   393320   393369   394628 
87112 codespace ./cli kernel images/4096x40        0   393320   393372   394676 
87114 codespace ./cli kernel images/4096x40        0   393324   393372   394632 
%CPU %MEM ARGS Sun Oct  4 20:34:50 UTC 2026
 0.0  0.0 grep --color=auto ./cli       0  2308
22.4  4.8 ./cli kernel images/4096x40   0 394628
22.5  4.8 ./cli kernel images/4096x40   0 394592
22.6  4.8 ./cli kernel images/4096x40   1 394572
22.6  4.8 ./cli kernel images/4096x40   0 394632
22.9  4.8 ./cli kernel images/4096x40   0 394676
  PID User     Command                         Swap      USS      PSS      RSS 
90595 codespace /usr/bin/python3 /usr/bin/s        0    12084    12310    14528 
87106 codespace ./cli kernel images/4096x40        0   393320   393365   394572 
87108 codespace ./cli kernel images/4096x40        0   393320   393367   394592 
87110 codespace ./cli kernel images/4096x40        0   393320   393369   394628 
87112 codespace ./cli kernel images/4096x40        0   393320   393372   394676 
87114 codespace ./cli kernel images/4096x40        0   393324   393373   394632 
%CPU %MEM ARGS Sun Oct  4 20:34:51 UTC 2026
 0.0  0.0 grep --color=auto ./cli       1  2300
22.4  4.8 ./cli kernel images/4096x40   0 394592
22.4  4.8 ./cli kernel images/4096x40   0 394628
22.5  4.8 ./cli kernel images/4096x40   0 394572
22.6  4.8 ./cli kernel images/4096x40   0 394632
22.9  4.8 ./cli kernel images/4096x40   0 394676
  PID User     Command                         Swap      USS      PSS      RSS 
90601 codespace /usr/bin/python3 /usr/bin/s        0    12096    12326    14604 
87106 codespace ./cli kernel images/4096x40        0   393320   393365   394572 
87108 codespace ./cli kernel images/4096x40        0   393320   393367   394592 
87110 codespace ./cli kernel images/4096x40        0   393320   393369   394628 
87112 codespace ./cli kernel images/4096x40        0   393320   393372   394676 
87114 codespace ./cli kernel images/4096x40        0   393324   393373   394632 
%CPU %MEM ARGS Sun Oct  4 20:34:52 UTC 2026
 0.0  0.0 grep --color=auto ./cli       0  2192
22.4  4.8 ./cli kernel images/4096x40   1 394592
22.4  4.8 ./cli kernel images/4096x40   0 394628
22.5  4.8 ./cli kernel images/4096x40   0 394572
22.6  4.8 ./cli kernel images/4096x40   0 394632
22.9  4.8 ./cli kernel images/4096x40   0 394676
  PID User     Command                         Swap      USS      PSS      RSS 
90612 codespace /usr/bin/python3 /usr/bin/s        0    12080    12300    14560 
87108 codespace ./cli kernel images/4096x40        0   393320   393362   394592 
87106 codespace ./cli kernel images/4096x40        0   393320   393365   394572 
87110 codespace ./cli kernel images/4096x40        0   393320   393369   394628 
87112 codespace ./cli kernel images/4096x40        0   393320   393371   394676 
87114 codespace ./cli kernel images/4096x40        0   393324   393372   394632 
%CPU %MEM ARGS Sun Oct  4 20:34:53 UTC 2026
 0.0  0.0 grep --color=auto ./cli       1  2248
22.4  4.8 ./cli kernel images/4096x40   1 394592
22.4  4.8 ./cli kernel images/4096x40   1 394628
22.5  4.8 ./cli kernel images/4096x40   0 394572
22.5  4.8 ./cli kernel images/4096x40   1 394632
22.8  4.8 ./cli kernel images/4096x40   0 394676
  PID User     Command                         Swap      USS      PSS      RSS 
90636 codespace /usr/bin/python3 /usr/bin/s        0    12068    12257    14488 
87106 codespace ./cli kernel images/4096x40        0   393320   393365   394572 
87108 codespace ./cli kernel images/4096x40        0   393320   393367   394592 
87110 codespace ./cli kernel images/4096x40        0   393320   393367   394628 
87112 codespace ./cli kernel images/4096x40        0   393320   393369   394676 
87114 codespace ./cli kernel images/4096x40        0   393324   393371   394632 
%CPU %MEM ARGS Sun Oct  4 20:34:55 UTC 2026
 0.0  0.0 grep --color=auto ./cli       1  2152
22.4  4.8 ./cli kernel images/4096x40   1 394592
22.4  4.8 ./cli kernel images/4096x40   1 394628
22.5  4.8 ./cli kernel images/4096x40   0 394632
22.5  4.8 ./cli kernel images/4096x40   0 394572
22.8  4.8 ./cli kernel images/4096x40   1 394676
  PID User     Command                         Swap      USS      PSS      RSS 
90648 codespace /usr/bin/python3 /usr/bin/s        0    12076    12296    14488 
87106 codespace ./cli kernel images/4096x40        0   393320   393365   394572 
87108 codespace ./cli kernel images/4096x40        0   393320   393367   394592 
87110 codespace ./cli kernel images/4096x40        0   393320   393369   394628 
87112 codespace ./cli kernel images/4096x40        0   393320   393372   394676 
87114 codespace ./cli kernel images/4096x40        0   393324   393373   394632 
%CPU %MEM ARGS Sun Oct  4 20:34:56 UTC 2026
 0.0  0.0 grep --color=auto ./cli       1  2160
22.3  4.8 ./cli kernel images/4096x40   0 394592
22.4  4.8 ./cli kernel images/4096x40   0 394628
22.5  4.8 ./cli kernel images/4096x40   0 394632
22.5  4.8 ./cli kernel images/4096x40   1 394572
22.8  4.8 ./cli kernel images/4096x40   0 394676
  PID User     Command                         Swap      USS      PSS      RSS 
90655 codespace /usr/bin/python3 /usr/bin/s        0    12104    12333    14588 
87106 codespace ./cli kernel images/4096x40        0   393320   393365   394572 
87108 codespace ./cli kernel images/4096x40        0   393320   393367   394592 
87110 codespace ./cli kernel images/4096x40        0   393320   393369   394628 
87112 codespace ./cli kernel images/4096x40        0   393320   393372   394676 
87114 codespace ./cli kernel images/4096x40        0   393324   393373   394632 
%CPU %MEM ARGS Sun Oct  4 20:34:57 UTC 2026
 0.0  0.0 grep --color=auto ./cli       0  2340
22.3  4.8 ./cli kernel images/4096x40   0 394592
22.3  4.8 ./cli kernel images/4096x40   0 394628
22.5  4.8 ./cli kernel images/4096x40   1 394572
22.5  4.8 ./cli kernel images/4096x40   0 394632
22.8  4.8 ./cli kernel images/4096x40   0 394676
  PID User     Command                         Swap      USS      PSS      RSS 
90666 codespace /usr/bin/python3 /usr/bin/s        0    12080    12303    14556 
87106 codespace ./cli kernel images/4096x40        0   393320   393365   394572 
87108 codespace ./cli kernel images/4096x40        0   393320   393367   394592 
87110 codespace ./cli kernel images/4096x40        0   393320   393369   394628 
87112 codespace ./cli kernel images/4096x40        0   393320   393371   394676 
87114 codespace ./cli kernel images/4096x40        0   393324   393373   394632 
%CPU %MEM ARGS Sun Oct  4 20:34:58 UTC 2026
 0.0  0.0 grep --color=auto ./cli       1  2156
22.3  4.8 ./cli kernel images/4096x40   0 394592
22.3  4.8 ./cli kernel images/4096x40   0 394628
22.5  4.8 ./cli kernel images/4096x40   0 394632
22.5  4.8 ./cli kernel images/4096x40   0 394572
22.8  4.8 ./cli kernel images/4096x40   1 394676
  PID User     Command                         Swap      USS      PSS      RSS 
90672 codespace /usr/bin/python3 /usr/bin/s        0    12096    12329    14588 
87106 codespace ./cli kernel images/4096x40        0   393320   393365   394572 
87108 codespace ./cli kernel images/4096x40        0   393320   393367   394592 
87110 codespace ./cli kernel images/4096x40        0   393320   393369   394628 
87112 codespace ./cli kernel images/4096x40        0   393320   393372   394676 
87114 codespace ./cli kernel images/4096x40        0   393324   393373   394632 
%CPU %MEM ARGS Sun Oct  4 20:34:58 UTC 2026
 0.0  0.0 grep --color=auto ./cli       1  2340
22.3  4.8 ./cli kernel images/4096x40   0 394592
22.3  4.8 ./cli kernel images/4096x40   0 394628
22.5  4.8 ./cli kernel images/4096x40   0 394632
22.5  4.8 ./cli kernel images/4096x40   0 394572
22.7  4.8 ./cli kernel images/4096x40   0 394676
  PID User     Command                         Swap      USS      PSS      RSS 
90679 codespace /usr/bin/python3 /usr/bin/s        0    12108    12339    14592 
87106 codespace ./cli kernel images/4096x40        0   393320   393365   394572 
87108 codespace ./cli kernel images/4096x40        0   393320   393367   394592 
87110 codespace ./cli kernel images/4096x40        0   393320   393369   394628 
87112 codespace ./cli kernel images/4096x40        0   393320   393372   394676 
87114 codespace ./cli kernel images/4096x40        0   393324   393373   394632 
%CPU %MEM ARGS Sun Oct  4 20:35:00 UTC 2026
 0.0  0.0 grep --color=auto ./cli       0  2304
22.3  4.8 ./cli kernel images/4096x40   0 394592
22.3  4.8 ./cli kernel images/4096x40   0 394628
22.4  4.8 ./cli kernel images/4096x40   1 394632
22.5  4.8 ./cli kernel images/4096x40   1 394572
22.7  4.8 ./cli kernel images/4096x40   0 394676
  PID User     Command                         Swap      USS      PSS      RSS 
90690 codespace /usr/bin/python3 /usr/bin/s        0    12092    12322    14536 
87106 codespace ./cli kernel images/4096x40        0   393320   393365   394572 
87108 codespace ./cli kernel images/4096x40        0   393320   393367   394592 
87110 codespace ./cli kernel images/4096x40        0   393320   393369   394628 
87112 codespace ./cli kernel images/4096x40        0   393320   393372   394676 
87114 codespace ./cli kernel images/4096x40        0   393324   393373   394632 
%CPU %MEM ARGS Sun Oct  4 20:35:01 UTC 2026
 0.0  0.0 grep --color=auto ./cli       1  2168
22.2  4.8 ./cli kernel images/4096x40   1 394592
22.3  4.8 ./cli kernel images/4096x40   1 394628
22.4  4.8 ./cli kernel images/4096x40   1 394632
22.5  4.8 ./cli kernel images/4096x40   1 394572
22.7  4.8 ./cli kernel images/4096x40   0 394676
  PID User     Command                         Swap      USS      PSS      RSS 
90702 codespace /usr/bin/python3 /usr/bin/s        0    12080    12294    14496 
87106 codespace ./cli kernel images/4096x40        0   393320   393365   394572 
87108 codespace ./cli kernel images/4096x40        0   393320   393367   394592 
87114 codespace ./cli kernel images/4096x40        0   393324   393368   394632 
87110 codespace ./cli kernel images/4096x40        0   393320   393369   394628 
87112 codespace ./cli kernel images/4096x40        0   393320   393370   394676 
%CPU %MEM ARGS Sun Oct  4 20:35:02 UTC 2026
 0.0  0.0 grep --color=auto ./cli       0  2192
22.2  4.8 ./cli kernel images/4096x40   1 394592
22.2  4.8 ./cli kernel images/4096x40   1 394628
22.4  4.8 ./cli kernel images/4096x40   1 394632
22.5  4.8 ./cli kernel images/4096x40   0 394572
22.7  4.8 ./cli kernel images/4096x40   1 394676
  PID User     Command                         Swap      USS      PSS      RSS 
90714 codespace /usr/bin/python3 /usr/bin/s        0    12132    12342    14632 
87106 codespace ./cli kernel images/4096x40        0   393320   393365   394572 
87108 codespace ./cli kernel images/4096x40        0   393320   393367   394592 
87110 codespace ./cli kernel images/4096x40        0   393320   393369   394628 
87114 codespace ./cli kernel images/4096x40        0   393324   393371   394632 
87112 codespace ./cli kernel images/4096x40        0   393320   393372   394676 
%CPU %MEM ARGS Sun Oct  4 20:35:03 UTC 2026
 0.0  0.0 grep --color=auto ./cli       0  2196
22.2  4.8 ./cli kernel images/4096x40   0 394592
22.2  4.8 ./cli kernel images/4096x40   0 394628
22.4  4.8 ./cli kernel images/4096x40   0 394632
22.5  4.8 ./cli kernel images/4096x40   0 394572
22.7  4.8 ./cli kernel images/4096x40   0 394676
  PID User     Command                         Swap      USS      PSS      RSS 
90738 codespace /usr/bin/python3 /usr/bin/s        0    12064    12284    14544 
87106 codespace ./cli kernel images/4096x40        0   393320   393365   394572 
87108 codespace ./cli kernel images/4096x40        0   393320   393367   394592 
87110 codespace ./cli kernel images/4096x40        0   393320   393369   394628 
87112 codespace ./cli kernel images/4096x40        0   393320   393371   394676 
87114 codespace ./cli kernel images/4096x40        0   393324   393373   394632 
%CPU %MEM ARGS Sun Oct  4 20:35:04 UTC 2026
 0.0  0.0 grep --color=auto ./cli       1  2200
22.2  4.8 ./cli kernel images/4096x40   0 394592
22.2  4.8 ./cli kernel images/4096x40   1 394628
22.3  4.8 ./cli kernel images/4096x40   0 394632
22.4  4.8 ./cli kernel images/4096x40   1 394572
22.7  4.8 ./cli kernel images/4096x40   1 394676
  PID User     Command                         Swap      USS      PSS      RSS 
90744 codespace /usr/bin/python3 /usr/bin/s        0    12084    12307    14496 
87106 codespace ./cli kernel images/4096x40        0   393320   393365   394572 
87112 codespace ./cli kernel images/4096x40        0   393320   393366   394676 
87108 codespace ./cli kernel images/4096x40        0   393320   393367   394592 
87110 codespace ./cli kernel images/4096x40        0   393320   393369   394628 
87114 codespace ./cli kernel images/4096x40        0   393324   393373   394632 
%CPU %MEM ARGS Sun Oct  4 20:35:05 UTC 2026
 0.0  0.0 grep --color=auto ./cli       1  2212
22.1  4.8 ./cli kernel images/4096x40   1 394592
22.2  4.8 ./cli kernel images/4096x40   1 394628
22.3  4.8 ./cli kernel images/4096x40   1 394632
22.4  4.8 ./cli kernel images/4096x40   0 394572
22.6  4.8 ./cli kernel images/4096x40   1 394676
  PID User     Command                         Swap      USS      PSS      RSS 
90756 codespace /usr/bin/python3 /usr/bin/s        0    12104    12334    14588 
87106 codespace ./cli kernel images/4096x40        0   393320   393365   394572 
87108 codespace ./cli kernel images/4096x40        0   393320   393367   394592 
87110 codespace ./cli kernel images/4096x40        0   393320   393369   394628 
87112 codespace ./cli kernel images/4096x40        0   393320   393372   394676 
87114 codespace ./cli kernel images/4096x40        0   393324   393373   394632 
%CPU %MEM ARGS Sun Oct  4 20:35:06 UTC 2026
 0.0  0.0 grep --color=auto ./cli       1  2340
22.1  4.8 ./cli kernel images/4096x40   0 394592
22.1  4.8 ./cli kernel images/4096x40   0 394628
22.3  4.8 ./cli kernel images/4096x40   1 394632
22.5  4.8 ./cli kernel images/4096x40   1 394572
22.6  4.8 ./cli kernel images/4096x40   1 394676
  PID User     Command                         Swap      USS      PSS      RSS 
90768 codespace /usr/bin/python3 /usr/bin/s        0    12092    12325    14604 
87106 codespace ./cli kernel images/4096x40        0   393320   393365   394572 
87108 codespace ./cli kernel images/4096x40        0   393320   393367   394592 
87110 codespace ./cli kernel images/4096x40        0   393320   393369   394628 
87112 codespace ./cli kernel images/4096x40        0   393320   393372   394676 
87114 codespace ./cli kernel images/4096x40        0   393324   393373   394632 
%CPU %MEM ARGS Sun Oct  4 20:35:07 UTC 2026
 0.0  0.0 grep --color=auto ./cli       1  2308
22.1  4.8 ./cli kernel images/4096x40   0 394592
22.1  4.8 ./cli kernel images/4096x40   1 394628
22.3  4.8 ./cli kernel images/4096x40   0 394632
22.4  4.8 ./cli kernel images/4096x40   0 394572
22.6  4.8 ./cli kernel images/4096x40   1 394676
  PID User     Command                         Swap      USS      PSS      RSS 
90775 codespace /usr/bin/python3 /usr/bin/s        0    12084    12315    14532 
87106 codespace ./cli kernel images/4096x40        0   393320   393365   394572 
87108 codespace ./cli kernel images/4096x40        0   393320   393367   394592 
87110 codespace ./cli kernel images/4096x40        0   393320   393369   394628 
87112 codespace ./cli kernel images/4096x40        0   393320   393372   394676 
87114 codespace ./cli kernel images/4096x40        0   393324   393373   394632 
%CPU %MEM ARGS Sun Oct  4 20:35:08 UTC 2026
 0.0  0.0 grep --color=auto ./cli       0  2304
22.1  4.8 ./cli kernel images/4096x40   0 394592
22.1  4.8 ./cli kernel images/4096x40   0 394628
22.3  4.8 ./cli kernel images/4096x40   0 394632
22.4  4.8 ./cli kernel images/4096x40   1 394572
22.6  4.8 ./cli kernel images/4096x40   0 394676
  PID User     Command                         Swap      USS      PSS      RSS 
90786 codespace /usr/bin/python3 /usr/bin/s        0    12076    12300    14560 
87106 codespace ./cli kernel images/4096x40        0   393320   393365   394572 
87108 codespace ./cli kernel images/4096x40        0   393320   393367   394592 
87110 codespace ./cli kernel images/4096x40        0   393320   393369   394628 
87112 codespace ./cli kernel images/4096x40        0   393320   393372   394676 
87114 codespace ./cli kernel images/4096x40        0   393324   393373   394632 
%CPU %MEM ARGS Sun Oct  4 20:35:09 UTC 2026
 0.0  0.0 grep --color=auto ./cli       0  2160
22.1  4.8 ./cli kernel images/4096x40   0 394592
22.1  4.8 ./cli kernel images/4096x40   0 394628
22.3  4.8 ./cli kernel images/4096x40   0 394632
22.5  4.8 ./cli kernel images/4096x40   1 394572
22.6  4.8 ./cli kernel images/4096x40   0 394676
  PID User     Command                         Swap      USS      PSS      RSS 
90792 codespace /usr/bin/python3 /usr/bin/s        0    12072    12299    14524 
87106 codespace ./cli kernel images/4096x40        0   393320   393365   394572 
87108 codespace ./cli kernel images/4096x40        0   393320   393367   394592 
87110 codespace ./cli kernel images/4096x40        0   393320   393369   394628 
87112 codespace ./cli kernel images/4096x40        0   393320   393371   394676 
87114 codespace ./cli kernel images/4096x40        0   393324   393373   394632 
%CPU %MEM ARGS Sun Oct  4 20:35:10 UTC 2026
 0.0  0.0 grep --color=auto ./cli       1  2204
22.1  4.8 ./cli kernel images/4096x40   1 394592
22.1  4.8 ./cli kernel images/4096x40   1 394628
22.2  4.8 ./cli kernel images/4096x40   0 394632
22.5  4.8 ./cli kernel images/4096x40   0 394572
22.5  4.8 ./cli kernel images/4096x40   1 394676
  PID User     Command                         Swap      USS      PSS      RSS 
90801 codespace /usr/bin/python3 /usr/bin/s        0    12084    12289    14556 
87106 codespace ./cli kernel images/4096x40        0   393320   393365   394572 
87108 codespace ./cli kernel images/4096x40        0   393320   393367   394592 
87110 codespace ./cli kernel images/4096x40        0   393320   393367   394628 
87112 codespace ./cli kernel images/4096x40        0   393320   393369   394676 
87114 codespace ./cli kernel images/4096x40        0   393324   393371   394632 
%CPU %MEM ARGS Sun Oct  4 20:35:12 UTC 2026
 0.0  0.0 grep --color=auto ./cli       1  2172
22.0  4.8 ./cli kernel images/4096x40   0 394592
22.1  4.8 ./cli kernel images/4096x40   0 394628
22.2  4.8 ./cli kernel images/4096x40   0 394632
22.4  4.8 ./cli kernel images/4096x40   0 394572
22.5  4.8 ./cli kernel images/4096x40   1 394676
  PID User     Command                         Swap      USS      PSS      RSS 
90817 codespace /usr/bin/python3 /usr/bin/s        0    12088    12314    14532 
87106 codespace ./cli kernel images/4096x40        0   393320   393365   394572 
87108 codespace ./cli kernel images/4096x40        0   393320   393367   394592 
87110 codespace ./cli kernel images/4096x40        0   393320   393369   394628 
87112 codespace ./cli kernel images/4096x40        0   393320   393372   394676 
87114 codespace ./cli kernel images/4096x40        0   393324   393373   394632 
%CPU %MEM ARGS Sun Oct  4 20:35:13 UTC 2026
 0.0  0.0 grep --color=auto ./cli       1  2192
22.0  4.8 ./cli kernel images/4096x40   0 394592
22.1  4.8 ./cli kernel images/4096x40   0 394628
22.2  4.8 ./cli kernel images/4096x40   0 394632
22.4  4.8 ./cli kernel images/4096x40   0 394572
22.5  4.8 ./cli kernel images/4096x40   1 394676
  PID User     Command                         Swap      USS      PSS      RSS 
90823 codespace /usr/bin/python3 /usr/bin/s        0    12076    12309    14492 
87110 codespace ./cli kernel images/4096x40        0   393320   393364   394628 
87106 codespace ./cli kernel images/4096x40        0   393320   393365   394572 
87108 codespace ./cli kernel images/4096x40        0   393320   393366   394592 
87112 codespace ./cli kernel images/4096x40        0   393320   393372   394676 
87114 codespace ./cli kernel images/4096x40        0   393324   393374   394632 
%CPU %MEM ARGS Sun Oct  4 20:35:14 UTC 2026
 0.0  0.0 grep --color=auto ./cli       1  2252
22.0  4.8 ./cli kernel images/4096x40   0 394592
22.0  4.8 ./cli kernel images/4096x40   0 394628
22.2  4.8 ./cli kernel images/4096x40   1 394632
22.4  4.8 ./cli kernel images/4096x40   0 394572
22.5  4.8 ./cli kernel images/4096x40   1 394676
  PID User     Command                         Swap      USS      PSS      RSS 
90851 codespace /usr/bin/python3 /usr/bin/s        0    12088    12320    14536 
87106 codespace ./cli kernel images/4096x40        0   393320   393365   394572 
87108 codespace ./cli kernel images/4096x40        0   393320   393367   394592 
87110 codespace ./cli kernel images/4096x40        0   393320   393369   394628 
87112 codespace ./cli kernel images/4096x40        0   393320   393372   394676 
87114 codespace ./cli kernel images/4096x40        0   393324   393373   394632 
%CPU %MEM ARGS Sun Oct  4 20:35:15 UTC 2026
 0.0  0.0 grep --color=auto ./cli       0  2152
22.0  4.8 ./cli kernel images/4096x40   0 394592
22.0  4.8 ./cli kernel images/4096x40   0 394628
22.2  4.8 ./cli kernel images/4096x40   0 394632
22.4  4.8 ./cli kernel images/4096x40   1 394572
22.5  4.8 ./cli kernel images/4096x40   1 394676
  PID User     Command                         Swap      USS      PSS      RSS 
90857 codespace /usr/bin/python3 /usr/bin/s        0    12080    12306    14564 
87106 codespace ./cli kernel images/4096x40        0   393320   393365   394572 
87108 codespace ./cli kernel images/4096x40        0   393320   393367   394592 
87110 codespace ./cli kernel images/4096x40        0   393320   393369   394628 
87112 codespace ./cli kernel images/4096x40        0   393320   393371   394676 
87114 codespace ./cli kernel images/4096x40        0   393324   393373   394632 
%CPU %MEM ARGS Sun Oct  4 20:35:16 UTC 2026
 0.0  0.0 grep --color=auto ./cli       0  2252
22.0  4.8 ./cli kernel images/4096x40   1 394592
22.0  4.8 ./cli kernel images/4096x40   0 394628
22.2  4.8 ./cli kernel images/4096x40   0 394632
22.4  4.8 ./cli kernel images/4096x40   1 394572
22.5  4.8 ./cli kernel images/4096x40   1 394676
  PID User     Command                         Swap      USS      PSS      RSS 
90863 codespace /usr/bin/python3 /usr/bin/s        0    12088    12339    14604 
87108 codespace ./cli kernel images/4096x40        0   393320   393362   394592 
87106 codespace ./cli kernel images/4096x40        0   393320   393365   394572 
87110 codespace ./cli kernel images/4096x40        0   393320   393369   394628 
87112 codespace ./cli kernel images/4096x40        0   393320   393372   394676 
87114 codespace ./cli kernel images/4096x40        0   393324   393373   394632 
%CPU %MEM ARGS Sun Oct  4 20:35:16 UTC 2026
 0.0  0.0 grep --color=auto ./cli       0  2296
21.9  4.8 ./cli kernel images/4096x40   0 394592
22.0  4.8 ./cli kernel images/4096x40   1 394628
22.1  4.8 ./cli kernel images/4096x40   1 394632
22.4  4.8 ./cli kernel images/4096x40   1 394572
22.4  4.8 ./cli kernel images/4096x40   1 394676
  PID User     Command                         Swap      USS      PSS      RSS 
90874 codespace /usr/bin/python3 /usr/bin/s        0    12084    12313    14532 
87106 codespace ./cli kernel images/4096x40        0   393320   393363   394572 
87108 codespace ./cli kernel images/4096x40        0   393320   393365   394592 
87110 codespace ./cli kernel images/4096x40        0   393320   393369   394628 
87112 codespace ./cli kernel images/4096x40        0   393320   393372   394676 
87114 codespace ./cli kernel images/4096x40        0   393324   393373   394632 
%CPU %MEM ARGS Sun Oct  4 20:35:18 UTC 2026
 0.0  0.0 grep --color=auto ./cli       1  2160
21.9  4.8 ./cli kernel images/4096x40   0 394592
22.0  4.8 ./cli kernel images/4096x40   1 394628
22.1  4.8 ./cli kernel images/4096x40   0 394632
22.3  4.8 ./cli kernel images/4096x40   1 394572
22.4  4.8 ./cli kernel images/4096x40   1 394676
  PID User     Command                         Swap      USS      PSS      RSS 
90886 codespace /usr/bin/python3 /usr/bin/s        0    12080    12307    14532 
87106 codespace ./cli kernel images/4096x40        0   393320   393365   394572 
87108 codespace ./cli kernel images/4096x40        0   393320   393367   394592 
87110 codespace ./cli kernel images/4096x40        0   393320   393369   394628 
87112 codespace ./cli kernel images/4096x40        0   393320   393372   394676 
87114 codespace ./cli kernel images/4096x40        0   393324   393373   394632 
%CPU %MEM ARGS Sun Oct  4 20:35:19 UTC 2026
 0.0  0.0 grep --color=auto ./cli       1  2172
21.9  4.8 ./cli kernel images/4096x40   0 394592
22.0  4.8 ./cli kernel images/4096x40   0 394628
22.1  4.8 ./cli kernel images/4096x40   0 394632
22.3  4.8 ./cli kernel images/4096x40   0 394572
22.4  4.8 ./cli kernel images/4096x40   1 394676
  PID User     Command                         Swap      USS      PSS      RSS 
90893 codespace /usr/bin/python3 /usr/bin/s        0    12076    12286    14468 
87106 codespace ./cli kernel images/4096x40        0   393320   393364   394572 
87108 codespace ./cli kernel images/4096x40        0   393320   393367   394592 
87110 codespace ./cli kernel images/4096x40        0   393320   393369   394628 
87112 codespace ./cli kernel images/4096x40        0   393320   393371   394676 
87114 codespace ./cli kernel images/4096x40        0   393324   393373   394632 
%CPU %MEM ARGS Sun Oct  4 20:35:20 UTC 2026
 0.0  0.0 grep --color=auto ./cli       1  2200
21.9  4.8 ./cli kernel images/4096x40   1 394592
21.9  4.8 ./cli kernel images/4096x40   1 394628
22.1  4.8 ./cli kernel images/4096x40   0 394632
22.3  4.8 ./cli kernel images/4096x40   1 394572
22.5  4.8 ./cli kernel images/4096x40   1 394676
  PID User     Command                         Swap      USS      PSS      RSS 
90905 codespace /usr/bin/python3 /usr/bin/s        0    12080    12284    14512 
87106 codespace ./cli kernel images/4096x40        0   393320   393365   394572 
87108 codespace ./cli kernel images/4096x40        0   393320   393367   394592 
87110 codespace ./cli kernel images/4096x40        0   393320   393369   394628 
87112 codespace ./cli kernel images/4096x40        0   393320   393371   394676 
87114 codespace ./cli kernel images/4096x40        0   393324   393373   394632 
%CPU %MEM ARGS Sun Oct  4 20:35:21 UTC 2026
 0.0  0.0 grep --color=auto ./cli       0  2252
21.9  4.8 ./cli kernel images/4096x40   1 394592
21.9  4.8 ./cli kernel images/4096x40   0 394628
22.1  4.8 ./cli kernel images/4096x40   1 394632
22.3  4.8 ./cli kernel images/4096x40   1 394572
22.4  4.8 ./cli kernel images/4096x40   1 394676
  PID User     Command                         Swap      USS      PSS      RSS 
90911 codespace /usr/bin/python3 /usr/bin/s        0    12088    12329    14584 
87106 codespace ./cli kernel images/4096x40        0   393320   393365   394572 
87108 codespace ./cli kernel images/4096x40        0   393320   393367   394592 
87110 codespace ./cli kernel images/4096x40        0   393320   393369   394628 
87112 codespace ./cli kernel images/4096x40        0   393320   393372   394676 
87114 codespace ./cli kernel images/4096x40        0   393324   393373   394632 
%CPU %MEM ARGS Sun Oct  4 20:35:22 UTC 2026
 0.0  0.0 grep --color=auto ./cli       0  2176
21.9  4.8 ./cli kernel images/4096x40   0 394592
21.9  4.8 ./cli kernel images/4096x40   0 394628
22.1  4.8 ./cli kernel images/4096x40   1 394632
22.3  4.8 ./cli kernel images/4096x40   0 394572
22.4  4.8 ./cli kernel images/4096x40   0 394676
  PID User     Command                         Swap      USS      PSS      RSS 
90916 codespace /usr/bin/python3 /usr/bin/s        0    12072    12262    14492 
87106 codespace ./cli kernel images/4096x40        0   393320   393360   394572 
87108 codespace ./cli kernel images/4096x40        0   393320   393367   394592 
87110 codespace ./cli kernel images/4096x40        0   393320   393369   394628 
87112 codespace ./cli kernel images/4096x40        0   393320   393369   394676 
87114 codespace ./cli kernel images/4096x40        0   393324   393371   394632 
%CPU %MEM ARGS Sun Oct  4 20:35:23 UTC 2026
 0.0  0.0 grep --color=auto ./cli       0  2160
21.9  4.8 ./cli kernel images/4096x40   1 394592
21.9  4.8 ./cli kernel images/4096x40   0 394628
22.1  4.8 ./cli kernel images/4096x40   1 394632
22.2  4.8 ./cli kernel images/4096x40   1 394572
22.4  4.8 ./cli kernel images/4096x40   0 394676
  PID User     Command                         Swap      USS      PSS      RSS 
90935 codespace /usr/bin/python3 /usr/bin/s        0    12080    12304    14556 
87106 codespace ./cli kernel images/4096x40        0   393320   393365   394572 
87108 codespace ./cli kernel images/4096x40        0   393320   393367   394592 
87110 codespace ./cli kernel images/4096x40        0   393320   393369   394628 
87112 codespace ./cli kernel images/4096x40        0   393320   393371   394676 
87114 codespace ./cli kernel images/4096x40        0   393324   393373   394632 
%CPU %MEM ARGS Sun Oct  4 20:35:24 UTC 2026
 0.0  0.0 grep --color=auto ./cli       1  2156
21.9  4.8 ./cli kernel images/4096x40   1 394592
21.9  4.8 ./cli kernel images/4096x40   1 394628
22.1  4.8 ./cli kernel images/4096x40   0 394632
22.2  4.8 ./cli kernel images/4096x40   1 394572
22.4  4.8 ./cli kernel images/4096x40   1 394676
  PID User     Command                         Swap      USS      PSS      RSS 
90959 codespace /usr/bin/python3 /usr/bin/s        0    12080    12318    14624 
87106 codespace ./cli kernel images/4096x40        0   393320   393365   394572 
87108 codespace ./cli kernel images/4096x40        0   393320   393367   394592 
87110 codespace ./cli kernel images/4096x40        0   393320   393369   394628 
87112 codespace ./cli kernel images/4096x40        0   393320   393372   394676 
87114 codespace ./cli kernel images/4096x40        0   393324   393373   394632 
%CPU %MEM ARGS Sun Oct  4 20:35:25 UTC 2026
 0.0  0.0 grep --color=auto ./cli       1  2248
21.8  4.8 ./cli kernel images/4096x40   0 394592
21.9  4.8 ./cli kernel images/4096x40   1 394628
22.0  4.8 ./cli kernel images/4096x40   0 394632
22.2  4.8 ./cli kernel images/4096x40   0 394572
22.4  4.8 ./cli kernel images/4096x40   1 394676
  PID User     Command                         Swap      USS      PSS      RSS 
90967 codespace /usr/bin/python3 /usr/bin/s        0    12076    12277    14464 
87106 codespace ./cli kernel images/4096x40        0   393320   393365   394572 
87108 codespace ./cli kernel images/4096x40        0   393320   393367   394592 
87110 codespace ./cli kernel images/4096x40        0   393320   393369   394628 
87112 codespace ./cli kernel images/4096x40        0   393320   393372   394676 
87114 codespace ./cli kernel images/4096x40        0   393324   393373   394632 
%CPU %MEM ARGS Sun Oct  4 20:35:26 UTC 2026
 0.0  0.0 grep --color=auto ./cli       1  2252
21.8  4.8 ./cli kernel images/4096x40   1 394592
21.9  4.8 ./cli kernel images/4096x40   1 394628
22.0  4.8 ./cli kernel images/4096x40   0 394632
22.2  4.8 ./cli kernel images/4096x40   0 394572
22.4  4.8 ./cli kernel images/4096x40   1 394676
  PID User     Command                         Swap      USS      PSS      RSS 
90977 codespace /usr/bin/python3 /usr/bin/s        0    12072    12297    14536 
87106 codespace ./cli kernel images/4096x40        0   393320   393365   394572 
87108 codespace ./cli kernel images/4096x40        0   393320   393367   394592 
87110 codespace ./cli kernel images/4096x40        0   393320   393369   394628 
87112 codespace ./cli kernel images/4096x40        0   393320   393372   394676 
87114 codespace ./cli kernel images/4096x40        0   393324   393373   394632 
%CPU %MEM ARGS Sun Oct  4 20:35:27 UTC 2026
 0.0  0.0 grep --color=auto ./cli       1  2156
21.8  4.8 ./cli kernel images/4096x40   0 394592
21.8  4.8 ./cli kernel images/4096x40   1 394628
22.0  4.8 ./cli kernel images/4096x40   1 394632
22.2  4.8 ./cli kernel images/4096x40   1 394572
22.3  4.8 ./cli kernel images/4096x40   0 394676
  PID User     Command                         Swap      USS      PSS      RSS 
90982 codespace /usr/bin/python3 /usr/bin/s        0    12084    12302    14496 
87106 codespace ./cli kernel images/4096x40        0   393320   393365   394572 
87108 codespace ./cli kernel images/4096x40        0   393320   393367   394592 
87110 codespace ./cli kernel images/4096x40        0   393320   393369   394628 
87112 codespace ./cli kernel images/4096x40        0   393320   393371   394676 
87114 codespace ./cli kernel images/4096x40        0   393324   393373   394632 
%CPU %MEM ARGS Sun Oct  4 20:35:28 UTC 2026
 0.0  0.0 grep --color=auto ./cli       0  2212
21.8  4.8 ./cli kernel images/4096x40   1 394592
21.8  4.8 ./cli kernel images/4096x40   1 394628
22.0  4.8 ./cli kernel images/4096x40   1 394632
22.2  4.8 ./cli kernel images/4096x40   1 394572
22.4  4.8 ./cli kernel images/4096x40   0 394676
  PID User     Command                         Swap      USS      PSS      RSS 
90991 codespace /usr/bin/python3 /usr/bin/s        0    12076    12275    14460 
87106 codespace ./cli kernel images/4096x40        0   393320   393363   394572 
87108 codespace ./cli kernel images/4096x40        0   393320   393365   394592 
87110 codespace ./cli kernel images/4096x40        0   393320   393367   394628 
87112 codespace ./cli kernel images/4096x40        0   393320   393371   394676 
87114 codespace ./cli kernel images/4096x40        0   393324   393373   394632 
%CPU %MEM ARGS Sun Oct  4 20:35:29 UTC 2026
 0.0  0.0 grep --color=auto ./cli       1  2264
21.8  4.8 ./cli kernel images/4096x40   0 394592
21.8  4.8 ./cli kernel images/4096x40   1 394628
22.0  4.8 ./cli kernel images/4096x40   1 394632
22.2  4.8 ./cli kernel images/4096x40   0 394572
22.4  4.8 ./cli kernel images/4096x40   0 394676
  PID User     Command                         Swap      USS      PSS      RSS 
91006 codespace /usr/bin/python3 /usr/bin/s        0    12092    12326    14604 
87106 codespace ./cli kernel images/4096x40        0   393320   393365   394572 
87108 codespace ./cli kernel images/4096x40        0   393320   393367   394592 
87110 codespace ./cli kernel images/4096x40        0   393320   393369   394628 
87112 codespace ./cli kernel images/4096x40        0   393320   393372   394676 
87114 codespace ./cli kernel images/4096x40        0   393324   393373   394632 
%CPU %MEM ARGS Sun Oct  4 20:35:30 UTC 2026
 0.0  0.0 grep --color=auto ./cli       1  2296
21.8  4.8 ./cli kernel images/4096x40   0 394592
21.8  4.8 ./cli kernel images/4096x40   1 394628
22.0  4.8 ./cli kernel images/4096x40   0 394632
22.2  4.8 ./cli kernel images/4096x40   1 394572
22.3  4.8 ./cli kernel images/4096x40   1 394676
  PID User     Command                         Swap      USS      PSS      RSS 
91012 codespace /usr/bin/python3 /usr/bin/s        0    12072    12283    14484 
87106 codespace ./cli kernel images/4096x40        0   393320   393365   394572 
87108 codespace ./cli kernel images/4096x40        0   393320   393367   394592 
87110 codespace ./cli kernel images/4096x40        0   393320   393369   394628 
87112 codespace ./cli kernel images/4096x40        0   393320   393372   394676 
87114 codespace ./cli kernel images/4096x40        0   393324   393372   394632 
%CPU %MEM ARGS Sun Oct  4 20:35:31 UTC 2026
 0.0  0.0 grep --color=auto ./cli       1  2248
21.7  4.8 ./cli kernel images/4096x40   1 394592
21.8  4.8 ./cli kernel images/4096x40   1 394628
22.0  4.8 ./cli kernel images/4096x40   1 394632
22.2  4.8 ./cli kernel images/4096x40   0 394572
22.3  4.8 ./cli kernel images/4096x40   1 394676
  PID User     Command                         Swap      USS      PSS      RSS 
91024 codespace /usr/bin/python3 /usr/bin/s        0    12112    12351    14552 
87106 codespace ./cli kernel images/4096x40        0   393320   393365   394572 
87108 codespace ./cli kernel images/4096x40        0   393320   393367   394592 
87110 codespace ./cli kernel images/4096x40        0   393320   393369   394628 
87112 codespace ./cli kernel images/4096x40        0   393320   393372   394676 
87114 codespace ./cli kernel images/4096x40        0   393324   393373   394632 
%CPU %MEM ARGS Sun Oct  4 20:35:32 UTC 2026
 0.0  0.0 grep --color=auto ./cli       0  2160
21.7  4.8 ./cli kernel images/4096x40   0 394592
21.8  4.8 ./cli kernel images/4096x40   0 394628
22.0  4.8 ./cli kernel images/4096x40   0 394632
22.2  4.8 ./cli kernel images/4096x40   0 394572
22.3  4.8 ./cli kernel images/4096x40   1 394676
  PID User     Command                         Swap      USS      PSS      RSS 
91030 codespace /usr/bin/python3 /usr/bin/s        0    12076    12291    14492 
87106 codespace ./cli kernel images/4096x40        0   393320   393365   394572 
87108 codespace ./cli kernel images/4096x40        0   393320   393367   394592 
87110 codespace ./cli kernel images/4096x40        0   393320   393369   394628 
87112 codespace ./cli kernel images/4096x40        0   393320   393371   394676 
87114 codespace ./cli kernel images/4096x40        0   393324   393373   394632 
%CPU %MEM ARGS Sun Oct  4 20:35:33 UTC 2026
 0.0  0.0 grep --color=auto ./cli       0  2252
21.7  4.8 ./cli kernel images/4096x40   0 394592
21.8  4.8 ./cli kernel images/4096x40   0 394628
22.0  4.8 ./cli kernel images/4096x40   1 394632
22.1  4.8 ./cli kernel images/4096x40   0 394572
22.3  4.8 ./cli kernel images/4096x40   0 394676
  PID User     Command                         Swap      USS      PSS      RSS 
91036 codespace /usr/bin/python3 /usr/bin/s        0    12072    12299    14536 
87110 codespace ./cli kernel images/4096x40        0   393320   393364   394628 
87106 codespace ./cli kernel images/4096x40        0   393320   393365   394572 
87108 codespace ./cli kernel images/4096x40        0   393320   393367   394592 
87112 codespace ./cli kernel images/4096x40        0   393320   393371   394676 
87114 codespace ./cli kernel images/4096x40        0   393324   393373   394632 
%CPU %MEM ARGS Sun Oct  4 20:35:34 UTC 2026
 0.0  0.0 grep --color=auto ./cli       1  2192
21.7  4.8 ./cli kernel images/4096x40   0 394592
21.7  4.8 ./cli kernel images/4096x40   1 394628
21.9  4.8 ./cli kernel images/4096x40   1 394632
22.1  4.8 ./cli kernel images/4096x40   1 394572
22.3  4.8 ./cli kernel images/4096x40   1 394676
  PID User     Command                         Swap      USS      PSS      RSS 
91065 codespace /usr/bin/python3 /usr/bin/s        0    12084    12300    14500 
87106 codespace ./cli kernel images/4096x40        0   393320   393365   394572 
87108 codespace ./cli kernel images/4096x40        0   393320   393367   394592 
87110 codespace ./cli kernel images/4096x40        0   393320   393370   394628 
87112 codespace ./cli kernel images/4096x40        0   393320   393372   394676 
87114 codespace ./cli kernel images/4096x40        0   393324   393373   394632 
%CPU %MEM ARGS Sun Oct  4 20:35:35 UTC 2026
 0.0  0.0 grep --color=auto ./cli       1  2160
21.7  4.8 ./cli kernel images/4096x40   0 394592
21.7  4.8 ./cli kernel images/4096x40   0 394628
21.9  4.8 ./cli kernel images/4096x40   0 394632
22.1  4.8 ./cli kernel images/4096x40   1 394572
22.2  4.8 ./cli kernel images/4096x40   0 394676
  PID User     Command                         Swap      USS      PSS      RSS 
91076 codespace /usr/bin/python3 /usr/bin/s        0    12088    12314    14532 
87106 codespace ./cli kernel images/4096x40        0   393320   393365   394572 
87108 codespace ./cli kernel images/4096x40        0   393320   393367   394592 
87110 codespace ./cli kernel images/4096x40        0   393320   393369   394628 
87112 codespace ./cli kernel images/4096x40        0   393320   393372   394676 
87114 codespace ./cli kernel images/4096x40        0   393324   393373   394632 
%CPU %MEM ARGS Sun Oct  4 20:35:36 UTC 2026
 0.0  0.0 grep --color=auto ./cli       0  2156
21.7  4.8 ./cli kernel images/4096x40   1 394592
21.7  4.8 ./cli kernel images/4096x40   0 394628
21.9  4.8 ./cli kernel images/4096x40   0 394632
22.1  4.8 ./cli kernel images/4096x40   1 394572
22.2  4.8 ./cli kernel images/4096x40   0 394676
  PID User     Command                         Swap      USS      PSS      RSS 
91082 codespace /usr/bin/python3 /usr/bin/s        0    12080    12299    14492 
87106 codespace ./cli kernel images/4096x40        0   393320   393365   394572 
87112 codespace ./cli kernel images/4096x40        0   393320   393366   394676 
87108 codespace ./cli kernel images/4096x40        0   393320   393367   394592 
87110 codespace ./cli kernel images/4096x40        0   393320   393368   394628 
87114 codespace ./cli kernel images/4096x40        0   393324   393373   394632 
%CPU %MEM ARGS Sun Oct  4 20:35:38 UTC 2026
 0.0  0.0 grep --color=auto ./cli       1  2176
21.6  4.8 ./cli kernel images/4096x40   1 394592
21.7  4.8 ./cli kernel images/4096x40   1 394628
21.9  4.8 ./cli kernel images/4096x40   1 394632
22.1  4.8 ./cli kernel images/4096x40   1 394572
22.2  4.8 ./cli kernel images/4096x40   0 394676
  PID User     Command                         Swap      USS      PSS      RSS 
91094 codespace /usr/bin/python3 /usr/bin/s        0    12088    12303    14504 
87106 codespace ./cli kernel images/4096x40        0   393320   393365   394572 
87108 codespace ./cli kernel images/4096x40        0   393320   393367   394592 
87110 codespace ./cli kernel images/4096x40        0   393320   393369   394628 
87112 codespace ./cli kernel images/4096x40        0   393320   393372   394676 
87114 codespace ./cli kernel images/4096x40        0   393324   393373   394632 
%CPU %MEM ARGS Sun Oct  4 20:35:39 UTC 2026
 0.0  0.0 grep --color=auto ./cli       1  2184
21.6  4.8 ./cli kernel images/4096x40   0 394592
21.7  4.8 ./cli kernel images/4096x40   0 394628
21.9  4.8 ./cli kernel images/4096x40   1 394632
22.1  4.8 ./cli kernel images/4096x40   1 394572
22.2  4.8 ./cli kernel images/4096x40   1 394676
  PID User     Command                         Swap      USS      PSS      RSS 
91100 codespace /usr/bin/python3 /usr/bin/s        0    12076    12293    14488 
87106 codespace ./cli kernel images/4096x40        0   393320   393365   394572 
87108 codespace ./cli kernel images/4096x40        0   393320   393367   394592 
87110 codespace ./cli kernel images/4096x40        0   393320   393369   394628 
87112 codespace ./cli kernel images/4096x40        0   393320   393372   394676 
87114 codespace ./cli kernel images/4096x40        0   393324   393373   394632 
%CPU %MEM ARGS Sun Oct  4 20:35:40 UTC 2026
 0.0  0.0 grep --color=auto ./cli       1  2156
21.6  4.8 ./cli kernel images/4096x40   0 394592
21.7  4.8 ./cli kernel images/4096x40   0 394628
21.9  4.8 ./cli kernel images/4096x40   0 394632
22.1  4.8 ./cli kernel images/4096x40   0 394572
22.2  4.8 ./cli kernel images/4096x40   1 394676
  PID User     Command                         Swap      USS      PSS      RSS 
91115 codespace /usr/bin/python3 /usr/bin/s        0    12084    12309    14528 
87106 codespace ./cli kernel images/4096x40        0   393320   393365   394572 
87108 codespace ./cli kernel images/4096x40        0   393320   393367   394592 
87110 codespace ./cli kernel images/4096x40        0   393320   393369   394628 
87112 codespace ./cli kernel images/4096x40        0   393320   393372   394676 
87114 codespace ./cli kernel images/4096x40        0   393324   393373   394632 
%CPU %MEM ARGS Sun Oct  4 20:35:41 UTC 2026
 0.0  0.0 grep --color=auto ./cli       0  2292
21.6  4.8 ./cli kernel images/4096x40   0 394592
21.6  4.8 ./cli kernel images/4096x40   1 394628
21.9  4.8 ./cli kernel images/4096x40   0 394632
22.1  4.8 ./cli kernel images/4096x40   1 394572
22.2  4.8 ./cli kernel images/4096x40   0 394676
  PID User     Command                         Swap      USS      PSS      RSS 
91124 codespace /usr/bin/python3 /usr/bin/s        0    12092    12297    14524 
87106 codespace ./cli kernel images/4096x40        0   393320   393365   394572 
87108 codespace ./cli kernel images/4096x40        0   393320   393367   394592 
87110 codespace ./cli kernel images/4096x40        0   393320   393369   394628 
87112 codespace ./cli kernel images/4096x40        0   393320   393371   394676 
87114 codespace ./cli kernel images/4096x40        0   393324   393373   394632 
%CPU %MEM ARGS Sun Oct  4 20:35:42 UTC 2026
 0.0  0.0 grep --color=auto ./cli       1  2176
21.6  4.8 ./cli kernel images/4096x40   1 394592
21.6  4.8 ./cli kernel images/4096x40   0 394628
21.8  4.8 ./cli kernel images/4096x40   0 394632
22.1  4.8 ./cli kernel images/4096x40   0 394572
22.2  4.8 ./cli kernel images/4096x40   0 394676
  PID User     Command                         Swap      USS      PSS      RSS 
91130 codespace /usr/bin/python3 /usr/bin/s        0    12080    12298    14492 
87106 codespace ./cli kernel images/4096x40        0   393320   393365   394572 
87108 codespace ./cli kernel images/4096x40        0   393320   393367   394592 
87110 codespace ./cli kernel images/4096x40        0   393320   393369   394628 
87112 codespace ./cli kernel images/4096x40        0   393320   393372   394676 
87114 codespace ./cli kernel images/4096x40        0   393324   393373   394632 
%CPU %MEM ARGS Sun Oct  4 20:35:43 UTC 2026
 0.0  0.0 grep --color=auto ./cli       1  2160
21.6  4.8 ./cli kernel images/4096x40   0 394628
21.6  4.8 ./cli kernel images/4096x40   0 394592
21.8  4.8 ./cli kernel images/4096x40   1 394632
22.0  4.8 ./cli kernel images/4096x40   1 394572
22.2  4.8 ./cli kernel images/4096x40   1 394676
  PID User     Command                         Swap      USS      PSS      RSS 
91139 codespace /usr/bin/python3 /usr/bin/s        0    12088    12314    14532 
87106 codespace ./cli kernel images/4096x40        0   393320   393365   394572 
87108 codespace ./cli kernel images/4096x40        0   393320   393367   394592 
87110 codespace ./cli kernel images/4096x40        0   393320   393369   394628 
87112 codespace ./cli kernel images/4096x40        0   393320   393372   394676 
87114 codespace ./cli kernel images/4096x40        0   393324   393373   394632 
%CPU %MEM ARGS Sun Oct  4 20:35:44 UTC 2026
 0.0  0.0 grep --color=auto ./cli       1  2152
21.6  4.8 ./cli kernel images/4096x40   1 394628
21.6  4.8 ./cli kernel images/4096x40   1 394592
21.8  4.8 ./cli kernel images/4096x40   1 394632
22.0  4.8 ./cli kernel images/4096x40   1 394572
22.2  4.8 ./cli kernel images/4096x40   0 394676
  PID User     Command                         Swap      USS      PSS      RSS 
91148 codespace /usr/bin/python3 /usr/bin/s        0    12084    12308    14516 
87106 codespace ./cli kernel images/4096x40        0   393320   393365   394572 
87108 codespace ./cli kernel images/4096x40        0   393320   393367   394592 
87110 codespace ./cli kernel images/4096x40        0   393320   393369   394628 
87112 codespace ./cli kernel images/4096x40        0   393320   393372   394676 
87114 codespace ./cli kernel images/4096x40        0   393324   393373   394632 
%CPU %MEM ARGS Sun Oct  4 20:35:45 UTC 2026
 0.0  0.0 grep --color=auto ./cli       1  2176
21.6  4.8 ./cli kernel images/4096x40   1 394628
21.6  4.8 ./cli kernel images/4096x40   0 394592
21.8  4.8 ./cli kernel images/4096x40   0 394632
22.0  4.8 ./cli kernel images/4096x40   0 394572
22.2  4.8 ./cli kernel images/4096x40   1 394676
  PID User     Command                         Swap      USS      PSS      RSS 
91160 codespace /usr/bin/python3 /usr/bin/s        0    12072    12270    14560 
87106 codespace ./cli kernel images/4096x40        0   393320   393365   394572 
87108 codespace ./cli kernel images/4096x40        0   393320   393367   394592 
87110 codespace ./cli kernel images/4096x40        0   393320   393367   394628 
87112 codespace ./cli kernel images/4096x40        0   393320   393369   394676 
87114 codespace ./cli kernel images/4096x40        0   393324   393371   394632 
%CPU %MEM ARGS Sun Oct  4 20:35:46 UTC 2026
 0.0  0.0 grep --color=auto ./cli       0  2172
21.6  4.8 ./cli kernel images/4096x40   0 394628
21.6  4.8 ./cli kernel images/4096x40   0 394592
21.8  4.8 ./cli kernel images/4096x40   0 394632
22.0  4.8 ./cli kernel images/4096x40   0 394572
22.2  4.8 ./cli kernel images/4096x40   1 394676
  PID User     Command                         Swap      USS      PSS      RSS 
91187 codespace /usr/bin/python3 /usr/bin/s        0    12080    12298    14492 
87106 codespace ./cli kernel images/4096x40        0   393320   393365   394572 
87108 codespace ./cli kernel images/4096x40        0   393320   393367   394592 
87110 codespace ./cli kernel images/4096x40        0   393320   393369   394628 
87112 codespace ./cli kernel images/4096x40        0   393320   393372   394676 
87114 codespace ./cli kernel images/4096x40        0   393324   393372   394632 
%CPU %MEM ARGS Sun Oct  4 20:35:47 UTC 2026
 0.0  0.0 grep --color=auto ./cli       1  2184
21.6  4.8 ./cli kernel images/4096x40   1 394628
21.6  4.8 ./cli kernel images/4096x40   1 394592
21.8  4.8 ./cli kernel images/4096x40   0 394632
22.0  4.8 ./cli kernel images/4096x40   1 394572
22.1  4.8 ./cli kernel images/4096x40   1 394676
  PID User     Command                         Swap      USS      PSS      RSS 
91201 codespace /usr/bin/python3 /usr/bin/s        0    12084    12307    14528 
87106 codespace ./cli kernel images/4096x40        0   393320   393365   394572 
87108 codespace ./cli kernel images/4096x40        0   393320   393367   394592 
87110 codespace ./cli kernel images/4096x40        0   393320   393369   394628 
87112 codespace ./cli kernel images/4096x40        0   393320   393372   394676 
87114 codespace ./cli kernel images/4096x40        0   393324   393373   394632 
%CPU %MEM ARGS Sun Oct  4 20:35:48 UTC 2026
 0.0  0.0 grep --color=auto ./cli       1  2240
21.6  4.8 ./cli kernel images/4096x40   1 394592
21.6  4.8 ./cli kernel images/4096x40   1 394628
21.8  4.8 ./cli kernel images/4096x40   1 394632
21.9  4.8 ./cli kernel images/4096x40   1 394572
22.2  4.8 ./cli kernel images/4096x40   0 394676
  PID User     Command                         Swap      USS      PSS      RSS 
91207 codespace /usr/bin/python3 /usr/bin/s        0    12080    12302    14492 
87106 codespace ./cli kernel images/4096x40        0   393320   393365   394572 
87108 codespace ./cli kernel images/4096x40        0   393320   393367   394592 
87110 codespace ./cli kernel images/4096x40        0   393320   393369   394628 
87112 codespace ./cli kernel images/4096x40        0   393320   393371   394676 
87114 codespace ./cli kernel images/4096x40        0   393324   393373   394632 
%CPU %MEM ARGS Sun Oct  4 20:35:49 UTC 2026
 0.0  0.0 grep --color=auto ./cli       1  2304
21.5  4.8 ./cli kernel images/4096x40   0 394628
21.5  4.8 ./cli kernel images/4096x40   0 394592
21.8  4.8 ./cli kernel images/4096x40   1 394632
21.9  4.8 ./cli kernel images/4096x40   0 394572
22.2  4.8 ./cli kernel images/4096x40   1 394676
  PID User     Command                         Swap      USS      PSS      RSS 
91213 codespace /usr/bin/python3 /usr/bin/s        0    12076    12257    14492 
87106 codespace ./cli kernel images/4096x40        0   393320   393365   394572 
87108 codespace ./cli kernel images/4096x40        0   393320   393367   394592 
87114 codespace ./cli kernel images/4096x40        0   393324   393367   394632 
87110 codespace ./cli kernel images/4096x40        0   393320   393368   394628 
87112 codespace ./cli kernel images/4096x40        0   393320   393371   394676 
%CPU %MEM ARGS Sun Oct  4 20:35:50 UTC 2026
 0.0  0.0 grep --color=auto ./cli       0  2152
21.5  4.8 ./cli kernel images/4096x40   1 394628
21.5  4.8 ./cli kernel images/4096x40   1 394592
21.7  4.8 ./cli kernel images/4096x40   1 394632
21.9  4.8 ./cli kernel images/4096x40   0 394572
22.1  4.8 ./cli kernel images/4096x40   1 394676
  PID User     Command                         Swap      USS      PSS      RSS 
91226 codespace /usr/bin/python3 /usr/bin/s        0    12088    12314    14532 
87106 codespace ./cli kernel images/4096x40        0   393320   393365   394572 
87108 codespace ./cli kernel images/4096x40        0   393320   393367   394592 
87110 codespace ./cli kernel images/4096x40        0   393320   393369   394628 
87112 codespace ./cli kernel images/4096x40        0   393320   393372   394676 
87114 codespace ./cli kernel images/4096x40        0   393324   393373   394632 
%CPU %MEM ARGS Sun Oct  4 20:35:51 UTC 2026
 0.0  0.0 grep --color=auto ./cli       0  2340
21.5  4.8 ./cli kernel images/4096x40   1 394628
21.5  4.8 ./cli kernel images/4096x40   0 394592
21.7  4.8 ./cli kernel images/4096x40   0 394632
21.9  4.8 ./cli kernel images/4096x40   1 394572
22.1  4.8 ./cli kernel images/4096x40   1 394676
  PID User     Command                         Swap      USS      PSS      RSS 
91238 codespace /usr/bin/python3 /usr/bin/s        0    12076    12290    14492 
87106 codespace ./cli kernel images/4096x40        0   393320   393365   394572 
87108 codespace ./cli kernel images/4096x40        0   393320   393367   394592 
87110 codespace ./cli kernel images/4096x40        0   393320   393369   394628 
87112 codespace ./cli kernel images/4096x40        0   393320   393371   394676 
87114 codespace ./cli kernel images/4096x40        0   393324   393373   394632 
%CPU %MEM ARGS Sun Oct  4 20:35:53 UTC 2026
 0.0  0.0 grep --color=auto ./cli       1  2172
21.5  4.8 ./cli kernel images/4096x40   1 394628
21.5  4.8 ./cli kernel images/4096x40   0 394592
21.7  4.8 ./cli kernel images/4096x40   0 394632
21.9  4.8 ./cli kernel images/4096x40   1 394572
22.1  4.8 ./cli kernel images/4096x40   0 394676
  PID User     Command                         Swap      USS      PSS      RSS 
91244 codespace /usr/bin/python3 /usr/bin/s        0    12084    12301    14496 
87106 codespace ./cli kernel images/4096x40        0   393320   393365   394572 
87108 codespace ./cli kernel images/4096x40        0   393320   393367   394592 
87110 codespace ./cli kernel images/4096x40        0   393320   393369   394628 
87112 codespace ./cli kernel images/4096x40        0   393320   393372   394676 
87114 codespace ./cli kernel images/4096x40        0   393324   393373   394632 
%CPU %MEM ARGS Sun Oct  4 20:35:54 UTC 2026
 0.0  0.0 grep --color=auto ./cli       1  2208
21.5  4.8 ./cli kernel images/4096x40   0 394628
21.5  4.8 ./cli kernel images/4096x40   0 394592
21.7  4.8 ./cli kernel images/4096x40   0 394632
21.9  4.8 ./cli kernel images/4096x40   0 394572
22.1  4.8 ./cli kernel images/4096x40   0 394676
  PID User     Command                         Swap      USS      PSS      RSS 
91256 codespace /usr/bin/python3 /usr/bin/s        0    12088    12317    14536 
87106 codespace ./cli kernel images/4096x40        0   393320   393365   394572 
87108 codespace ./cli kernel images/4096x40        0   393320   393367   394592 
87110 codespace ./cli kernel images/4096x40        0   393320   393369   394628 
87112 codespace ./cli kernel images/4096x40        0   393320   393372   394676 
87114 codespace ./cli kernel images/4096x40        0   393324   393373   394632 
%CPU %MEM ARGS Sun Oct  4 20:35:55 UTC 2026
 0.0  0.0 grep --color=auto ./cli       0  2248
21.5  4.8 ./cli kernel images/4096x40   1 394628
21.5  4.8 ./cli kernel images/4096x40   1 394592
21.7  4.8 ./cli kernel images/4096x40   1 394632
21.9  4.8 ./cli kernel images/4096x40   1 394572
22.1  4.8 ./cli kernel images/4096x40   1 394676
  PID User     Command                         Swap      USS      PSS      RSS 
91262 codespace /usr/bin/python3 /usr/bin/s        0    12072    12296    14536 
87106 codespace ./cli kernel images/4096x40        0   393320   393365   394572 
87108 codespace ./cli kernel images/4096x40        0   393320   393367   394592 
87110 codespace ./cli kernel images/4096x40        0   393320   393369   394628 
87112 codespace ./cli kernel images/4096x40        0   393320   393371   394676 
87114 codespace ./cli kernel images/4096x40        0   393324   393373   394632 
%CPU %MEM ARGS Sun Oct  4 20:35:55 UTC 2026
 0.0  0.0 grep --color=auto ./cli       0  2180
21.4  4.8 ./cli kernel images/4096x40   1 394628
21.5  4.8 ./cli kernel images/4096x40   0 394592
21.7  4.8 ./cli kernel images/4096x40   0 394632
21.9  4.8 ./cli kernel images/4096x40   0 394572
22.1  4.8 ./cli kernel images/4096x40   1 394676
  PID User     Command                         Swap      USS      PSS      RSS 
91274 codespace /usr/bin/python3 /usr/bin/s        0    12080    12295    14496 
87106 codespace ./cli kernel images/4096x40        0   393320   393365   394572 
87108 codespace ./cli kernel images/4096x40        0   393320   393367   394592 
87110 codespace ./cli kernel images/4096x40        0   393320   393369   394628 
87112 codespace ./cli kernel images/4096x40        0   393320   393371   394676 
87114 codespace ./cli kernel images/4096x40        0   393324   393373   394632 
%CPU %MEM ARGS Sun Oct  4 20:35:57 UTC 2026
 0.0  0.0 grep --color=auto ./cli       0  2196
21.4  4.8 ./cli kernel images/4096x40   1 394628
21.4  4.8 ./cli kernel images/4096x40   0 394592
21.7  4.8 ./cli kernel images/4096x40   0 394632
21.9  4.8 ./cli kernel images/4096x40   0 394572
22.1  4.8 ./cli kernel images/4096x40   1 394676
  PID User     Command                         Swap      USS      PSS      RSS 
91305 codespace /usr/bin/python3 /usr/bin/s        0    12080    12297    14492 
87106 codespace ./cli kernel images/4096x40        0   393320   393365   394572 
87108 codespace ./cli kernel images/4096x40        0   393320   393367   394592 
87110 codespace ./cli kernel images/4096x40        0   393320   393369   394628 
87112 codespace ./cli kernel images/4096x40        0   393320   393371   394676 
87114 codespace ./cli kernel images/4096x40        0   393324   393373   394632 
%CPU %MEM ARGS Sun Oct  4 20:35:58 UTC 2026
 0.0  0.0 grep --color=auto ./cli       0  2156
21.4  4.8 ./cli kernel images/4096x40   0 394592
21.4  4.8 ./cli kernel images/4096x40   0 394628
21.6  4.8 ./cli kernel images/4096x40   1 394632
21.9  4.8 ./cli kernel images/4096x40   0 394572
22.1  4.8 ./cli kernel images/4096x40   0 394676
  PID User     Command                         Swap      USS      PSS      RSS 
91311 codespace /usr/bin/python3 /usr/bin/s        0    12096    12335    14588 
87106 codespace ./cli kernel images/4096x40        0   393320   393365   394572 
87108 codespace ./cli kernel images/4096x40        0   393320   393367   394592 
87110 codespace ./cli kernel images/4096x40        0   393320   393369   394628 
87112 codespace ./cli kernel images/4096x40        0   393320   393372   394676 
87114 codespace ./cli kernel images/4096x40        0   393324   393373   394632 
%CPU %MEM ARGS Sun Oct  4 20:35:58 UTC 2026
 0.0  0.0 grep --color=auto ./cli       1  2160
21.4  4.8 ./cli kernel images/4096x40   0 394592
21.4  4.8 ./cli kernel images/4096x40   0 394628
21.6  4.8 ./cli kernel images/4096x40   0 394632
21.9  4.8 ./cli kernel images/4096x40   0 394572
22.1  4.8 ./cli kernel images/4096x40   0 394676
  PID User     Command                         Swap      USS      PSS      RSS 
91317 codespace /usr/bin/python3 /usr/bin/s        0    12080    12305    14524 
87106 codespace ./cli kernel images/4096x40        0   393320   393365   394572 
87108 codespace ./cli kernel images/4096x40        0   393320   393366   394592 
87110 codespace ./cli kernel images/4096x40        0   393320   393369   394628 
87112 codespace ./cli kernel images/4096x40        0   393320   393372   394676 
87114 codespace ./cli kernel images/4096x40        0   393324   393373   394632 
%CPU %MEM ARGS Sun Oct  4 20:36:00 UTC 2026
 0.0  0.0 grep --color=auto ./cli       0  2164
21.4  4.8 ./cli kernel images/4096x40   0 394592
21.4  4.8 ./cli kernel images/4096x40   1 394628
21.6  4.8 ./cli kernel images/4096x40   0 394632
21.9  4.8 ./cli kernel images/4096x40   0 394572
22.1  4.8 ./cli kernel images/4096x40   0 394676
  PID User     Command                         Swap      USS      PSS      RSS 
91329 codespace /usr/bin/python3 /usr/bin/s        0    12080    12300    14560 
87106 codespace ./cli kernel images/4096x40        0   393320   393365   394572 
87108 codespace ./cli kernel images/4096x40        0   393320   393367   394592 
87110 codespace ./cli kernel images/4096x40        0   393320   393369   394628 
87112 codespace ./cli kernel images/4096x40        0   393320   393372   394676 
87114 codespace ./cli kernel images/4096x40        0   393324   393373   394632 
%CPU %MEM ARGS Sun Oct  4 20:36:00 UTC 2026
 0.0  0.0 grep --color=auto ./cli       1  2300
21.4  4.8 ./cli kernel images/4096x40   1 394592
21.4  4.8 ./cli kernel images/4096x40   1 394628
21.6  4.8 ./cli kernel images/4096x40   1 394632
21.9  4.8 ./cli kernel images/4096x40   0 394572
22.1  4.8 ./cli kernel images/4096x40   0 394676
  PID User     Command                         Swap      USS      PSS      RSS 
91334 codespace /usr/bin/python3 /usr/bin/s        0    12076    12302    14560 
87106 codespace ./cli kernel images/4096x40        0   393320   393365   394572 
87108 codespace ./cli kernel images/4096x40        0   393320   393367   394592 
87110 codespace ./cli kernel images/4096x40        0   393320   393369   394628 
87112 codespace ./cli kernel images/4096x40        0   393320   393371   394676 
87114 codespace ./cli kernel images/4096x40        0   393324   393373   394632 
%CPU %MEM ARGS Sun Oct  4 20:36:01 UTC 2026
 0.0  0.0 grep --color=auto ./cli       0  2212
21.4  4.8 ./cli kernel images/4096x40   0 394592
21.4  4.8 ./cli kernel images/4096x40   1 394628
21.6  4.8 ./cli kernel images/4096x40   0 394632
21.9  4.8 ./cli kernel images/4096x40   0 394572
22.1  4.8 ./cli kernel images/4096x40   1 394676
  PID User     Command                         Swap      USS      PSS      RSS 
91340 codespace /usr/bin/python3 /usr/bin/s        0    12076    12279    14492 
87106 codespace ./cli kernel images/4096x40        0   393320   393365   394572 
87108 codespace ./cli kernel images/4096x40        0   393320   393367   394592 
87114 codespace ./cli kernel images/4096x40        0   393324   393368   394632 
87110 codespace ./cli kernel images/4096x40        0   393320   393369   394628 
87112 codespace ./cli kernel images/4096x40        0   393320   393371   394676 
%CPU %MEM ARGS Sun Oct  4 20:36:02 UTC 2026
 0.0  0.0 grep --color=auto ./cli       1  2308
21.3  4.8 ./cli kernel images/4096x40   1 394592
21.4  4.8 ./cli kernel images/4096x40   0 394628
21.6  4.8 ./cli kernel images/4096x40   1 394632
21.9  4.8 ./cli kernel images/4096x40   0 394572
22.1  4.8 ./cli kernel images/4096x40   1 394676
  PID User     Command                         Swap      USS      PSS      RSS 
91359 codespace /usr/bin/python3 /usr/bin/s        0    12088    12323    14584 
87106 codespace ./cli kernel images/4096x40        0   393320   393365   394572 
87108 codespace ./cli kernel images/4096x40        0   393320   393367   394592 
87110 codespace ./cli kernel images/4096x40        0   393320   393369   394628 
87112 codespace ./cli kernel images/4096x40        0   393320   393372   394676 
87114 codespace ./cli kernel images/4096x40        0   393324   393373   394632 
%CPU %MEM ARGS Sun Oct  4 20:36:04 UTC 2026
 0.0  0.0 grep --color=auto ./cli       0  2340
21.3  4.8 ./cli kernel images/4096x40   0 394592
21.4  4.8 ./cli kernel images/4096x40   0 394628
21.6  4.8 ./cli kernel images/4096x40   0 394632
21.9  4.8 ./cli kernel images/4096x40   0 394572
22.1  4.8 ./cli kernel images/4096x40   0 394676
  PID User     Command                         Swap      USS      PSS      RSS 
91365 codespace /usr/bin/python3 /usr/bin/s        0    12076    12314    14604 
87106 codespace ./cli kernel images/4096x40        0   393320   393365   394572 
87108 codespace ./cli kernel images/4096x40        0   393320   393367   394592 
87110 codespace ./cli kernel images/4096x40        0   393320   393369   394628 
87112 codespace ./cli kernel images/4096x40        0   393320   393372   394676 
87114 codespace ./cli kernel images/4096x40        0   393324   393373   394632 
%CPU %MEM ARGS Sun Oct  4 20:36:04 UTC 2026
 0.0  0.0 grep --color=auto ./cli       0  2248
21.3  4.8 ./cli kernel images/4096x40   0 394592
21.3  4.8 ./cli kernel images/4096x40   1 394628
21.6  4.8 ./cli kernel images/4096x40   1 394632
21.8  4.8 ./cli kernel images/4096x40   0 394572
22.1  4.8 ./cli kernel images/4096x40   0 394676
  PID User     Command                         Swap      USS      PSS      RSS 
91371 codespace /usr/bin/python3 /usr/bin/s        0    12084    12309    14560 
87106 codespace ./cli kernel images/4096x40        0   393320   393362   394572 
87108 codespace ./cli kernel images/4096x40        0   393320   393367   394592 
87110 codespace ./cli kernel images/4096x40        0   393320   393369   394628 
87112 codespace ./cli kernel images/4096x40        0   393320   393371   394676 
87114 codespace ./cli kernel images/4096x40        0   393324   393373   394632 
%CPU %MEM ARGS Sun Oct  4 20:36:06 UTC 2026
 0.0  0.0 grep --color=auto ./cli       1  2160
21.3  4.8 ./cli kernel images/4096x40   0 394592
21.3  4.8 ./cli kernel images/4096x40   1 394628
21.5  4.8 ./cli kernel images/4096x40   1 394632
21.8  4.8 ./cli kernel images/4096x40   1 394572
22.0  4.8 ./cli kernel images/4096x40   0 394676
  PID User     Command                         Swap      USS      PSS      RSS 
91383 codespace /usr/bin/python3 /usr/bin/s        0    12080    12285    14472 
87106 codespace ./cli kernel images/4096x40        0   393320   393365   394572 
87108 codespace ./cli kernel images/4096x40        0   393320   393367   394592 
87110 codespace ./cli kernel images/4096x40        0   393320   393369   394628 
87112 codespace ./cli kernel images/4096x40        0   393320   393371   394676 
87114 codespace ./cli kernel images/4096x40        0   393324   393373   394632 
%CPU %MEM ARGS Sun Oct  4 20:36:07 UTC 2026
 0.0  0.0 grep --color=auto ./cli       1  2184
21.3  4.8 ./cli kernel images/4096x40   1 394592
21.4  4.8 ./cli kernel images/4096x40   0 394628
21.5  4.8 ./cli kernel images/4096x40   1 394632
21.8  4.8 ./cli kernel images/4096x40   1 394572
22.0  4.8 ./cli kernel images/4096x40   1 394676
  PID User     Command                         Swap      USS      PSS      RSS 
91407 codespace /usr/bin/python3 /usr/bin/s        0    12088    12319    14536 
87106 codespace ./cli kernel images/4096x40        0   393320   393365   394572 
87108 codespace ./cli kernel images/4096x40        0   393320   393367   394592 
87110 codespace ./cli kernel images/4096x40        0   393320   393369   394628 
87112 codespace ./cli kernel images/4096x40        0   393320   393371   394676 
87114 codespace ./cli kernel images/4096x40        0   393324   393373   394632 
%CPU %MEM ARGS Sun Oct  4 20:36:08 UTC 2026
 0.0  0.0 grep --color=auto ./cli       0  2164
21.3  4.8 ./cli kernel images/4096x40   1 394592
21.3  4.8 ./cli kernel images/4096x40   0 394628
21.5  4.8 ./cli kernel images/4096x40   1 394632
21.8  4.8 ./cli kernel images/4096x40   0 394572
22.0  4.8 ./cli kernel images/4096x40   1 394676
  PID User     Command                         Swap      USS      PSS      RSS 
91415 codespace /usr/bin/python3 /usr/bin/s        0    12076    12299    14560 
87106 codespace ./cli kernel images/4096x40        0   393320   393363   394572 
87108 codespace ./cli kernel images/4096x40        0   393320   393365   394592 
87110 codespace ./cli kernel images/4096x40        0   393320   393367   394628 
87112 codespace ./cli kernel images/4096x40        0   393320   393371   394676 
87114 codespace ./cli kernel images/4096x40        0   393324   393373   394632 
%CPU %MEM ARGS Sun Oct  4 20:36:09 UTC 2026
 0.0  0.0 grep --color=auto ./cli       1  2308
21.3  4.8 ./cli kernel images/4096x40   1 394592
21.3  4.8 ./cli kernel images/4096x40   1 394628
21.5  4.8 ./cli kernel images/4096x40   1 394632
21.8  4.8 ./cli kernel images/4096x40   1 394572
22.0  4.8 ./cli kernel images/4096x40   0 394676
  PID User     Command                         Swap      USS      PSS      RSS 
91431 codespace /usr/bin/python3 /usr/bin/s        0    12040    12254    14456 
87106 codespace ./cli kernel images/4096x40        0   393320   393365   394572 
87108 codespace ./cli kernel images/4096x40        0   393320   393367   394592 
87110 codespace ./cli kernel images/4096x40        0   393320   393369   394628 
87112 codespace ./cli kernel images/4096x40        0   393320   393371   394676 
87114 codespace ./cli kernel images/4096x40        0   393324   393373   394632 
%CPU %MEM ARGS Sun Oct  4 20:36:10 UTC 2026
 0.0  0.0 grep --color=auto ./cli       0  2304
21.3  4.8 ./cli kernel images/4096x40   0 394592
21.3  4.8 ./cli kernel images/4096x40   0 394628
21.5  4.8 ./cli kernel images/4096x40   0 394632
21.8  4.8 ./cli kernel images/4096x40   1 394572
22.0  4.8 ./cli kernel images/4096x40   0 394676
  PID User     Command                         Swap      USS      PSS      RSS 
91437 codespace /usr/bin/python3 /usr/bin/s        0    12080    12305    14564 
87106 codespace ./cli kernel images/4096x40        0   393320   393365   394572 
87108 codespace ./cli kernel images/4096x40        0   393320   393367   394592 
87110 codespace ./cli kernel images/4096x40        0   393320   393369   394628 
87112 codespace ./cli kernel images/4096x40        0   393320   393371   394676 
87114 codespace ./cli kernel images/4096x40        0   393324   393373   394632 
%CPU %MEM ARGS Sun Oct  4 20:36:11 UTC 2026
 0.0  0.0 grep --color=auto ./cli       0  2212
21.3  4.8 ./cli kernel images/4096x40   0 394592
21.3  4.8 ./cli kernel images/4096x40   0 394628
21.5  4.8 ./cli kernel images/4096x40   1 394632
21.8  4.8 ./cli kernel images/4096x40   0 394572
22.0  4.8 ./cli kernel images/4096x40   0 394676
  PID User     Command                         Swap      USS      PSS      RSS 
91446 codespace /usr/bin/python3 /usr/bin/s        0    12076    12293    14452 
87106 codespace ./cli kernel images/4096x40        0   393320   393365   394572 
87108 codespace ./cli kernel images/4096x40        0   393320   393367   394592 
87110 codespace ./cli kernel images/4096x40        0   393320   393369   394628 
87112 codespace ./cli kernel images/4096x40        0   393320   393372   394676 
87114 codespace ./cli kernel images/4096x40        0   393324   393373   394632 
%CPU %MEM ARGS Sun Oct  4 20:36:12 UTC 2026
 0.0  0.0 grep --color=auto ./cli       0  2192
21.3  4.8 ./cli kernel images/4096x40   0 394592
21.3  4.8 ./cli kernel images/4096x40   1 394628
21.5  4.8 ./cli kernel images/4096x40   0 394632
21.8  4.8 ./cli kernel images/4096x40   0 394572
22.0  4.8 ./cli kernel images/4096x40   0 394676
  PID User     Command                         Swap      USS      PSS      RSS 
91455 codespace /usr/bin/python3 /usr/bin/s        0    12100    12331    14636 
87106 codespace ./cli kernel images/4096x40        0   393320   393365   394572 
87108 codespace ./cli kernel images/4096x40        0   393320   393367   394592 
87110 codespace ./cli kernel images/4096x40        0   393320   393369   394628 
87112 codespace ./cli kernel images/4096x40        0   393320   393372   394676 
87114 codespace ./cli kernel images/4096x40        0   393324   393373   394632 
%CPU %MEM ARGS Sun Oct  4 20:36:13 UTC 2026
 0.0  0.0 grep --color=auto ./cli       0  2164
21.2  4.8 ./cli kernel images/4096x40   0 394592
21.3  4.8 ./cli kernel images/4096x40   0 394628
21.5  4.8 ./cli kernel images/4096x40   0 394632
21.7  4.8 ./cli kernel images/4096x40   0 394572
22.0  4.8 ./cli kernel images/4096x40   0 394676
  PID User     Command                         Swap      USS      PSS      RSS 
91461 codespace /usr/bin/python3 /usr/bin/s        0    12068    12245    14488 
87106 codespace ./cli kernel images/4096x40        0   393320   393365   394572 
87108 codespace ./cli kernel images/4096x40        0   393320   393367   394592 
87110 codespace ./cli kernel images/4096x40        0   393320   393369   394628 
87112 codespace ./cli kernel images/4096x40        0   393320   393371   394676 
87114 codespace ./cli kernel images/4096x40        0   393324   393371   394632 
%CPU %MEM ARGS Sun Oct  4 20:36:14 UTC 2026
 0.0  0.0 grep --color=auto ./cli       0  2292
21.2  4.8 ./cli kernel images/4096x40   0 394592
21.3  4.8 ./cli kernel images/4096x40   1 394628
21.5  4.8 ./cli kernel images/4096x40   0 394632
21.7  4.8 ./cli kernel images/4096x40   0 394572
22.0  4.8 ./cli kernel images/4096x40   1 394676
  PID User     Command                         Swap      USS      PSS      RSS 
91479 codespace /usr/bin/python3 /usr/bin/s        0    12072    12286    14488 
87106 codespace ./cli kernel images/4096x40        0   393320   393365   394572 
87108 codespace ./cli kernel images/4096x40        0   393320   393367   394592 
87110 codespace ./cli kernel images/4096x40        0   393320   393369   394628 
87112 codespace ./cli kernel images/4096x40        0   393320   393372   394676 
87114 codespace ./cli kernel images/4096x40        0   393324   393373   394632 
%CPU %MEM ARGS Sun Oct  4 20:36:15 UTC 2026
 0.0  0.0 grep --color=auto ./cli       1  2208
21.2  4.8 ./cli kernel images/4096x40   0 394592
21.3  4.8 ./cli kernel images/4096x40   0 394628
21.5  4.8 ./cli kernel images/4096x40   1 394632
21.7  4.8 ./cli kernel images/4096x40   1 394572
21.9  4.8 ./cli kernel images/4096x40   1 394676
  PID User     Command                         Swap      USS      PSS      RSS 
91485 codespace /usr/bin/python3 /usr/bin/s        0    12072    12286    14488 
87106 codespace ./cli kernel images/4096x40        0   393320   393366   394572 
87108 codespace ./cli kernel images/4096x40        0   393320   393367   394592 
87110 codespace ./cli kernel images/4096x40        0   393320   393369   394628 
87112 codespace ./cli kernel images/4096x40        0   393320   393371   394676 
87114 codespace ./cli kernel images/4096x40        0   393324   393373   394632 
%CPU %MEM ARGS Sun Oct  4 20:36:16 UTC 2026
 0.0  0.0 grep --color=auto ./cli       1  2172
21.2  4.8 ./cli kernel images/4096x40   1 394592
21.3  4.8 ./cli kernel images/4096x40   1 394628
21.5  4.8 ./cli kernel images/4096x40   1 394632
21.7  4.8 ./cli kernel images/4096x40   1 394572
21.9  4.8 ./cli kernel images/4096x40   0 394676
  PID User     Command                         Swap      USS      PSS      RSS 
91491 codespace /usr/bin/python3 /usr/bin/s        0    12096    12331    14592 
87110 codespace ./cli kernel images/4096x40        0   393320   393364   394628 
87106 codespace ./cli kernel images/4096x40        0   393320   393365   394572 
87108 codespace ./cli kernel images/4096x40        0   393320   393367   394592 
87112 codespace ./cli kernel images/4096x40        0   393320   393369   394676 
87114 codespace ./cli kernel images/4096x40        0   393324   393373   394632 
%CPU %MEM ARGS Sun Oct  4 20:36:17 UTC 2026
 0.0  0.0 grep --color=auto ./cli       0  2200
21.2  4.8 ./cli kernel images/4096x40   0 394592
21.3  4.8 ./cli kernel images/4096x40   0 394628
21.4  4.8 ./cli kernel images/4096x40   0 394632
21.7  4.8 ./cli kernel images/4096x40   1 394572
21.9  4.8 ./cli kernel images/4096x40   0 394676
  PID User     Command                         Swap      USS      PSS      RSS 
91521 codespace /usr/bin/python3 /usr/bin/s        0    12084    12319    14604 
87106 codespace ./cli kernel images/4096x40        0   393320   393365   394572 
87108 codespace ./cli kernel images/4096x40        0   393320   393367   394592 
87110 codespace ./cli kernel images/4096x40        0   393320   393369   394628 
87112 codespace ./cli kernel images/4096x40        0   393320   393372   394676 
87114 codespace ./cli kernel images/4096x40        0   393324   393373   394632 
%CPU %MEM ARGS Sun Oct  4 20:36:18 UTC 2026
 0.0  0.0 grep --color=auto ./cli       1  2180
21.2  4.8 ./cli kernel images/4096x40   1 394592
21.3  4.8 ./cli kernel images/4096x40   1 394628
21.4  4.8 ./cli kernel images/4096x40   1 394632
21.7  4.8 ./cli kernel images/4096x40   1 394572
21.9  4.8 ./cli kernel images/4096x40   1 394676
  PID User     Command                         Swap      USS      PSS      RSS 
91527 codespace /usr/bin/python3 /usr/bin/s        0    12084    12315    14532 
87106 codespace ./cli kernel images/4096x40        0   393320   393365   394572 
87108 codespace ./cli kernel images/4096x40        0   393320   393367   394592 
87110 codespace ./cli kernel images/4096x40        0   393320   393369   394628 
87112 codespace ./cli kernel images/4096x40        0   393320   393372   394676 
87114 codespace ./cli kernel images/4096x40        0   393324   393373   394632 
%CPU %MEM ARGS Sun Oct  4 20:36:19 UTC 2026
 0.0  0.0 grep --color=auto ./cli       1  2176
21.2  4.8 ./cli kernel images/4096x40   1 394592
21.3  4.8 ./cli kernel images/4096x40   1 394628
21.4  4.8 ./cli kernel images/4096x40   1 394632
21.7  4.8 ./cli kernel images/4096x40   1 394572
21.9  4.8 ./cli kernel images/4096x40   0 394676
  PID User     Command                         Swap      USS      PSS      RSS 
91533 codespace /usr/bin/python3 /usr/bin/s        0    12076    12303    14528 
87106 codespace ./cli kernel images/4096x40        0   393320   393365   394572 
87108 codespace ./cli kernel images/4096x40        0   393320   393367   394592 
87110 codespace ./cli kernel images/4096x40        0   393320   393369   394628 
87112 codespace ./cli kernel images/4096x40        0   393320   393372   394676 
87114 codespace ./cli kernel images/4096x40        0   393324   393373   394632 
%CPU %MEM ARGS Sun Oct  4 20:36:21 UTC 2026
 0.0  0.0 grep --color=auto ./cli       1  2344
21.2  4.8 ./cli kernel images/4096x40   0 394592
21.3  4.8 ./cli kernel images/4096x40   1 394628
21.4  4.8 ./cli kernel images/4096x40   1 394632
21.7  4.8 ./cli kernel images/4096x40   1 394572
21.9  4.8 ./cli kernel images/4096x40   0 394676
  PID User     Command                         Swap      USS      PSS      RSS 
91551 codespace /usr/bin/python3 /usr/bin/s        0    12084    12293    14568 
87106 codespace ./cli kernel images/4096x40        0   393320   393365   394572 
87108 codespace ./cli kernel images/4096x40        0   393320   393367   394592 
87110 codespace ./cli kernel images/4096x40        0   393320   393369   394628 
87112 codespace ./cli kernel images/4096x40        0   393320   393371   394676 
87114 codespace ./cli kernel images/4096x40        0   393324   393373   394632 
%CPU %MEM ARGS Sun Oct  4 20:36:22 UTC 2026
 0.0  0.0 grep --color=auto ./cli       0  2344
21.2  4.8 ./cli kernel images/4096x40   1 394592
21.3  4.8 ./cli kernel images/4096x40   0 394628
21.4  4.8 ./cli kernel images/4096x40   1 394632
21.7  4.8 ./cli kernel images/4096x40   0 394572
21.9  4.8 ./cli kernel images/4096x40   0 394676
  PID User     Command                         Swap      USS      PSS      RSS 
91558 codespace /usr/bin/python3 /usr/bin/s        0    12080    12295    14496 
87106 codespace ./cli kernel images/4096x40        0   393320   393365   394572 
87108 codespace ./cli kernel images/4096x40        0   393320   393367   394592 
87110 codespace ./cli kernel images/4096x40        0   393320   393369   394628 
87112 codespace ./cli kernel images/4096x40        0   393320   393372   394676 
87114 codespace ./cli kernel images/4096x40        0   393324   393373   394632 
%CPU %MEM ARGS Sun Oct  4 20:36:23 UTC 2026
 0.0  0.0 grep --color=auto ./cli       1  2160
21.2  4.8 ./cli kernel images/4096x40   0 394592
21.3  4.8 ./cli kernel images/4096x40   0 394628
21.4  4.8 ./cli kernel images/4096x40   1 394632
21.6  4.8 ./cli kernel images/4096x40   1 394572
21.9  4.8 ./cli kernel images/4096x40   1 394676
  PID User     Command                         Swap      USS      PSS      RSS 
91567 codespace /usr/bin/python3 /usr/bin/s        0    12072    12289    14488 
87106 codespace ./cli kernel images/4096x40        0   393320   393365   394572 
87108 codespace ./cli kernel images/4096x40        0   393320   393367   394592 
87110 codespace ./cli kernel images/4096x40        0   393320   393369   394628 
87112 codespace ./cli kernel images/4096x40        0   393320   393371   394676 
87114 codespace ./cli kernel images/4096x40        0   393324   393373   394632 
%CPU %MEM ARGS Sun Oct  4 20:36:24 UTC 2026
 0.0  0.0 grep --color=auto ./cli       1  2132
21.2  4.8 ./cli kernel images/4096x40   0 394592
21.3  4.8 ./cli kernel images/4096x40   1 394628
21.4  4.8 ./cli kernel images/4096x40   1 394632
21.6  4.8 ./cli kernel images/4096x40   1 394572
21.9  4.8 ./cli kernel images/4096x40   1 394676
  PID User     Command                         Swap      USS      PSS      RSS 
91576 codespace /usr/bin/python3 /usr/bin/s        0    12084    12298    14480 
87106 codespace ./cli kernel images/4096x40        0   393320   393365   394572 
87108 codespace ./cli kernel images/4096x40        0   393320   393367   394592 
87110 codespace ./cli kernel images/4096x40        0   393320   393369   394628 
87112 codespace ./cli kernel images/4096x40        0   393320   393372   394676 
87114 codespace ./cli kernel images/4096x40        0   393324   393373   394632 
%CPU %MEM ARGS Sun Oct  4 20:36:25 UTC 2026
 0.0  0.0 grep --color=auto ./cli       1  2208
21.2  4.8 ./cli kernel images/4096x40   1 394592
21.2  4.8 ./cli kernel images/4096x40   1 394628
21.4  4.8 ./cli kernel images/4096x40   0 394632
21.6  4.8 ./cli kernel images/4096x40   1 394572
21.8  4.8 ./cli kernel images/4096x40   0 394676
  PID User     Command                         Swap      USS      PSS      RSS 
91582 codespace /usr/bin/python3 /usr/bin/s        0    12076    12300    14488 
87108 codespace ./cli kernel images/4096x40        0   393320   393363   394592 
87106 codespace ./cli kernel images/4096x40        0   393320   393365   394572 
87110 codespace ./cli kernel images/4096x40        0   393320   393367   394628 
87112 codespace ./cli kernel images/4096x40        0   393320   393371   394676 
87114 codespace ./cli kernel images/4096x40        0   393324   393373   394632 
%CPU %MEM ARGS Sun Oct  4 20:36:26 UTC 2026
 0.0  0.0 grep --color=auto ./cli       1  2152
21.2  4.8 ./cli kernel images/4096x40   1 394592
21.2  4.8 ./cli kernel images/4096x40   1 394628
21.4  4.8 ./cli kernel images/4096x40   1 394632
21.6  4.8 ./cli kernel images/4096x40   0 394572
21.8  4.8 ./cli kernel images/4096x40   1 394676
  PID User     Command                         Swap      USS      PSS      RSS 
91600 codespace /usr/bin/python3 /usr/bin/s        0    12080    12298    14496 
87106 codespace ./cli kernel images/4096x40        0   393320   393365   394572 
87108 codespace ./cli kernel images/4096x40        0   393320   393367   394592 
87110 codespace ./cli kernel images/4096x40        0   393320   393369   394628 
87112 codespace ./cli kernel images/4096x40        0   393320   393371   394676 
87114 codespace ./cli kernel images/4096x40        0   393324   393373   394632 
%CPU %MEM ARGS Sun Oct  4 20:36:27 UTC 2026
 0.0  0.0 grep --color=auto ./cli       0  2172
21.2  4.8 ./cli kernel images/4096x40   0 394592
21.2  4.8 ./cli kernel images/4096x40   1 394628
21.3  4.8 ./cli kernel images/4096x40   1 394632
21.6  4.8 ./cli kernel images/4096x40   1 394572
21.8  4.8 ./cli kernel images/4096x40   1 394676
  PID User     Command                         Swap      USS      PSS      RSS 
91612 codespace /usr/bin/python3 /usr/bin/s        0    12076    12291    14492 
87106 codespace ./cli kernel images/4096x40        0   393320   393365   394572 
87108 codespace ./cli kernel images/4096x40        0   393320   393367   394592 
87110 codespace ./cli kernel images/4096x40        0   393320   393369   394628 
87112 codespace ./cli kernel images/4096x40        0   393320   393372   394676 
87114 codespace ./cli kernel images/4096x40        0   393324   393373   394632 
%CPU %MEM ARGS Sun Oct  4 20:36:28 UTC 2026
 0.0  0.0 grep --color=auto ./cli       1  2208
21.2  4.8 ./cli kernel images/4096x40   0 394592
21.2  4.8 ./cli kernel images/4096x40   0 394628
21.3  4.8 ./cli kernel images/4096x40   0 394632
21.6  4.8 ./cli kernel images/4096x40   0 394572
21.8  4.8 ./cli kernel images/4096x40   0 394676
  PID User     Command                         Swap      USS      PSS      RSS 
91629 codespace /usr/bin/python3 /usr/bin/s        0    12076    12293    14488 
87106 codespace ./cli kernel images/4096x40        0   393320   393365   394572 
87108 codespace ./cli kernel images/4096x40        0   393320   393367   394592 
87110 codespace ./cli kernel images/4096x40        0   393320   393367   394628 
87112 codespace ./cli kernel images/4096x40        0   393320   393372   394676 
87114 codespace ./cli kernel images/4096x40        0   393324   393373   394632 
%CPU %MEM ARGS Sun Oct  4 20:36:29 UTC 2026
 0.0  0.0 grep --color=auto ./cli       1  2184
21.2  4.8 ./cli kernel images/4096x40   0 394592
21.2  4.8 ./cli kernel images/4096x40   0 394628
21.3  4.8 ./cli kernel images/4096x40   1 394632
21.6  4.8 ./cli kernel images/4096x40   1 394572
21.8  4.8 ./cli kernel images/4096x40   0 394676
  PID User     Command                         Swap      USS      PSS      RSS 
91641 codespace /usr/bin/python3 /usr/bin/s        0    12076    12290    14492 
87106 codespace ./cli kernel images/4096x40        0   393320   393365   394572 
87108 codespace ./cli kernel images/4096x40        0   393320   393367   394592 
87110 codespace ./cli kernel images/4096x40        0   393320   393369   394628 
87112 codespace ./cli kernel images/4096x40        0   393320   393371   394676 
87114 codespace ./cli kernel images/4096x40        0   393324   393373   394632 
%CPU %MEM ARGS Sun Oct  4 20:36:30 UTC 2026
 0.0  0.0 grep --color=auto ./cli       1  2156
21.2  4.8 ./cli kernel images/4096x40   1 394628
21.2  4.8 ./cli kernel images/4096x40   1 394592
21.3  4.8 ./cli kernel images/4096x40   1 394632
21.6  4.8 ./cli kernel images/4096x40   1 394572
21.8  4.8 ./cli kernel images/4096x40   0 394676
  PID User     Command                         Swap      USS      PSS      RSS 
91647 codespace /usr/bin/python3 /usr/bin/s        0    12088    12315    14532 
87106 codespace ./cli kernel images/4096x40        0   393320   393365   394572 
87108 codespace ./cli kernel images/4096x40        0   393320   393367   394592 
87110 codespace ./cli kernel images/4096x40        0   393320   393369   394628 
87112 codespace ./cli kernel images/4096x40        0   393320   393372   394676 
87114 codespace ./cli kernel images/4096x40        0   393324   393373   394632 
%CPU %MEM ARGS Sun Oct  4 20:36:31 UTC 2026
 0.0  0.0 grep --color=auto ./cli       1  2180
21.2  4.8 ./cli kernel images/4096x40   1 394592
21.2  4.8 ./cli kernel images/4096x40   1 394628
21.3  4.8 ./cli kernel images/4096x40   1 394632
21.5  4.8 ./cli kernel images/4096x40   0 394572
21.8  4.8 ./cli kernel images/4096x40   0 394676
  PID User     Command                         Swap      USS      PSS      RSS 
91659 codespace /usr/bin/python3 /usr/bin/s        0    12076    12300    14488 
87106 codespace ./cli kernel images/4096x40        0   393320   393365   394572 
87108 codespace ./cli kernel images/4096x40        0   393320   393367   394592 
87112 codespace ./cli kernel images/4096x40        0   393320   393368   394676 
87110 codespace ./cli kernel images/4096x40        0   393320   393369   394628 
87114 codespace ./cli kernel images/4096x40        0   393324   393373   394632 
%CPU %MEM ARGS Sun Oct  4 20:36:32 UTC 2026
 0.0  0.0 grep --color=auto ./cli       0  2340
21.1  4.8 ./cli kernel images/4096x40   1 394592
21.1  4.8 ./cli kernel images/4096x40   1 394628
21.3  4.8 ./cli kernel images/4096x40   0 394632
21.5  4.8 ./cli kernel images/4096x40   1 394572
21.8  4.8 ./cli kernel images/4096x40   0 394676
  PID User     Command                         Swap      USS      PSS      RSS 
91671 codespace /usr/bin/python3 /usr/bin/s        0    12072    12298    14536 
87106 codespace ./cli kernel images/4096x40        0   393320   393365   394572 
87108 codespace ./cli kernel images/4096x40        0   393320   393367   394592 
87110 codespace ./cli kernel images/4096x40        0   393320   393369   394628 
87112 codespace ./cli kernel images/4096x40        0   393320   393372   394676 
87114 codespace ./cli kernel images/4096x40        0   393324   393373   394632 
%CPU %MEM ARGS Sun Oct  4 20:36:33 UTC 2026
 0.0  0.0 grep --color=auto ./cli       0  2156
21.1  4.8 ./cli kernel images/4096x40   0 394592
21.1  4.8 ./cli kernel images/4096x40   0 394628
21.3  4.8 ./cli kernel images/4096x40   0 394632
21.5  4.8 ./cli kernel images/4096x40   1 394572
21.8  4.8 ./cli kernel images/4096x40   1 394676
  PID User     Command                         Swap      USS      PSS      RSS 
91677 codespace /usr/bin/python3 /usr/bin/s        0    12076    12297    14556 
87106 codespace ./cli kernel images/4096x40        0   393320   393365   394572 
87108 codespace ./cli kernel images/4096x40        0   393320   393367   394592 
87110 codespace ./cli kernel images/4096x40        0   393320   393369   394628 
87112 codespace ./cli kernel images/4096x40        0   393320   393371   394676 
87114 codespace ./cli kernel images/4096x40        0   393324   393373   394632 
%CPU %MEM ARGS Sun Oct  4 20:36:34 UTC 2026
 0.0  0.0 grep --color=auto ./cli       0  2180
21.1  4.8 ./cli kernel images/4096x40   0 394592
21.1  4.8 ./cli kernel images/4096x40   0 394628
21.3  4.8 ./cli kernel images/4096x40   0 394632
21.5  4.8 ./cli kernel images/4096x40   0 394572
21.8  4.8 ./cli kernel images/4096x40   1 394676
  PID User     Command                         Swap      USS      PSS      RSS 
91683 codespace /usr/bin/python3 /usr/bin/s        0    12108    12349    14604 
87106 codespace ./cli kernel images/4096x40        0   393320   393365   394572 
87108 codespace ./cli kernel images/4096x40        0   393320   393367   394592 
87110 codespace ./cli kernel images/4096x40        0   393320   393369   394628 
87112 codespace ./cli kernel images/4096x40        0   393320   393372   394676 
87114 codespace ./cli kernel images/4096x40        0   393324   393373   394632 
%CPU %MEM ARGS Sun Oct  4 20:36:35 UTC 2026
 0.0  0.0 grep --color=auto ./cli       1  2176
21.1  4.8 ./cli kernel images/4096x40   0 394628
21.1  4.8 ./cli kernel images/4096x40   0 394592
21.3  4.8 ./cli kernel images/4096x40   0 394632
21.5  4.8 ./cli kernel images/4096x40   1 394572
21.8  4.8 ./cli kernel images/4096x40   1 394676
  PID User     Command                         Swap      USS      PSS      RSS 
91692 codespace /usr/bin/python3 /usr/bin/s        0    12100    12333    14592 
87106 codespace ./cli kernel images/4096x40        0   393320   393365   394572 
87108 codespace ./cli kernel images/4096x40        0   393320   393367   394592 
87110 codespace ./cli kernel images/4096x40        0   393320   393369   394628 
87112 codespace ./cli kernel images/4096x40        0   393320   393372   394676 
87114 codespace ./cli kernel images/4096x40        0   393324   393373   394632 
%CPU %MEM ARGS Sun Oct  4 20:36:36 UTC 2026
 0.0  0.0 grep --color=auto ./cli       0  2252
21.1  4.8 ./cli kernel images/4096x40   0 394628
21.1  4.8 ./cli kernel images/4096x40   1 394592
21.3  4.8 ./cli kernel images/4096x40   1 394632
21.5  4.8 ./cli kernel images/4096x40   0 394572
21.7  4.8 ./cli kernel images/4096x40   0 394676
  PID User     Command                         Swap      USS      PSS      RSS 
91700 codespace /usr/bin/python3 /usr/bin/s        0    12076    12293    14476 
87106 codespace ./cli kernel images/4096x40        0   393320   393365   394572 
87108 codespace ./cli kernel images/4096x40        0   393320   393367   394592 
87110 codespace ./cli kernel images/4096x40        0   393320   393369   394628 
87112 codespace ./cli kernel images/4096x40        0   393320   393371   394676 
87114 codespace ./cli kernel images/4096x40        0   393324   393373   394632 
%CPU %MEM ARGS Sun Oct  4 20:36:37 UTC 2026
 0.0  0.0 grep --color=auto ./cli       0  2176
21.1  4.8 ./cli kernel images/4096x40   1 394592
21.1  4.8 ./cli kernel images/4096x40   0 394628
21.2  4.8 ./cli kernel images/4096x40   1 394632
21.5  4.8 ./cli kernel images/4096x40   1 394572
21.7  4.8 ./cli kernel images/4096x40   1 394676
  PID User     Command                         Swap      USS      PSS      RSS 
91711 codespace /usr/bin/python3 /usr/bin/s        0    12076    12263    14448 
87106 codespace ./cli kernel images/4096x40        0   393320   393365   394572 
87108 codespace ./cli kernel images/4096x40        0   393320   393367   394592 
87110 codespace ./cli kernel images/4096x40        0   393320   393369   394628 
87112 codespace ./cli kernel images/4096x40        0   393320   393372   394676 
87114 codespace ./cli kernel images/4096x40        0   393324   393373   394632 
%CPU %MEM ARGS Sun Oct  4 20:36:38 UTC 2026
 0.0  0.0 grep --color=auto ./cli       0  2168
21.1  4.8 ./cli kernel images/4096x40   0 394628
21.1  4.8 ./cli kernel images/4096x40   1 394592
21.2  4.8 ./cli kernel images/4096x40   1 394632
21.5  4.8 ./cli kernel images/4096x40   0 394572
21.7  4.8 ./cli kernel images/4096x40   0 394676
  PID User     Command                         Swap      USS      PSS      RSS 
91739 codespace /usr/bin/python3 /usr/bin/s        0    12080    12306    14524 
87106 codespace ./cli kernel images/4096x40        0   393320   393365   394572 
87108 codespace ./cli kernel images/4096x40        0   393320   393367   394592 
87110 codespace ./cli kernel images/4096x40        0   393320   393369   394628 
87112 codespace ./cli kernel images/4096x40        0   393320   393372   394676 
87114 codespace ./cli kernel images/4096x40        0   393324   393373   394632 
%CPU %MEM ARGS Sun Oct  4 20:36:39 UTC 2026
 0.0  0.0 grep --color=auto ./cli       0  2248
21.1  4.8 ./cli kernel images/4096x40   0 394628
21.1  4.8 ./cli kernel images/4096x40   0 394592
21.2  4.8 ./cli kernel images/4096x40   0 394632
21.5  4.8 ./cli kernel images/4096x40   0 394572
21.7  4.8 ./cli kernel images/4096x40   0 394676
  PID User     Command                         Swap      USS      PSS      RSS 
91748 codespace /usr/bin/python3 /usr/bin/s        0    12072    12287    14488 
87106 codespace ./cli kernel images/4096x40        0   393320   393365   394572 
87108 codespace ./cli kernel images/4096x40        0   393320   393367   394592 
87110 codespace ./cli kernel images/4096x40        0   393320   393369   394628 
87112 codespace ./cli kernel images/4096x40        0   393320   393371   394676 
87114 codespace ./cli kernel images/4096x40        0   393324   393373   394632 
%CPU %MEM ARGS Sun Oct  4 20:36:40 UTC 2026
 0.0  0.0 grep --color=auto ./cli       0  2156
21.1  4.8 ./cli kernel images/4096x40   1 394628
21.1  4.8 ./cli kernel images/4096x40   0 394592
21.2  4.8 ./cli kernel images/4096x40   0 394632
21.5  4.8 ./cli kernel images/4096x40   1 394572
21.7  4.8 ./cli kernel images/4096x40   0 394676
  PID User     Command                         Swap      USS      PSS      RSS 
91753 codespace /usr/bin/python3 /usr/bin/s        0    12072    12297    14536 
87106 codespace ./cli kernel images/4096x40        0   393320   393365   394572 
87108 codespace ./cli kernel images/4096x40        0   393320   393367   394592 
87110 codespace ./cli kernel images/4096x40        0   393320   393369   394628 
87112 codespace ./cli kernel images/4096x40        0   393320   393372   394676 
87114 codespace ./cli kernel images/4096x40        0   393324   393373   394632 
%CPU %MEM ARGS Sun Oct  4 20:36:41 UTC 2026
 0.0  0.0 grep --color=auto ./cli       1  2296
21.1  4.8 ./cli kernel images/4096x40   1 394628
21.1  4.8 ./cli kernel images/4096x40   1 394592
21.2  4.8 ./cli kernel images/4096x40   0 394632
21.5  4.8 ./cli kernel images/4096x40   0 394572
21.7  4.8 ./cli kernel images/4096x40   1 394676
  PID User     Command                         Swap      USS      PSS      RSS 
91760 codespace /usr/bin/python3 /usr/bin/s        0    12080    12304    14556 
87106 codespace ./cli kernel images/4096x40        0   393320   393365   394572 
87108 codespace ./cli kernel images/4096x40        0   393320   393367   394592 
87110 codespace ./cli kernel images/4096x40        0   393320   393369   394628 
87112 codespace ./cli kernel images/4096x40        0   393320   393371   394676 
87114 codespace ./cli kernel images/4096x40        0   393324   393373   394632 
%CPU %MEM ARGS Sun Oct  4 20:36:42 UTC 2026
 0.0  0.0 grep --color=auto ./cli       1  2296
21.0  4.8 ./cli kernel images/4096x40   1 394628
21.1  4.8 ./cli kernel images/4096x40   0 394592
21.2  4.8 ./cli kernel images/4096x40   1 394632
21.5  4.8 ./cli kernel images/4096x40   1 394572
21.7  4.8 ./cli kernel images/4096x40   1 394676
  PID User     Command                         Swap      USS      PSS      RSS 
91771 codespace /usr/bin/python3 /usr/bin/s        0    12088    12287    14536 
87106 codespace ./cli kernel images/4096x40        0   393320   393363   394572 
87108 codespace ./cli kernel images/4096x40        0   393320   393365   394592 
87110 codespace ./cli kernel images/4096x40        0   393320   393367   394628 
87112 codespace ./cli kernel images/4096x40        0   393320   393369   394676 
87114 codespace ./cli kernel images/4096x40        0   393324   393371   394632 
%CPU %MEM ARGS Sun Oct  4 20:36:43 UTC 2026
 0.0  0.0 grep --color=auto ./cli       0  2340
21.0  4.8 ./cli kernel images/4096x40   1 394628
21.1  4.8 ./cli kernel images/4096x40   0 394592
21.2  4.8 ./cli kernel images/4096x40   0 394632
21.4  4.8 ./cli kernel images/4096x40   0 394572
21.7  4.8 ./cli kernel images/4096x40   0 394676
  PID User     Command                         Swap      USS      PSS      RSS 
91783 codespace /usr/bin/python3 /usr/bin/s        0    12072    12299    14536 
87106 codespace ./cli kernel images/4096x40        0   393320   393365   394572 
87108 codespace ./cli kernel images/4096x40        0   393320   393367   394592 
87110 codespace ./cli kernel images/4096x40        0   393320   393369   394628 
87112 codespace ./cli kernel images/4096x40        0   393320   393372   394676 
87114 codespace ./cli kernel images/4096x40        0   393324   393373   394632 
%CPU %MEM ARGS Sun Oct  4 20:36:44 UTC 2026
 0.0  0.0 grep --color=auto ./cli       1  2348
21.0  4.8 ./cli kernel images/4096x40   1 394628
21.1  4.8 ./cli kernel images/4096x40   0 394592
21.2  4.8 ./cli kernel images/4096x40   1 394632
21.4  4.8 ./cli kernel images/4096x40   1 394572
21.7  4.8 ./cli kernel images/4096x40   0 394676
  PID User     Command                         Swap      USS      PSS      RSS 
91789 codespace /usr/bin/python3 /usr/bin/s        0    12064    12283    14544 
87106 codespace ./cli kernel images/4096x40        0   393320   393365   394572 
87112 codespace ./cli kernel images/4096x40        0   393320   393366   394676 
87108 codespace ./cli kernel images/4096x40        0   393320   393367   394592 
87110 codespace ./cli kernel images/4096x40        0   393320   393369   394628 
87114 codespace ./cli kernel images/4096x40        0   393324   393373   394632 
%CPU %MEM ARGS Sun Oct  4 20:36:45 UTC 2026
 0.0  0.0 grep --color=auto ./cli       0  2292
21.0  4.8 ./cli kernel images/4096x40   0 394628
21.1  4.8 ./cli kernel images/4096x40   1 394592
21.2  4.8 ./cli kernel images/4096x40   1 394632
21.4  4.8 ./cli kernel images/4096x40   1 394572
21.7  4.8 ./cli kernel images/4096x40   1 394676
  PID User     Command                         Swap      USS      PSS      RSS 
91801 codespace /usr/bin/python3 /usr/bin/s        0    12080    12298    14492 
87106 codespace ./cli kernel images/4096x40        0   393320   393366   394572 
87108 codespace ./cli kernel images/4096x40        0   393320   393367   394592 
87110 codespace ./cli kernel images/4096x40        0   393320   393369   394628 
87112 codespace ./cli kernel images/4096x40        0   393320   393372   394676 
87114 codespace ./cli kernel images/4096x40        0   393324   393373   394632 
%CPU %MEM ARGS Sun Oct  4 20:36:46 UTC 2026
 0.0  0.0 grep --color=auto ./cli       1  2152
21.1  4.8 ./cli kernel images/4096x40   0 394628
21.1  4.8 ./cli kernel images/4096x40   1 394592
21.2  4.8 ./cli kernel images/4096x40   1 394632
21.4  4.8 ./cli kernel images/4096x40   1 394572
21.6  4.8 ./cli kernel images/4096x40   1 394676
  PID User     Command                         Swap      USS      PSS      RSS 
91807 codespace /usr/bin/python3 /usr/bin/s        0    12080    12307    14556 
87106 codespace ./cli kernel images/4096x40        0   393320   393365   394572 
87108 codespace ./cli kernel images/4096x40        0   393320   393367   394592 
87110 codespace ./cli kernel images/4096x40        0   393320   393369   394628 
87112 codespace ./cli kernel images/4096x40        0   393320   393371   394676 
87114 codespace ./cli kernel images/4096x40        0   393324   393373   394632 
%CPU %MEM ARGS Sun Oct  4 20:36:47 UTC 2026
 0.0  0.0 grep --color=auto ./cli       0  2180
21.1  4.8 ./cli kernel images/4096x40   0 394592
21.1  4.8 ./cli kernel images/4096x40   0 394628
21.2  4.8 ./cli kernel images/4096x40   0 394632
21.4  4.8 ./cli kernel images/4096x40   1 394572
21.6  4.8 ./cli kernel images/4096x40   0 394676
  PID User     Command                         Swap      USS      PSS      RSS 
91813 codespace /usr/bin/python3 /usr/bin/s        0    12080    12305    14556 
87106 codespace ./cli kernel images/4096x40        0   393320   393363   394572 
87108 codespace ./cli kernel images/4096x40        0   393320   393367   394592 
87110 codespace ./cli kernel images/4096x40        0   393320   393369   394628 
87112 codespace ./cli kernel images/4096x40        0   393320   393371   394676 
87114 codespace ./cli kernel images/4096x40        0   393324   393373   394632 
%CPU %MEM ARGS Sun Oct  4 20:36:48 UTC 2026
 0.0  0.0 grep --color=auto ./cli       0  2248
21.0  4.8 ./cli kernel images/4096x40   0 394592
21.0  4.8 ./cli kernel images/4096x40   1 394628
21.2  4.8 ./cli kernel images/4096x40   1 394632
21.4  4.8 ./cli kernel images/4096x40   0 394572
21.6  4.8 ./cli kernel images/4096x40   0 394676
  PID User     Command                         Swap      USS      PSS      RSS 
91825 codespace /usr/bin/python3 /usr/bin/s        0    12068    12295    14532 
87106 codespace ./cli kernel images/4096x40        0   393320   393365   394572 
87108 codespace ./cli kernel images/4096x40        0   393320   393367   394592 
87110 codespace ./cli kernel images/4096x40        0   393320   393369   394628 
87112 codespace ./cli kernel images/4096x40        0   393320   393371   394676 
87114 codespace ./cli kernel images/4096x40        0   393324   393373   394632 
%CPU %MEM ARGS Sun Oct  4 20:36:49 UTC 2026
 0.0  0.0 grep --color=auto ./cli       0  2304
21.0  4.8 ./cli kernel images/4096x40   0 394592
21.0  4.8 ./cli kernel images/4096x40   1 394628
21.2  4.8 ./cli kernel images/4096x40   0 394632
21.4  4.8 ./cli kernel images/4096x40   0 394572
21.6  4.8 ./cli kernel images/4096x40   0 394676
  PID User     Command                         Swap      USS      PSS      RSS 
91854 codespace /usr/bin/python3 /usr/bin/s        0    12104    12337    14640 
87106 codespace ./cli kernel images/4096x40        0   393320   393365   394572 
87108 codespace ./cli kernel images/4096x40        0   393320   393367   394592 
87110 codespace ./cli kernel images/4096x40        0   393320   393369   394628 
87112 codespace ./cli kernel images/4096x40        0   393320   393372   394676 
87114 codespace ./cli kernel images/4096x40        0   393324   393373   394632 
%CPU %MEM ARGS Sun Oct  4 20:36:50 UTC 2026
 0.0  0.0 grep --color=auto ./cli       0  2212
21.0  4.8 ./cli kernel images/4096x40   0 394592
21.1  4.8 ./cli kernel images/4096x40   1 394628
21.1  4.8 ./cli kernel images/4096x40   0 394632
21.4  4.8 ./cli kernel images/4096x40   0 394572
21.6  4.8 ./cli kernel images/4096x40   0 394676
  PID User     Command                         Swap      USS      PSS      RSS 
91864 codespace /usr/bin/python3 /usr/bin/s        0    12088    12320    14536 
87106 codespace ./cli kernel images/4096x40        0   393320   393365   394572 
87108 codespace ./cli kernel images/4096x40        0   393320   393367   394592 
87110 codespace ./cli kernel images/4096x40        0   393320   393369   394628 
87112 codespace ./cli kernel images/4096x40        0   393320   393372   394676 
87114 codespace ./cli kernel images/4096x40        0   393324   393373   394632 
%CPU %MEM ARGS Sun Oct  4 20:36:51 UTC 2026
 0.0  0.0 grep --color=auto ./cli       1  2252
21.0  4.8 ./cli kernel images/4096x40   0 394592
21.0  4.8 ./cli kernel images/4096x40   1 394628
21.1  4.8 ./cli kernel images/4096x40   1 394632
21.4  4.8 ./cli kernel images/4096x40   1 394572
21.6  4.8 ./cli kernel images/4096x40   1 394676
  PID User     Command                         Swap      USS      PSS      RSS 
91873 codespace /usr/bin/python3 /usr/bin/s        0    12036    12272    14560 
87106 codespace ./cli kernel images/4096x40        0   393320   393365   394572 
87108 codespace ./cli kernel images/4096x40        0   393320   393367   394592 
87110 codespace ./cli kernel images/4096x40        0   393320   393369   394628 
87112 codespace ./cli kernel images/4096x40        0   393320   393371   394676 
87114 codespace ./cli kernel images/4096x40        0   393324   393373   394632 
%CPU %MEM ARGS Sun Oct  4 20:36:52 UTC 2026
 0.0  0.0 grep --color=auto ./cli       1  2160
21.0  4.8 ./cli kernel images/4096x40   1 394592
21.0  4.8 ./cli kernel images/4096x40   1 394628
21.1  4.8 ./cli kernel images/4096x40   1 394632
21.4  4.8 ./cli kernel images/4096x40   1 394572
21.6  4.8 ./cli kernel images/4096x40   0 394676
  PID User     Command                         Swap      USS      PSS      RSS 
91879 codespace /usr/bin/python3 /usr/bin/s        0    12080    12296    14492 
87106 codespace ./cli kernel images/4096x40        0   393320   393365   394572 
87112 codespace ./cli kernel images/4096x40        0   393320   393366   394676 
87108 codespace ./cli kernel images/4096x40        0   393320   393367   394592 
87110 codespace ./cli kernel images/4096x40        0   393320   393368   394628 
87114 codespace ./cli kernel images/4096x40        0   393324   393373   394632 
%CPU %MEM ARGS Sun Oct  4 20:36:54 UTC 2026
 0.0  0.0 grep --color=auto ./cli       1  2164
21.0  4.8 ./cli kernel images/4096x40   1 394592
21.0  4.8 ./cli kernel images/4096x40   1 394628
21.1  4.8 ./cli kernel images/4096x40   0 394632
21.4  4.8 ./cli kernel images/4096x40   1 394572
21.6  4.8 ./cli kernel images/4096x40   0 394676
  PID User     Command                         Swap      USS      PSS      RSS 
91891 codespace /usr/bin/python3 /usr/bin/s        0    12088    12339    14604 
87106 codespace ./cli kernel images/4096x40        0   393320   393365   394572 
87108 codespace ./cli kernel images/4096x40        0   393320   393367   394592 
87110 codespace ./cli kernel images/4096x40        0   393320   393369   394628 
87112 codespace ./cli kernel images/4096x40        0   393320   393372   394676 
87114 codespace ./cli kernel images/4096x40        0   393324   393373   394632 
%CPU %MEM ARGS Sun Oct  4 20:36:55 UTC 2026
 0.0  0.0 grep --color=auto ./cli       1  2180
21.0  4.8 ./cli kernel images/4096x40   0 394592
21.0  4.8 ./cli kernel images/4096x40   1 394628
21.1  4.8 ./cli kernel images/4096x40   1 394632
21.3  4.8 ./cli kernel images/4096x40   1 394572
21.6  4.8 ./cli kernel images/4096x40   0 394676
  PID User     Command                         Swap      USS      PSS      RSS 
91903 codespace /usr/bin/python3 /usr/bin/s        0    12112    12351    14600 
87106 codespace ./cli kernel images/4096x40        0   393320   393365   394572 
87108 codespace ./cli kernel images/4096x40        0   393320   393367   394592 
87110 codespace ./cli kernel images/4096x40        0   393320   393369   394628 
87112 codespace ./cli kernel images/4096x40        0   393320   393372   394676 
87114 codespace ./cli kernel images/4096x40        0   393324   393373   394632 
%CPU %MEM ARGS Sun Oct  4 20:36:56 UTC 2026
 0.0  0.0 grep --color=auto ./cli       1  2164
21.0  4.8 ./cli kernel images/4096x40   1 394592
21.0  4.8 ./cli kernel images/4096x40   0 394628
21.1  4.8 ./cli kernel images/4096x40   1 394632
21.3  4.8 ./cli kernel images/4096x40   1 394572
21.6  4.8 ./cli kernel images/4096x40   0 394676
  PID User     Command                         Swap      USS      PSS      RSS 
91909 codespace /usr/bin/python3 /usr/bin/s        0    12088    12301    14484 
87106 codespace ./cli kernel images/4096x40        0   393320   393365   394572 
87108 codespace ./cli kernel images/4096x40        0   393320   393366   394592 
87110 codespace ./cli kernel images/4096x40        0   393320   393367   394628 
87112 codespace ./cli kernel images/4096x40        0   393320   393371   394676 
87114 codespace ./cli kernel images/4096x40        0   393324   393373   394632 
%CPU %MEM ARGS Sun Oct  4 20:36:57 UTC 2026
 0.0  0.0 grep --color=auto ./cli       1  2304
20.9  4.8 ./cli kernel images/4096x40   0 394592
21.0  4.8 ./cli kernel images/4096x40   0 394628
21.1  4.8 ./cli kernel images/4096x40   0 394632
21.3  4.8 ./cli kernel images/4096x40   0 394572
21.6  4.8 ./cli kernel images/4096x40   0 394676
  PID User     Command                         Swap      USS      PSS      RSS 
91921 codespace /usr/bin/python3 /usr/bin/s        0    12112    12353    14604 
87106 codespace ./cli kernel images/4096x40        0   393320   393365   394572 
87108 codespace ./cli kernel images/4096x40        0   393320   393367   394592 
87110 codespace ./cli kernel images/4096x40        0   393320   393369   394628 
87112 codespace ./cli kernel images/4096x40        0   393320   393372   394676 
87114 codespace ./cli kernel images/4096x40        0   393324   393373   394632 
%CPU %MEM ARGS Sun Oct  4 20:36:58 UTC 2026
 0.0  0.0 grep --color=auto ./cli       0  2176
20.9  4.8 ./cli kernel images/4096x40   0 394592
21.0  4.8 ./cli kernel images/4096x40   1 394628
21.1  4.8 ./cli kernel images/4096x40   0 394632
21.3  4.8 ./cli kernel images/4096x40   0 394572
21.5  4.8 ./cli kernel images/4096x40   0 394676
  PID User     Command                         Swap      USS      PSS      RSS 
91927 codespace /usr/bin/python3 /usr/bin/s        0    12088    12318    14532 
87106 codespace ./cli kernel images/4096x40        0   393320   393365   394572 
87108 codespace ./cli kernel images/4096x40        0   393320   393367   394592 
87110 codespace ./cli kernel images/4096x40        0   393320   393369   394628 
87112 codespace ./cli kernel images/4096x40        0   393320   393372   394676 
87114 codespace ./cli kernel images/4096x40        0   393324   393373   394632 
%CPU %MEM ARGS Sun Oct  4 20:36:59 UTC 2026
 0.0  0.0 grep --color=auto ./cli       0  2200
20.9  4.8 ./cli kernel images/4096x40   0 394592
21.0  4.8 ./cli kernel images/4096x40   1 394628
21.0  4.8 ./cli kernel images/4096x40   0 394632
21.3  4.8 ./cli kernel images/4096x40   0 394572
21.5  4.8 ./cli kernel images/4096x40   0 394676
  PID User     Command                         Swap      USS      PSS      RSS 
91939 codespace /usr/bin/python3 /usr/bin/s        0    12080    12301    14560 
87106 codespace ./cli kernel images/4096x40        0   393320   393360   394572 
87108 codespace ./cli kernel images/4096x40        0   393320   393365   394592 
87110 codespace ./cli kernel images/4096x40        0   393320   393367   394628 
87112 codespace ./cli kernel images/4096x40        0   393320   393369   394676 
87114 codespace ./cli kernel images/4096x40        0   393324   393373   394632 
%CPU %MEM ARGS Sun Oct  4 20:37:00 UTC 2026
 0.0  0.0 grep --color=auto ./cli       1  2200
20.9  4.8 ./cli kernel images/4096x40   0 394592
21.0  4.8 ./cli kernel images/4096x40   1 394632
21.0  4.8 ./cli kernel images/4096x40   1 394628
21.3  4.8 ./cli kernel images/4096x40   1 394572
21.5  4.8 ./cli kernel images/4096x40   0 394676
  PID User     Command                         Swap      USS      PSS      RSS 
91968 codespace /usr/bin/python3 /usr/bin/s        0    12088    12320    14536 
87106 codespace ./cli kernel images/4096x40        0   393320   393365   394572 
87108 codespace ./cli kernel images/4096x40        0   393320   393367   394592 
87110 codespace ./cli kernel images/4096x40        0   393320   393369   394628 
87112 codespace ./cli kernel images/4096x40        0   393320   393372   394676 
87114 codespace ./cli kernel images/4096x40        0   393324   393373   394632 
%CPU %MEM ARGS Sun Oct  4 20:37:01 UTC 2026
 0.0  0.0 grep --color=auto ./cli       0  2200
20.9  4.8 ./cli kernel images/4096x40   1 394592
21.0  4.8 ./cli kernel images/4096x40   1 394628
21.0  4.8 ./cli kernel images/4096x40   1 394632
21.3  4.8 ./cli kernel images/4096x40   1 394572
21.5  4.8 ./cli kernel images/4096x40   0 394676
  PID User     Command                         Swap      USS      PSS      RSS 
91974 codespace /usr/bin/python3 /usr/bin/s        0    12076    12296    14488 
87106 codespace ./cli kernel images/4096x40        0   393320   393365   394572 
87108 codespace ./cli kernel images/4096x40        0   393320   393367   394592 
87110 codespace ./cli kernel images/4096x40        0   393320   393369   394628 
87112 codespace ./cli kernel images/4096x40        0   393320   393372   394676 
87114 codespace ./cli kernel images/4096x40        0   393324   393373   394632 
%CPU %MEM ARGS Sun Oct  4 20:37:02 UTC 2026
 0.0  0.0 grep --color=auto ./cli       0  2300
20.9  4.8 ./cli kernel images/4096x40   1 394592
21.0  4.8 ./cli kernel images/4096x40   0 394628
21.0  4.8 ./cli kernel images/4096x40   0 394632
21.3  4.8 ./cli kernel images/4096x40   1 394572
21.5  4.8 ./cli kernel images/4096x40   0 394676
  PID User     Command                         Swap      USS      PSS      RSS 
91980 codespace /usr/bin/python3 /usr/bin/s        0    12092    12317    14536 
87106 codespace ./cli kernel images/4096x40        0   393320   393361   394572 
87108 codespace ./cli kernel images/4096x40        0   393320   393367   394592 
87110 codespace ./cli kernel images/4096x40        0   393320   393369   394628 
87112 codespace ./cli kernel images/4096x40        0   393320   393372   394676 
87114 codespace ./cli kernel images/4096x40        0   393324   393373   394632 
%CPU %MEM ARGS Sun Oct  4 20:37:03 UTC 2026
 0.0  0.0 grep --color=auto ./cli       0  2192
20.9  4.8 ./cli kernel images/4096x40   0 394592
21.0  4.8 ./cli kernel images/4096x40   0 394628
21.0  4.8 ./cli kernel images/4096x40   0 394632
21.3  4.8 ./cli kernel images/4096x40   1 394572
21.5  4.8 ./cli kernel images/4096x40   0 394676
  PID User     Command                         Swap      USS      PSS      RSS 
91993 codespace /usr/bin/python3 /usr/bin/s        0    12104    12336    14640 
87106 codespace ./cli kernel images/4096x40        0   393320   393365   394572 
87108 codespace ./cli kernel images/4096x40        0   393320   393367   394592 
87110 codespace ./cli kernel images/4096x40        0   393320   393369   394628 
87112 codespace ./cli kernel images/4096x40        0   393320   393372   394676 
87114 codespace ./cli kernel images/4096x40        0   393324   393373   394632 
%CPU %MEM ARGS Sun Oct  4 20:37:05 UTC 2026
 0.0  0.0 grep --color=auto ./cli       0  2292
20.9  4.8 ./cli kernel images/4096x40   1 394592
21.0  4.8 ./cli kernel images/4096x40   0 394628
21.0  4.8 ./cli kernel images/4096x40   0 394632
21.3  4.8 ./cli kernel images/4096x40   0 394572
21.5  4.8 ./cli kernel images/4096x40   0 394676
  PID User     Command                         Swap      USS      PSS      RSS 
92004 codespace /usr/bin/python3 /usr/bin/s        0    12080    12306    14556 
87106 codespace ./cli kernel images/4096x40        0   393320   393363   394572 
87108 codespace ./cli kernel images/4096x40        0   393320   393365   394592 
87110 codespace ./cli kernel images/4096x40        0   393320   393367   394628 
87112 codespace ./cli kernel images/4096x40        0   393320   393369   394676 
87114 codespace ./cli kernel images/4096x40        0   393324   393373   394632 
%CPU %MEM ARGS Sun Oct  4 20:37:06 UTC 2026
 0.0  0.0 grep --color=auto ./cli       0  2152
20.9  4.8 ./cli kernel images/4096x40   0 394592
21.0  4.8 ./cli kernel images/4096x40   1 394628
21.0  4.8 ./cli kernel images/4096x40   0 394632
21.3  4.8 ./cli kernel images/4096x40   0 394572
21.5  4.8 ./cli kernel images/4096x40   0 394676
  PID User     Command                         Swap      USS      PSS      RSS 
92019 codespace /usr/bin/python3 /usr/bin/s        0    12080    12299    14492 
87106 codespace ./cli kernel images/4096x40        0   393320   393365   394572 
87108 codespace ./cli kernel images/4096x40        0   393320   393367   394592 
87110 codespace ./cli kernel images/4096x40        0   393320   393369   394628 
87112 codespace ./cli kernel images/4096x40        0   393320   393371   394676 
87114 codespace ./cli kernel images/4096x40        0   393324   393373   394632 
%CPU %MEM ARGS Sun Oct  4 20:37:07 UTC 2026
 0.0  0.0 grep --color=auto ./cli       1  2160
20.8  4.8 ./cli kernel images/4096x40   0 394592
21.0  4.8 ./cli kernel images/4096x40   1 394632
21.0  4.8 ./cli kernel images/4096x40   1 394628
21.3  4.8 ./cli kernel images/4096x40   1 394572
21.5  4.8 ./cli kernel images/4096x40   1 394676
  PID User     Command                         Swap      USS      PSS      RSS 
92028 codespace /usr/bin/python3 /usr/bin/s        0    12080    12297    14496 
87106 codespace ./cli kernel images/4096x40        0   393320   393365   394572 
87108 codespace ./cli kernel images/4096x40        0   393320   393367   394592 
87110 codespace ./cli kernel images/4096x40        0   393320   393369   394628 
87112 codespace ./cli kernel images/4096x40        0   393320   393372   394676 
87114 codespace ./cli kernel images/4096x40        0   393324   393373   394632 
%CPU %MEM ARGS Sun Oct  4 20:37:08 UTC 2026
 0.0  0.0 grep --color=auto ./cli       0  2172
20.8  4.8 ./cli kernel images/4096x40   0 394592
20.9  4.8 ./cli kernel images/4096x40   0 394632
21.0  4.8 ./cli kernel images/4096x40   1 394628
21.3  4.8 ./cli kernel images/4096x40   1 394572
21.5  4.8 ./cli kernel images/4096x40   0 394676
  PID User     Command                         Swap      USS      PSS      RSS 
92034 codespace /usr/bin/python3 /usr/bin/s        0    12084    12310    14528 
87106 codespace ./cli kernel images/4096x40        0   393320   393365   394572 
87108 codespace ./cli kernel images/4096x40        0   393320   393367   394592 
87110 codespace ./cli kernel images/4096x40        0   393320   393369   394628 
87112 codespace ./cli kernel images/4096x40        0   393320   393372   394676 
87114 codespace ./cli kernel images/4096x40        0   393324   393373   394632 
%CPU %MEM ARGS Sun Oct  4 20:37:09 UTC 2026
 0.0  0.0 grep --color=auto ./cli       0  2292
20.8  4.8 ./cli kernel images/4096x40   0 394592
20.9  4.8 ./cli kernel images/4096x40   0 394632
21.0  4.8 ./cli kernel images/4096x40   1 394628
21.2  4.8 ./cli kernel images/4096x40   0 394572
21.4  4.8 ./cli kernel images/4096x40   1 394676
  PID User     Command                         Swap      USS      PSS      RSS 
92046 codespace /usr/bin/python3 /usr/bin/s        0    12088    12301    14636 
87106 codespace ./cli kernel images/4096x40        0   393320   393365   394572 
87108 codespace ./cli kernel images/4096x40        0   393320   393365   394592 
87110 codespace ./cli kernel images/4096x40        0   393320   393369   394628 
87114 codespace ./cli kernel images/4096x40        0   393324   393371   394632 
87112 codespace ./cli kernel images/4096x40        0   393320   393372   394676 
%CPU %MEM ARGS Sun Oct  4 20:37:10 UTC 2026
 0.0  0.0 grep --color=auto ./cli       0  2172
20.8  4.8 ./cli kernel images/4096x40   1 394592
20.9  4.8 ./cli kernel images/4096x40   1 394632
21.0  4.8 ./cli kernel images/4096x40   1 394628
21.2  4.8 ./cli kernel images/4096x40   0 394572
21.4  4.8 ./cli kernel images/4096x40   1 394676
  PID User     Command                         Swap      USS      PSS      RSS 
92069 codespace /usr/bin/python3 /usr/bin/s        0    12076    12296    14488 
87106 codespace ./cli kernel images/4096x40        0   393320   393365   394572 
87108 codespace ./cli kernel images/4096x40        0   393320   393367   394592 
87110 codespace ./cli kernel images/4096x40        0   393320   393369   394628 
87112 codespace ./cli kernel images/4096x40        0   393320   393372   394676 
87114 codespace ./cli kernel images/4096x40        0   393324   393373   394632 
%CPU %MEM ARGS Sun Oct  4 20:37:11 UTC 2026
 0.0  0.0 grep --color=auto ./cli       1  2152
20.8  4.8 ./cli kernel images/4096x40   0 394592
20.9  4.8 ./cli kernel images/4096x40   1 394632
20.9  4.8 ./cli kernel images/4096x40   0 394628
21.3  4.8 ./cli kernel images/4096x40   0 394572
21.4  4.8 ./cli kernel images/4096x40   0 394676
  PID User     Command                         Swap      USS      PSS      RSS 
92082 codespace /usr/bin/python3 /usr/bin/s        0    12096    12329    14636 
87106 codespace ./cli kernel images/4096x40        0   393320   393365   394572 
87108 codespace ./cli kernel images/4096x40        0   393320   393366   394592 
87110 codespace ./cli kernel images/4096x40        0   393320   393369   394628 
87112 codespace ./cli kernel images/4096x40        0   393320   393369   394676 
87114 codespace ./cli kernel images/4096x40        0   393324   393373   394632 
%CPU %MEM ARGS Sun Oct  4 20:37:12 UTC 2026
 0.0  0.0 grep --color=auto ./cli       1  2192
20.8  4.8 ./cli kernel images/4096x40   0 394592
20.9  4.8 ./cli kernel images/4096x40   1 394632
20.9  4.8 ./cli kernel images/4096x40   1 394628
21.2  4.8 ./cli kernel images/4096x40   0 394572
21.4  4.8 ./cli kernel images/4096x40   1 394676
  PID User     Command                         Swap      USS      PSS      RSS 
92094 codespace /usr/bin/python3 /usr/bin/s        0    12080    12307    14532 
87106 codespace ./cli kernel images/4096x40        0   393320   393365   394572 
87108 codespace ./cli kernel images/4096x40        0   393320   393367   394592 
87110 codespace ./cli kernel images/4096x40        0   393320   393369   394628 
87112 codespace ./cli kernel images/4096x40        0   393320   393372   394676 
87114 codespace ./cli kernel images/4096x40        0   393324   393374   394632 
%CPU %MEM ARGS Sun Oct  4 20:37:13 UTC 2026
 0.0  0.0 grep --color=auto ./cli       1  2172
20.8  4.8 ./cli kernel images/4096x40   1 394592
20.9  4.8 ./cli kernel images/4096x40   0 394632
20.9  4.8 ./cli kernel images/4096x40   1 394628
21.2  4.8 ./cli kernel images/4096x40   1 394572
21.4  4.8 ./cli kernel images/4096x40   1 394676
  PID User     Command                         Swap      USS      PSS      RSS 
92100 codespace /usr/bin/python3 /usr/bin/s        0    12064    12284    14544 
87106 codespace ./cli kernel images/4096x40        0   393320   393365   394572 
87108 codespace ./cli kernel images/4096x40        0   393320   393367   394592 
87110 codespace ./cli kernel images/4096x40        0   393320   393369   394628 
87112 codespace ./cli kernel images/4096x40        0   393320   393371   394676 
87114 codespace ./cli kernel images/4096x40        0   393324   393373   394632 
%CPU %MEM ARGS Sun Oct  4 20:37:14 UTC 2026
 0.0  0.0 grep --color=auto ./cli       1  2196
20.8  4.8 ./cli kernel images/4096x40   1 394592
20.9  4.8 ./cli kernel images/4096x40   1 394632
20.9  4.8 ./cli kernel images/4096x40   1 394628
21.3  4.8 ./cli kernel images/4096x40   0 394572
21.4  4.8 ./cli kernel images/4096x40   1 394676
  PID User     Command                         Swap      USS      PSS      RSS 
92106 codespace /usr/bin/python3 /usr/bin/s        0    12072    12296    14536 
87110 codespace ./cli kernel images/4096x40        0   393320   393364   394628 
87106 codespace ./cli kernel images/4096x40        0   393320   393365   394572 
87108 codespace ./cli kernel images/4096x40        0   393320   393367   394592 
87112 codespace ./cli kernel images/4096x40        0   393320   393371   394676 
87114 codespace ./cli kernel images/4096x40        0   393324   393373   394632 
%CPU %MEM ARGS Sun Oct  4 20:37:15 UTC 2026
 0.0  0.0 grep --color=auto ./cli       1  2248
20.8  4.8 ./cli kernel images/4096x40   0 394592
20.9  4.8 ./cli kernel images/4096x40   0 394632
20.9  4.8 ./cli kernel images/4096x40   0 394628
21.3  4.8 ./cli kernel images/4096x40   0 394572
21.4  4.8 ./cli kernel images/4096x40   0 394676
  PID User     Command                         Swap      USS      PSS      RSS 
92118 codespace /usr/bin/python3 /usr/bin/s        0    12076    12293    14492 
87106 codespace ./cli kernel images/4096x40        0   393320   393365   394572 
87108 codespace ./cli kernel images/4096x40        0   393320   393367   394592 
87110 codespace ./cli kernel images/4096x40        0   393320   393369   394628 
87112 codespace ./cli kernel images/4096x40        0   393320   393371   394676 
87114 codespace ./cli kernel images/4096x40        0   393324   393373   394632 
%CPU %MEM ARGS Sun Oct  4 20:37:16 UTC 2026
 0.0  0.0 grep --color=auto ./cli       1  2152
20.8  4.8 ./cli kernel images/4096x40   0 394592
20.9  4.8 ./cli kernel images/4096x40   0 394632
20.9  4.8 ./cli kernel images/4096x40   1 394628
21.3  4.8 ./cli kernel images/4096x40   1 394572
21.4  4.8 ./cli kernel images/4096x40   1 394676
  PID User     Command                         Swap      USS      PSS      RSS 
92124 codespace /usr/bin/python3 /usr/bin/s        0    12072    12286    14488 
87106 codespace ./cli kernel images/4096x40        0   393320   393365   394572 
87108 codespace ./cli kernel images/4096x40        0   393320   393367   394592 
87110 codespace ./cli kernel images/4096x40        0   393320   393369   394628 
87112 codespace ./cli kernel images/4096x40        0   393320   393372   394676 
87114 codespace ./cli kernel images/4096x40        0   393324   393373   394632 
%CPU %MEM ARGS Sun Oct  4 20:37:17 UTC 2026
 0.0  0.0 grep --color=auto ./cli       0  2304
20.8  4.8 ./cli kernel images/4096x40   0 394592
20.9  4.8 ./cli kernel images/4096x40   0 394632
20.9  4.8 ./cli kernel images/4096x40   0 394628
21.2  4.8 ./cli kernel images/4096x40   0 394572
21.4  4.8 ./cli kernel images/4096x40   0 394676
  PID User     Command                         Swap      USS      PSS      RSS 
92135 codespace /usr/bin/python3 /usr/bin/s        0    12088    12315    14536 
87106 codespace ./cli kernel images/4096x40        0   393320   393365   394572 
87108 codespace ./cli kernel images/4096x40        0   393320   393367   394592 
87110 codespace ./cli kernel images/4096x40        0   393320   393369   394628 
87112 codespace ./cli kernel images/4096x40        0   393320   393372   394676 
87114 codespace ./cli kernel images/4096x40        0   393324   393373   394632 
%CPU %MEM ARGS Sun Oct  4 20:37:18 UTC 2026
 0.0  0.0 grep --color=auto ./cli       0  2160
20.7  4.8 ./cli kernel images/4096x40   0 394592
20.9  4.8 ./cli kernel images/4096x40   1 394632
20.9  4.8 ./cli kernel images/4096x40   0 394628
21.2  4.8 ./cli kernel images/4096x40   0 394572
21.4  4.8 ./cli kernel images/4096x40   0 394676
  PID User     Command                         Swap      USS      PSS      RSS 
92145 codespace /usr/bin/python3 /usr/bin/s        0    12096    12325    14604 
87106 codespace ./cli kernel images/4096x40        0   393320   393365   394572 
87108 codespace ./cli kernel images/4096x40        0   393320   393367   394592 
87110 codespace ./cli kernel images/4096x40        0   393320   393369   394628 
87112 codespace ./cli kernel images/4096x40        0   393320   393372   394676 
87114 codespace ./cli kernel images/4096x40        0   393324   393373   394632 
%CPU %MEM ARGS Sun Oct  4 20:37:19 UTC 2026
 0.0  0.0 grep --color=auto ./cli       0  2164
20.7  4.8 ./cli kernel images/4096x40   0 394592
20.9  4.8 ./cli kernel images/4096x40   0 394632
20.9  4.8 ./cli kernel images/4096x40   0 394628
21.2  4.8 ./cli kernel images/4096x40   1 394572
21.4  4.8 ./cli kernel images/4096x40   1 394676
  PID User     Command                         Swap      USS      PSS      RSS 
92153 codespace /usr/bin/python3 /usr/bin/s        0    12084    12302    14496 
87106 codespace ./cli kernel images/4096x40        0   393320   393365   394572 
87108 codespace ./cli kernel images/4096x40        0   393320   393367   394592 
87110 codespace ./cli kernel images/4096x40        0   393320   393369   394628 
87112 codespace ./cli kernel images/4096x40        0   393320   393372   394676 
87114 codespace ./cli kernel images/4096x40        0   393324   393373   394632 
%CPU %MEM ARGS Sun Oct  4 20:37:19 UTC 2026
 0.0  0.0 grep --color=auto ./cli       0  2248
20.7  4.8 ./cli kernel images/4096x40   1 394592
20.9  4.8 ./cli kernel images/4096x40   1 394632
20.9  4.8 ./cli kernel images/4096x40   0 394628
21.2  4.8 ./cli kernel images/4096x40   1 394572
21.4  4.8 ./cli kernel images/4096x40   1 394676
  PID User     Command                         Swap      USS      PSS      RSS 
92159 codespace /usr/bin/python3 /usr/bin/s        0    12104    12320    14536 
87106 codespace ./cli kernel images/4096x40        0   393320   393365   394572 
87108 codespace ./cli kernel images/4096x40        0   393320   393367   394592 
87110 codespace ./cli kernel images/4096x40        0   393320   393369   394628 
87112 codespace ./cli kernel images/4096x40        0   393320   393372   394676 
87114 codespace ./cli kernel images/4096x40        0   393324   393373   394632 
%CPU %MEM ARGS Sun Oct  4 20:37:20 UTC 2026
 0.0  0.0 grep --color=auto ./cli       0  2288
20.7  4.8 ./cli kernel images/4096x40   1 394592
20.8  4.8 ./cli kernel images/4096x40   0 394632
20.9  4.8 ./cli kernel images/4096x40   0 394628
21.2  4.8 ./cli kernel images/4096x40   0 394572
21.3  4.8 ./cli kernel images/4096x40   0 394676
  PID User     Command                         Swap      USS      PSS      RSS 
92183 codespace /usr/bin/python3 /usr/bin/s        0    12088    12327    14640 
87106 codespace ./cli kernel images/4096x40        0   393320   393365   394572 
87108 codespace ./cli kernel images/4096x40        0   393320   393366   394592 
87110 codespace ./cli kernel images/4096x40        0   393320   393369   394628 
87112 codespace ./cli kernel images/4096x40        0   393320   393372   394676 
87114 codespace ./cli kernel images/4096x40        0   393324   393373   394632 
%CPU %MEM ARGS Sun Oct  4 20:37:21 UTC 2026
 0.0  0.0 grep --color=auto ./cli       0  2156
20.7  4.8 ./cli kernel images/4096x40   0 394592
20.9  4.8 ./cli kernel images/4096x40   1 394632
20.9  4.8 ./cli kernel images/4096x40   0 394628
21.2  4.8 ./cli kernel images/4096x40   0 394572
21.3  4.8 ./cli kernel images/4096x40   0 394676
  PID User     Command                         Swap      USS      PSS      RSS 
92195 codespace /usr/bin/python3 /usr/bin/s        0    12072    12273    14528 
87106 codespace ./cli kernel images/4096x40        0   393320   393365   394572 
87108 codespace ./cli kernel images/4096x40        0   393320   393367   394592 
87110 codespace ./cli kernel images/4096x40        0   393320   393369   394628 
87114 codespace ./cli kernel images/4096x40        0   393324   393371   394632 
87112 codespace ./cli kernel images/4096x40        0   393320   393372   394676 
%CPU %MEM ARGS Sun Oct  4 20:37:23 UTC 2026
 0.0  0.0 grep --color=auto ./cli       0  2308
20.7  4.8 ./cli kernel images/4096x40   0 394592
20.9  4.8 ./cli kernel images/4096x40   0 394632
20.9  4.8 ./cli kernel images/4096x40   0 394628
21.2  4.8 ./cli kernel images/4096x40   0 394572
21.3  4.8 ./cli kernel images/4096x40   0 394676
  PID User     Command                         Swap      USS      PSS      RSS 
92207 codespace /usr/bin/python3 /usr/bin/s        0    12076    12302    14528 
87106 codespace ./cli kernel images/4096x40        0   393320   393365   394572 
87108 codespace ./cli kernel images/4096x40        0   393320   393367   394592 
87110 codespace ./cli kernel images/4096x40        0   393320   393369   394628 
87112 codespace ./cli kernel images/4096x40        0   393320   393371   394676 
87114 codespace ./cli kernel images/4096x40        0   393324   393373   394632 
%CPU %MEM ARGS Sun Oct  4 20:37:24 UTC 2026
 0.0  0.0 grep --color=auto ./cli       1  2248
20.7  4.8 ./cli kernel images/4096x40   1 394592
20.8  4.8 ./cli kernel images/4096x40   1 394632
20.9  4.8 ./cli kernel images/4096x40   1 394628
21.2  4.8 ./cli kernel images/4096x40   1 394572
21.3  4.8 ./cli kernel images/4096x40   0 394676
  PID User     Command                         Swap      USS      PSS      RSS 
92213 codespace /usr/bin/python3 /usr/bin/s        0    12080    12295    14496 
87106 codespace ./cli kernel images/4096x40        0   393320   393365   394572 
87108 codespace ./cli kernel images/4096x40        0   393320   393367   394592 
87110 codespace ./cli kernel images/4096x40        0   393320   393369   394628 
87112 codespace ./cli kernel images/4096x40        0   393320   393372   394676 
87114 codespace ./cli kernel images/4096x40        0   393324   393373   394632 
%CPU %MEM ARGS Sun Oct  4 20:37:25 UTC 2026
 0.0  0.0 grep --color=auto ./cli       1  2156
20.7  4.8 ./cli kernel images/4096x40   1 394592
20.8  4.8 ./cli kernel images/4096x40   1 394632
20.9  4.8 ./cli kernel images/4096x40   0 394628
21.2  4.8 ./cli kernel images/4096x40   0 394572
21.3  4.8 ./cli kernel images/4096x40   1 394676
  PID User     Command                         Swap      USS      PSS      RSS 
92225 codespace /usr/bin/python3 /usr/bin/s        0    12080    12299    14560 
87106 codespace ./cli kernel images/4096x40        0   393320   393365   394572 
87108 codespace ./cli kernel images/4096x40        0   393320   393367   394592 
87110 codespace ./cli kernel images/4096x40        0   393320   393369   394628 
87112 codespace ./cli kernel images/4096x40        0   393320   393372   394676 
87114 codespace ./cli kernel images/4096x40        0   393324   393373   394632 
%CPU %MEM ARGS Sun Oct  4 20:37:26 UTC 2026
 0.0  0.0 grep --color=auto ./cli       1  2088
20.7  4.8 ./cli kernel images/4096x40   1 394592
20.8  4.8 ./cli kernel images/4096x40   1 394632
20.9  4.8 ./cli kernel images/4096x40   1 394628
21.1  4.8 ./cli kernel images/4096x40   1 394572
21.3  4.8 ./cli kernel images/4096x40   1 394676
  PID User     Command                         Swap      USS      PSS      RSS 
92231 codespace /usr/bin/python3 /usr/bin/s        0    12080    12298    14492 
87106 codespace ./cli kernel images/4096x40        0   393320   393365   394572 
87108 codespace ./cli kernel images/4096x40        0   393320   393367   394592 
87110 codespace ./cli kernel images/4096x40        0   393320   393369   394628 
87112 codespace ./cli kernel images/4096x40        0   393320   393372   394676 
87114 codespace ./cli kernel images/4096x40        0   393324   393373   394632 
%CPU %MEM ARGS Sun Oct  4 20:37:26 UTC 2026
 0.0  0.0 grep --color=auto ./cli       0  2252
20.7  4.8 ./cli kernel images/4096x40   0 394592
20.8  4.8 ./cli kernel images/4096x40   0 394632
20.9  4.8 ./cli kernel images/4096x40   0 394628
21.1  4.8 ./cli kernel images/4096x40   0 394572
21.3  4.8 ./cli kernel images/4096x40   1 394676
  PID User     Command                         Swap      USS      PSS      RSS 
92237 codespace /usr/bin/python3 /usr/bin/s        0    12096    12332    14588 
87110 codespace ./cli kernel images/4096x40        0   393320   393364   394628 
87106 codespace ./cli kernel images/4096x40        0   393320   393365   394572 
87108 codespace ./cli kernel images/4096x40        0   393320   393366   394592 
87112 codespace ./cli kernel images/4096x40        0   393320   393372   394676 
87114 codespace ./cli kernel images/4096x40        0   393324   393373   394632 
%CPU %MEM ARGS Sun Oct  4 20:37:27 UTC 2026
 0.0  0.0 grep --color=auto ./cli       0  2176
20.7  4.8 ./cli kernel images/4096x40   0 394592
20.8  4.8 ./cli kernel images/4096x40   0 394632
20.9  4.8 ./cli kernel images/4096x40   0 394628
21.1  4.8 ./cli kernel images/4096x40   1 394572
21.3  4.8 ./cli kernel images/4096x40   0 394676
  PID User     Command                         Swap      USS      PSS      RSS 
92249 codespace /usr/bin/python3 /usr/bin/s        0    12084    12293    14580 
87106 codespace ./cli kernel images/4096x40        0   393320   393363   394572 
87108 codespace ./cli kernel images/4096x40        0   393320   393365   394592 
87110 codespace ./cli kernel images/4096x40        0   393320   393367   394628 
87112 codespace ./cli kernel images/4096x40        0   393320   393369   394676 
87114 codespace ./cli kernel images/4096x40        0   393324   393371   394632 
%CPU %MEM ARGS Sun Oct  4 20:37:28 UTC 2026
 0.0  0.0 grep --color=auto ./cli       1  2152
20.6  4.8 ./cli kernel images/4096x40   1 394592
20.8  4.8 ./cli kernel images/4096x40   1 394632
20.8  4.8 ./cli kernel images/4096x40   0 394628
21.1  4.8 ./cli kernel images/4096x40   0 394572
21.3  4.8 ./cli kernel images/4096x40   0 394676
  PID User     Command                         Swap      USS      PSS      RSS 
92261 codespace /usr/bin/python3 /usr/bin/s        0    12052    12270    14464 
87106 codespace ./cli kernel images/4096x40        0   393320   393365   394572 
87108 codespace ./cli kernel images/4096x40        0   393320   393367   394592 
87110 codespace ./cli kernel images/4096x40        0   393320   393369   394628 
87112 codespace ./cli kernel images/4096x40        0   393320   393372   394676 
87114 codespace ./cli kernel images/4096x40        0   393324   393373   394632 
%CPU %MEM ARGS Sun Oct  4 20:37:30 UTC 2026
 0.0  0.0 grep --color=auto ./cli       1  2196
20.7  4.8 ./cli kernel images/4096x40   1 394592
20.8  4.8 ./cli kernel images/4096x40   1 394632
20.8  4.8 ./cli kernel images/4096x40   0 394628
21.1  4.8 ./cli kernel images/4096x40   0 394572
21.3  4.8 ./cli kernel images/4096x40   1 394676
  PID User     Command                         Swap      USS      PSS      RSS 
92267 codespace /usr/bin/python3 /usr/bin/s        0    12084    12311    14532 
87108 codespace ./cli kernel images/4096x40        0   393320   393363   394592 
87106 codespace ./cli kernel images/4096x40        0   393320   393364   394572 
87110 codespace ./cli kernel images/4096x40        0   393320   393367   394628 
87112 codespace ./cli kernel images/4096x40        0   393320   393369   394676 
87114 codespace ./cli kernel images/4096x40        0   393324   393373   394632 
%CPU %MEM ARGS Sun Oct  4 20:37:31 UTC 2026
 0.0  0.0 grep --color=auto ./cli       0  2296
20.7  4.8 ./cli kernel images/4096x40   1 394592
20.8  4.8 ./cli kernel images/4096x40   0 394632
20.8  4.8 ./cli kernel images/4096x40   0 394628
21.1  4.8 ./cli kernel images/4096x40   0 394572
21.3  4.8 ./cli kernel images/4096x40   0 394676
  PID User     Command                         Swap      USS      PSS      RSS 
92297 codespace /usr/bin/python3 /usr/bin/s        0    12076    12301    14560 
87106 codespace ./cli kernel images/4096x40        0   393320   393365   394572 
87108 codespace ./cli kernel images/4096x40        0   393320   393367   394592 
87110 codespace ./cli kernel images/4096x40        0   393320   393369   394628 
87112 codespace ./cli kernel images/4096x40        0   393320   393371   394676 
87114 codespace ./cli kernel images/4096x40        0   393324   393373   394632 
%CPU %MEM ARGS Sun Oct  4 20:37:32 UTC 2026
 0.0  0.0 grep --color=auto ./cli       1  2260
20.6  4.8 ./cli kernel images/4096x40   0 394592
20.8  4.8 ./cli kernel images/4096x40   1 394632
20.8  4.8 ./cli kernel images/4096x40   1 394628
21.1  4.8 ./cli kernel images/4096x40   1 394572
21.3  4.8 ./cli kernel images/4096x40   1 394676
  PID User     Command                         Swap      USS      PSS      RSS 
92303 codespace /usr/bin/python3 /usr/bin/s        0    12088    12302    14504 
87106 codespace ./cli kernel images/4096x40        0   393320   393365   394572 
87108 codespace ./cli kernel images/4096x40        0   393320   393367   394592 
87110 codespace ./cli kernel images/4096x40        0   393320   393369   394628 
87112 codespace ./cli kernel images/4096x40        0   393320   393371   394676 
87114 codespace ./cli kernel images/4096x40        0   393324   393373   394632 
%CPU %MEM ARGS Sun Oct  4 20:37:33 UTC 2026
 0.0  0.0 grep --color=auto ./cli       0  2340
20.6  4.8 ./cli kernel images/4096x40   1 394592
20.8  4.8 ./cli kernel images/4096x40   1 394632
20.8  4.8 ./cli kernel images/4096x40   1 394628
21.1  4.8 ./cli kernel images/4096x40   1 394572
21.2  4.8 ./cli kernel images/4096x40   1 394676
  PID User     Command                         Swap      USS      PSS      RSS 
92309 codespace /usr/bin/python3 /usr/bin/s        0    12088    12309    14568 
87106 codespace ./cli kernel images/4096x40        0   393320   393365   394572 
87108 codespace ./cli kernel images/4096x40        0   393320   393367   394592 
87110 codespace ./cli kernel images/4096x40        0   393320   393369   394628 
87112 codespace ./cli kernel images/4096x40        0   393320   393371   394676 
87114 codespace ./cli kernel images/4096x40        0   393324   393373   394632 
%CPU %MEM ARGS Sun Oct  4 20:37:34 UTC 2026
 0.0  0.0 grep --color=auto ./cli       1  2288
20.6  4.8 ./cli kernel images/4096x40   1 394592
20.8  4.8 ./cli kernel images/4096x40   1 394632
20.8  4.8 ./cli kernel images/4096x40   1 394628
21.1  4.8 ./cli kernel images/4096x40   1 394572
21.2  4.8 ./cli kernel images/4096x40   0 394676
  PID User     Command                         Swap      USS      PSS      RSS 
92327 codespace /usr/bin/python3 /usr/bin/s        0    12104    12335    14640 
87106 codespace ./cli kernel images/4096x40        0   393320   393365   394572 
87108 codespace ./cli kernel images/4096x40        0   393320   393367   394592 
87110 codespace ./cli kernel images/4096x40        0   393320   393369   394628 
87112 codespace ./cli kernel images/4096x40        0   393320   393371   394676 
87114 codespace ./cli kernel images/4096x40        0   393324   393373   394632 
%CPU %MEM ARGS Sun Oct  4 20:37:35 UTC 2026
 0.0  0.0 grep --color=auto ./cli       0  2340
20.6  4.8 ./cli kernel images/4096x40   1 394592
20.8  4.8 ./cli kernel images/4096x40   0 394632
20.8  4.8 ./cli kernel images/4096x40   0 394628
21.1  4.8 ./cli kernel images/4096x40   0 394572
21.2  4.8 ./cli kernel images/4096x40   0 394676
  PID User     Command                         Swap      USS      PSS      RSS 
92333 codespace /usr/bin/python3 /usr/bin/s        0    12080    12303    14556 
87106 codespace ./cli kernel images/4096x40        0   393320   393365   394572 
87108 codespace ./cli kernel images/4096x40        0   393320   393367   394592 
87110 codespace ./cli kernel images/4096x40        0   393320   393369   394628 
87112 codespace ./cli kernel images/4096x40        0   393320   393371   394676 
87114 codespace ./cli kernel images/4096x40        0   393324   393373   394632 
%CPU %MEM ARGS Sun Oct  4 20:37:36 UTC 2026
 0.0  0.0 grep --color=auto ./cli       1  2296
20.7  4.8 ./cli kernel images/4096x40   1 394592
20.8  4.8 ./cli kernel images/4096x40   1 394632
20.8  4.8 ./cli kernel images/4096x40   0 394628
21.1  4.8 ./cli kernel images/4096x40   0 394572
21.2  4.8 ./cli kernel images/4096x40   1 394676
  PID User     Command                         Swap      USS      PSS      RSS 
92343 codespace /usr/bin/python3 /usr/bin/s        0    12084    12306    14516 
87106 codespace ./cli kernel images/4096x40        0   393320   393365   394572 
87108 codespace ./cli kernel images/4096x40        0   393320   393367   394592 
87110 codespace ./cli kernel images/4096x40        0   393320   393369   394628 
87112 codespace ./cli kernel images/4096x40        0   393320   393372   394676 
87114 codespace ./cli kernel images/4096x40        0   393324   393373   394632 
%CPU %MEM ARGS Sun Oct  4 20:37:37 UTC 2026
 0.0  0.0 grep --color=auto ./cli       1  2152
20.7  4.8 ./cli kernel images/4096x40   0 394592
20.7  4.8 ./cli kernel images/4096x40   1 394632
20.8  4.8 ./cli kernel images/4096x40   1 394628
21.1  4.8 ./cli kernel images/4096x40   1 394572
21.2  4.8 ./cli kernel images/4096x40   1 394676
  PID User     Command                         Swap      USS      PSS      RSS 
92352 codespace /usr/bin/python3 /usr/bin/s        0    12076    12303    14528 
87106 codespace ./cli kernel images/4096x40        0   393320   393365   394572 
87108 codespace ./cli kernel images/4096x40        0   393320   393367   394592 
87110 codespace ./cli kernel images/4096x40        0   393320   393369   394628 
87112 codespace ./cli kernel images/4096x40        0   393320   393372   394676 
87114 codespace ./cli kernel images/4096x40        0   393324   393373   394632 
%CPU %MEM ARGS Sun Oct  4 20:37:38 UTC 2026
 0.0  0.0 grep --color=auto ./cli       1  2164
20.7  4.8 ./cli kernel images/4096x40   0 394592
20.7  4.8 ./cli kernel images/4096x40   1 394632
20.8  4.8 ./cli kernel images/4096x40   1 394628
21.1  4.8 ./cli kernel images/4096x40   1 394572
21.2  4.8 ./cli kernel images/4096x40   1 394676
  PID User     Command                         Swap      USS      PSS      RSS 
92358 codespace /usr/bin/python3 /usr/bin/s        0    12068    12295    14520 
87106 codespace ./cli kernel images/4096x40        0   393320   393365   394572 
87108 codespace ./cli kernel images/4096x40        0   393320   393367   394592 
87110 codespace ./cli kernel images/4096x40        0   393320   393369   394628 
87112 codespace ./cli kernel images/4096x40        0   393320   393372   394676 
87114 codespace ./cli kernel images/4096x40        0   393324   393373   394632 
%CPU %MEM ARGS Sun Oct  4 20:37:39 UTC 2026
 0.0  0.0 grep --color=auto ./cli       0  2300
20.7  4.8 ./cli kernel images/4096x40   1 394592
20.7  4.8 ./cli kernel images/4096x40   1 394632
20.8  4.8 ./cli kernel images/4096x40   1 394628
21.0  4.8 ./cli kernel images/4096x40   1 394572
21.2  4.8 ./cli kernel images/4096x40   0 394676
  PID User     Command                         Swap      USS      PSS      RSS 
92366 codespace /usr/bin/python3 /usr/bin/s        0    12080    12307    14556 
87106 codespace ./cli kernel images/4096x40        0   393320   393363   394572 
87108 codespace ./cli kernel images/4096x40        0   393320   393367   394592 
87110 codespace ./cli kernel images/4096x40        0   393320   393369   394628 
87112 codespace ./cli kernel images/4096x40        0   393320   393371   394676 
87114 codespace ./cli kernel images/4096x40        0   393324   393373   394632 
%CPU %MEM ARGS Sun Oct  4 20:37:40 UTC 2026
 0.0  0.0 grep --color=auto ./cli       1  2184
20.7  4.8 ./cli kernel images/4096x40   1 394592
20.7  4.8 ./cli kernel images/4096x40   1 394632
20.8  4.8 ./cli kernel images/4096x40   0 394628
21.0  4.8 ./cli kernel images/4096x40   0 394572
21.2  4.8 ./cli kernel images/4096x40   1 394676
  PID User     Command                         Swap      USS      PSS      RSS 
92382 codespace /usr/bin/python3 /usr/bin/s        0    12076    12299    14488 
87106 codespace ./cli kernel images/4096x40        0   393320   393365   394572 
87108 codespace ./cli kernel images/4096x40        0   393320   393367   394592 
87110 codespace ./cli kernel images/4096x40        0   393320   393369   394628 
87112 codespace ./cli kernel images/4096x40        0   393320   393372   394676 
87114 codespace ./cli kernel images/4096x40        0   393324   393373   394632 
%CPU %MEM ARGS Sun Oct  4 20:37:41 UTC 2026
 0.0  0.0 grep --color=auto ./cli       1  2248
20.7  4.8 ./cli kernel images/4096x40   0 394592
20.7  4.8 ./cli kernel images/4096x40   0 394632
20.8  4.8 ./cli kernel images/4096x40   0 394628
21.0  4.8 ./cli kernel images/4096x40   0 394572
21.2  4.8 ./cli kernel images/4096x40   0 394676
  PID User     Command                         Swap      USS      PSS      RSS 
92399 codespace /usr/bin/python3 /usr/bin/s        0    12080    12295    14496 
87106 codespace ./cli kernel images/4096x40        0   393320   393365   394572 
87108 codespace ./cli kernel images/4096x40        0   393320   393367   394592 
87110 codespace ./cli kernel images/4096x40        0   393320   393369   394628 
87112 codespace ./cli kernel images/4096x40        0   393320   393371   394676 
87114 codespace ./cli kernel images/4096x40        0   393324   393373   394632 
%CPU %MEM ARGS Sun Oct  4 20:37:42 UTC 2026
 0.0  0.0 grep --color=auto ./cli       1  2248
20.7  4.8 ./cli kernel images/4096x40   1 394592
20.7  4.8 ./cli kernel images/4096x40   0 394632
20.8  4.8 ./cli kernel images/4096x40   1 394628
21.0  4.8 ./cli kernel images/4096x40   1 394572
21.2  4.8 ./cli kernel images/4096x40   1 394676
  PID User     Command                         Swap      USS      PSS      RSS 
92413 codespace /usr/bin/python3 /usr/bin/s        0    12080    12299    14560 
87106 codespace ./cli kernel images/4096x40        0   393320   393365   394572 
87108 codespace ./cli kernel images/4096x40        0   393320   393367   394592 
87110 codespace ./cli kernel images/4096x40        0   393320   393369   394628 
87112 codespace ./cli kernel images/4096x40        0   393320   393372   394676 
87114 codespace ./cli kernel images/4096x40        0   393324   393373   394632 
%CPU %MEM ARGS Sun Oct  4 20:37:43 UTC 2026
 0.0  0.0 grep --color=auto ./cli       1  2296
20.6  4.8 ./cli kernel images/4096x40   1 394592
20.7  4.8 ./cli kernel images/4096x40   1 394632
20.7  4.8 ./cli kernel images/4096x40   1 394628
21.0  4.8 ./cli kernel images/4096x40   1 394572
21.2  4.8 ./cli kernel images/4096x40   0 394676
  PID User     Command                         Swap      USS      PSS      RSS 
92422 codespace /usr/bin/python3 /usr/bin/s        0    12076    12296    14488 
87106 codespace ./cli kernel images/4096x40        0   393320   393365   394572 
87108 codespace ./cli kernel images/4096x40        0   393320   393367   394592 
87110 codespace ./cli kernel images/4096x40        0   393320   393369   394628 
87112 codespace ./cli kernel images/4096x40        0   393320   393372   394676 
87114 codespace ./cli kernel images/4096x40        0   393324   393373   394632 
%CPU %MEM ARGS Sun Oct  4 20:37:44 UTC 2026
 0.0  0.0 grep --color=auto ./cli       1  2212
20.6  4.8 ./cli kernel images/4096x40   1 394592
20.7  4.8 ./cli kernel images/4096x40   0 394632
20.7  4.8 ./cli kernel images/4096x40   1 394628
21.0  4.8 ./cli kernel images/4096x40   1 394572
21.2  4.8 ./cli kernel images/4096x40   1 394676
  PID User     Command                         Swap      USS      PSS      RSS 
92429 codespace /usr/bin/python3 /usr/bin/s        0    12072    12299    14524 
87106 codespace ./cli kernel images/4096x40        0   393320   393365   394572 
87108 codespace ./cli kernel images/4096x40        0   393320   393367   394592 
87110 codespace ./cli kernel images/4096x40        0   393320   393369   394628 
87112 codespace ./cli kernel images/4096x40        0   393320   393371   394676 
87114 codespace ./cli kernel images/4096x40        0   393324   393373   394632 
%CPU %MEM ARGS Sun Oct  4 20:37:45 UTC 2026
 0.0  0.0 grep --color=auto ./cli       1  2152
20.6  4.8 ./cli kernel images/4096x40   1 394592
20.7  4.8 ./cli kernel images/4096x40   1 394632
20.7  4.8 ./cli kernel images/4096x40   1 394628
21.0  4.8 ./cli kernel images/4096x40   0 394572
21.2  4.8 ./cli kernel images/4096x40   1 394676
  PID User     Command                         Swap      USS      PSS      RSS 
92444 codespace /usr/bin/python3 /usr/bin/s        0    12072    12286    14488 
87106 codespace ./cli kernel images/4096x40        0   393320   393365   394572 
87108 codespace ./cli kernel images/4096x40        0   393320   393367   394592 
87110 codespace ./cli kernel images/4096x40        0   393320   393369   394628 
87112 codespace ./cli kernel images/4096x40        0   393320   393372   394676 
87114 codespace ./cli kernel images/4096x40        0   393324   393373   394632 
%CPU %MEM ARGS Sun Oct  4 20:37:46 UTC 2026
 0.0  0.0 grep --color=auto ./cli       1  2164
20.6  4.8 ./cli kernel images/4096x40   1 394592
20.7  4.8 ./cli kernel images/4096x40   1 394632
20.7  4.8 ./cli kernel images/4096x40   0 394628
21.0  4.8 ./cli kernel images/4096x40   1 394572
21.2  4.8 ./cli kernel images/4096x40   1 394676
  PID User     Command                         Swap      USS      PSS      RSS 
92453 codespace /usr/bin/python3 /usr/bin/s        0    12076    12295    14488 
87106 codespace ./cli kernel images/4096x40        0   393320   393365   394572 
87108 codespace ./cli kernel images/4096x40        0   393320   393367   394592 
87110 codespace ./cli kernel images/4096x40        0   393320   393369   394628 
87112 codespace ./cli kernel images/4096x40        0   393320   393372   394676 
87114 codespace ./cli kernel images/4096x40        0   393324   393373   394632 
%CPU %MEM ARGS Sun Oct  4 20:37:47 UTC 2026
 0.0  0.0 grep --color=auto ./cli       0  2296
20.6  4.8 ./cli kernel images/4096x40   0 394592
20.7  4.8 ./cli kernel images/4096x40   0 394632
20.7  4.8 ./cli kernel images/4096x40   1 394628
21.0  4.8 ./cli kernel images/4096x40   0 394572
21.2  4.8 ./cli kernel images/4096x40   0 394676
  PID User     Command                         Swap      USS      PSS      RSS 
92459 codespace /usr/bin/python3 /usr/bin/s        0    12076    12300    14524 
87106 codespace ./cli kernel images/4096x40        0   393320   393365   394572 
87108 codespace ./cli kernel images/4096x40        0   393320   393367   394592 
87110 codespace ./cli kernel images/4096x40        0   393320   393369   394628 
87112 codespace ./cli kernel images/4096x40        0   393320   393372   394676 
87114 codespace ./cli kernel images/4096x40        0   393324   393373   394632 
%CPU %MEM ARGS Sun Oct  4 20:37:48 UTC 2026
 0.0  0.0 grep --color=auto ./cli       0  2180
20.6  4.8 ./cli kernel images/4096x40   0 394592
20.7  4.8 ./cli kernel images/4096x40   0 394632
20.7  4.8 ./cli kernel images/4096x40   0 394628
21.0  4.8 ./cli kernel images/4096x40   0 394572
21.2  4.8 ./cli kernel images/4096x40   1 394676
  PID User     Command                         Swap      USS      PSS      RSS 
92469 codespace /usr/bin/python3 /usr/bin/s        0    12080    12305    14528 
87106 codespace ./cli kernel images/4096x40        0   393320   393365   394572 
87108 codespace ./cli kernel images/4096x40        0   393320   393367   394592 
87110 codespace ./cli kernel images/4096x40        0   393320   393369   394628 
87112 codespace ./cli kernel images/4096x40        0   393320   393372   394676 
87114 codespace ./cli kernel images/4096x40        0   393324   393373   394632 
%CPU %MEM ARGS Sun Oct  4 20:37:49 UTC 2026
 0.0  0.0 grep --color=auto ./cli       1  2300
20.6  4.8 ./cli kernel images/4096x40   1 394592
20.7  4.8 ./cli kernel images/4096x40   1 394632
20.7  4.8 ./cli kernel images/4096x40   1 394628
20.9  4.8 ./cli kernel images/4096x40   1 394572
21.2  4.8 ./cli kernel images/4096x40   1 394676
  PID User     Command                         Swap      USS      PSS      RSS 
92478 codespace /usr/bin/python3 /usr/bin/s        0    12076    12301    14540 
87106 codespace ./cli kernel images/4096x40        0   393320   393360   394572 
87108 codespace ./cli kernel images/4096x40        0   393320   393362   394592 
87110 codespace ./cli kernel images/4096x40        0   393320   393368   394628 
87112 codespace ./cli kernel images/4096x40        0   393320   393371   394676 
87114 codespace ./cli kernel images/4096x40        0   393324   393372   394632 
%CPU %MEM ARGS Sun Oct  4 20:37:50 UTC 2026
 0.0  0.0 grep --color=auto ./cli       0  2172
20.6  4.8 ./cli kernel images/4096x40   1 394592
20.7  4.8 ./cli kernel images/4096x40   0 394632
20.7  4.8 ./cli kernel images/4096x40   0 394628
20.9  4.8 ./cli kernel images/4096x40   0 394572
21.2  4.8 ./cli kernel images/4096x40   0 394676
  PID User     Command                         Swap      USS      PSS      RSS 
92494 codespace /usr/bin/python3 /usr/bin/s        0    12076    12290    14492 
87106 codespace ./cli kernel images/4096x40        0   393320   393364   394572 
87108 codespace ./cli kernel images/4096x40        0   393320   393367   394592 
87110 codespace ./cli kernel images/4096x40        0   393320   393368   394628 
87112 codespace ./cli kernel images/4096x40        0   393320   393371   394676 
87114 codespace ./cli kernel images/4096x40        0   393324   393372   394632 
%CPU %MEM ARGS Sun Oct  4 20:37:52 UTC 2026
 0.0  0.0 grep --color=auto ./cli       1  2304
20.6  4.8 ./cli kernel images/4096x40   1 394592
20.6  4.8 ./cli kernel images/4096x40   0 394632
20.7  4.8 ./cli kernel images/4096x40   1 394628
20.9  4.8 ./cli kernel images/4096x40   1 394572
21.1  4.8 ./cli kernel images/4096x40   1 394676
  PID User     Command                         Swap      USS      PSS      RSS 
92533 codespace /usr/bin/python3 /usr/bin/s        0    12096    12298    14564 
87106 codespace ./cli kernel images/4096x40        0   393320   393365   394572 
87112 codespace ./cli kernel images/4096x40        0   393320   393366   394676 
87108 codespace ./cli kernel images/4096x40        0   393320   393367   394592 
87110 codespace ./cli kernel images/4096x40        0   393320   393368   394628 
87114 codespace ./cli kernel images/4096x40        0   393324   393373   394632 
%CPU %MEM ARGS Sun Oct  4 20:37:53 UTC 2026
 0.0  0.0 grep --color=auto ./cli       1  2292
20.6  4.8 ./cli kernel images/4096x40   0 394592
20.6  4.8 ./cli kernel images/4096x40   0 394632
20.7  4.8 ./cli kernel images/4096x40   0 394628
20.9  4.8 ./cli kernel images/4096x40   0 394572
21.1  4.8 ./cli kernel images/4096x40   1 394676
  PID User     Command                         Swap      USS      PSS      RSS 
92542 codespace /usr/bin/python3 /usr/bin/s        0    12092    12322    14600 
87106 codespace ./cli kernel images/4096x40        0   393320   393365   394572 
87108 codespace ./cli kernel images/4096x40        0   393320   393367   394592 
87110 codespace ./cli kernel images/4096x40        0   393320   393369   394628 
87112 codespace ./cli kernel images/4096x40        0   393320   393372   394676 
87114 codespace ./cli kernel images/4096x40        0   393324   393373   394632 
%CPU %MEM ARGS Sun Oct  4 20:37:53 UTC 2026
 0.0  0.0 grep --color=auto ./cli       1  2200
20.6  4.8 ./cli kernel images/4096x40   1 394592
20.6  4.8 ./cli kernel images/4096x40   0 394632
20.7  4.8 ./cli kernel images/4096x40   1 394628
20.9  4.8 ./cli kernel images/4096x40   1 394572
21.1  4.8 ./cli kernel images/4096x40   1 394676
  PID User     Command                         Swap      USS      PSS      RSS 
92548 codespace /usr/bin/python3 /usr/bin/s        0    12084    12308    14528 
87106 codespace ./cli kernel images/4096x40        0   393320   393365   394572 
87108 codespace ./cli kernel images/4096x40        0   393320   393367   394592 
87110 codespace ./cli kernel images/4096x40        0   393320   393369   394628 
87112 codespace ./cli kernel images/4096x40        0   393320   393372   394676 
87114 codespace ./cli kernel images/4096x40        0   393324   393373   394632 
%CPU %MEM ARGS Sun Oct  4 20:37:55 UTC 2026
 0.0  0.0 grep --color=auto ./cli       0  2208
20.5  4.8 ./cli kernel images/4096x40   1 394592
20.6  4.8 ./cli kernel images/4096x40   0 394632
20.7  4.8 ./cli kernel images/4096x40   1 394628
20.9  4.8 ./cli kernel images/4096x40   0 394572
21.1  4.8 ./cli kernel images/4096x40   0 394676
  PID User     Command                         Swap      USS      PSS      RSS 
92554 codespace /usr/bin/python3 /usr/bin/s        0    12048    12279    14560 
87106 codespace ./cli kernel images/4096x40        0   393320   393365   394572 
87112 codespace ./cli kernel images/4096x40        0   393320   393366   394676 
87108 codespace ./cli kernel images/4096x40        0   393320   393367   394592 
87110 codespace ./cli kernel images/4096x40        0   393320   393368   394628 
87114 codespace ./cli kernel images/4096x40        0   393324   393373   394632 
%CPU %MEM ARGS Sun Oct  4 20:37:56 UTC 2026
 0.0  0.0 grep --color=auto ./cli       0  2176
20.5  4.8 ./cli kernel images/4096x40   1 394592
20.6  4.8 ./cli kernel images/4096x40   1 394632
20.7  4.8 ./cli kernel images/4096x40   1 394628
20.9  4.8 ./cli kernel images/4096x40   1 394572
21.1  4.8 ./cli kernel images/4096x40   1 394676
  PID User     Command                         Swap      USS      PSS      RSS 
92566 codespace /usr/bin/python3 /usr/bin/s        0    12132    12342    14676 
87106 codespace ./cli kernel images/4096x40        0   393320   393365   394572 
87108 codespace ./cli kernel images/4096x40        0   393320   393367   394592 
87110 codespace ./cli kernel images/4096x40        0   393320   393369   394628 
87114 codespace ./cli kernel images/4096x40        0   393324   393371   394632 
87112 codespace ./cli kernel images/4096x40        0   393320   393372   394676 
%CPU %MEM ARGS Sun Oct  4 20:37:57 UTC 2026
 0.0  0.0 grep --color=auto ./cli       1  2292
20.5  4.8 ./cli kernel images/4096x40   1 394592
20.6  4.8 ./cli kernel images/4096x40   1 394632
20.6  4.8 ./cli kernel images/4096x40   0 394628
20.9  4.8 ./cli kernel images/4096x40   1 394572
21.1  4.8 ./cli kernel images/4096x40   0 394676
  PID User     Command                         Swap      USS      PSS      RSS 
92578 codespace /usr/bin/python3 /usr/bin/s        0    12096    12328    14608 
87106 codespace ./cli kernel images/4096x40        0   393320   393365   394572 
87108 codespace ./cli kernel images/4096x40        0   393320   393367   394592 
87110 codespace ./cli kernel images/4096x40        0   393320   393369   394628 
87112 codespace ./cli kernel images/4096x40        0   393320   393372   394676 
87114 codespace ./cli kernel images/4096x40        0   393324   393373   394632 
%CPU %MEM ARGS Sun Oct  4 20:37:58 UTC 2026
 0.0  0.0 grep --color=auto ./cli       0  2296
20.5  4.8 ./cli kernel images/4096x40   1 394592
20.6  4.8 ./cli kernel images/4096x40   0 394632
20.6  4.8 ./cli kernel images/4096x40   0 394628
20.9  4.8 ./cli kernel images/4096x40   1 394572
21.1  4.8 ./cli kernel images/4096x40   0 394676
  PID User     Command                         Swap      USS      PSS      RSS 
92584 codespace /usr/bin/python3 /usr/bin/s        0    12080    12262    14564 
87106 codespace ./cli kernel images/4096x40        0   393320   393363   394572 
87108 codespace ./cli kernel images/4096x40        0   393320   393365   394592 
87114 codespace ./cli kernel images/4096x40        0   393324   393368   394632 
87110 codespace ./cli kernel images/4096x40        0   393320   393369   394628 
87112 codespace ./cli kernel images/4096x40        0   393320   393370   394676 
%CPU %MEM ARGS Sun Oct  4 20:37:59 UTC 2026
 0.0  0.0 grep --color=auto ./cli       0  2164
20.5  4.8 ./cli kernel images/4096x40   0 394592
20.6  4.8 ./cli kernel images/4096x40   0 394632
20.6  4.8 ./cli kernel images/4096x40   1 394628
20.9  4.8 ./cli kernel images/4096x40   0 394572
21.1  4.8 ./cli kernel images/4096x40   0 394676
  PID User     Command                         Swap      USS      PSS      RSS 
92596 codespace /usr/bin/python3 /usr/bin/s        0    12068    12295    14536 
87106 codespace ./cli kernel images/4096x40        0   393320   393365   394572 
87108 codespace ./cli kernel images/4096x40        0   393320   393367   394592 
87110 codespace ./cli kernel images/4096x40        0   393320   393369   394628 
87112 codespace ./cli kernel images/4096x40        0   393320   393371   394676 
87114 codespace ./cli kernel images/4096x40        0   393324   393373   394632 
%CPU %MEM ARGS Sun Oct  4 20:38:00 UTC 2026
 0.0  0.0 grep --color=auto ./cli       0  2204
20.5  4.8 ./cli kernel images/4096x40   1 394592
20.6  4.8 ./cli kernel images/4096x40   0 394632
20.7  4.8 ./cli kernel images/4096x40   0 394628
20.8  4.8 ./cli kernel images/4096x40   0 394572
21.1  4.8 ./cli kernel images/4096x40   0 394676
  PID User     Command                         Swap      USS      PSS      RSS 
92602 codespace /usr/bin/python3 /usr/bin/s        0    12080    12299    14560 
87106 codespace ./cli kernel images/4096x40        0   393320   393365   394572 
87108 codespace ./cli kernel images/4096x40        0   393320   393367   394592 
87110 codespace ./cli kernel images/4096x40        0   393320   393369   394628 
87112 codespace ./cli kernel images/4096x40        0   393320   393372   394676 
87114 codespace ./cli kernel images/4096x40        0   393324   393373   394632 
%CPU %MEM ARGS Sun Oct  4 20:38:01 UTC 2026
 0.0  0.0 grep --color=auto ./cli       1  2248
20.5  4.8 ./cli kernel images/4096x40   0 394592
20.6  4.8 ./cli kernel images/4096x40   0 394632
20.7  4.8 ./cli kernel images/4096x40   1 394628
20.8  4.8 ./cli kernel images/4096x40   1 394572
21.1  4.8 ./cli kernel images/4096x40   1 394676
  PID User     Command                         Swap      USS      PSS      RSS 
92608 codespace /usr/bin/python3 /usr/bin/s        0    12080    12296    14496 
87106 codespace ./cli kernel images/4096x40        0   393320   393362   394572 
87108 codespace ./cli kernel images/4096x40        0   393320   393367   394592 
87110 codespace ./cli kernel images/4096x40        0   393320   393369   394628 
87112 codespace ./cli kernel images/4096x40        0   393320   393372   394676 
87114 codespace ./cli kernel images/4096x40        0   393324   393373   394632 
%CPU %MEM ARGS Sun Oct  4 20:38:02 UTC 2026
 0.0  0.0 grep --color=auto ./cli       1  2204
20.5  4.8 ./cli kernel images/4096x40   0 394592
20.6  4.8 ./cli kernel images/4096x40   0 394632
20.6  4.8 ./cli kernel images/4096x40   0 394628
20.8  4.8 ./cli kernel images/4096x40   0 394572
21.1  4.8 ./cli kernel images/4096x40   0 394676
  PID User     Command                         Swap      USS      PSS      RSS 
92626 codespace /usr/bin/python3 /usr/bin/s        0    12120    12360    14612 
87106 codespace ./cli kernel images/4096x40        0   393320   393365   394572 
87108 codespace ./cli kernel images/4096x40        0   393320   393367   394592 
87110 codespace ./cli kernel images/4096x40        0   393320   393369   394628 
87112 codespace ./cli kernel images/4096x40        0   393320   393372   394676 
87114 codespace ./cli kernel images/4096x40        0   393324   393373   394632 
%CPU %MEM ARGS Sun Oct  4 20:38:03 UTC 2026
 0.0  0.0 grep --color=auto ./cli       1  2164
20.5  4.8 ./cli kernel images/4096x40   1 394592
20.6  4.8 ./cli kernel images/4096x40   0 394632
20.6  4.8 ./cli kernel images/4096x40   1 394628
20.8  4.8 ./cli kernel images/4096x40   1 394572
21.0  4.8 ./cli kernel images/4096x40   0 394676
  PID User     Command                         Swap      USS      PSS      RSS 
92650 codespace /usr/bin/python3 /usr/bin/s        0    12076    12302    14560 
87106 codespace ./cli kernel images/4096x40        0   393320   393365   394572 
87108 codespace ./cli kernel images/4096x40        0   393320   393367   394592 
87110 codespace ./cli kernel images/4096x40        0   393320   393369   394628 
87112 codespace ./cli kernel images/4096x40        0   393320   393371   394676 
87114 codespace ./cli kernel images/4096x40        0   393324   393373   394632 
%CPU %MEM ARGS Sun Oct  4 20:38:04 UTC 2026
 0.0  0.0 grep --color=auto ./cli       0  2248
20.5  4.8 ./cli kernel images/4096x40   1 394592
20.6  4.8 ./cli kernel images/4096x40   0 394632
20.6  4.8 ./cli kernel images/4096x40   0 394628
20.8  4.8 ./cli kernel images/4096x40   1 394572
21.0  4.8 ./cli kernel images/4096x40   0 394676
  PID User     Command                         Swap      USS      PSS      RSS 
92660 codespace /usr/bin/python3 /usr/bin/s        0    12100    12333    14640 
87106 codespace ./cli kernel images/4096x40        0   393320   393365   394572 
87108 codespace ./cli kernel images/4096x40        0   393320   393367   394592 
87110 codespace ./cli kernel images/4096x40        0   393320   393369   394628 
87112 codespace ./cli kernel images/4096x40        0   393320   393372   394676 
87114 codespace ./cli kernel images/4096x40        0   393324   393373   394632 
%CPU %MEM ARGS Sun Oct  4 20:38:05 UTC 2026
 0.0  0.0 grep --color=auto ./cli       0  2288
20.5  4.8 ./cli kernel images/4096x40   1 394592
20.6  4.8 ./cli kernel images/4096x40   0 394632
20.6  4.8 ./cli kernel images/4096x40   0 394628
20.8  4.8 ./cli kernel images/4096x40   0 394572
21.0  4.8 ./cli kernel images/4096x40   0 394676
  PID User     Command                         Swap      USS      PSS      RSS 
92668 codespace /usr/bin/python3 /usr/bin/s        0    12068    12283    14484 
87106 codespace ./cli kernel images/4096x40        0   393320   393365   394572 
87108 codespace ./cli kernel images/4096x40        0   393320   393367   394592 
87110 codespace ./cli kernel images/4096x40        0   393320   393369   394628 
87112 codespace ./cli kernel images/4096x40        0   393320   393372   394676 
87114 codespace ./cli kernel images/4096x40        0   393324   393373   394632 
%CPU %MEM ARGS Sun Oct  4 20:38:07 UTC 2026
 0.0  0.0 grep --color=auto ./cli       1  2176
20.5  4.8 ./cli kernel images/4096x40   1 394592
20.5  4.8 ./cli kernel images/4096x40   0 394632
20.6  4.8 ./cli kernel images/4096x40   0 394628
20.8  4.8 ./cli kernel images/4096x40   0 394572
21.0  4.8 ./cli kernel images/4096x40   0 394676
  PID User     Command                         Swap      USS      PSS      RSS 
92675 codespace /usr/bin/python3 /usr/bin/s        0    12076    12291    14492 
87106 codespace ./cli kernel images/4096x40        0   393320   393365   394572 
87108 codespace ./cli kernel images/4096x40        0   393320   393367   394592 
87110 codespace ./cli kernel images/4096x40        0   393320   393369   394628 
87112 codespace ./cli kernel images/4096x40        0   393320   393369   394676 
87114 codespace ./cli kernel images/4096x40        0   393324   393373   394632 
%CPU %MEM ARGS Sun Oct  4 20:38:08 UTC 2026
 0.0  0.0 grep --color=auto ./cli       0  2156
20.5  4.8 ./cli kernel images/4096x40   0 394592
20.5  4.8 ./cli kernel images/4096x40   0 394632
20.6  4.8 ./cli kernel images/4096x40   0 394628
20.8  4.8 ./cli kernel images/4096x40   1 394572
21.0  4.8 ./cli kernel images/4096x40   0 394676
  PID User     Command                         Swap      USS      PSS      RSS 
92687 codespace /usr/bin/python3 /usr/bin/s        0    12080    12305    14556 
87106 codespace ./cli kernel images/4096x40        0   393320   393365   394572 
87108 codespace ./cli kernel images/4096x40        0   393320   393367   394592 
87110 codespace ./cli kernel images/4096x40        0   393320   393369   394628 
87112 codespace ./cli kernel images/4096x40        0   393320   393371   394676 
87114 codespace ./cli kernel images/4096x40        0   393324   393373   394632 
%CPU %MEM ARGS Sun Oct  4 20:38:09 UTC 2026
 0.0  0.0 grep --color=auto ./cli       0  2176
20.5  4.8 ./cli kernel images/4096x40   1 394592
20.5  4.8 ./cli kernel images/4096x40   0 394632
20.6  4.8 ./cli kernel images/4096x40   0 394628
20.8  4.8 ./cli kernel images/4096x40   0 394572
21.0  4.8 ./cli kernel images/4096x40   1 394676
  PID User     Command                         Swap      USS      PSS      RSS 
92699 codespace /usr/bin/python3 /usr/bin/s        0    12092    12314    14536 
87106 codespace ./cli kernel images/4096x40        0   393320   393365   394572 
87108 codespace ./cli kernel images/4096x40        0   393320   393367   394592 
87110 codespace ./cli kernel images/4096x40        0   393320   393369   394628 
87112 codespace ./cli kernel images/4096x40        0   393320   393371   394676 
87114 codespace ./cli kernel images/4096x40        0   393324   393373   394632 
%CPU %MEM ARGS Sun Oct  4 20:38:10 UTC 2026
 0.0  0.0 grep --color=auto ./cli       0  2176
20.5  4.8 ./cli kernel images/4096x40   0 394632
20.5  4.8 ./cli kernel images/4096x40   0 394592
20.6  4.8 ./cli kernel images/4096x40   0 394628
20.8  4.8 ./cli kernel images/4096x40   1 394572
21.0  4.8 ./cli kernel images/4096x40   0 394676
  PID User     Command                         Swap      USS      PSS      RSS 
92705 codespace /usr/bin/python3 /usr/bin/s        0    12084    12315    14532 
87106 codespace ./cli kernel images/4096x40        0   393320   393365   394572 
87108 codespace ./cli kernel images/4096x40        0   393320   393367   394592 
87110 codespace ./cli kernel images/4096x40        0   393320   393369   394628 
87114 codespace ./cli kernel images/4096x40        0   393324   393370   394632 
87112 codespace ./cli kernel images/4096x40        0   393320   393372   394676 
%CPU %MEM ARGS Sun Oct  4 20:38:11 UTC 2026
 0.0  0.0 grep --color=auto ./cli       1  2176
20.5  4.8 ./cli kernel images/4096x40   1 394632
20.5  4.8 ./cli kernel images/4096x40   1 394592
20.6  4.8 ./cli kernel images/4096x40   0 394628
20.8  4.8 ./cli kernel images/4096x40   0 394572
21.0  4.8 ./cli kernel images/4096x40   0 394676
  PID User     Command                         Swap      USS      PSS      RSS 
92717 codespace /usr/bin/python3 /usr/bin/s        0    12076    12293    14452 
87106 codespace ./cli kernel images/4096x40        0   393320   393365   394572 
87108 codespace ./cli kernel images/4096x40        0   393320   393367   394592 
87110 codespace ./cli kernel images/4096x40        0   393320   393369   394628 
87112 codespace ./cli kernel images/4096x40        0   393320   393371   394676 
87114 codespace ./cli kernel images/4096x40        0   393324   393373   394632 
%CPU %MEM ARGS Sun Oct  4 20:38:12 UTC 2026
 0.0  0.0 grep --color=auto ./cli       1  2180
20.5  4.8 ./cli kernel images/4096x40   1 394632
20.5  4.8 ./cli kernel images/4096x40   1 394592
20.6  4.8 ./cli kernel images/4096x40   0 394628
20.8  4.8 ./cli kernel images/4096x40   1 394572
21.0  4.8 ./cli kernel images/4096x40   1 394676
  PID User     Command                         Swap      USS      PSS      RSS 
92723 codespace /usr/bin/python3 /usr/bin/s        0    12072    12296    14536 
87106 codespace ./cli kernel images/4096x40        0   393320   393365   394572 
87108 codespace ./cli kernel images/4096x40        0   393320   393367   394592 
87110 codespace ./cli kernel images/4096x40        0   393320   393369   394628 
87112 codespace ./cli kernel images/4096x40        0   393320   393372   394676 
87114 codespace ./cli kernel images/4096x40        0   393324   393373   394632 
%CPU %MEM ARGS Sun Oct  4 20:38:13 UTC 2026
 0.0  0.0 grep --color=auto ./cli       1  2344
20.5  4.8 ./cli kernel images/4096x40   0 394632
20.5  4.8 ./cli kernel images/4096x40   1 394592
20.6  4.8 ./cli kernel images/4096x40   1 394628
20.8  4.8 ./cli kernel images/4096x40   1 394572
21.0  4.8 ./cli kernel images/4096x40   0 394676
  PID User     Command                         Swap      USS      PSS      RSS 
92747 codespace /usr/bin/python3 /usr/bin/s        0    12068    12295    14536 
87108 codespace ./cli kernel images/4096x40        0   393320   393364   394592 
87106 codespace ./cli kernel images/4096x40        0   393320   393365   394572 
87110 codespace ./cli kernel images/4096x40        0   393320   393367   394628 
87112 codespace ./cli kernel images/4096x40        0   393320   393369   394676 
87114 codespace ./cli kernel images/4096x40        0   393324   393370   394632 
%CPU %MEM ARGS Sun Oct  4 20:38:14 UTC 2026
 0.0  0.0 grep --color=auto ./cli       1  2168
20.5  4.8 ./cli kernel images/4096x40   0 394632
20.5  4.8 ./cli kernel images/4096x40   1 394592
20.6  4.8 ./cli kernel images/4096x40   0 394628
20.8  4.8 ./cli kernel images/4096x40   0 394572
21.0  4.8 ./cli kernel images/4096x40   1 394676
  PID User     Command                         Swap      USS      PSS      RSS 
92765 codespace /usr/bin/python3 /usr/bin/s        0    12084    12311    14528 
87106 codespace ./cli kernel images/4096x40        0   393320   393365   394572 
87108 codespace ./cli kernel images/4096x40        0   393320   393367   394592 
87110 codespace ./cli kernel images/4096x40        0   393320   393369   394628 
87112 codespace ./cli kernel images/4096x40        0   393320   393372   394676 
87114 codespace ./cli kernel images/4096x40        0   393324   393373   394632 
%CPU %MEM ARGS Sun Oct  4 20:38:15 UTC 2026
 0.0  0.0 grep --color=auto ./cli       1  2288
20.5  4.8 ./cli kernel images/4096x40   1 394632
20.5  4.8 ./cli kernel images/4096x40   1 394592
20.6  4.8 ./cli kernel images/4096x40   1 394628
20.8  4.8 ./cli kernel images/4096x40   1 394572
21.0  4.8 ./cli kernel images/4096x40   0 394676
  PID User     Command                         Swap      USS      PSS      RSS 
92771 codespace /usr/bin/python3 /usr/bin/s        0    12084    12300    14500 
87106 codespace ./cli kernel images/4096x40        0   393320   393365   394572 
87108 codespace ./cli kernel images/4096x40        0   393320   393367   394592 
87110 codespace ./cli kernel images/4096x40        0   393320   393369   394628 
87112 codespace ./cli kernel images/4096x40        0   393320   393372   394676 
87114 codespace ./cli kernel images/4096x40        0   393324   393373   394632 
%CPU %MEM ARGS Sun Oct  4 20:38:16 UTC 2026
 0.0  0.0 grep --color=auto ./cli       1  1868
20.5  4.8 ./cli kernel images/4096x40   1 394632
20.5  4.8 ./cli kernel images/4096x40   0 394592
20.6  4.8 ./cli kernel images/4096x40   1 394628
20.8  4.8 ./cli kernel images/4096x40   1 394572
20.9  4.8 ./cli kernel images/4096x40   1 394676
  PID User     Command                         Swap      USS      PSS      RSS 
92777 codespace /usr/bin/python3 /usr/bin/s        0    12076    12290    14492 
87106 codespace ./cli kernel images/4096x40        0   393320   393365   394572 
87108 codespace ./cli kernel images/4096x40        0   393320   393367   394592 
87110 codespace ./cli kernel images/4096x40        0   393320   393369   394628 
87112 codespace ./cli kernel images/4096x40        0   393320   393372   394676 
87114 codespace ./cli kernel images/4096x40        0   393324   393373   394632 
%CPU %MEM ARGS Sun Oct  4 20:38:17 UTC 2026
 0.0  0.0 grep --color=auto ./cli       1  2236
20.5  4.8 ./cli kernel images/4096x40   1 394632
20.5  4.8 ./cli kernel images/4096x40   1 394592
20.6  4.8 ./cli kernel images/4096x40   1 394628
20.8  4.8 ./cli kernel images/4096x40   1 394572
20.9  4.8 ./cli kernel images/4096x40   1 394676
  PID User     Command                         Swap      USS      PSS      RSS 
92783 codespace /usr/bin/python3 /usr/bin/s        0    12092    12323    14604 
87106 codespace ./cli kernel images/4096x40        0   393320   393365   394572 
87108 codespace ./cli kernel images/4096x40        0   393320   393367   394592 
87110 codespace ./cli kernel images/4096x40        0   393320   393369   394628 
87112 codespace ./cli kernel images/4096x40        0   393320   393372   394676 
87114 codespace ./cli kernel images/4096x40        0   393324   393373   394632 
%CPU %MEM ARGS Sun Oct  4 20:38:18 UTC 2026
 0.0  0.0 grep --color=auto ./cli       1  2168
20.5  4.8 ./cli kernel images/4096x40   1 394632
20.5  4.8 ./cli kernel images/4096x40   1 394592
20.6  4.8 ./cli kernel images/4096x40   0 394628
20.8  4.8 ./cli kernel images/4096x40   1 394572
20.9  4.8 ./cli kernel images/4096x40   1 394676
  PID User     Command                         Swap      USS      PSS      RSS 
92795 codespace /usr/bin/python3 /usr/bin/s        0    12080    12305    14564 
87106 codespace ./cli kernel images/4096x40        0   393320   393365   394572 
87108 codespace ./cli kernel images/4096x40        0   393320   393367   394592 
87110 codespace ./cli kernel images/4096x40        0   393320   393369   394628 
87112 codespace ./cli kernel images/4096x40        0   393320   393371   394676 
87114 codespace ./cli kernel images/4096x40        0   393324   393373   394632 
%CPU %MEM ARGS Sun Oct  4 20:38:19 UTC 2026
 0.0  0.0 grep --color=auto ./cli       0  2176
20.5  4.8 ./cli kernel images/4096x40   1 394632
20.5  4.8 ./cli kernel images/4096x40   1 394592
20.6  4.8 ./cli kernel images/4096x40   1 394628
20.7  4.8 ./cli kernel images/4096x40   1 394572
20.9  4.8 ./cli kernel images/4096x40   1 394676
  PID User     Command                         Swap      USS      PSS      RSS 
92801 codespace /usr/bin/python3 /usr/bin/s        0    12080    12280    14528 
87106 codespace ./cli kernel images/4096x40        0   393320   393365   394572 
87108 codespace ./cli kernel images/4096x40        0   393320   393365   394592 
87110 codespace ./cli kernel images/4096x40        0   393320   393367   394628 
87112 codespace ./cli kernel images/4096x40        0   393320   393369   394676 
87114 codespace ./cli kernel images/4096x40        0   393324   393371   394632 
%CPU %MEM ARGS Sun Oct  4 20:38:20 UTC 2026
 0.0  0.0 grep --color=auto ./cli       1  2296
20.5  4.8 ./cli kernel images/4096x40   0 394632
20.5  4.8 ./cli kernel images/4096x40   1 394592
20.6  4.8 ./cli kernel images/4096x40   0 394628
20.7  4.8 ./cli kernel images/4096x40   0 394572
20.9  4.8 ./cli kernel images/4096x40   1 394676
  PID User     Command                         Swap      USS      PSS      RSS 
92812 codespace /usr/bin/python3 /usr/bin/s        0    12088    12318    14532 
87106 codespace ./cli kernel images/4096x40        0   393320   393365   394572 
87108 codespace ./cli kernel images/4096x40        0   393320   393367   394592 
87110 codespace ./cli kernel images/4096x40        0   393320   393369   394628 
87112 codespace ./cli kernel images/4096x40        0   393320   393371   394676 
87114 codespace ./cli kernel images/4096x40        0   393324   393373   394632 
%CPU %MEM ARGS Sun Oct  4 20:38:21 UTC 2026
 0.0  0.0 grep --color=auto ./cli       1  2180
20.5  4.8 ./cli kernel images/4096x40   1 394632
20.5  4.8 ./cli kernel images/4096x40   1 394592
20.6  4.8 ./cli kernel images/4096x40   1 394628
20.7  4.8 ./cli kernel images/4096x40   1 394572
20.9  4.8 ./cli kernel images/4096x40   0 394676
  PID User     Command                         Swap      USS      PSS      RSS 
92824 codespace /usr/bin/python3 /usr/bin/s        0    12060    12274    14476 
87106 codespace ./cli kernel images/4096x40        0   393320   393365   394572 
87108 codespace ./cli kernel images/4096x40        0   393320   393367   394592 
87110 codespace ./cli kernel images/4096x40        0   393320   393369   394628 
87112 codespace ./cli kernel images/4096x40        0   393320   393372   394676 
87114 codespace ./cli kernel images/4096x40        0   393324   393373   394632 
%CPU %MEM ARGS Sun Oct  4 20:38:22 UTC 2026
 0.0  0.0 grep --color=auto ./cli       0  2252
20.4  4.8 ./cli kernel images/4096x40   1 394632
20.5  4.8 ./cli kernel images/4096x40   1 394592
20.6  4.8 ./cli kernel images/4096x40   1 394628
20.7  4.8 ./cli kernel images/4096x40   1 394572
20.9  4.8 ./cli kernel images/4096x40   0 394676
  PID User     Command                         Swap      USS      PSS      RSS 
92831 codespace /usr/bin/python3 /usr/bin/s        0    12072    12287    14488 
87106 codespace ./cli kernel images/4096x40        0   393320   393365   394572 
87108 codespace ./cli kernel images/4096x40        0   393320   393367   394592 
87110 codespace ./cli kernel images/4096x40        0   393320   393369   394628 
87112 codespace ./cli kernel images/4096x40        0   393320   393371   394676 
87114 codespace ./cli kernel images/4096x40        0   393324   393373   394632 
%CPU %MEM ARGS Sun Oct  4 20:38:23 UTC 2026
 0.0  0.0 grep --color=auto ./cli       0  2160
20.4  4.8 ./cli kernel images/4096x40   1 394632
20.5  4.8 ./cli kernel images/4096x40   1 394592
20.6  4.8 ./cli kernel images/4096x40   1 394628
20.7  4.8 ./cli kernel images/4096x40   0 394572
20.9  4.8 ./cli kernel images/4096x40   0 394676
  PID User     Command                         Swap      USS      PSS      RSS 
92837 codespace /usr/bin/python3 /usr/bin/s        0    12088    12312    14532 
87106 codespace ./cli kernel images/4096x40        0   393320   393362   394572 
87108 codespace ./cli kernel images/4096x40        0   393320   393362   394592 
87110 codespace ./cli kernel images/4096x40        0   393320   393369   394628 
87112 codespace ./cli kernel images/4096x40        0   393320   393372   394676 
87114 codespace ./cli kernel images/4096x40        0   393324   393373   394632 
%CPU %MEM ARGS Sun Oct  4 20:38:24 UTC 2026
 0.0  0.0 grep --color=auto ./cli       1  2208
20.4  4.8 ./cli kernel images/4096x40   1 394632
20.5  4.8 ./cli kernel images/4096x40   1 394592
20.6  4.8 ./cli kernel images/4096x40   1 394628
20.7  4.8 ./cli kernel images/4096x40   1 394572
20.9  4.8 ./cli kernel images/4096x40   1 394676
  PID User     Command                         Swap      USS      PSS      RSS 
92868 codespace /usr/bin/python3 /usr/bin/s        0    12080    12300    14492 
87106 codespace ./cli kernel images/4096x40        0   393320   393365   394572 
87108 codespace ./cli kernel images/4096x40        0   393320   393367   394592 
87110 codespace ./cli kernel images/4096x40        0   393320   393369   394628 
87112 codespace ./cli kernel images/4096x40        0   393320   393372   394676 
87114 codespace ./cli kernel images/4096x40        0   393324   393373   394632 
%CPU %MEM ARGS Sun Oct  4 20:38:25 UTC 2026
 0.0  0.0 grep --color=auto ./cli       1  2196
20.4  4.8 ./cli kernel images/4096x40   0 394632
20.4  4.8 ./cli kernel images/4096x40   0 394592
20.6  4.8 ./cli kernel images/4096x40   1 394628
20.7  4.8 ./cli kernel images/4096x40   0 394572
20.9  4.8 ./cli kernel images/4096x40   0 394676
  PID User     Command                         Swap      USS      PSS      RSS 
92873 codespace /usr/bin/python3 /usr/bin/s        0    12104    12333    14588 
87106 codespace ./cli kernel images/4096x40        0   393320   393365   394572 
87108 codespace ./cli kernel images/4096x40        0   393320   393367   394592 
87110 codespace ./cli kernel images/4096x40        0   393320   393369   394628 
87112 codespace ./cli kernel images/4096x40        0   393320   393372   394676 
87114 codespace ./cli kernel images/4096x40        0   393324   393373   394632 
%CPU %MEM ARGS Sun Oct  4 20:38:26 UTC 2026
 0.0  0.0 grep --color=auto ./cli       1  2300
20.4  4.8 ./cli kernel images/4096x40   0 394632
20.5  4.8 ./cli kernel images/4096x40   0 394592
20.5  4.8 ./cli kernel images/4096x40   1 394628
20.7  4.8 ./cli kernel images/4096x40   1 394572
20.9  4.8 ./cli kernel images/4096x40   1 394676
  PID User     Command                         Swap      USS      PSS      RSS 
92886 codespace /usr/bin/python3 /usr/bin/s        0    12080    12300    14492 
87106 codespace ./cli kernel images/4096x40        0   393320   393365   394572 
87108 codespace ./cli kernel images/4096x40        0   393320   393367   394592 
87110 codespace ./cli kernel images/4096x40        0   393320   393369   394628 
87112 codespace ./cli kernel images/4096x40        0   393320   393371   394676 
87114 codespace ./cli kernel images/4096x40        0   393324   393373   394632 
%CPU %MEM ARGS Sun Oct  4 20:38:27 UTC 2026
 0.0  0.0 grep --color=auto ./cli       1  2192
20.4  4.8 ./cli kernel images/4096x40   1 394632
20.5  4.8 ./cli kernel images/4096x40   1 394592
20.5  4.8 ./cli kernel images/4096x40   0 394628
20.7  4.8 ./cli kernel images/4096x40   1 394572
20.9  4.8 ./cli kernel images/4096x40   1 394676
  PID User     Command                         Swap      USS      PSS      RSS 
92898 codespace /usr/bin/python3 /usr/bin/s        0    12088    12332    14532 
87106 codespace ./cli kernel images/4096x40        0   393320   393365   394572 
87108 codespace ./cli kernel images/4096x40        0   393320   393367   394592 
87110 codespace ./cli kernel images/4096x40        0   393320   393369   394628 
87112 codespace ./cli kernel images/4096x40        0   393320   393372   394676 
87114 codespace ./cli kernel images/4096x40        0   393324   393374   394632 
%CPU %MEM ARGS Sun Oct  4 20:38:28 UTC 2026
 0.0  0.0 grep --color=auto ./cli       0  2292
20.4  4.8 ./cli kernel images/4096x40   1 394632
20.4  4.8 ./cli kernel images/4096x40   1 394592
20.6  4.8 ./cli kernel images/4096x40   0 394628
20.7  4.8 ./cli kernel images/4096x40   1 394572
20.9  4.8 ./cli kernel images/4096x40   1 394676
  PID User     Command                         Swap      USS      PSS      RSS 
92904 codespace /usr/bin/python3 /usr/bin/s        0    12088    12317    14532 
87106 codespace ./cli kernel images/4096x40        0   393320   393365   394572 
87108 codespace ./cli kernel images/4096x40        0   393320   393367   394592 
87110 codespace ./cli kernel images/4096x40        0   393320   393369   394628 
87112 codespace ./cli kernel images/4096x40        0   393320   393372   394676 
87114 codespace ./cli kernel images/4096x40        0   393324   393373   394632 
%CPU %MEM ARGS Sun Oct  4 20:38:29 UTC 2026
 0.0  0.0 grep --color=auto ./cli       1  2252
20.4  4.8 ./cli kernel images/4096x40   1 394632
20.4  4.8 ./cli kernel images/4096x40   1 394592
20.6  4.8 ./cli kernel images/4096x40   0 394628
20.7  4.8 ./cli kernel images/4096x40   0 394572
20.9  4.8 ./cli kernel images/4096x40   0 394676
  PID User     Command                         Swap      USS      PSS      RSS 
92910 codespace /usr/bin/python3 /usr/bin/s        0    12064    12302    14592 
87106 codespace ./cli kernel images/4096x40        0   393320   393365   394572 
87108 codespace ./cli kernel images/4096x40        0   393320   393367   394592 
87110 codespace ./cli kernel images/4096x40        0   393320   393369   394628 
87112 codespace ./cli kernel images/4096x40        0   393320   393372   394676 
87114 codespace ./cli kernel images/4096x40        0   393324   393373   394632 
%CPU %MEM ARGS Sun Oct  4 20:38:30 UTC 2026
 0.0  0.0 grep --color=auto ./cli       1  2184
20.4  4.8 ./cli kernel images/4096x40   1 394632
20.4  4.8 ./cli kernel images/4096x40   0 394592
20.6  4.8 ./cli kernel images/4096x40   1 394628
20.7  4.8 ./cli kernel images/4096x40   1 394572
20.9  4.8 ./cli kernel images/4096x40   1 394676
  PID User     Command                         Swap      USS      PSS      RSS 
92922 codespace /usr/bin/python3 /usr/bin/s        0    12080    12310    14560 
87106 codespace ./cli kernel images/4096x40        0   393320   393365   394572 
87108 codespace ./cli kernel images/4096x40        0   393320   393365   394592 
87110 codespace ./cli kernel images/4096x40        0   393320   393367   394628 
87112 codespace ./cli kernel images/4096x40        0   393320   393369   394676 
87114 codespace ./cli kernel images/4096x40        0   393324   393373   394632 
%CPU %MEM ARGS Sun Oct  4 20:38:31 UTC 2026
 0.0  0.0 grep --color=auto ./cli       1  2192
20.4  4.8 ./cli kernel images/4096x40   0 394632
20.4  4.8 ./cli kernel images/4096x40   0 394592
20.6  4.8 ./cli kernel images/4096x40   0 394628
20.7  4.8 ./cli kernel images/4096x40   1 394572
20.9  4.8 ./cli kernel images/4096x40   0 394676
  PID User     Command                         Swap      USS      PSS      RSS 
92933 codespace /usr/bin/python3 /usr/bin/s        0    12092    12324    14540 
87106 codespace ./cli kernel images/4096x40        0   393320   393365   394572 
87108 codespace ./cli kernel images/4096x40        0   393320   393367   394592 
87110 codespace ./cli kernel images/4096x40        0   393320   393369   394628 
87112 codespace ./cli kernel images/4096x40        0   393320   393372   394676 
87114 codespace ./cli kernel images/4096x40        0   393324   393373   394632 
%CPU %MEM ARGS Sun Oct  4 20:38:32 UTC 2026
 0.0  0.0 grep --color=auto ./cli       1  2196
20.4  4.8 ./cli kernel images/4096x40   1 394632
20.4  4.8 ./cli kernel images/4096x40   1 394592
20.6  4.8 ./cli kernel images/4096x40   1 394628
20.7  4.8 ./cli kernel images/4096x40   0 394572
20.9  4.8 ./cli kernel images/4096x40   1 394676
  PID User     Command                         Swap      USS      PSS      RSS 
92940 codespace /usr/bin/python3 /usr/bin/s        0    12096    12325    14588 
87106 codespace ./cli kernel images/4096x40        0   393320   393365   394572 
87108 codespace ./cli kernel images/4096x40        0   393320   393367   394592 
87110 codespace ./cli kernel images/4096x40        0   393320   393369   394628 
87112 codespace ./cli kernel images/4096x40        0   393320   393372   394676 
87114 codespace ./cli kernel images/4096x40        0   393324   393373   394632 
%CPU %MEM ARGS Sun Oct  4 20:38:33 UTC 2026
 0.0  0.0 grep --color=auto ./cli       0  2156
20.4  4.8 ./cli kernel images/4096x40   1 394632
20.4  4.8 ./cli kernel images/4096x40   1 394592
20.6  4.8 ./cli kernel images/4096x40   0 394628
20.7  4.8 ./cli kernel images/4096x40   1 394572
20.8  4.8 ./cli kernel images/4096x40   1 394676
  PID User     Command                         Swap      USS      PSS      RSS 
92951 codespace /usr/bin/python3 /usr/bin/s        0    12080    12301    14560 
87106 codespace ./cli kernel images/4096x40        0   393320   393365   394572 
87108 codespace ./cli kernel images/4096x40        0   393320   393367   394592 
87110 codespace ./cli kernel images/4096x40        0   393320   393369   394628 
87112 codespace ./cli kernel images/4096x40        0   393320   393371   394676 
87114 codespace ./cli kernel images/4096x40        0   393324   393373   394632 
%CPU %MEM ARGS Sun Oct  4 20:38:34 UTC 2026
 0.0  0.0 grep --color=auto ./cli       1  2260
20.4  4.8 ./cli kernel images/4096x40   1 394632
20.4  4.8 ./cli kernel images/4096x40   0 394592
20.5  4.8 ./cli kernel images/4096x40   1 394628
20.7  4.8 ./cli kernel images/4096x40   1 394572
20.8  4.8 ./cli kernel images/4096x40   0 394676
  PID User     Command                         Swap      USS      PSS      RSS 
92975 codespace /usr/bin/python3 /usr/bin/s        0    12088    12314    14532 
87106 codespace ./cli kernel images/4096x40        0   393320   393365   394572 
87108 codespace ./cli kernel images/4096x40        0   393320   393367   394592 
87110 codespace ./cli kernel images/4096x40        0   393320   393369   394628 
87112 codespace ./cli kernel images/4096x40        0   393320   393371   394676 
87114 codespace ./cli kernel images/4096x40        0   393324   393373   394632 
%CPU %MEM ARGS Sun Oct  4 20:38:35 UTC 2026
 0.0  0.0 grep --color=auto ./cli       1  2212
20.4  4.8 ./cli kernel images/4096x40   0 394632
20.4  4.8 ./cli kernel images/4096x40   0 394592
20.6  4.8 ./cli kernel images/4096x40   1 394628
20.7  4.8 ./cli kernel images/4096x40   1 394572
20.8  4.8 ./cli kernel images/4096x40   0 394676
  PID User     Command                         Swap      USS      PSS      RSS 
92981 codespace /usr/bin/python3 /usr/bin/s        0    12100    12331    14608 
87106 codespace ./cli kernel images/4096x40        0   393320   393365   394572 
87108 codespace ./cli kernel images/4096x40        0   393320   393367   394592 
87110 codespace ./cli kernel images/4096x40        0   393320   393369   394628 
87112 codespace ./cli kernel images/4096x40        0   393320   393372   394676 
87114 codespace ./cli kernel images/4096x40        0   393324   393373   394632 
%CPU %MEM ARGS Sun Oct  4 20:38:36 UTC 2026
 0.0  0.0 grep --color=auto ./cli       1  2208
20.4  4.8 ./cli kernel images/4096x40   1 394632
20.4  4.8 ./cli kernel images/4096x40   0 394592
20.5  4.8 ./cli kernel images/4096x40   1 394628
20.7  4.8 ./cli kernel images/4096x40   0 394572
20.8  4.8 ./cli kernel images/4096x40   1 394676
  PID User     Command                         Swap      USS      PSS      RSS 
92999 codespace /usr/bin/python3 /usr/bin/s        0    12080    12305    14556 
87106 codespace ./cli kernel images/4096x40        0   393320   393365   394572 
87108 codespace ./cli kernel images/4096x40        0   393320   393367   394592 
87110 codespace ./cli kernel images/4096x40        0   393320   393369   394628 
87112 codespace ./cli kernel images/4096x40        0   393320   393371   394676 
87114 codespace ./cli kernel images/4096x40        0   393324   393373   394632 
%CPU %MEM ARGS Sun Oct  4 20:38:37 UTC 2026
 0.0  0.0 grep --color=auto ./cli       0  2292
20.4  4.8 ./cli kernel images/4096x40   1 394632
20.4  4.8 ./cli kernel images/4096x40   0 394592
20.5  4.8 ./cli kernel images/4096x40   1 394628
20.7  4.8 ./cli kernel images/4096x40   0 394572
20.8  4.8 ./cli kernel images/4096x40   0 394676
  PID User     Command                         Swap      USS      PSS      RSS 
93005 codespace /usr/bin/python3 /usr/bin/s        0    12088    12319    14536 
87106 codespace ./cli kernel images/4096x40        0   393320   393365   394572 
87108 codespace ./cli kernel images/4096x40        0   393320   393367   394592 
87110 codespace ./cli kernel images/4096x40        0   393320   393369   394628 
87112 codespace ./cli kernel images/4096x40        0   393320   393372   394676 
87114 codespace ./cli kernel images/4096x40        0   393324   393374   394632 
%CPU %MEM ARGS Sun Oct  4 20:38:38 UTC 2026
 0.0  0.0 grep --color=auto ./cli       1  2344
20.4  4.8 ./cli kernel images/4096x40   0 394632
20.4  4.8 ./cli kernel images/4096x40   0 394592
20.5  4.8 ./cli kernel images/4096x40   0 394628
20.7  4.8 ./cli kernel images/4096x40   1 394572
20.8  4.8 ./cli kernel images/4096x40   0 394676
  PID User     Command                         Swap      USS      PSS      RSS 
93011 codespace /usr/bin/python3 /usr/bin/s        0    12080    12306    14556 
87108 codespace ./cli kernel images/4096x40        0   393320   393362   394592 
87106 codespace ./cli kernel images/4096x40        0   393320   393364   394572 
87110 codespace ./cli kernel images/4096x40        0   393320   393369   394628 
87112 codespace ./cli kernel images/4096x40        0   393320   393371   394676 
87114 codespace ./cli kernel images/4096x40        0   393324   393373   394632 
%CPU %MEM ARGS Sun Oct  4 20:38:39 UTC 2026
 0.0  0.0 grep --color=auto ./cli       0  2344
20.4  4.8 ./cli kernel images/4096x40   1 394632
20.4  4.8 ./cli kernel images/4096x40   1 394592
20.5  4.8 ./cli kernel images/4096x40   1 394628
20.7  4.8 ./cli kernel images/4096x40   0 394572
20.8  4.8 ./cli kernel images/4096x40   1 394676
  PID User     Command                         Swap      USS      PSS      RSS 
93023 codespace /usr/bin/python3 /usr/bin/s        0    12084    12310    14528 
87106 codespace ./cli kernel images/4096x40        0   393320   393365   394572 
87108 codespace ./cli kernel images/4096x40        0   393320   393367   394592 
87110 codespace ./cli kernel images/4096x40        0   393320   393369   394628 
87112 codespace ./cli kernel images/4096x40        0   393320   393372   394676 
87114 codespace ./cli kernel images/4096x40        0   393324   393373   394632 
%CPU %MEM ARGS Sun Oct  4 20:38:40 UTC 2026
 0.0  0.0 grep --color=auto ./cli       0  2212
20.3  4.8 ./cli kernel images/4096x40   0 394632
20.4  4.8 ./cli kernel images/4096x40   0 394592
20.5  4.8 ./cli kernel images/4096x40   1 394628
20.7  4.8 ./cli kernel images/4096x40   0 394572
20.8  4.8 ./cli kernel images/4096x40   0 394676
  PID User     Command                         Swap      USS      PSS      RSS 
93029 codespace /usr/bin/python3 /usr/bin/s        0    12112    12353    14604 
87106 codespace ./cli kernel images/4096x40        0   393320   393365   394572 
87108 codespace ./cli kernel images/4096x40        0   393320   393367   394592 
87110 codespace ./cli kernel images/4096x40        0   393320   393369   394628 
87112 codespace ./cli kernel images/4096x40        0   393320   393372   394676 
87114 codespace ./cli kernel images/4096x40        0   393324   393373   394632 
%CPU %MEM ARGS Sun Oct  4 20:38:41 UTC 2026
 0.0  0.0 grep --color=auto ./cli       0  2308
20.3  4.8 ./cli kernel images/4096x40   0 394632
20.4  4.8 ./cli kernel images/4096x40   0 394592
20.5  4.8 ./cli kernel images/4096x40   0 394628
20.6  4.8 ./cli kernel images/4096x40   0 394572
20.8  4.8 ./cli kernel images/4096x40   1 394676
  PID User     Command                         Swap      USS      PSS      RSS 
93035 codespace /usr/bin/python3 /usr/bin/s        0    12080    12270    14496 
87106 codespace ./cli kernel images/4096x40        0   393320   393365   394572 
87108 codespace ./cli kernel images/4096x40        0   393320   393367   394592 
87110 codespace ./cli kernel images/4096x40        0   393320   393367   394628 
87112 codespace ./cli kernel images/4096x40        0   393320   393369   394676 
87114 codespace ./cli kernel images/4096x40        0   393324   393371   394632 
%CPU %MEM ARGS Sun Oct  4 20:38:42 UTC 2026
 0.0  0.0 grep --color=auto ./cli       0  2256
20.3  4.8 ./cli kernel images/4096x40   0 394632
20.4  4.8 ./cli kernel images/4096x40   1 394592
20.5  4.8 ./cli kernel images/4096x40   1 394628
20.6  4.8 ./cli kernel images/4096x40   1 394572
20.8  4.8 ./cli kernel images/4096x40   0 394676
  PID User     Command                         Swap      USS      PSS      RSS 
93053 codespace /usr/bin/python3 /usr/bin/s        0    12072    12288    14488 
87106 codespace ./cli kernel images/4096x40        0   393320   393365   394572 
87108 codespace ./cli kernel images/4096x40        0   393320   393367   394592 
87110 codespace ./cli kernel images/4096x40        0   393320   393369   394628 
87112 codespace ./cli kernel images/4096x40        0   393320   393371   394676 
87114 codespace ./cli kernel images/4096x40        0   393324   393373   394632 
%CPU %MEM ARGS Sun Oct  4 20:38:44 UTC 2026
 0.0  0.0 grep --color=auto ./cli       1  2260
20.3  4.8 ./cli kernel images/4096x40   0 394592
20.4  4.8 ./cli kernel images/4096x40   0 394632
20.5  4.8 ./cli kernel images/4096x40   0 394628
20.6  4.8 ./cli kernel images/4096x40   1 394572
20.8  4.8 ./cli kernel images/4096x40   1 394676
  PID User     Command                         Swap      USS      PSS      RSS 
93059 codespace /usr/bin/python3 /usr/bin/s        0    12072    12271    14516 
87106 codespace ./cli kernel images/4096x40        0   393320   393365   394572 
87108 codespace ./cli kernel images/4096x40        0   393320   393367   394592 
87110 codespace ./cli kernel images/4096x40        0   393320   393369   394628 
87112 codespace ./cli kernel images/4096x40        0   393320   393369   394676 
87114 codespace ./cli kernel images/4096x40        0   393324   393371   394632 
%CPU %MEM ARGS Sun Oct  4 20:38:45 UTC 2026
 0.0  0.0 grep --color=auto ./cli       0  2184
20.3  4.8 ./cli kernel images/4096x40   1 394632
20.4  4.8 ./cli kernel images/4096x40   0 394592
20.5  4.8 ./cli kernel images/4096x40   1 394628
20.6  4.8 ./cli kernel images/4096x40   0 394572
20.8  4.8 ./cli kernel images/4096x40   1 394676
  PID User     Command                         Swap      USS      PSS      RSS 
93088 codespace /usr/bin/python3 /usr/bin/s        0    12080    12294    14496 
87106 codespace ./cli kernel images/4096x40        0   393320   393365   394572 
87108 codespace ./cli kernel images/4096x40        0   393320   393367   394592 
87110 codespace ./cli kernel images/4096x40        0   393320   393369   394628 
87112 codespace ./cli kernel images/4096x40        0   393320   393372   394676 
87114 codespace ./cli kernel images/4096x40        0   393324   393373   394632 
%CPU %MEM ARGS Sun Oct  4 20:38:46 UTC 2026
 0.0  0.0 grep --color=auto ./cli       0  2152
20.3  4.8 ./cli kernel images/4096x40   0 394632
20.3  4.8 ./cli kernel images/4096x40   0 394592
20.5  4.8 ./cli kernel images/4096x40   0 394628
20.6  4.8 ./cli kernel images/4096x40   0 394572
20.8  4.8 ./cli kernel images/4096x40   1 394676
  PID User     Command                         Swap      USS      PSS      RSS 
93096 codespace /usr/bin/python3 /usr/bin/s        0    12080    12295    14496 
87106 codespace ./cli kernel images/4096x40        0   393320   393365   394572 
87108 codespace ./cli kernel images/4096x40        0   393320   393367   394592 
87110 codespace ./cli kernel images/4096x40        0   393320   393369   394628 
87112 codespace ./cli kernel images/4096x40        0   393320   393372   394676 
87114 codespace ./cli kernel images/4096x40        0   393324   393373   394632 
%CPU %MEM ARGS Sun Oct  4 20:38:47 UTC 2026
 0.0  0.0 grep --color=auto ./cli       0  2200
20.3  4.8 ./cli kernel images/4096x40   0 394632
20.3  4.8 ./cli kernel images/4096x40   1 394592
20.5  4.8 ./cli kernel images/4096x40   1 394628
20.6  4.8 ./cli kernel images/4096x40   0 394572
20.8  4.8 ./cli kernel images/4096x40   0 394676
  PID User     Command                         Swap      USS      PSS      RSS 
93102 codespace /usr/bin/python3 /usr/bin/s        0    12080    12282    14532 
87106 codespace ./cli kernel images/4096x40        0   393320   393365   394572 
87108 codespace ./cli kernel images/4096x40        0   393320   393367   394592 
87110 codespace ./cli kernel images/4096x40        0   393320   393369   394628 
87114 codespace ./cli kernel images/4096x40        0   393324   393371   394632 
87112 codespace ./cli kernel images/4096x40        0   393320   393372   394676 
%CPU %MEM ARGS Sun Oct  4 20:38:48 UTC 2026
 0.0  0.0 grep --color=auto ./cli       0  2344
20.3  4.8 ./cli kernel images/4096x40   1 394632
20.4  4.8 ./cli kernel images/4096x40   1 394592
20.5  4.8 ./cli kernel images/4096x40   0 394628
20.6  4.8 ./cli kernel images/4096x40   1 394572
20.8  4.8 ./cli kernel images/4096x40   1 394676
  PID User     Command                         Swap      USS      PSS      RSS 
93120 codespace /usr/bin/python3 /usr/bin/s        0    12080    12295    14496 
87106 codespace ./cli kernel images/4096x40        0   393320   393365   394572 
87108 codespace ./cli kernel images/4096x40        0   393320   393367   394592 
87110 codespace ./cli kernel images/4096x40        0   393320   393369   394628 
87112 codespace ./cli kernel images/4096x40        0   393320   393371   394676 
87114 codespace ./cli kernel images/4096x40        0   393324   393373   394632 
%CPU %MEM ARGS Sun Oct  4 20:38:49 UTC 2026
 0.0  0.0 grep --color=auto ./cli       1  2344
20.3  4.8 ./cli kernel images/4096x40   1 394632
20.3  4.8 ./cli kernel images/4096x40   1 394592
20.5  4.8 ./cli kernel images/4096x40   1 394628
20.6  4.8 ./cli kernel images/4096x40   1 394572
20.8  4.8 ./cli kernel images/4096x40   0 394676
  PID User     Command                         Swap      USS      PSS      RSS 
93126 codespace /usr/bin/python3 /usr/bin/s        0    12080    12300    14560 
87106 codespace ./cli kernel images/4096x40        0   393320   393365   394572 
87108 codespace ./cli kernel images/4096x40        0   393320   393367   394592 
87110 codespace ./cli kernel images/4096x40        0   393320   393369   394628 
87112 codespace ./cli kernel images/4096x40        0   393320   393371   394676 
87114 codespace ./cli kernel images/4096x40        0   393324   393373   394632 
%CPU %MEM ARGS Sun Oct  4 20:38:50 UTC 2026
 0.0  0.0 grep --color=auto ./cli       0  2252
20.3  4.8 ./cli kernel images/4096x40   0 394632
20.3  4.8 ./cli kernel images/4096x40   0 394592
20.4  4.8 ./cli kernel images/4096x40   1 394628
20.6  4.8 ./cli kernel images/4096x40   0 394572
20.8  4.8 ./cli kernel images/4096x40   0 394676
  PID User     Command                         Swap      USS      PSS      RSS 
93132 codespace /usr/bin/python3 /usr/bin/s        0    12068    12268    14488 
87106 codespace ./cli kernel images/4096x40        0   393320   393365   394572 
87108 codespace ./cli kernel images/4096x40        0   393320   393367   394592 
87110 codespace ./cli kernel images/4096x40        0   393320   393369   394628 
87112 codespace ./cli kernel images/4096x40        0   393320   393371   394676 
87114 codespace ./cli kernel images/4096x40        0   393324   393372   394632 
%CPU %MEM ARGS Sun Oct  4 20:38:51 UTC 2026
 0.0  0.0 grep --color=auto ./cli       0  2252
20.3  4.8 ./cli kernel images/4096x40   0 394632
20.3  4.8 ./cli kernel images/4096x40   0 394592
20.4  4.8 ./cli kernel images/4096x40   0 394628
20.6  4.8 ./cli kernel images/4096x40   1 394572
20.8  4.8 ./cli kernel images/4096x40   0 394676
  PID User     Command                         Swap      USS      PSS      RSS 
93142 codespace /usr/bin/python3 /usr/bin/s        0    12028    12253    14504 
87106 codespace ./cli kernel images/4096x40        0   393320   393365   394572 
87108 codespace ./cli kernel images/4096x40        0   393320   393367   394592 
87110 codespace ./cli kernel images/4096x40        0   393320   393369   394628 
87112 codespace ./cli kernel images/4096x40        0   393320   393371   394676 
87114 codespace ./cli kernel images/4096x40        0   393324   393373   394632 
%CPU %MEM ARGS Sun Oct  4 20:38:52 UTC 2026
 0.0  0.0 grep --color=auto ./cli       0  2200
20.3  4.8 ./cli kernel images/4096x40   1 394632
20.3  4.8 ./cli kernel images/4096x40   1 394592
20.4  4.8 ./cli kernel images/4096x40   0 394628
20.6  4.8 ./cli kernel images/4096x40   1 394572
20.8  4.8 ./cli kernel images/4096x40   1 394676
  PID User     Command                         Swap      USS      PSS      RSS 
93150 codespace /usr/bin/python3 /usr/bin/s        0    12076    12314    14604 
87106 codespace ./cli kernel images/4096x40        0   393320   393365   394572 
87108 codespace ./cli kernel images/4096x40        0   393320   393367   394592 
87110 codespace ./cli kernel images/4096x40        0   393320   393369   394628 
87112 codespace ./cli kernel images/4096x40        0   393320   393372   394676 
87114 codespace ./cli kernel images/4096x40        0   393324   393373   394632 
%CPU %MEM ARGS Sun Oct  4 20:38:53 UTC 2026
 0.0  0.0 grep --color=auto ./cli       0  2288
20.3  4.8 ./cli kernel images/4096x40   1 394632
20.3  4.8 ./cli kernel images/4096x40   1 394592
20.5  4.8 ./cli kernel images/4096x40   0 394628
20.6  4.8 ./cli kernel images/4096x40   0 394572
20.8  4.8 ./cli kernel images/4096x40   1 394676
  PID User     Command                         Swap      USS      PSS      RSS 
93156 codespace /usr/bin/python3 /usr/bin/s        0    12108    12309    14528 
87106 codespace ./cli kernel images/4096x40        0   393320   393365   394572 
87108 codespace ./cli kernel images/4096x40        0   393320   393367   394592 
87110 codespace ./cli kernel images/4096x40        0   393320   393369   394628 
87112 codespace ./cli kernel images/4096x40        0   393320   393371   394676 
87114 codespace ./cli kernel images/4096x40        0   393324   393372   394632 
%CPU %MEM ARGS Sun Oct  4 20:38:54 UTC 2026
 0.0  0.0 grep --color=auto ./cli       0  2288
20.3  4.8 ./cli kernel images/4096x40   1 394632
20.3  4.8 ./cli kernel images/4096x40   1 394592
20.4  4.8 ./cli kernel images/4096x40   1 394628
20.6  4.8 ./cli kernel images/4096x40   0 394572
20.8  4.8 ./cli kernel images/4096x40   0 394676
  PID User     Command                         Swap      USS      PSS      RSS 
93174 codespace /usr/bin/python3 /usr/bin/s        0    12100    12335    14644 
87106 codespace ./cli kernel images/4096x40        0   393320   393365   394572 
87108 codespace ./cli kernel images/4096x40        0   393320   393367   394592 
87110 codespace ./cli kernel images/4096x40        0   393320   393369   394628 
87112 codespace ./cli kernel images/4096x40        0   393320   393372   394676 
87114 codespace ./cli kernel images/4096x40        0   393324   393373   394632 
%CPU %MEM ARGS Sun Oct  4 20:38:55 UTC 2026
 0.0  0.0 grep --color=auto ./cli       0  2300
20.3  4.8 ./cli kernel images/4096x40   0 394632
20.3  4.8 ./cli kernel images/4096x40   1 394592
20.4  4.8 ./cli kernel images/4096x40   0 394628
20.5  4.8 ./cli kernel images/4096x40   0 394572
20.8  4.8 ./cli kernel images/4096x40   0 394676
  PID User     Command                         Swap      USS      PSS      RSS 
93199 codespace /usr/bin/python3 /usr/bin/s        0    12076    12294    14476 
87106 codespace ./cli kernel images/4096x40        0   393320   393365   394572 
87108 codespace ./cli kernel images/4096x40        0   393320   393367   394592 
87110 codespace ./cli kernel images/4096x40        0   393320   393369   394628 
87112 codespace ./cli kernel images/4096x40        0   393320   393372   394676 
87114 codespace ./cli kernel images/4096x40        0   393324   393373   394632 
%CPU %MEM ARGS Sun Oct  4 20:38:56 UTC 2026
 0.0  0.0 grep --color=auto ./cli       0  2164
20.3  4.8 ./cli kernel images/4096x40   1 394632
20.3  4.8 ./cli kernel images/4096x40   1 394592
20.5  4.8 ./cli kernel images/4096x40   0 394628
20.5  4.8 ./cli kernel images/4096x40   0 394572
20.8  4.8 ./cli kernel images/4096x40   0 394676
  PID User     Command                         Swap      USS      PSS      RSS 
93205 codespace /usr/bin/python3 /usr/bin/s        0    12088    12319    14544 
87106 codespace ./cli kernel images/4096x40        0   393320   393365   394572 
87112 codespace ./cli kernel images/4096x40        0   393320   393366   394676 
87108 codespace ./cli kernel images/4096x40        0   393320   393367   394592 
87110 codespace ./cli kernel images/4096x40        0   393320   393369   394628 
87114 codespace ./cli kernel images/4096x40        0   393324   393373   394632 
%CPU %MEM ARGS Sun Oct  4 20:38:57 UTC 2026
 0.0  0.0 grep --color=auto ./cli       0  2252
20.2  4.8 ./cli kernel images/4096x40   0 394632
20.3  4.8 ./cli kernel images/4096x40   1 394592
20.4  4.8 ./cli kernel images/4096x40   0 394628
20.5  4.8 ./cli kernel images/4096x40   0 394572
20.8  4.8 ./cli kernel images/4096x40   1 394676
  PID User     Command                         Swap      USS      PSS      RSS 
93217 codespace /usr/bin/python3 /usr/bin/s        0    12080    12305    14564 
87106 codespace ./cli kernel images/4096x40        0   393320   393365   394572 
87108 codespace ./cli kernel images/4096x40        0   393320   393367   394592 
87110 codespace ./cli kernel images/4096x40        0   393320   393369   394628 
87112 codespace ./cli kernel images/4096x40        0   393320   393371   394676 
87114 codespace ./cli kernel images/4096x40        0   393324   393373   394632 
%CPU %MEM ARGS Sun Oct  4 20:38:58 UTC 2026
 0.0  0.0 grep --color=auto ./cli       0  2248
20.3  4.8 ./cli kernel images/4096x40   1 394632
20.3  4.8 ./cli kernel images/4096x40   0 394592
20.4  4.8 ./cli kernel images/4096x40   0 394628
20.5  4.8 ./cli kernel images/4096x40   0 394572
20.7  4.8 ./cli kernel images/4096x40   0 394676
  PID User     Command                         Swap      USS      PSS      RSS 
93223 codespace /usr/bin/python3 /usr/bin/s        0    12084    12287    14532 
87106 codespace ./cli kernel images/4096x40        0   393320   393365   394572 
87108 codespace ./cli kernel images/4096x40        0   393320   393367   394592 
87110 codespace ./cli kernel images/4096x40        0   393320   393367   394628 
87112 codespace ./cli kernel images/4096x40        0   393320   393369   394676 
87114 codespace ./cli kernel images/4096x40        0   393324   393371   394632 
%CPU %MEM ARGS Sun Oct  4 20:39:00 UTC 2026
 0.0  0.0 grep --color=auto ./cli       1  2308
20.3  4.8 ./cli kernel images/4096x40   1 394632
20.3  4.8 ./cli kernel images/4096x40   1 394592
20.4  4.8 ./cli kernel images/4096x40   1 394628
20.5  4.8 ./cli kernel images/4096x40   0 394572
20.7  4.8 ./cli kernel images/4096x40   1 394676
  PID User     Command                         Swap      USS      PSS      RSS 
93235 codespace /usr/bin/python3 /usr/bin/s        0    12088    12315    14532 
87106 codespace ./cli kernel images/4096x40        0   393320   393364   394572 
87108 codespace ./cli kernel images/4096x40        0   393320   393365   394592 
87110 codespace ./cli kernel images/4096x40        0   393320   393369   394628 
87112 codespace ./cli kernel images/4096x40        0   393320   393372   394676 
87114 codespace ./cli kernel images/4096x40        0   393324   393373   394632 
%CPU %MEM ARGS Sun Oct  4 20:39:00 UTC 2026
 0.0  0.0 grep --color=auto ./cli       0  2288
20.2  4.8 ./cli kernel images/4096x40   0 394632
20.3  4.8 ./cli kernel images/4096x40   0 394592
20.4  4.8 ./cli kernel images/4096x40   0 394628
20.5  4.8 ./cli kernel images/4096x40   1 394572
20.7  4.8 ./cli kernel images/4096x40   0 394676
  PID User     Command                         Swap      USS      PSS      RSS 
93247 codespace /usr/bin/python3 /usr/bin/s        0    12116    12342    14560 
87106 codespace ./cli kernel images/4096x40        0   393320   393365   394572 
87108 codespace ./cli kernel images/4096x40        0   393320   393367   394592 
87110 codespace ./cli kernel images/4096x40        0   393320   393369   394628 
87112 codespace ./cli kernel images/4096x40        0   393320   393372   394676 
87114 codespace ./cli kernel images/4096x40        0   393324   393373   394632 
%CPU %MEM ARGS Sun Oct  4 20:39:01 UTC 2026
 0.0  0.0 grep --color=auto ./cli       1  2248
20.2  4.8 ./cli kernel images/4096x40   0 394632
20.3  4.8 ./cli kernel images/4096x40   1 394592
20.4  4.8 ./cli kernel images/4096x40   1 394628
20.5  4.8 ./cli kernel images/4096x40   0 394572
20.7  4.8 ./cli kernel images/4096x40   1 394676
  PID User     Command                         Swap      USS      PSS      RSS 
93252 codespace /usr/bin/python3 /usr/bin/s        0    12084    12315    14532 
87106 codespace ./cli kernel images/4096x40        0   393320   393365   394572 
87108 codespace ./cli kernel images/4096x40        0   393320   393367   394592 
87110 codespace ./cli kernel images/4096x40        0   393320   393369   394628 
87112 codespace ./cli kernel images/4096x40        0   393320   393372   394676 
87114 codespace ./cli kernel images/4096x40        0   393324   393373   394632 
%CPU %MEM ARGS Sun Oct  4 20:39:02 UTC 2026
 0.0  0.0 grep --color=auto ./cli       1  2164
20.2  4.8 ./cli kernel images/4096x40   1 394632
20.3  4.8 ./cli kernel images/4096x40   0 394592
20.4  4.8 ./cli kernel images/4096x40   1 394628
20.5  4.8 ./cli kernel images/4096x40   0 394572
20.7  4.8 ./cli kernel images/4096x40   1 394676
  PID User     Command                         Swap      USS      PSS      RSS 
93258 codespace /usr/bin/python3 /usr/bin/s        0    12084    12315    14532 
87106 codespace ./cli kernel images/4096x40        0   393320   393365   394572 
87108 codespace ./cli kernel images/4096x40        0   393320   393367   394592 
87110 codespace ./cli kernel images/4096x40        0   393320   393369   394628 
87112 codespace ./cli kernel images/4096x40        0   393320   393372   394676 
87114 codespace ./cli kernel images/4096x40        0   393324   393373   394632 
%CPU %MEM ARGS Sun Oct  4 20:39:03 UTC 2026
 0.0  0.0 grep --color=auto ./cli       1  2344
20.2  4.8 ./cli kernel images/4096x40   1 394632
20.3  4.8 ./cli kernel images/4096x40   1 394592
20.4  4.8 ./cli kernel images/4096x40   1 394628
20.5  4.8 ./cli kernel images/4096x40   1 394572
20.7  4.8 ./cli kernel images/4096x40   1 394676
  PID User     Command                         Swap      USS      PSS      RSS 
93267 codespace /usr/bin/python3 /usr/bin/s        0    12080    12290    14448 
87106 codespace ./cli kernel images/4096x40        0   393320   393365   394572 
87108 codespace ./cli kernel images/4096x40        0   393320   393367   394592 
87110 codespace ./cli kernel images/4096x40        0   393320   393369   394628 
87112 codespace ./cli kernel images/4096x40        0   393320   393371   394676 
87114 codespace ./cli kernel images/4096x40        0   393324   393373   394632 
%CPU %MEM ARGS Sun Oct  4 20:39:04 UTC 2026
 0.0  0.0 grep --color=auto ./cli       0  2156
20.2  4.8 ./cli kernel images/4096x40   1 394632
20.3  4.8 ./cli kernel images/4096x40   1 394592
20.4  4.8 ./cli kernel images/4096x40   1 394628
20.5  4.8 ./cli kernel images/4096x40   0 394572
20.7  4.8 ./cli kernel images/4096x40   1 394676
  PID User     Command                         Swap      USS      PSS      RSS 
93276 codespace /usr/bin/python3 /usr/bin/s        0    12072    12261    14492 
87106 codespace ./cli kernel images/4096x40        0   393320   393365   394572 
87108 codespace ./cli kernel images/4096x40        0   393320   393367   394592 
87110 codespace ./cli kernel images/4096x40        0   393320   393367   394628 
87112 codespace ./cli kernel images/4096x40        0   393320   393369   394676 
87114 codespace ./cli kernel images/4096x40        0   393324   393371   394632 
%CPU %MEM ARGS Sun Oct  4 20:39:05 UTC 2026
 0.0  0.0 grep --color=auto ./cli       0  2156
20.2  4.8 ./cli kernel images/4096x40   1 394632
20.3  4.8 ./cli kernel images/4096x40   0 394592
20.4  4.8 ./cli kernel images/4096x40   1 394628
20.5  4.8 ./cli kernel images/4096x40   0 394572
20.7  4.8 ./cli kernel images/4096x40   1 394676
  PID User     Command                         Swap      USS      PSS      RSS 
93287 codespace /usr/bin/python3 /usr/bin/s        0    12096    12332    14588 
87106 codespace ./cli kernel images/4096x40        0   393320   393363   394572 
87108 codespace ./cli kernel images/4096x40        0   393320   393367   394592 
87110 codespace ./cli kernel images/4096x40        0   393320   393369   394628 
87112 codespace ./cli kernel images/4096x40        0   393320   393372   394676 
87114 codespace ./cli kernel images/4096x40        0   393324   393373   394632 
%CPU %MEM ARGS Sun Oct  4 20:39:06 UTC 2026
 0.0  0.0 grep --color=auto ./cli       0  2128
20.2  4.8 ./cli kernel images/4096x40   0 394632
20.3  4.8 ./cli kernel images/4096x40   1 394592
20.4  4.8 ./cli kernel images/4096x40   0 394628
20.5  4.8 ./cli kernel images/4096x40   1 394572
20.7  4.8 ./cli kernel images/4096x40   1 394676
  PID User     Command                         Swap      USS      PSS      RSS 
93311 codespace /usr/bin/python3 /usr/bin/s        0    12080    12297    14496 
87106 codespace ./cli kernel images/4096x40        0   393320   393365   394572 
87108 codespace ./cli kernel images/4096x40        0   393320   393367   394592 
87110 codespace ./cli kernel images/4096x40        0   393320   393369   394628 
87112 codespace ./cli kernel images/4096x40        0   393320   393372   394676 
87114 codespace ./cli kernel images/4096x40        0   393324   393373   394632 
%CPU %MEM ARGS Sun Oct  4 20:39:07 UTC 2026
 0.0  0.0 grep --color=auto ./cli       0  2248
20.2  4.8 ./cli kernel images/4096x40   1 394632
20.3  4.8 ./cli kernel images/4096x40   0 394592
20.4  4.8 ./cli kernel images/4096x40   1 394628
20.5  4.8 ./cli kernel images/4096x40   0 394572
20.7  4.8 ./cli kernel images/4096x40   1 394676
  PID User     Command                         Swap      USS      PSS      RSS 
93323 codespace /usr/bin/python3 /usr/bin/s        0    12072    12296    14556 
87106 codespace ./cli kernel images/4096x40        0   393320   393365   394572 
87108 codespace ./cli kernel images/4096x40        0   393320   393367   394592 
87110 codespace ./cli kernel images/4096x40        0   393320   393369   394628 
87112 codespace ./cli kernel images/4096x40        0   393320   393372   394676 
87114 codespace ./cli kernel images/4096x40        0   393324   393373   394632 
%CPU %MEM ARGS Sun Oct  4 20:39:08 UTC 2026
 0.0  0.0 grep --color=auto ./cli       0  2236
20.2  4.8 ./cli kernel images/4096x40   0 394632
20.3  4.8 ./cli kernel images/4096x40   1 394592
20.4  4.8 ./cli kernel images/4096x40   1 394628
20.5  4.8 ./cli kernel images/4096x40   1 394572
20.7  4.8 ./cli kernel images/4096x40   0 394676
  PID User     Command                         Swap      USS      PSS      RSS 
93329 codespace /usr/bin/python3 /usr/bin/s        0    12080    12306    14556 
87106 codespace ./cli kernel images/4096x40        0   393320   393365   394572 
87108 codespace ./cli kernel images/4096x40        0   393320   393367   394592 
87110 codespace ./cli kernel images/4096x40        0   393320   393369   394628 
87112 codespace ./cli kernel images/4096x40        0   393320   393371   394676 
87114 codespace ./cli kernel images/4096x40        0   393324   393373   394632 
%CPU %MEM ARGS Sun Oct  4 20:39:09 UTC 2026
 0.0  0.0 grep --color=auto ./cli       1  2308
20.2  4.8 ./cli kernel images/4096x40   0 394632
20.3  4.8 ./cli kernel images/4096x40   1 394592
20.4  4.8 ./cli kernel images/4096x40   1 394628
20.5  4.8 ./cli kernel images/4096x40   1 394572
20.7  4.8 ./cli kernel images/4096x40   1 394676
  PID User     Command                         Swap      USS      PSS      RSS 
93339 codespace /usr/bin/python3 /usr/bin/s        0    12080    12299    14492 
87106 codespace ./cli kernel images/4096x40        0   393320   393365   394572 
87108 codespace ./cli kernel images/4096x40        0   393320   393367   394592 
87110 codespace ./cli kernel images/4096x40        0   393320   393369   394628 
87112 codespace ./cli kernel images/4096x40        0   393320   393372   394676 
87114 codespace ./cli kernel images/4096x40        0   393324   393373   394632 
%CPU %MEM ARGS Sun Oct  4 20:39:10 UTC 2026
 0.0  0.0 grep --color=auto ./cli       1  2184
20.2  4.8 ./cli kernel images/4096x40   0 394632
20.2  4.8 ./cli kernel images/4096x40   1 394592
20.4  4.8 ./cli kernel images/4096x40   0 394628
20.5  4.8 ./cli kernel images/4096x40   1 394572
20.7  4.8 ./cli kernel images/4096x40   1 394676
  PID User     Command                         Swap      USS      PSS      RSS 
93347 codespace /usr/bin/python3 /usr/bin/s        0    12080    12300    14492 
87106 codespace ./cli kernel images/4096x40        0   393320   393365   394572 
87108 codespace ./cli kernel images/4096x40        0   393320   393367   394592 
87110 codespace ./cli kernel images/4096x40        0   393320   393369   394628 
87112 codespace ./cli kernel images/4096x40        0   393320   393371   394676 
87114 codespace ./cli kernel images/4096x40        0   393324   393373   394632 
%CPU %MEM ARGS Sun Oct  4 20:39:12 UTC 2026
 0.0  0.0 grep --color=auto ./cli       1  2292
20.2  4.8 ./cli kernel images/4096x40   1 394632
20.2  4.8 ./cli kernel images/4096x40   1 394592
20.4  4.8 ./cli kernel images/4096x40   1 394628
20.5  4.8 ./cli kernel images/4096x40   1 394572
20.7  4.8 ./cli kernel images/4096x40   0 394676
  PID User     Command                         Swap      USS      PSS      RSS 
93360 codespace /usr/bin/python3 /usr/bin/s        0    12072    12299    14536 
87106 codespace ./cli kernel images/4096x40        0   393320   393365   394572 
87108 codespace ./cli kernel images/4096x40        0   393320   393367   394592 
87110 codespace ./cli kernel images/4096x40        0   393320   393369   394628 
87112 codespace ./cli kernel images/4096x40        0   393320   393372   394676 
87114 codespace ./cli kernel images/4096x40        0   393324   393373   394632 
%CPU %MEM ARGS Sun Oct  4 20:39:13 UTC 2026
 0.0  0.0 grep --color=auto ./cli       1  2180
20.2  4.8 ./cli kernel images/4096x40   0 394632
20.2  4.8 ./cli kernel images/4096x40   1 394592
20.3  4.8 ./cli kernel images/4096x40   1 394628
20.5  4.8 ./cli kernel images/4096x40   1 394572
20.7  4.8 ./cli kernel images/4096x40   1 394676
  PID User     Command                         Swap      USS      PSS      RSS 
93369 codespace /usr/bin/python3 /usr/bin/s        0    12040    12260    14520 
87106 codespace ./cli kernel images/4096x40        0   393320   393365   394572 
87108 codespace ./cli kernel images/4096x40        0   393320   393367   394592 
87110 codespace ./cli kernel images/4096x40        0   393320   393369   394628 
87112 codespace ./cli kernel images/4096x40        0   393320   393371   394676 
87114 codespace ./cli kernel images/4096x40        0   393324   393373   394632 
%CPU %MEM ARGS Sun Oct  4 20:39:14 UTC 2026
 0.0  0.0 grep --color=auto ./cli       1  2056
20.2  4.8 ./cli kernel images/4096x40   1 394632
20.2  4.8 ./cli kernel images/4096x40   1 394592
20.4  4.8 ./cli kernel images/4096x40   1 394628
20.5  4.8 ./cli kernel images/4096x40   1 394572
20.7  4.8 ./cli kernel images/4096x40   1 394676
  PID User     Command                         Swap      USS      PSS      RSS 
93378 codespace /usr/bin/python3 /usr/bin/s        0    12068    12294    14536 
87106 codespace ./cli kernel images/4096x40        0   393320   393365   394572 
87108 codespace ./cli kernel images/4096x40        0   393320   393367   394592 
87110 codespace ./cli kernel images/4096x40        0   393320   393369   394628 
87112 codespace ./cli kernel images/4096x40        0   393320   393372   394676 
87114 codespace ./cli kernel images/4096x40        0   393324   393373   394632 
%CPU %MEM ARGS Sun Oct  4 20:39:14 UTC 2026
 0.0  0.0 grep --color=auto ./cli       0  2208
20.2  4.8 ./cli kernel images/4096x40   0 394632
20.2  4.8 ./cli kernel images/4096x40   1 394592
20.4  4.8 ./cli kernel images/4096x40   0 394628
20.5  4.8 ./cli kernel images/4096x40   1 394572
20.7  4.8 ./cli kernel images/4096x40   1 394676
  PID User     Command                         Swap      USS      PSS      RSS 
93383 codespace /usr/bin/python3 /usr/bin/s        0    12068    12294    14512 
87106 codespace ./cli kernel images/4096x40        0   393320   393365   394572 
87108 codespace ./cli kernel images/4096x40        0   393320   393367   394592 
87110 codespace ./cli kernel images/4096x40        0   393320   393369   394628 
87112 codespace ./cli kernel images/4096x40        0   393320   393372   394676 
87114 codespace ./cli kernel images/4096x40        0   393324   393373   394632 
%CPU %MEM ARGS Sun Oct  4 20:39:15 UTC 2026
 0.0  0.0 grep --color=auto ./cli       1  2168
20.2  4.8 ./cli kernel images/4096x40   0 394632
20.2  4.8 ./cli kernel images/4096x40   1 394592
20.4  4.8 ./cli kernel images/4096x40   0 394628
20.5  4.8 ./cli kernel images/4096x40   0 394572
20.7  4.8 ./cli kernel images/4096x40   0 394676
  PID User     Command                         Swap      USS      PSS      RSS 
93389 codespace /usr/bin/python3 /usr/bin/s        0    12072    12288    14488 
87106 codespace ./cli kernel images/4096x40        0   393320   393360   394572 
87108 codespace ./cli kernel images/4096x40        0   393320   393367   394592 
87110 codespace ./cli kernel images/4096x40        0   393320   393369   394628 
87112 codespace ./cli kernel images/4096x40        0   393320   393371   394676 
87114 codespace ./cli kernel images/4096x40        0   393324   393373   394632 
%CPU %MEM ARGS Sun Oct  4 20:39:16 UTC 2026
 0.0  0.0 grep --color=auto ./cli       1  2160
20.2  4.8 ./cli kernel images/4096x40   0 394632
20.2  4.8 ./cli kernel images/4096x40   1 394592
20.3  4.8 ./cli kernel images/4096x40   0 394628
20.5  4.8 ./cli kernel images/4096x40   1 394572
20.7  4.8 ./cli kernel images/4096x40   0 394676
  PID User     Command                         Swap      USS      PSS      RSS 
93425 codespace /usr/bin/python3 /usr/bin/s        0    12092    12321    14536 
87106 codespace ./cli kernel images/4096x40        0   393320   393365   394572 
87108 codespace ./cli kernel images/4096x40        0   393320   393367   394592 
87110 codespace ./cli kernel images/4096x40        0   393320   393369   394628 
87112 codespace ./cli kernel images/4096x40        0   393320   393372   394676 
87114 codespace ./cli kernel images/4096x40        0   393324   393373   394632 
%CPU %MEM ARGS Sun Oct  4 20:39:17 UTC 2026
 0.0  0.0 grep --color=auto ./cli       0  2292
20.2  4.8 ./cli kernel images/4096x40   1 394632
20.2  4.8 ./cli kernel images/4096x40   0 394592
20.3  4.8 ./cli kernel images/4096x40   1 394628
20.5  4.8 ./cli kernel images/4096x40   1 394572
20.7  4.8 ./cli kernel images/4096x40   1 394676
  PID User     Command                         Swap      USS      PSS      RSS 
93431 codespace /usr/bin/python3 /usr/bin/s        0    12052    12278    14496 
87106 codespace ./cli kernel images/4096x40        0   393320   393365   394572 
87108 codespace ./cli kernel images/4096x40        0   393320   393367   394592 
87110 codespace ./cli kernel images/4096x40        0   393320   393369   394628 
87112 codespace ./cli kernel images/4096x40        0   393320   393372   394676 
87114 codespace ./cli kernel images/4096x40        0   393324   393373   394632 
%CPU %MEM ARGS Sun Oct  4 20:39:18 UTC 2026
 0.0  0.0 grep --color=auto ./cli       0  2176
20.2  4.8 ./cli kernel images/4096x40   1 394632
20.2  4.8 ./cli kernel images/4096x40   0 394592
20.3  4.8 ./cli kernel images/4096x40   0 394628
20.5  4.8 ./cli kernel images/4096x40   0 394572
20.7  4.8 ./cli kernel images/4096x40   0 394676
  PID User     Command                         Swap      USS      PSS      RSS 
93437 codespace /usr/bin/python3 /usr/bin/s        0    12096    12331    14592 
87106 codespace ./cli kernel images/4096x40        0   393320   393365   394572 
87108 codespace ./cli kernel images/4096x40        0   393320   393367   394592 
87110 codespace ./cli kernel images/4096x40        0   393320   393368   394628 
87112 codespace ./cli kernel images/4096x40        0   393320   393372   394676 
87114 codespace ./cli kernel images/4096x40        0   393324   393373   394632 
%CPU %MEM ARGS Sun Oct  4 20:39:19 UTC 2026
 0.0  0.0 grep --color=auto ./cli       1  2296
20.2  4.8 ./cli kernel images/4096x40   0 394632
20.2  4.8 ./cli kernel images/4096x40   0 394592
20.3  4.8 ./cli kernel images/4096x40   0 394628
20.5  4.8 ./cli kernel images/4096x40   1 394572
20.7  4.8 ./cli kernel images/4096x40   0 394676
  PID User     Command                         Swap      USS      PSS      RSS 
93449 codespace /usr/bin/python3 /usr/bin/s        0    12088    12319    14544 
87106 codespace ./cli kernel images/4096x40        0   393320   393365   394572 
87108 codespace ./cli kernel images/4096x40        0   393320   393367   394592 
87110 codespace ./cli kernel images/4096x40        0   393320   393369   394628 
87112 codespace ./cli kernel images/4096x40        0   393320   393371   394676 
87114 codespace ./cli kernel images/4096x40        0   393324   393373   394632 
%CPU %MEM ARGS Sun Oct  4 20:39:21 UTC 2026
 0.0  0.0 grep --color=auto ./cli       0  2176
20.2  4.8 ./cli kernel images/4096x40   0 394632
20.2  4.8 ./cli kernel images/4096x40   0 394592
20.3  4.8 ./cli kernel images/4096x40   0 394628
20.5  4.8 ./cli kernel images/4096x40   0 394572
20.7  4.8 ./cli kernel images/4096x40   0 394676
  PID User     Command                         Swap      USS      PSS      RSS 
93455 codespace /usr/bin/python3 /usr/bin/s        0    12068    12294    14536 
87106 codespace ./cli kernel images/4096x40        0   393320   393365   394572 
87108 codespace ./cli kernel images/4096x40        0   393320   393367   394592 
87110 codespace ./cli kernel images/4096x40        0   393320   393369   394628 
87112 codespace ./cli kernel images/4096x40        0   393320   393371   394676 
87114 codespace ./cli kernel images/4096x40        0   393324   393373   394632 
%CPU %MEM ARGS Sun Oct  4 20:39:21 UTC 2026
 0.0  0.0 grep --color=auto ./cli       1  2248
20.1  4.8 ./cli kernel images/4096x40   0 394632
20.2  4.8 ./cli kernel images/4096x40   0 394592
20.3  4.8 ./cli kernel images/4096x40   0 394628
20.5  4.8 ./cli kernel images/4096x40   1 394572
20.7  4.8 ./cli kernel images/4096x40   0 394676
  PID User     Command                         Swap      USS      PSS      RSS 
93461 codespace /usr/bin/python3 /usr/bin/s        0    12084    12323    14636 
87106 codespace ./cli kernel images/4096x40        0   393320   393365   394572 
87108 codespace ./cli kernel images/4096x40        0   393320   393367   394592 
87110 codespace ./cli kernel images/4096x40        0   393320   393369   394628 
87112 codespace ./cli kernel images/4096x40        0   393320   393371   394676 
87114 codespace ./cli kernel images/4096x40        0   393324   393373   394632 
%CPU %MEM ARGS Sun Oct  4 20:39:22 UTC 2026
 0.0  0.0 grep --color=auto ./cli       0  2156
20.2  4.8 ./cli kernel images/4096x40   1 394632
20.2  4.8 ./cli kernel images/4096x40   1 394592
20.3  4.8 ./cli kernel images/4096x40   1 394628
20.5  4.8 ./cli kernel images/4096x40   0 394572
20.6  4.8 ./cli kernel images/4096x40   1 394676
  PID User     Command                         Swap      USS      PSS      RSS 
93476 codespace /usr/bin/python3 /usr/bin/s        0    12068    12294    14536 
87106 codespace ./cli kernel images/4096x40        0   393320   393365   394572 
87108 codespace ./cli kernel images/4096x40        0   393320   393367   394592 
87110 codespace ./cli kernel images/4096x40        0   393320   393369   394628 
87112 codespace ./cli kernel images/4096x40        0   393320   393372   394676 
87114 codespace ./cli kernel images/4096x40        0   393324   393373   394632 
%CPU %MEM ARGS Sun Oct  4 20:39:23 UTC 2026
 0.0  0.0 grep --color=auto ./cli       1  2180
20.2  4.8 ./cli kernel images/4096x40   1 394632
20.2  4.8 ./cli kernel images/4096x40   1 394592
20.3  4.8 ./cli kernel images/4096x40   0 394628
20.4  4.8 ./cli kernel images/4096x40   1 394572
20.6  4.8 ./cli kernel images/4096x40   1 394676
  PID User     Command                         Swap      USS      PSS      RSS 
93485 codespace /usr/bin/python3 /usr/bin/s        0    12068    12297    14552 
87106 codespace ./cli kernel images/4096x40        0   393320   393365   394572 
87108 codespace ./cli kernel images/4096x40        0   393320   393367   394592 
87110 codespace ./cli kernel images/4096x40        0   393320   393369   394628 
87112 codespace ./cli kernel images/4096x40        0   393320   393371   394676 
87114 codespace ./cli kernel images/4096x40        0   393324   393373   394632 
%CPU %MEM ARGS Sun Oct  4 20:39:24 UTC 2026
 0.0  0.0 grep --color=auto ./cli       1  2296
20.1  4.8 ./cli kernel images/4096x40   1 394632
20.2  4.8 ./cli kernel images/4096x40   1 394592
20.3  4.8 ./cli kernel images/4096x40   0 394628
20.4  4.8 ./cli kernel images/4096x40   1 394572
20.6  4.8 ./cli kernel images/4096x40   0 394676
  PID User     Command                         Swap      USS      PSS      RSS 
93491 codespace /usr/bin/python3 /usr/bin/s        0    12064    12303    14556 
87106 codespace ./cli kernel images/4096x40        0   393320   393365   394572 
87108 codespace ./cli kernel images/4096x40        0   393320   393367   394592 
87110 codespace ./cli kernel images/4096x40        0   393320   393369   394628 
87112 codespace ./cli kernel images/4096x40        0   393320   393372   394676 
87114 codespace ./cli kernel images/4096x40        0   393324   393373   394632 
%CPU %MEM ARGS Sun Oct  4 20:39:25 UTC 2026
 0.0  0.0 grep --color=auto ./cli       0  2180
20.1  4.8 ./cli kernel images/4096x40   0 394632
20.2  4.8 ./cli kernel images/4096x40   1 394592
20.3  4.8 ./cli kernel images/4096x40   0 394628
20.4  4.8 ./cli kernel images/4096x40   0 394572
20.6  4.8 ./cli kernel images/4096x40   0 394676
  PID User     Command                         Swap      USS      PSS      RSS 
93498 codespace /usr/bin/python3 /usr/bin/s        0    12080    12298    14496 
87106 codespace ./cli kernel images/4096x40        0   393320   393365   394572 
87108 codespace ./cli kernel images/4096x40        0   393320   393367   394592 
87110 codespace ./cli kernel images/4096x40        0   393320   393369   394628 
87112 codespace ./cli kernel images/4096x40        0   393320   393371   394676 
87114 codespace ./cli kernel images/4096x40        0   393324   393373   394632 
%CPU %MEM ARGS Sun Oct  4 20:39:27 UTC 2026
 0.0  0.0 grep --color=auto ./cli       1  2168
20.1  4.8 ./cli kernel images/4096x40   1 394632
20.2  4.8 ./cli kernel images/4096x40   1 394592
20.3  4.8 ./cli kernel images/4096x40   1 394628
20.4  4.8 ./cli kernel images/4096x40   1 394572
20.6  4.8 ./cli kernel images/4096x40   1 394676
  PID User     Command                         Swap      USS      PSS      RSS 
93515 codespace /usr/bin/python3 /usr/bin/s        0    12096    12329    14608 
87106 codespace ./cli kernel images/4096x40        0   393320   393365   394572 
87108 codespace ./cli kernel images/4096x40        0   393320   393367   394592 
87110 codespace ./cli kernel images/4096x40        0   393320   393369   394628 
87112 codespace ./cli kernel images/4096x40        0   393320   393372   394676 
87114 codespace ./cli kernel images/4096x40        0   393324   393373   394632 
%CPU %MEM ARGS Sun Oct  4 20:39:27 UTC 2026
 0.0  0.0 grep --color=auto ./cli       1  2164
20.1  4.8 ./cli kernel images/4096x40   0 394632
20.2  4.8 ./cli kernel images/4096x40   0 394592
20.3  4.8 ./cli kernel images/4096x40   1 394628
20.4  4.8 ./cli kernel images/4096x40   0 394572
20.6  4.8 ./cli kernel images/4096x40   0 394676
  PID User     Command                         Swap      USS      PSS      RSS 
93533 codespace /usr/bin/python3 /usr/bin/s        0    12100    12333    14640 
87106 codespace ./cli kernel images/4096x40        0   393320   393365   394572 
87108 codespace ./cli kernel images/4096x40        0   393320   393367   394592 
87110 codespace ./cli kernel images/4096x40        0   393320   393369   394628 
87112 codespace ./cli kernel images/4096x40        0   393320   393372   394676 
87114 codespace ./cli kernel images/4096x40        0   393324   393373   394632 
%CPU %MEM ARGS Sun Oct  4 20:39:29 UTC 2026
 0.0  0.0 grep --color=auto ./cli       1  2160
20.1  4.8 ./cli kernel images/4096x40   0 394632
20.2  4.8 ./cli kernel images/4096x40   0 394592
20.3  4.8 ./cli kernel images/4096x40   1 394628
20.4  4.8 ./cli kernel images/4096x40   1 394572
20.6  4.8 ./cli kernel images/4096x40   1 394676
  PID User     Command                         Swap      USS      PSS      RSS 
93548 codespace /usr/bin/python3 /usr/bin/s        0    12072    12289    14488 
87106 codespace ./cli kernel images/4096x40        0   393320   393365   394572 
87108 codespace ./cli kernel images/4096x40        0   393320   393367   394592 
87110 codespace ./cli kernel images/4096x40        0   393320   393369   394628 
87112 codespace ./cli kernel images/4096x40        0   393320   393371   394676 
87114 codespace ./cli kernel images/4096x40        0   393324   393373   394632 
%CPU %MEM ARGS Sun Oct  4 20:39:29 UTC 2026
 0.0  0.0 grep --color=auto ./cli       1  2308
20.1  4.8 ./cli kernel images/4096x40   1 394632
20.2  4.8 ./cli kernel images/4096x40   1 394592
20.3  4.8 ./cli kernel images/4096x40   0 394628
20.4  4.8 ./cli kernel images/4096x40   1 394572
20.6  4.8 ./cli kernel images/4096x40   1 394676
  PID User     Command                         Swap      USS      PSS      RSS 
93557 codespace /usr/bin/python3 /usr/bin/s        0    12076    12303    14528 
87106 codespace ./cli kernel images/4096x40        0   393320   393365   394572 
87108 codespace ./cli kernel images/4096x40        0   393320   393367   394592 
87110 codespace ./cli kernel images/4096x40        0   393320   393369   394628 
87112 codespace ./cli kernel images/4096x40        0   393320   393371   394676 
87114 codespace ./cli kernel images/4096x40        0   393324   393373   394632 
%CPU %MEM ARGS Sun Oct  4 20:39:31 UTC 2026
 0.0  0.0 grep --color=auto ./cli       0  2252
20.1  4.8 ./cli kernel images/4096x40   0 394632
20.2  4.8 ./cli kernel images/4096x40   0 394592
20.3  4.8 ./cli kernel images/4096x40   1 394628
20.4  4.8 ./cli kernel images/4096x40   1 394572
20.6  4.8 ./cli kernel images/4096x40   0 394676
  PID User     Command                         Swap      USS      PSS      RSS 
93563 codespace /usr/bin/python3 /usr/bin/s        0    12088    12321    14592 
87106 codespace ./cli kernel images/4096x40        0   393320   393365   394572 
87108 codespace ./cli kernel images/4096x40        0   393320   393367   394592 
87110 codespace ./cli kernel images/4096x40        0   393320   393369   394628 
87112 codespace ./cli kernel images/4096x40        0   393320   393372   394676 
87114 codespace ./cli kernel images/4096x40        0   393324   393373   394632 
%CPU %MEM ARGS Sun Oct  4 20:39:32 UTC 2026
 0.0  0.0 grep --color=auto ./cli       1  2340
20.1  4.8 ./cli kernel images/4096x40   0 394632
20.1  4.8 ./cli kernel images/4096x40   0 394592
20.3  4.8 ./cli kernel images/4096x40   0 394628
20.4  4.8 ./cli kernel images/4096x40   0 394572
20.6  4.8 ./cli kernel images/4096x40   0 394676
  PID User     Command                         Swap      USS      PSS      RSS 
93572 codespace /usr/bin/python3 /usr/bin/s        0    12076    12298    14488 
87106 codespace ./cli kernel images/4096x40        0   393320   393365   394572 
87108 codespace ./cli kernel images/4096x40        0   393320   393367   394592 
87110 codespace ./cli kernel images/4096x40        0   393320   393369   394628 
87112 codespace ./cli kernel images/4096x40        0   393320   393371   394676 
87114 codespace ./cli kernel images/4096x40        0   393324   393373   394632 
%CPU %MEM ARGS Sun Oct  4 20:39:33 UTC 2026
 0.0  0.0 grep --color=auto ./cli       0  2160
20.1  4.8 ./cli kernel images/4096x40   0 394632
20.1  4.8 ./cli kernel images/4096x40   0 394592
20.3  4.8 ./cli kernel images/4096x40   0 394628
20.4  4.8 ./cli kernel images/4096x40   0 394572
20.6  4.8 ./cli kernel images/4096x40   1 394676
  PID User     Command                         Swap      USS      PSS      RSS 
93581 codespace /usr/bin/python3 /usr/bin/s        0    12076    12266    14492 
87106 codespace ./cli kernel images/4096x40        0   393320   393365   394572 
87108 codespace ./cli kernel images/4096x40        0   393320   393367   394592 
87110 codespace ./cli kernel images/4096x40        0   393320   393369   394628 
87114 codespace ./cli kernel images/4096x40        0   393324   393371   394632 
87112 codespace ./cli kernel images/4096x40        0   393320   393372   394676 
%CPU %MEM ARGS Sun Oct  4 20:39:34 UTC 2026
 0.0  0.0 grep --color=auto ./cli       1  2296
20.1  4.8 ./cli kernel images/4096x40   1 394632
20.1  4.8 ./cli kernel images/4096x40   0 394592
20.3  4.8 ./cli kernel images/4096x40   1 394628
20.4  4.8 ./cli kernel images/4096x40   1 394572
20.6  4.8 ./cli kernel images/4096x40   1 394676
  PID User     Command                         Swap      USS      PSS      RSS 
93593 codespace /usr/bin/python3 /usr/bin/s        0    12092    12297    14568 
87106 codespace ./cli kernel images/4096x40        0   393320   393365   394572 
87108 codespace ./cli kernel images/4096x40        0   393320   393367   394592 
87110 codespace ./cli kernel images/4096x40        0   393320   393369   394628 
87112 codespace ./cli kernel images/4096x40        0   393320   393372   394676 
87114 codespace ./cli kernel images/4096x40        0   393324   393373   394632 
%CPU %MEM ARGS Sun Oct  4 20:39:35 UTC 2026
 0.0  0.0 grep --color=auto ./cli       1  2340
20.1  4.8 ./cli kernel images/4096x40   0 394632
20.1  4.8 ./cli kernel images/4096x40   1 394592
20.3  4.8 ./cli kernel images/4096x40   1 394628
20.4  4.8 ./cli kernel images/4096x40   1 394572
20.6  4.8 ./cli kernel images/4096x40   0 394676
  PID User     Command                         Swap      USS      PSS      RSS 
93599 codespace /usr/bin/python3 /usr/bin/s        0    12080    12297    14480 
87106 codespace ./cli kernel images/4096x40        0   393320   393365   394572 
87108 codespace ./cli kernel images/4096x40        0   393320   393365   394592 
87110 codespace ./cli kernel images/4096x40        0   393320   393369   394628 
87112 codespace ./cli kernel images/4096x40        0   393320   393371   394676 
87114 codespace ./cli kernel images/4096x40        0   393324   393373   394632 
%CPU %MEM ARGS Sun Oct  4 20:39:36 UTC 2026
 0.0  0.0 grep --color=auto ./cli       1  2136
20.1  4.8 ./cli kernel images/4096x40   0 394632
20.1  4.8 ./cli kernel images/4096x40   0 394592
20.3  4.8 ./cli kernel images/4096x40   0 394628
20.4  4.8 ./cli kernel images/4096x40   1 394572
20.6  4.8 ./cli kernel images/4096x40   0 394676
  PID User     Command                         Swap      USS      PSS      RSS 
93611 codespace /usr/bin/python3 /usr/bin/s        0    12112    12352    14604 
87106 codespace ./cli kernel images/4096x40        0   393320   393365   394572 
87108 codespace ./cli kernel images/4096x40        0   393320   393367   394592 
87110 codespace ./cli kernel images/4096x40        0   393320   393369   394628 
87112 codespace ./cli kernel images/4096x40        0   393320   393372   394676 
87114 codespace ./cli kernel images/4096x40        0   393324   393373   394632 
%CPU %MEM ARGS Sun Oct  4 20:39:37 UTC 2026
 0.0  0.0 grep --color=auto ./cli       1  2180
20.1  4.8 ./cli kernel images/4096x40   1 394632
20.1  4.8 ./cli kernel images/4096x40   1 394592
20.3  4.8 ./cli kernel images/4096x40   1 394628
20.4  4.8 ./cli kernel images/4096x40   0 394572
20.6  4.8 ./cli kernel images/4096x40   0 394676
  PID User     Command                         Swap      USS      PSS      RSS 
93617 codespace /usr/bin/python3 /usr/bin/s        0    12100    12332    14588 
87106 codespace ./cli kernel images/4096x40        0   393320   393365   394572 
87108 codespace ./cli kernel images/4096x40        0   393320   393367   394592 
87110 codespace ./cli kernel images/4096x40        0   393320   393367   394628 
87112 codespace ./cli kernel images/4096x40        0   393320   393372   394676 
87114 codespace ./cli kernel images/4096x40        0   393324   393373   394632 
%CPU %MEM ARGS Sun Oct  4 20:39:38 UTC 2026
 0.0  0.0 grep --color=auto ./cli       0  2304
20.1  4.8 ./cli kernel images/4096x40   0 394632
20.1  4.8 ./cli kernel images/4096x40   0 394592
20.3  4.8 ./cli kernel images/4096x40   1 394628
20.4  4.8 ./cli kernel images/4096x40   1 394572
20.6  4.8 ./cli kernel images/4096x40   1 394676
  PID User     Command                         Swap      USS      PSS      RSS 
93640 codespace /usr/bin/python3 /usr/bin/s        0    12100    12333    14640 
87106 codespace ./cli kernel images/4096x40        0   393320   393365   394572 
87112 codespace ./cli kernel images/4096x40        0   393320   393366   394676 
87108 codespace ./cli kernel images/4096x40        0   393320   393367   394592 
87110 codespace ./cli kernel images/4096x40        0   393320   393369   394628 
87114 codespace ./cli kernel images/4096x40        0   393324   393373   394632 
%CPU %MEM ARGS Sun Oct  4 20:39:39 UTC 2026
 0.0  0.0 grep --color=auto ./cli       1  2180
20.1  4.8 ./cli kernel images/4096x40   1 394632
20.1  4.8 ./cli kernel images/4096x40   1 394592
20.3  4.8 ./cli kernel images/4096x40   1 394628
20.4  4.8 ./cli kernel images/4096x40   0 394572
20.6  4.8 ./cli kernel images/4096x40   1 394676
  PID User     Command                         Swap      USS      PSS      RSS 
93652 codespace /usr/bin/python3 /usr/bin/s        0    12076    12314    14604 
87106 codespace ./cli kernel images/4096x40        0   393320   393365   394572 
87108 codespace ./cli kernel images/4096x40        0   393320   393367   394592 
87110 codespace ./cli kernel images/4096x40        0   393320   393369   394628 
87112 codespace ./cli kernel images/4096x40        0   393320   393372   394676 
87114 codespace ./cli kernel images/4096x40        0   393324   393373   394632 
%CPU %MEM ARGS Sun Oct  4 20:39:40 UTC 2026
 0.0  0.0 grep --color=auto ./cli       1  2252
20.0  4.8 ./cli kernel images/4096x40   1 394632
20.1  4.8 ./cli kernel images/4096x40   0 394592
20.2  4.8 ./cli kernel images/4096x40   0 394628
20.4  4.8 ./cli kernel images/4096x40   1 394572
20.6  4.8 ./cli kernel images/4096x40   1 394676
  PID User     Command                         Swap      USS      PSS      RSS 
93664 codespace /usr/bin/python3 /usr/bin/s        0    12080    12296    14496 
87106 codespace ./cli kernel images/4096x40        0   393320   393365   394572 
87108 codespace ./cli kernel images/4096x40        0   393320   393367   394592 
87110 codespace ./cli kernel images/4096x40        0   393320   393369   394628 
87112 codespace ./cli kernel images/4096x40        0   393320   393371   394676 
87114 codespace ./cli kernel images/4096x40        0   393324   393373   394632 
%CPU %MEM ARGS Sun Oct  4 20:39:41 UTC 2026
 0.0  0.0 grep --color=auto ./cli       1  2152
20.0  4.8 ./cli kernel images/4096x40   1 394632
20.1  4.8 ./cli kernel images/4096x40   0 394592
20.2  4.8 ./cli kernel images/4096x40   1 394628
20.4  4.8 ./cli kernel images/4096x40   1 394572
20.6  4.8 ./cli kernel images/4096x40   1 394676
  PID User     Command                         Swap      USS      PSS      RSS 
93670 codespace /usr/bin/python3 /usr/bin/s        0    12108    12338    14644 
87106 codespace ./cli kernel images/4096x40        0   393320   393365   394572 
87108 codespace ./cli kernel images/4096x40        0   393320   393367   394592 
87110 codespace ./cli kernel images/4096x40        0   393320   393369   394628 
87112 codespace ./cli kernel images/4096x40        0   393320   393371   394676 
87114 codespace ./cli kernel images/4096x40        0   393324   393372   394632 
%CPU %MEM ARGS Sun Oct  4 20:39:42 UTC 2026
 0.0  0.0 grep --color=auto ./cli       0  2156
20.0  4.8 ./cli kernel images/4096x40   1 394632
20.1  4.8 ./cli kernel images/4096x40   0 394592
20.2  4.8 ./cli kernel images/4096x40   0 394628
20.4  4.8 ./cli kernel images/4096x40   1 394572
20.6  4.8 ./cli kernel images/4096x40   0 394676
  PID User     Command                         Swap      USS      PSS      RSS 
93682 codespace /usr/bin/python3 /usr/bin/s        0    12080    12296    14496 
87106 codespace ./cli kernel images/4096x40        0   393320   393365   394572 
87108 codespace ./cli kernel images/4096x40        0   393320   393367   394592 
87110 codespace ./cli kernel images/4096x40        0   393320   393369   394628 
87112 codespace ./cli kernel images/4096x40        0   393320   393372   394676 
87114 codespace ./cli kernel images/4096x40        0   393324   393373   394632 
%CPU %MEM ARGS Sun Oct  4 20:39:43 UTC 2026
 0.0  0.0 grep --color=auto ./cli       0  2180
20.0  4.8 ./cli kernel images/4096x40   0 394632
20.1  4.8 ./cli kernel images/4096x40   0 394592
20.2  4.8 ./cli kernel images/4096x40   0 394628
20.4  4.8 ./cli kernel images/4096x40   0 394572
20.6  4.8 ./cli kernel images/4096x40   1 394676
  PID User     Command                         Swap      USS      PSS      RSS 
93688 codespace /usr/bin/python3 /usr/bin/s        0    12088    12317    14532 
87106 codespace ./cli kernel images/4096x40        0   393320   393365   394572 
87108 codespace ./cli kernel images/4096x40        0   393320   393367   394592 
87110 codespace ./cli kernel images/4096x40        0   393320   393369   394628 
87112 codespace ./cli kernel images/4096x40        0   393320   393372   394676 
87114 codespace ./cli kernel images/4096x40        0   393324   393373   394632 
%CPU %MEM ARGS Sun Oct  4 20:39:44 UTC 2026
 0.0  0.0 grep --color=auto ./cli       0  2308
20.0  4.8 ./cli kernel images/4096x40   1 394632
20.1  4.8 ./cli kernel images/4096x40   0 394592
20.2  4.8 ./cli kernel images/4096x40   0 394628
20.3  4.8 ./cli kernel images/4096x40   0 394572
20.6  4.8 ./cli kernel images/4096x40   0 394676
  PID User     Command                         Swap      USS      PSS      RSS 
93695 codespace /usr/bin/python3 /usr/bin/s        0    12084    12289    14536 
87106 codespace ./cli kernel images/4096x40        0   393320   393365   394572 
87108 codespace ./cli kernel images/4096x40        0   393320   393365   394592 
87110 codespace ./cli kernel images/4096x40        0   393320   393367   394628 
87112 codespace ./cli kernel images/4096x40        0   393320   393369   394676 
87114 codespace ./cli kernel images/4096x40        0   393324   393371   394632 
%CPU %MEM ARGS Sun Oct  4 20:39:45 UTC 2026
 0.0  0.0 grep --color=auto ./cli       0  2248
20.0  4.8 ./cli kernel images/4096x40   1 394632
20.1  4.8 ./cli kernel images/4096x40   1 394592
20.2  4.8 ./cli kernel images/4096x40   1 394628
20.3  4.8 ./cli kernel images/4096x40   1 394572
20.6  4.8 ./cli kernel images/4096x40   0 394676
  PID User     Command                         Swap      USS      PSS      RSS 
93713 codespace /usr/bin/python3 /usr/bin/s        0    12100    12331    14636 
87106 codespace ./cli kernel images/4096x40        0   393320   393365   394572 
87108 codespace ./cli kernel images/4096x40        0   393320   393367   394592 
87110 codespace ./cli kernel images/4096x40        0   393320   393369   394628 
87112 codespace ./cli kernel images/4096x40        0   393320   393371   394676 
87114 codespace ./cli kernel images/4096x40        0   393324   393373   394632 
%CPU %MEM ARGS Sun Oct  4 20:39:46 UTC 2026
 0.0  0.0 grep --color=auto ./cli       1  2300
20.0  4.8 ./cli kernel images/4096x40   0 394632
20.1  4.8 ./cli kernel images/4096x40   1 394592
20.2  4.8 ./cli kernel images/4096x40   0 394628
20.3  4.8 ./cli kernel images/4096x40   0 394572
20.6  4.8 ./cli kernel images/4096x40   0 394676
  PID User     Command                         Swap      USS      PSS      RSS 
93718 codespace /usr/bin/python3 /usr/bin/s        0    12080    12294    14496 
87106 codespace ./cli kernel images/4096x40        0   393320   393365   394572 
87108 codespace ./cli kernel images/4096x40        0   393320   393367   394592 
87110 codespace ./cli kernel images/4096x40        0   393320   393369   394628 
87112 codespace ./cli kernel images/4096x40        0   393320   393372   394676 
87114 codespace ./cli kernel images/4096x40        0   393324   393373   394632 
%CPU %MEM ARGS Sun Oct  4 20:39:47 UTC 2026
 0.0  0.0 grep --color=auto ./cli       1  2196
20.0  4.8 ./cli kernel images/4096x40   1 394632
20.1  4.8 ./cli kernel images/4096x40   1 394592
20.2  4.8 ./cli kernel images/4096x40   1 394628
20.3  4.8 ./cli kernel images/4096x40   1 394572
20.6  4.8 ./cli kernel images/4096x40   1 394676
  PID User     Command                         Swap      USS      PSS      RSS 
93725 codespace /usr/bin/python3 /usr/bin/s        0    12076    12300    14488 
87108 codespace ./cli kernel images/4096x40        0   393320   393362   394592 
87106 codespace ./cli kernel images/4096x40        0   393320   393363   394572 
87110 codespace ./cli kernel images/4096x40        0   393320   393369   394628 
87112 codespace ./cli kernel images/4096x40        0   393320   393370   394676 
87114 codespace ./cli kernel images/4096x40        0   393324   393373   394632 
%CPU %MEM ARGS Sun Oct  4 20:39:48 UTC 2026
 0.0  0.0 grep --color=auto ./cli       0  2248
20.0  4.8 ./cli kernel images/4096x40   0 394632
20.1  4.8 ./cli kernel images/4096x40   0 394592
20.2  4.8 ./cli kernel images/4096x40   0 394628
20.3  4.8 ./cli kernel images/4096x40   1 394572
20.6  4.8 ./cli kernel images/4096x40   0 394676
  PID User     Command                         Swap      USS      PSS      RSS 
93755 codespace /usr/bin/python3 /usr/bin/s        0    12092    12327    14588 
87106 codespace ./cli kernel images/4096x40        0   393320   393365   394572 
87108 codespace ./cli kernel images/4096x40        0   393320   393367   394592 
87110 codespace ./cli kernel images/4096x40        0   393320   393369   394628 
87112 codespace ./cli kernel images/4096x40        0   393320   393372   394676 
87114 codespace ./cli kernel images/4096x40        0   393324   393373   394632 
%CPU %MEM ARGS Sun Oct  4 20:39:49 UTC 2026
 0.0  0.0 grep --color=auto ./cli       1  2176
20.0  4.8 ./cli kernel images/4096x40   0 394632
20.1  4.8 ./cli kernel images/4096x40   1 394592
20.2  4.8 ./cli kernel images/4096x40   1 394628
20.3  4.8 ./cli kernel images/4096x40   1 394572
20.6  4.8 ./cli kernel images/4096x40   1 394676
  PID User     Command                         Swap      USS      PSS      RSS 
93760 codespace /usr/bin/python3 /usr/bin/s        0    12072    12286    14488 
87106 codespace ./cli kernel images/4096x40        0   393320   393365   394572 
87108 codespace ./cli kernel images/4096x40        0   393320   393367   394592 
87110 codespace ./cli kernel images/4096x40        0   393320   393369   394628 
87112 codespace ./cli kernel images/4096x40        0   393320   393372   394676 
87114 codespace ./cli kernel images/4096x40        0   393324   393373   394632 
%CPU %MEM ARGS Sun Oct  4 20:39:50 UTC 2026
 0.0  0.0 grep --color=auto ./cli       1  2200
20.0  4.8 ./cli kernel images/4096x40   0 394632
20.1  4.8 ./cli kernel images/4096x40   1 394592
20.2  4.8 ./cli kernel images/4096x40   1 394628
20.3  4.8 ./cli kernel images/4096x40   1 394572
20.5  4.8 ./cli kernel images/4096x40   1 394676
  PID User     Command                         Swap      USS      PSS      RSS 
93766 codespace /usr/bin/python3 /usr/bin/s        0    12092    12297    14588 
87106 codespace ./cli kernel images/4096x40        0   393320   393363   394572 
87108 codespace ./cli kernel images/4096x40        0   393320   393365   394592 
87110 codespace ./cli kernel images/4096x40        0   393320   393367   394628 
87112 codespace ./cli kernel images/4096x40        0   393320   393369   394676 
87114 codespace ./cli kernel images/4096x40        0   393324   393371   394632 
%CPU %MEM ARGS Sun Oct  4 20:39:51 UTC 2026
 0.0  0.0 grep --color=auto ./cli       0  2160
20.0  4.8 ./cli kernel images/4096x40   0 394632
20.1  4.8 ./cli kernel images/4096x40   1 394592
20.2  4.8 ./cli kernel images/4096x40   0 394628
20.3  4.8 ./cli kernel images/4096x40   0 394572
20.5  4.8 ./cli kernel images/4096x40   1 394676
  PID User     Command                         Swap      USS      PSS      RSS 
93781 codespace /usr/bin/python3 /usr/bin/s        0    12080    12316    14604 
87106 codespace ./cli kernel images/4096x40        0   393320   393365   394572 
87108 codespace ./cli kernel images/4096x40        0   393320   393367   394592 
87110 codespace ./cli kernel images/4096x40        0   393320   393369   394628 
87112 codespace ./cli kernel images/4096x40        0   393320   393371   394676 
87114 codespace ./cli kernel images/4096x40        0   393324   393373   394632 
%CPU %MEM ARGS Sun Oct  4 20:39:52 UTC 2026
 0.0  0.0 grep --color=auto ./cli       1  2212
20.0  4.8 ./cli kernel images/4096x40   1 394632
20.1  4.8 ./cli kernel images/4096x40   1 394592
20.2  4.8 ./cli kernel images/4096x40   0 394628
20.3  4.8 ./cli kernel images/4096x40   0 394572
20.5  4.8 ./cli kernel images/4096x40   0 394676
  PID User     Command                         Swap      USS      PSS      RSS 
93790 codespace /usr/bin/python3 /usr/bin/s        0    12072    12296    14536 
87106 codespace ./cli kernel images/4096x40        0   393320   393365   394572 
87108 codespace ./cli kernel images/4096x40        0   393320   393367   394592 
87110 codespace ./cli kernel images/4096x40        0   393320   393369   394628 
87112 codespace ./cli kernel images/4096x40        0   393320   393371   394676 
87114 codespace ./cli kernel images/4096x40        0   393324   393373   394632 
%CPU %MEM ARGS Sun Oct  4 20:39:53 UTC 2026
 0.0  0.0 grep --color=auto ./cli       1  2164
20.0  4.8 ./cli kernel images/4096x40   0 394632
20.1  4.8 ./cli kernel images/4096x40   0 394592
20.2  4.8 ./cli kernel images/4096x40   0 394628
20.3  4.8 ./cli kernel images/4096x40   1 394572
20.5  4.8 ./cli kernel images/4096x40   1 394676
  PID User     Command                         Swap      USS      PSS      RSS 
93796 codespace /usr/bin/python3 /usr/bin/s        0    12072    12287    14488 
87106 codespace ./cli kernel images/4096x40        0   393320   393365   394572 
87108 codespace ./cli kernel images/4096x40        0   393320   393367   394592 
87110 codespace ./cli kernel images/4096x40        0   393320   393369   394628 
87112 codespace ./cli kernel images/4096x40        0   393320   393371   394676 
87114 codespace ./cli kernel images/4096x40        0   393324   393373   394632 
%CPU %MEM ARGS Sun Oct  4 20:39:54 UTC 2026
 0.0  0.0 grep --color=auto ./cli       0  2308
20.0  4.8 ./cli kernel images/4096x40   1 394632
20.1  4.8 ./cli kernel images/4096x40   0 394592
20.2  4.8 ./cli kernel images/4096x40   1 394628
20.3  4.8 ./cli kernel images/4096x40   0 394572
20.5  4.8 ./cli kernel images/4096x40   0 394676
  PID User     Command                         Swap      USS      PSS      RSS 
93806 codespace /usr/bin/python3 /usr/bin/s        0    12080    12307    14544 
87106 codespace ./cli kernel images/4096x40        0   393320   393365   394572 
87108 codespace ./cli kernel images/4096x40        0   393320   393367   394592 
87110 codespace ./cli kernel images/4096x40        0   393320   393369   394628 
87112 codespace ./cli kernel images/4096x40        0   393320   393371   394676 
87114 codespace ./cli kernel images/4096x40        0   393324   393373   394632 
%CPU %MEM ARGS Sun Oct  4 20:39:55 UTC 2026
 0.0  0.0 grep --color=auto ./cli       0  2200
20.0  4.8 ./cli kernel images/4096x40   0 394632
20.1  4.8 ./cli kernel images/4096x40   0 394592
20.2  4.8 ./cli kernel images/4096x40   0 394628
20.3  4.8 ./cli kernel images/4096x40   0 394572
20.5  4.8 ./cli kernel images/4096x40   0 394676
  PID User     Command                         Swap      USS      PSS      RSS 
93814 codespace /usr/bin/python3 /usr/bin/s        0    12076    12300    14560 
87106 codespace ./cli kernel images/4096x40        0   393320   393365   394572 
87108 codespace ./cli kernel images/4096x40        0   393320   393367   394592 
87110 codespace ./cli kernel images/4096x40        0   393320   393369   394628 
87112 codespace ./cli kernel images/4096x40        0   393320   393371   394676 
87114 codespace ./cli kernel images/4096x40        0   393324   393373   394632 
%CPU %MEM ARGS Sun Oct  4 20:39:56 UTC 2026
 0.0  0.0 grep --color=auto ./cli       1  2248
20.0  4.8 ./cli kernel images/4096x40   0 394632
20.1  4.8 ./cli kernel images/4096x40   1 394592
20.2  4.8 ./cli kernel images/4096x40   1 394628
20.3  4.8 ./cli kernel images/4096x40   1 394572
20.5  4.8 ./cli kernel images/4096x40   0 394676
  PID User     Command                         Swap      USS      PSS      RSS 
93820 codespace /usr/bin/python3 /usr/bin/s        0    12068    12294    14536 
87106 codespace ./cli kernel images/4096x40        0   393320   393365   394572 
87108 codespace ./cli kernel images/4096x40        0   393320   393367   394592 
87110 codespace ./cli kernel images/4096x40        0   393320   393369   394628 
87112 codespace ./cli kernel images/4096x40        0   393320   393371   394676 
87114 codespace ./cli kernel images/4096x40        0   393324   393373   394632 
%CPU %MEM ARGS Sun Oct  4 20:39:57 UTC 2026
 0.0  0.0 grep --color=auto ./cli       1  2344
20.0  4.8 ./cli kernel images/4096x40   1 394632
20.1  4.8 ./cli kernel images/4096x40   1 394592
20.2  4.8 ./cli kernel images/4096x40   0 394628
20.3  4.8 ./cli kernel images/4096x40   1 394572
20.5  4.8 ./cli kernel images/4096x40   1 394676
  PID User     Command                         Swap      USS      PSS      RSS 
93832 codespace /usr/bin/python3 /usr/bin/s        0    12056    12279    14468 
87106 codespace ./cli kernel images/4096x40        0   393320   393365   394572 
87108 codespace ./cli kernel images/4096x40        0   393320   393367   394592 
87110 codespace ./cli kernel images/4096x40        0   393320   393369   394628 
87112 codespace ./cli kernel images/4096x40        0   393320   393372   394676 
87114 codespace ./cli kernel images/4096x40        0   393324   393373   394632 
%CPU %MEM ARGS Sun Oct  4 20:39:58 UTC 2026
 0.0  0.0 grep --color=auto ./cli       1  1840
20.0  4.8 ./cli kernel images/4096x40   1 394632
20.0  4.8 ./cli kernel images/4096x40   1 394592
20.2  4.8 ./cli kernel images/4096x40   1 394628
20.3  4.8 ./cli kernel images/4096x40   1 394572
20.5  4.8 ./cli kernel images/4096x40   1 394676
  PID User     Command                         Swap      USS      PSS      RSS 
93844 codespace /usr/bin/python3 /usr/bin/s        0    12080    12298    14496 
87106 codespace ./cli kernel images/4096x40        0   393320   393365   394572 
87108 codespace ./cli kernel images/4096x40        0   393320   393367   394592 
87110 codespace ./cli kernel images/4096x40        0   393320   393369   394628 
87112 codespace ./cli kernel images/4096x40        0   393320   393371   394676 
87114 codespace ./cli kernel images/4096x40        0   393324   393373   394632 
%CPU %MEM ARGS Sun Oct  4 20:39:59 UTC 2026
 0.0  0.0 grep --color=auto ./cli       0  2248
20.0  4.8 ./cli kernel images/4096x40   1 394632
20.0  4.8 ./cli kernel images/4096x40   1 394592
20.2  4.8 ./cli kernel images/4096x40   1 394628
20.3  4.8 ./cli kernel images/4096x40   1 394572
20.5  4.8 ./cli kernel images/4096x40   1 394676
  PID User     Command                         Swap      USS      PSS      RSS 
93868 codespace /usr/bin/python3 /usr/bin/s        0    12072    12286    14488 
87106 codespace ./cli kernel images/4096x40        0   393320   393365   394572 
87108 codespace ./cli kernel images/4096x40        0   393320   393367   394592 
87110 codespace ./cli kernel images/4096x40        0   393320   393369   394628 
87112 codespace ./cli kernel images/4096x40        0   393320   393372   394676 
87114 codespace ./cli kernel images/4096x40        0   393324   393373   394632 
%CPU %MEM ARGS Sun Oct  4 20:40:00 UTC 2026
 0.0  0.0 grep --color=auto ./cli       0  2248
20.0  4.8 ./cli kernel images/4096x40   1 394632
20.0  4.8 ./cli kernel images/4096x40   1 394592
20.2  4.8 ./cli kernel images/4096x40   0 394628
20.3  4.8 ./cli kernel images/4096x40   1 394572
20.5  4.8 ./cli kernel images/4096x40   1 394676
  PID User     Command                         Swap      USS      PSS      RSS 
93874 codespace /usr/bin/python3 /usr/bin/s        0    12080    12297    14496 
87106 codespace ./cli kernel images/4096x40        0   393320   393365   394572 
87108 codespace ./cli kernel images/4096x40        0   393320   393367   394592 
87110 codespace ./cli kernel images/4096x40        0   393320   393368   394628 
87112 codespace ./cli kernel images/4096x40        0   393320   393368   394676 
87114 codespace ./cli kernel images/4096x40        0   393324   393373   394632 
%CPU %MEM ARGS Sun Oct  4 20:40:01 UTC 2026
 0.0  0.0 grep --color=auto ./cli       0  2192
20.0  4.8 ./cli kernel images/4096x40   0 394632
20.0  4.8 ./cli kernel images/4096x40   0 394592
20.2  4.8 ./cli kernel images/4096x40   0 394628
20.3  4.8 ./cli kernel images/4096x40   1 394572
20.5  4.8 ./cli kernel images/4096x40   0 394676
  PID User     Command                         Swap      USS      PSS      RSS 
93886 codespace /usr/bin/python3 /usr/bin/s        0    12076    12287    14468 
87106 codespace ./cli kernel images/4096x40        0   393320   393365   394572 
87108 codespace ./cli kernel images/4096x40        0   393320   393367   394592 
87110 codespace ./cli kernel images/4096x40        0   393320   393369   394628 
87112 codespace ./cli kernel images/4096x40        0   393320   393371   394676 
87114 codespace ./cli kernel images/4096x40        0   393324   393373   394632 
%CPU %MEM ARGS Sun Oct  4 20:40:02 UTC 2026
 0.0  0.0 grep --color=auto ./cli       1  2176
20.0  4.8 ./cli kernel images/4096x40   0 394632
20.0  4.8 ./cli kernel images/4096x40   0 394592
20.2  4.8 ./cli kernel images/4096x40   1 394628
20.3  4.8 ./cli kernel images/4096x40   1 394572
20.5  4.8 ./cli kernel images/4096x40   1 394676
  PID User     Command                         Swap      USS      PSS      RSS 
93898 codespace /usr/bin/python3 /usr/bin/s        0    12088    12309    14520 
87106 codespace ./cli kernel images/4096x40        0   393320   393365   394572 
87108 codespace ./cli kernel images/4096x40        0   393320   393367   394592 
87110 codespace ./cli kernel images/4096x40        0   393320   393369   394628 
87112 codespace ./cli kernel images/4096x40        0   393320   393372   394676 
87114 codespace ./cli kernel images/4096x40        0   393324   393373   394632 
%CPU %MEM ARGS Sun Oct  4 20:40:03 UTC 2026
 0.0  0.0 grep --color=auto ./cli       1  2184
20.0  4.8 ./cli kernel images/4096x40   0 394632
20.0  4.8 ./cli kernel images/4096x40   1 394592
20.2  4.8 ./cli kernel images/4096x40   1 394628
20.2  4.8 ./cli kernel images/4096x40   1 394572
20.5  4.8 ./cli kernel images/4096x40   0 394676
  PID User     Command                         Swap      USS      PSS      RSS 
93904 codespace /usr/bin/python3 /usr/bin/s        0    12096    12328    14604 
87106 codespace ./cli kernel images/4096x40        0   393320   393363   394572 
87108 codespace ./cli kernel images/4096x40        0   393320   393367   394592 
87110 codespace ./cli kernel images/4096x40        0   393320   393369   394628 
87112 codespace ./cli kernel images/4096x40        0   393320   393369   394676 
87114 codespace ./cli kernel images/4096x40        0   393324   393371   394632 
%CPU %MEM ARGS Sun Oct  4 20:40:04 UTC 2026
 0.0  0.0 grep --color=auto ./cli       1  2160
20.0  4.8 ./cli kernel images/4096x40   1 394592
20.0  4.8 ./cli kernel images/4096x40   0 394632
20.2  4.8 ./cli kernel images/4096x40   1 394628
20.2  4.8 ./cli kernel images/4096x40   1 394572
20.5  4.8 ./cli kernel images/4096x40   1 394676
  PID User     Command                         Swap      USS      PSS      RSS 
93916 codespace /usr/bin/python3 /usr/bin/s        0    12080    12292    14476 
87106 codespace ./cli kernel images/4096x40        0   393320   393365   394572 
87108 codespace ./cli kernel images/4096x40        0   393320   393367   394592 
87110 codespace ./cli kernel images/4096x40        0   393320   393369   394628 
87112 codespace ./cli kernel images/4096x40        0   393320   393372   394676 
87114 codespace ./cli kernel images/4096x40        0   393324   393373   394632 
%CPU %MEM ARGS Sun Oct  4 20:40:05 UTC 2026
 0.0  0.0 grep --color=auto ./cli       0  2156
20.0  4.8 ./cli kernel images/4096x40   0 394592
20.0  4.8 ./cli kernel images/4096x40   0 394632
20.1  4.8 ./cli kernel images/4096x40   0 394628
20.2  4.8 ./cli kernel images/4096x40   0 394572
20.5  4.8 ./cli kernel images/4096x40   0 394676
  PID User     Command                         Swap      USS      PSS      RSS 
93922 codespace /usr/bin/python3 /usr/bin/s        0    12108    12339    14592 
87106 codespace ./cli kernel images/4096x40        0   393320   393365   394572 
87108 codespace ./cli kernel images/4096x40        0   393320   393367   394592 
87110 codespace ./cli kernel images/4096x40        0   393320   393369   394628 
87112 codespace ./cli kernel images/4096x40        0   393320   393372   394676 
87114 codespace ./cli kernel images/4096x40        0   393324   393373   394632 
%CPU %MEM ARGS Sun Oct  4 20:40:06 UTC 2026
 0.0  0.0 grep --color=auto ./cli       0  2156
20.0  4.8 ./cli kernel images/4096x40   0 394592
20.0  4.8 ./cli kernel images/4096x40   1 394632
20.1  4.8 ./cli kernel images/4096x40   1 394628
20.3  4.8 ./cli kernel images/4096x40   0 394572
20.5  4.8 ./cli kernel images/4096x40   1 394676
  PID User     Command                         Swap      USS      PSS      RSS 
93928 codespace /usr/bin/python3 /usr/bin/s        0    12088    12315    14536 
87110 codespace ./cli kernel images/4096x40        0   393320   393364   394628 
87106 codespace ./cli kernel images/4096x40        0   393320   393365   394572 
87108 codespace ./cli kernel images/4096x40        0   393320   393366   394592 
87112 codespace ./cli kernel images/4096x40        0   393320   393372   394676 
87114 codespace ./cli kernel images/4096x40        0   393324   393373   394632 
%CPU %MEM ARGS Sun Oct  4 20:40:07 UTC 2026
 0.0  0.0 grep --color=auto ./cli       0  2300
20.0  4.8 ./cli kernel images/4096x40   0 394592
20.0  4.8 ./cli kernel images/4096x40   0 394632
20.1  4.8 ./cli kernel images/4096x40   0 394628
20.2  4.8 ./cli kernel images/4096x40   1 394572
20.5  4.8 ./cli kernel images/4096x40   0 394676
  PID User     Command                         Swap      USS      PSS      RSS 
93947 codespace /usr/bin/python3 /usr/bin/s        0    12076    12300    14488 
87106 codespace ./cli kernel images/4096x40        0   393320   393365   394572 
87108 codespace ./cli kernel images/4096x40        0   393320   393367   394592 
87110 codespace ./cli kernel images/4096x40        0   393320   393369   394628 
87112 codespace ./cli kernel images/4096x40        0   393320   393371   394676 
87114 codespace ./cli kernel images/4096x40        0   393324   393373   394632 
%CPU %MEM ARGS Sun Oct  4 20:40:08 UTC 2026
 0.0  0.0 grep --color=auto ./cli       1  2200
20.0  4.8 ./cli kernel images/4096x40   1 394592
20.0  4.8 ./cli kernel images/4096x40   0 394632
20.1  4.8 ./cli kernel images/4096x40   0 394628
20.2  4.8 ./cli kernel images/4096x40   1 394572
20.5  4.8 ./cli kernel images/4096x40   0 394676
  PID User     Command                         Swap      USS      PSS      RSS 
93953 codespace /usr/bin/python3 /usr/bin/s        0    12056    12283    14532 
87106 codespace ./cli kernel images/4096x40        0   393320   393365   394572 
87108 codespace ./cli kernel images/4096x40        0   393320   393367   394592 
87110 codespace ./cli kernel images/4096x40        0   393320   393369   394628 
87112 codespace ./cli kernel images/4096x40        0   393320   393371   394676 
87114 codespace ./cli kernel images/4096x40        0   393324   393373   394632 
%CPU %MEM ARGS Sun Oct  4 20:40:10 UTC 2026
 0.0  0.0 grep --color=auto ./cli       1  2176
20.0  4.8 ./cli kernel images/4096x40   1 394632
20.0  4.8 ./cli kernel images/4096x40   1 394592
20.2  4.8 ./cli kernel images/4096x40   0 394628
20.2  4.8 ./cli kernel images/4096x40   1 394572
20.5  4.8 ./cli kernel images/4096x40   1 394676
  PID User     Command                         Swap      USS      PSS      RSS 
93978 codespace /usr/bin/python3 /usr/bin/s        0    12076    12296    14488 
87106 codespace ./cli kernel images/4096x40        0   393320   393365   394572 
87108 codespace ./cli kernel images/4096x40        0   393320   393365   394592 
87110 codespace ./cli kernel images/4096x40        0   393320   393369   394628 
87112 codespace ./cli kernel images/4096x40        0   393320   393371   394676 
87114 codespace ./cli kernel images/4096x40        0   393324   393373   394632 
%CPU %MEM ARGS Sun Oct  4 20:40:11 UTC 2026
 0.0  0.0 grep --color=auto ./cli       0  2252
20.0  4.8 ./cli kernel images/4096x40   0 394632
20.0  4.8 ./cli kernel images/4096x40   1 394592
20.2  4.8 ./cli kernel images/4096x40   1 394628
20.2  4.8 ./cli kernel images/4096x40   1 394572
20.4  4.8 ./cli kernel images/4096x40   1 394676
  PID User     Command                         Swap      USS      PSS      RSS 
93990 codespace /usr/bin/python3 /usr/bin/s        0    12080    12299    14560 
87106 codespace ./cli kernel images/4096x40        0   393320   393365   394572 
87108 codespace ./cli kernel images/4096x40        0   393320   393367   394592 
87110 codespace ./cli kernel images/4096x40        0   393320   393369   394628 
87112 codespace ./cli kernel images/4096x40        0   393320   393372   394676 
87114 codespace ./cli kernel images/4096x40        0   393324   393373   394632 
%CPU %MEM ARGS Sun Oct  4 20:40:12 UTC 2026
 0.0  0.0 grep --color=auto ./cli       1  2176
20.0  4.8 ./cli kernel images/4096x40   1 394592
20.0  4.8 ./cli kernel images/4096x40   0 394632
20.2  4.8 ./cli kernel images/4096x40   1 394628
20.2  4.8 ./cli kernel images/4096x40   1 394572
20.4  4.8 ./cli kernel images/4096x40   1 394676
  PID User     Command                         Swap      USS      PSS      RSS 
93996 codespace /usr/bin/python3 /usr/bin/s        0    12076    12301    14560 
87106 codespace ./cli kernel images/4096x40        0   393320   393365   394572 
87108 codespace ./cli kernel images/4096x40        0   393320   393367   394592 
87110 codespace ./cli kernel images/4096x40        0   393320   393369   394628 
87112 codespace ./cli kernel images/4096x40        0   393320   393371   394676 
87114 codespace ./cli kernel images/4096x40        0   393324   393373   394632 
%CPU %MEM ARGS Sun Oct  4 20:40:13 UTC 2026
 0.0  0.0 grep --color=auto ./cli       0  2152
20.0  4.8 ./cli kernel images/4096x40   1 394592
20.0  4.8 ./cli kernel images/4096x40   0 394632
20.2  4.8 ./cli kernel images/4096x40   0 394628
20.2  4.8 ./cli kernel images/4096x40   0 394572
20.4  4.8 ./cli kernel images/4096x40   1 394676
  PID User     Command                         Swap      USS      PSS      RSS 
94014 codespace /usr/bin/python3 /usr/bin/s        0    12080    12298    14492 
87106 codespace ./cli kernel images/4096x40        0   393320   393365   394572 
87108 codespace ./cli kernel images/4096x40        0   393320   393367   394592 
87110 codespace ./cli kernel images/4096x40        0   393320   393369   394628 
87112 codespace ./cli kernel images/4096x40        0   393320   393372   394676 
87114 codespace ./cli kernel images/4096x40        0   393324   393373   394632 
%CPU %MEM ARGS Sun Oct  4 20:40:14 UTC 2026
 0.0  0.0 grep --color=auto ./cli       0  2248
20.0  4.8 ./cli kernel images/4096x40   0 394592
20.0  4.8 ./cli kernel images/4096x40   0 394632
20.2  4.8 ./cli kernel images/4096x40   0 394628
20.2  4.8 ./cli kernel images/4096x40   0 394572
20.4  4.8 ./cli kernel images/4096x40   0 394676
  PID User     Command                         Swap      USS      PSS      RSS 
94020 codespace /usr/bin/python3 /usr/bin/s        0    12024    12247    14468 
87106 codespace ./cli kernel images/4096x40        0   393320   393365   394572 
87108 codespace ./cli kernel images/4096x40        0   393320   393367   394592 
87110 codespace ./cli kernel images/4096x40        0   393320   393369   394628 
87112 codespace ./cli kernel images/4096x40        0   393320   393371   394676 
87114 codespace ./cli kernel images/4096x40        0   393324   393373   394632 
%CPU %MEM ARGS Sun Oct  4 20:40:15 UTC 2026
 0.0  0.0 grep --color=auto ./cli       0  2300
20.0  4.8 ./cli kernel images/4096x40   1 394592
20.0  4.8 ./cli kernel images/4096x40   0 394632
20.1  4.8 ./cli kernel images/4096x40   0 394628
20.2  4.8 ./cli kernel images/4096x40   1 394572
20.4  4.8 ./cli kernel images/4096x40   0 394676
  PID User     Command                         Swap      USS      PSS      RSS 
94026 codespace /usr/bin/python3 /usr/bin/s        0    12080    12304    14556 
87106 codespace ./cli kernel images/4096x40        0   393320   393365   394572 
87108 codespace ./cli kernel images/4096x40        0   393320   393367   394592 
87110 codespace ./cli kernel images/4096x40        0   393320   393368   394628 
87112 codespace ./cli kernel images/4096x40        0   393320   393369   394676 
87114 codespace ./cli kernel images/4096x40        0   393324   393373   394632 
%CPU %MEM ARGS Sun Oct  4 20:40:17 UTC 2026
 0.0  0.0 grep --color=auto ./cli       0  2172
20.0  4.8 ./cli kernel images/4096x40   1 394592
20.0  4.8 ./cli kernel images/4096x40   0 394632
20.1  4.8 ./cli kernel images/4096x40   0 394628
20.2  4.8 ./cli kernel images/4096x40   0 394572
20.4  4.8 ./cli kernel images/4096x40   0 394676
  PID User     Command                         Swap      USS      PSS      RSS 
94039 codespace /usr/bin/python3 /usr/bin/s        0    12080    12297    14492 
87106 codespace ./cli kernel images/4096x40        0   393320   393365   394572 
87108 codespace ./cli kernel images/4096x40        0   393320   393367   394592 
87110 codespace ./cli kernel images/4096x40        0   393320   393369   394628 
87112 codespace ./cli kernel images/4096x40        0   393320   393372   394676 
87114 codespace ./cli kernel images/4096x40        0   393324   393373   394632 
%CPU %MEM ARGS Sun Oct  4 20:40:18 UTC 2026
 0.0  0.0 grep --color=auto ./cli       1  2152
20.0  4.8 ./cli kernel images/4096x40   1 394592
20.0  4.8 ./cli kernel images/4096x40   1 394632
20.1  4.8 ./cli kernel images/4096x40   1 394628
20.2  4.8 ./cli kernel images/4096x40   0 394572
20.4  4.8 ./cli kernel images/4096x40   1 394676
  PID User     Command                         Swap      USS      PSS      RSS 
94045 codespace /usr/bin/python3 /usr/bin/s        0    12076    12299    14560 
87106 codespace ./cli kernel images/4096x40        0   393320   393365   394572 
87108 codespace ./cli kernel images/4096x40        0   393320   393367   394592 
87110 codespace ./cli kernel images/4096x40        0   393320   393369   394628 
87112 codespace ./cli kernel images/4096x40        0   393320   393372   394676 
87114 codespace ./cli kernel images/4096x40        0   393324   393373   394632 
%CPU %MEM ARGS Sun Oct  4 20:40:19 UTC 2026
 0.0  0.0 grep --color=auto ./cli       1  2252
20.0  4.8 ./cli kernel images/4096x40   1 394592
20.0  4.8 ./cli kernel images/4096x40   0 394632
20.1  4.8 ./cli kernel images/4096x40   0 394628
20.2  4.8 ./cli kernel images/4096x40   0 394572
20.4  4.8 ./cli kernel images/4096x40   1 394676
  PID User     Command                         Swap      USS      PSS      RSS 
94057 codespace /usr/bin/python3 /usr/bin/s        0    12076    12267    14492 
87106 codespace ./cli kernel images/4096x40        0   393320   393365   394572 
87108 codespace ./cli kernel images/4096x40        0   393320   393365   394592 
87110 codespace ./cli kernel images/4096x40        0   393320   393369   394628 
87114 codespace ./cli kernel images/4096x40        0   393324   393371   394632 
87112 codespace ./cli kernel images/4096x40        0   393320   393372   394676 
%CPU %MEM ARGS Sun Oct  4 20:40:20 UTC 2026
 0.0  0.0 grep --color=auto ./cli       0  2172
20.0  4.8 ./cli kernel images/4096x40   0 394592
20.0  4.8 ./cli kernel images/4096x40   1 394632
20.1  4.8 ./cli kernel images/4096x40   1 394628
20.2  4.8 ./cli kernel images/4096x40   1 394572
20.4  4.8 ./cli kernel images/4096x40   0 394676
  PID User     Command                         Swap      USS      PSS      RSS 
94087 codespace /usr/bin/python3 /usr/bin/s        0    12084    12307    14528 
87106 codespace ./cli kernel images/4096x40        0   393320   393365   394572 
87108 codespace ./cli kernel images/4096x40        0   393320   393367   394592 
87110 codespace ./cli kernel images/4096x40        0   393320   393369   394628 
87112 codespace ./cli kernel images/4096x40        0   393320   393372   394676 
87114 codespace ./cli kernel images/4096x40        0   393324   393373   394632 
%CPU %MEM ARGS Sun Oct  4 20:40:21 UTC 2026
 0.0  0.0 grep --color=auto ./cli       0  2164
20.0  4.8 ./cli kernel images/4096x40   1 394592
20.0  4.8 ./cli kernel images/4096x40   0 394632
20.1  4.8 ./cli kernel images/4096x40   1 394628
20.2  4.8 ./cli kernel images/4096x40   0 394572
20.4  4.8 ./cli kernel images/4096x40   0 394676
  PID User     Command                         Swap      USS      PSS      RSS 
94093 codespace /usr/bin/python3 /usr/bin/s        0    12096    12324    14556 
87106 codespace ./cli kernel images/4096x40        0   393320   393365   394572 
87108 codespace ./cli kernel images/4096x40        0   393320   393367   394592 
87110 codespace ./cli kernel images/4096x40        0   393320   393369   394628 
87112 codespace ./cli kernel images/4096x40        0   393320   393372   394676 
87114 codespace ./cli kernel images/4096x40        0   393324   393373   394632 
%CPU %MEM ARGS Sun Oct  4 20:40:22 UTC 2026
 0.0  0.0 grep --color=auto ./cli       0  2200
19.9  4.8 ./cli kernel images/4096x40   0 394592
20.0  4.8 ./cli kernel images/4096x40   0 394632
20.1  4.8 ./cli kernel images/4096x40   1 394628
20.2  4.8 ./cli kernel images/4096x40   1 394572
20.4  4.8 ./cli kernel images/4096x40   0 394676
  PID User     Command                         Swap      USS      PSS      RSS 
94099 codespace /usr/bin/python3 /usr/bin/s        0    12076    12304    14540 
87106 codespace ./cli kernel images/4096x40        0   393320   393365   394572 
87112 codespace ./cli kernel images/4096x40        0   393320   393366   394676 
87108 codespace ./cli kernel images/4096x40        0   393320   393367   394592 
87110 codespace ./cli kernel images/4096x40        0   393320   393368   394628 
87114 codespace ./cli kernel images/4096x40        0   393324   393373   394632 
%CPU %MEM ARGS Sun Oct  4 20:40:23 UTC 2026
 0.0  0.0 grep --color=auto ./cli       1  2288
19.9  4.8 ./cli kernel images/4096x40   1 394592
20.0  4.8 ./cli kernel images/4096x40   1 394632
20.1  4.8 ./cli kernel images/4096x40   1 394628
20.2  4.8 ./cli kernel images/4096x40   0 394572
20.4  4.8 ./cli kernel images/4096x40   1 394676
  PID User     Command                         Swap      USS      PSS      RSS 
94111 codespace /usr/bin/python3 /usr/bin/s        0    12084    12314    14528 
87106 codespace ./cli kernel images/4096x40        0   393320   393365   394572 
87108 codespace ./cli kernel images/4096x40        0   393320   393367   394592 
87110 codespace ./cli kernel images/4096x40        0   393320   393369   394628 
87112 codespace ./cli kernel images/4096x40        0   393320   393371   394676 
87114 codespace ./cli kernel images/4096x40        0   393324   393373   394632 
%CPU %MEM ARGS Sun Oct  4 20:40:24 UTC 2026
 0.0  0.0 grep --color=auto ./cli       0  2288
19.9  4.8 ./cli kernel images/4096x40   0 394592
19.9  4.8 ./cli kernel images/4096x40   0 394632
20.1  4.8 ./cli kernel images/4096x40   1 394628
20.2  4.8 ./cli kernel images/4096x40   0 394572
20.4  4.8 ./cli kernel images/4096x40   0 394676
  PID User     Command                         Swap      USS      PSS      RSS 
94117 codespace /usr/bin/python3 /usr/bin/s        0    12072    12297    14536 
87106 codespace ./cli kernel images/4096x40        0   393320   393365   394572 
87108 codespace ./cli kernel images/4096x40        0   393320   393367   394592 
87110 codespace ./cli kernel images/4096x40        0   393320   393369   394628 
87112 codespace ./cli kernel images/4096x40        0   393320   393372   394676 
87114 codespace ./cli kernel images/4096x40        0   393324   393373   394632 
%CPU %MEM ARGS Sun Oct  4 20:40:25 UTC 2026
 0.0  0.0 grep --color=auto ./cli       0  2252
19.9  4.8 ./cli kernel images/4096x40   0 394592
19.9  4.8 ./cli kernel images/4096x40   0 394632
20.1  4.8 ./cli kernel images/4096x40   0 394628
20.2  4.8 ./cli kernel images/4096x40   0 394572
20.4  4.8 ./cli kernel images/4096x40   0 394676
  PID User     Command                         Swap      USS      PSS      RSS 
94129 codespace /usr/bin/python3 /usr/bin/s        0    12096    12327    14604 
87106 codespace ./cli kernel images/4096x40        0   393320   393365   394572 
87108 codespace ./cli kernel images/4096x40        0   393320   393367   394592 
87110 codespace ./cli kernel images/4096x40        0   393320   393369   394628 
87112 codespace ./cli kernel images/4096x40        0   393320   393372   394676 
87114 codespace ./cli kernel images/4096x40        0   393324   393373   394632 
%CPU %MEM ARGS Sun Oct  4 20:40:26 UTC 2026
 0.0  0.0 grep --color=auto ./cli       0  2344
19.9  4.8 ./cli kernel images/4096x40   1 394592
19.9  4.8 ./cli kernel images/4096x40   0 394632
20.1  4.8 ./cli kernel images/4096x40   0 394628
20.2  4.8 ./cli kernel images/4096x40   1 394572
20.4  4.8 ./cli kernel images/4096x40   1 394676
  PID User     Command                         Swap      USS      PSS      RSS 
94141 codespace /usr/bin/python3 /usr/bin/s        0    12080    12296    14496 
87106 codespace ./cli kernel images/4096x40        0   393320   393365   394572 
87108 codespace ./cli kernel images/4096x40        0   393320   393367   394592 
87110 codespace ./cli kernel images/4096x40        0   393320   393369   394628 
87112 codespace ./cli kernel images/4096x40        0   393320   393372   394676 
87114 codespace ./cli kernel images/4096x40        0   393324   393373   394632 
%CPU %MEM ARGS Sun Oct  4 20:40:27 UTC 2026
 0.0  0.0 grep --color=auto ./cli       0  2208
19.9  4.8 ./cli kernel images/4096x40   1 394592
19.9  4.8 ./cli kernel images/4096x40   1 394632
20.1  4.8 ./cli kernel images/4096x40   1 394628
20.2  4.8 ./cli kernel images/4096x40   1 394572
20.4  4.8 ./cli kernel images/4096x40   0 394676
  PID User     Command                         Swap      USS      PSS      RSS 
94147 codespace /usr/bin/python3 /usr/bin/s        0    12104    12337    14640 
87106 codespace ./cli kernel images/4096x40        0   393320   393365   394572 
87108 codespace ./cli kernel images/4096x40        0   393320   393367   394592 
87110 codespace ./cli kernel images/4096x40        0   393320   393369   394628 
87112 codespace ./cli kernel images/4096x40        0   393320   393372   394676 
87114 codespace ./cli kernel images/4096x40        0   393324   393373   394632 
%CPU %MEM ARGS Sun Oct  4 20:40:28 UTC 2026
 0.0  0.0 grep --color=auto ./cli       0  2296
19.9  4.8 ./cli kernel images/4096x40   1 394592
19.9  4.8 ./cli kernel images/4096x40   0 394632
20.1  4.8 ./cli kernel images/4096x40   1 394628
20.2  4.8 ./cli kernel images/4096x40   0 394572
20.4  4.8 ./cli kernel images/4096x40   0 394676
  PID User     Command                         Swap      USS      PSS      RSS 
94153 codespace /usr/bin/python3 /usr/bin/s        0    12076    12296    14488 
87106 codespace ./cli kernel images/4096x40        0   393320   393365   394572 
87108 codespace ./cli kernel images/4096x40        0   393320   393367   394592 
87110 codespace ./cli kernel images/4096x40        0   393320   393369   394628 
87112 codespace ./cli kernel images/4096x40        0   393320   393371   394676 
87114 codespace ./cli kernel images/4096x40        0   393324   393373   394632 
%CPU %MEM ARGS Sun Oct  4 20:40:29 UTC 2026
 0.0  0.0 grep --color=auto ./cli       1  2340
19.9  4.8 ./cli kernel images/4096x40   1 394592
19.9  4.8 ./cli kernel images/4096x40   1 394632
20.1  4.8 ./cli kernel images/4096x40   1 394628
20.2  4.8 ./cli kernel images/4096x40   0 394572
20.4  4.8 ./cli kernel images/4096x40   0 394676
  PID User     Command                         Swap      USS      PSS      RSS 
94162 codespace /usr/bin/python3 /usr/bin/s        0    12068    12294    14532 
87106 codespace ./cli kernel images/4096x40        0   393320   393365   394572 
87108 codespace ./cli kernel images/4096x40        0   393320   393367   394592 
87110 codespace ./cli kernel images/4096x40        0   393320   393369   394628 
87112 codespace ./cli kernel images/4096x40        0   393320   393372   394676 
87114 codespace ./cli kernel images/4096x40        0   393324   393373   394632 
%CPU %MEM ARGS Sun Oct  4 20:40:30 UTC 2026
 0.0  0.0 grep --color=auto ./cli       0  2340
19.9  4.8 ./cli kernel images/4096x40   1 394592
19.9  4.8 ./cli kernel images/4096x40   0 394632
20.1  4.8 ./cli kernel images/4096x40   1 394628
20.2  4.8 ./cli kernel images/4096x40   1 394572
20.4  4.8 ./cli kernel images/4096x40   0 394676
  PID User     Command                         Swap      USS      PSS      RSS 
94194 codespace /usr/bin/python3 /usr/bin/s        0    12080    12304    14556 
87106 codespace ./cli kernel images/4096x40        0   393320   393365   394572 
87108 codespace ./cli kernel images/4096x40        0   393320   393367   394592 
87110 codespace ./cli kernel images/4096x40        0   393320   393369   394628 
87112 codespace ./cli kernel images/4096x40        0   393320   393371   394676 
87114 codespace ./cli kernel images/4096x40        0   393324   393373   394632 
%CPU %MEM ARGS Sun Oct  4 20:40:31 UTC 2026
 0.0  0.0 grep --color=auto ./cli       0  2248
19.9  4.8 ./cli kernel images/4096x40   1 394592
19.9  4.8 ./cli kernel images/4096x40   0 394632
20.1  4.8 ./cli kernel images/4096x40   0 394628
20.2  4.8 ./cli kernel images/4096x40   1 394572
20.4  4.8 ./cli kernel images/4096x40   0 394676
  PID User     Command                         Swap      USS      PSS      RSS 
94200 codespace /usr/bin/python3 /usr/bin/s        0    12084    12307    14560 
87106 codespace ./cli kernel images/4096x40        0   393320   393365   394572 
87108 codespace ./cli kernel images/4096x40        0   393320   393367   394592 
87110 codespace ./cli kernel images/4096x40        0   393320   393369   394628 
87112 codespace ./cli kernel images/4096x40        0   393320   393371   394676 
87114 codespace ./cli kernel images/4096x40        0   393324   393373   394632 
%CPU %MEM ARGS Sun Oct  4 20:40:33 UTC 2026
 0.0  0.0 grep --color=auto ./cli       1  2160
19.9  4.8 ./cli kernel images/4096x40   0 394592
19.9  4.8 ./cli kernel images/4096x40   1 394632
20.1  4.8 ./cli kernel images/4096x40   0 394628
20.2  4.8 ./cli kernel images/4096x40   0 394572
20.4  4.8 ./cli kernel images/4096x40   0 394676
  PID User     Command                         Swap      USS      PSS      RSS 
94212 codespace /usr/bin/python3 /usr/bin/s        0    12080    12298    14492 
87106 codespace ./cli kernel images/4096x40        0   393320   393365   394572 
87108 codespace ./cli kernel images/4096x40        0   393320   393367   394592 
87110 codespace ./cli kernel images/4096x40        0   393320   393369   394628 
87112 codespace ./cli kernel images/4096x40        0   393320   393371   394676 
87114 codespace ./cli kernel images/4096x40        0   393324   393373   394632 
%CPU %MEM ARGS Sun Oct  4 20:40:34 UTC 2026
 0.0  0.0 grep --color=auto ./cli       0  2196
19.9  4.8 ./cli kernel images/4096x40   0 394592
19.9  4.8 ./cli kernel images/4096x40   0 394632
20.1  4.8 ./cli kernel images/4096x40   0 394628
20.2  4.8 ./cli kernel images/4096x40   0 394572
20.3  4.8 ./cli kernel images/4096x40   0 394676
  PID User     Command                         Swap      USS      PSS      RSS 
94218 codespace /usr/bin/python3 /usr/bin/s        0    12088    12318    14532 
87106 codespace ./cli kernel images/4096x40        0   393320   393365   394572 
87108 codespace ./cli kernel images/4096x40        0   393320   393367   394592 
87110 codespace ./cli kernel images/4096x40        0   393320   393369   394628 
87112 codespace ./cli kernel images/4096x40        0   393320   393371   394676 
87114 codespace ./cli kernel images/4096x40        0   393324   393373   394632 
%CPU %MEM ARGS Sun Oct  4 20:40:35 UTC 2026
 0.0  0.0 grep --color=auto ./cli       0  2180
19.9  4.8 ./cli kernel images/4096x40   1 394592
19.9  4.8 ./cli kernel images/4096x40   0 394632
20.1  4.8 ./cli kernel images/4096x40   0 394628
20.2  4.8 ./cli kernel images/4096x40   1 394572
20.3  4.8 ./cli kernel images/4096x40   0 394676
  PID User     Command                         Swap      USS      PSS      RSS 
94224 codespace /usr/bin/python3 /usr/bin/s        0    12096    12326    14604 
87106 codespace ./cli kernel images/4096x40        0   393320   393365   394572 
87108 codespace ./cli kernel images/4096x40        0   393320   393367   394592 
87110 codespace ./cli kernel images/4096x40        0   393320   393368   394628 
87112 codespace ./cli kernel images/4096x40        0   393320   393368   394676 
87114 codespace ./cli kernel images/4096x40        0   393324   393373   394632 
%CPU %MEM ARGS Sun Oct  4 20:40:36 UTC 2026
 0.0  0.0 grep --color=auto ./cli       1  2156
19.9  4.8 ./cli kernel images/4096x40   1 394592
19.9  4.8 ./cli kernel images/4096x40   1 394632
20.1  4.8 ./cli kernel images/4096x40   0 394628
20.1  4.8 ./cli kernel images/4096x40   1 394572
20.3  4.8 ./cli kernel images/4096x40   0 394676
  PID User     Command                         Swap      USS      PSS      RSS 
94242 codespace /usr/bin/python3 /usr/bin/s        0    12104    12337    14640 
87106 codespace ./cli kernel images/4096x40        0   393320   393365   394572 
87108 codespace ./cli kernel images/4096x40        0   393320   393367   394592 
87110 codespace ./cli kernel images/4096x40        0   393320   393369   394628 
87112 codespace ./cli kernel images/4096x40        0   393320   393372   394676 
87114 codespace ./cli kernel images/4096x40        0   393324   393373   394632 
%CPU %MEM ARGS Sun Oct  4 20:40:37 UTC 2026
 0.0  0.0 grep --color=auto ./cli       0  2184
19.9  4.8 ./cli kernel images/4096x40   0 394592
19.9  4.8 ./cli kernel images/4096x40   0 394632
20.1  4.8 ./cli kernel images/4096x40   1 394628
20.1  4.8 ./cli kernel images/4096x40   0 394572
20.3  4.8 ./cli kernel images/4096x40   1 394676
  PID User     Command                         Swap      USS      PSS      RSS 
94249 codespace /usr/bin/python3 /usr/bin/s        0    12072    12297    14536 
87106 codespace ./cli kernel images/4096x40        0   393320   393365   394572 
87108 codespace ./cli kernel images/4096x40        0   393320   393367   394592 
87110 codespace ./cli kernel images/4096x40        0   393320   393369   394628 
87112 codespace ./cli kernel images/4096x40        0   393320   393372   394676 
87114 codespace ./cli kernel images/4096x40        0   393324   393373   394632 
%CPU %MEM ARGS Sun Oct  4 20:40:38 UTC 2026
 0.0  0.0 grep --color=auto ./cli       1  2304
19.9  4.8 ./cli kernel images/4096x40   0 394592
19.9  4.8 ./cli kernel images/4096x40   0 394632
20.1  4.8 ./cli kernel images/4096x40   0 394628
20.1  4.8 ./cli kernel images/4096x40   0 394572
20.3  4.8 ./cli kernel images/4096x40   1 394676
  PID User     Command                         Swap      USS      PSS      RSS 
94255 codespace /usr/bin/python3 /usr/bin/s        0    12084    12322    14636 
87106 codespace ./cli kernel images/4096x40        0   393320   393365   394572 
87108 codespace ./cli kernel images/4096x40        0   393320   393367   394592 
87110 codespace ./cli kernel images/4096x40        0   393320   393368   394628 
87112 codespace ./cli kernel images/4096x40        0   393320   393371   394676 
87114 codespace ./cli kernel images/4096x40        0   393324   393372   394632 
%CPU %MEM ARGS Sun Oct  4 20:40:39 UTC 2026
 0.0  0.0 grep --color=auto ./cli       1  2296
19.9  4.8 ./cli kernel images/4096x40   0 394592
19.9  4.8 ./cli kernel images/4096x40   1 394632
20.1  4.8 ./cli kernel images/4096x40   0 394628
20.1  4.8 ./cli kernel images/4096x40   0 394572
20.3  4.8 ./cli kernel images/4096x40   0 394676
  PID User     Command                         Swap      USS      PSS      RSS 
94267 codespace /usr/bin/python3 /usr/bin/s        0    12072    12299    14536 
87106 codespace ./cli kernel images/4096x40        0   393320   393365   394572 
87108 codespace ./cli kernel images/4096x40        0   393320   393367   394592 
87110 codespace ./cli kernel images/4096x40        0   393320   393369   394628 
87112 codespace ./cli kernel images/4096x40        0   393320   393371   394676 
87114 codespace ./cli kernel images/4096x40        0   393324   393373   394632 
%CPU %MEM ARGS Sun Oct  4 20:40:40 UTC 2026
 0.0  0.0 grep --color=auto ./cli       1  2204
19.9  4.8 ./cli kernel images/4096x40   1 394592
20.0  4.8 ./cli kernel images/4096x40   0 394632
20.1  4.8 ./cli kernel images/4096x40   0 394628
20.1  4.8 ./cli kernel images/4096x40   1 394572
20.3  4.8 ./cli kernel images/4096x40   1 394676
  PID User     Command                         Swap      USS      PSS      RSS 
94275 codespace /usr/bin/python3 /usr/bin/s        0    12076    12299    14560 
87106 codespace ./cli kernel images/4096x40        0   393320   393365   394572 
87108 codespace ./cli kernel images/4096x40        0   393320   393367   394592 
87110 codespace ./cli kernel images/4096x40        0   393320   393369   394628 
87112 codespace ./cli kernel images/4096x40        0   393320   393371   394676 
87114 codespace ./cli kernel images/4096x40        0   393324   393373   394632 
%CPU %MEM ARGS Sun Oct  4 20:40:41 UTC 2026
 0.0  0.0 grep --color=auto ./cli       1  2248
19.9  4.8 ./cli kernel images/4096x40   0 394592
19.9  4.8 ./cli kernel images/4096x40   1 394632
20.1  4.8 ./cli kernel images/4096x40   1 394628
20.1  4.8 ./cli kernel images/4096x40   1 394572
20.3  4.8 ./cli kernel images/4096x40   0 394676
  PID User     Command                         Swap      USS      PSS      RSS 
94308 codespace /usr/bin/python3 /usr/bin/s        0    12072    12282    14488 
87106 codespace ./cli kernel images/4096x40        0   393320   393365   394572 
87112 codespace ./cli kernel images/4096x40        0   393320   393365   394676 
87108 codespace ./cli kernel images/4096x40        0   393320   393367   394592 
87110 codespace ./cli kernel images/4096x40        0   393320   393368   394628 
87114 codespace ./cli kernel images/4096x40        0   393324   393370   394632 
%CPU %MEM ARGS Sun Oct  4 20:40:43 UTC 2026
 0.0  0.0 grep --color=auto ./cli       1  2376
19.9  4.8 ./cli kernel images/4096x40   0 394592
19.9  4.8 ./cli kernel images/4096x40   0 394632
20.0  4.8 ./cli kernel images/4096x40   0 394628
20.1  4.8 ./cli kernel images/4096x40   0 394572
20.3  4.8 ./cli kernel images/4096x40   0 394676
  PID User     Command                         Swap      USS      PSS      RSS 
94355 codespace /usr/bin/python3 /usr/bin/s        0    12088    12319    14640 
87106 codespace ./cli kernel images/4096x40        0   393320   393360   394572 
87108 codespace ./cli kernel images/4096x40        0   393320   393362   394592 
87110 codespace ./cli kernel images/4096x40        0   393320   393364   394628 
87112 codespace ./cli kernel images/4096x40        0   393320   393366   394676 
87114 codespace ./cli kernel images/4096x40        0   393324   393367   394632 
%CPU %MEM ARGS Sun Oct  4 20:40:44 UTC 2026
 0.0  0.0 grep --color=auto ./cli       1  2344
19.9  4.8 ./cli kernel images/4096x40   0 394592
19.9  4.8 ./cli kernel images/4096x40   0 394632
20.0  4.8 ./cli kernel images/4096x40   1 394628
20.1  4.8 ./cli kernel images/4096x40   1 394572
20.3  4.8 ./cli kernel images/4096x40   0 394676
  PID User     Command                         Swap      USS      PSS      RSS 
94424 codespace /usr/bin/python3 /usr/bin/s        0    12088    12303    14532 
87106 codespace ./cli kernel images/4096x40        0   393320   393361   394572 
87108 codespace ./cli kernel images/4096x40        0   393320   393362   394592 
87110 codespace ./cli kernel images/4096x40        0   393320   393364   394628 
87112 codespace ./cli kernel images/4096x40        0   393320   393366   394676 
87114 codespace ./cli kernel images/4096x40        0   393324   393367   394632 
%CPU %MEM ARGS Sun Oct  4 20:40:45 UTC 2026
 0.0  0.0 grep --color=auto ./cli       0  2208
19.8  4.8 ./cli kernel images/4096x40   0 394592
19.9  4.8 ./cli kernel images/4096x40   0 394632
20.0  4.8 ./cli kernel images/4096x40   1 394628
20.1  4.8 ./cli kernel images/4096x40   1 394572
20.3  4.8 ./cli kernel images/4096x40   0 394676
  PID User     Command                         Swap      USS      PSS      RSS 
94657 codespace /usr/bin/python3 /usr/bin/s        0    12080    12302    14544 
87106 codespace ./cli kernel images/4096x40        0   393320   393359   394572 
87108 codespace ./cli kernel images/4096x40        0   393320   393364   394592 
87110 codespace ./cli kernel images/4096x40        0   393320   393366   394628 
87112 codespace ./cli kernel images/4096x40        0   393320   393368   394676 
87114 codespace ./cli kernel images/4096x40        0   393324   393370   394632 
%CPU %MEM ARGS Sun Oct  4 20:40:46 UTC 2026
 0.0  0.0 grep --color=auto ./cli       1  2192
19.8  4.8 ./cli kernel images/4096x40   0 394592
19.9  4.8 ./cli kernel images/4096x40   1 394632
20.0  4.8 ./cli kernel images/4096x40   0 394628
20.1  4.8 ./cli kernel images/4096x40   0 394572
20.3  4.8 ./cli kernel images/4096x40   1 394676
  PID User     Command                         Swap      USS      PSS      RSS 
94706 codespace /usr/bin/python3 /usr/bin/s        0    12064    12275    14480 
87106 codespace ./cli kernel images/4096x40        0   393320   393362   394572 
87108 codespace ./cli kernel images/4096x40        0   393320   393364   394592 
87110 codespace ./cli kernel images/4096x40        0   393320   393365   394628 
87112 codespace ./cli kernel images/4096x40        0   393320   393368   394676 
87114 codespace ./cli kernel images/4096x40        0   393324   393369   394632 
%CPU %MEM ARGS Sun Oct  4 20:40:47 UTC 2026
 0.0  0.0 grep --color=auto ./cli       0  2340
19.8  4.8 ./cli kernel images/4096x40   1 394592
19.9  4.8 ./cli kernel images/4096x40   0 394632
20.0  4.8 ./cli kernel images/4096x40   1 394628
20.1  4.8 ./cli kernel images/4096x40   1 394572
20.3  4.8 ./cli kernel images/4096x40   1 394676
  PID User     Command                         Swap      USS      PSS      RSS 
94712 codespace /usr/bin/python3 /usr/bin/s        0    12092    12319    14540 
87106 codespace ./cli kernel images/4096x40        0   393320   393362   394572 
87108 codespace ./cli kernel images/4096x40        0   393320   393364   394592 
87110 codespace ./cli kernel images/4096x40        0   393320   393366   394628 
87112 codespace ./cli kernel images/4096x40        0   393320   393368   394676 
87114 codespace ./cli kernel images/4096x40        0   393324   393370   394632 
%CPU %MEM ARGS Sun Oct  4 20:40:48 UTC 2026
 0.0  0.0 grep --color=auto ./cli       0  2152
19.8  4.8 ./cli kernel images/4096x40   1 394592
19.9  4.8 ./cli kernel images/4096x40   1 394632
20.0  4.8 ./cli kernel images/4096x40   1 394628
20.1  4.8 ./cli kernel images/4096x40   1 394572
20.3  4.8 ./cli kernel images/4096x40   1 394676
  PID User     Command                         Swap      USS      PSS      RSS 
94724 codespace /usr/bin/python3 /usr/bin/s        0    12080    12291    14496 
87106 codespace ./cli kernel images/4096x40        0   393320   393362   394572 
87108 codespace ./cli kernel images/4096x40        0   393320   393362   394592 
87110 codespace ./cli kernel images/4096x40        0   393320   393366   394628 
87112 codespace ./cli kernel images/4096x40        0   393320   393368   394676 
87114 codespace ./cli kernel images/4096x40        0   393324   393370   394632 
%CPU %MEM ARGS Sun Oct  4 20:40:49 UTC 2026
 0.0  0.0 grep --color=auto ./cli       0  2204
19.8  4.8 ./cli kernel images/4096x40   1 394592
19.9  4.8 ./cli kernel images/4096x40   1 394632
20.0  4.8 ./cli kernel images/4096x40   1 394628
20.1  4.8 ./cli kernel images/4096x40   1 394572
20.3  4.8 ./cli kernel images/4096x40   0 394676
  PID User     Command                         Swap      USS      PSS      RSS 
94736 codespace /usr/bin/python3 /usr/bin/s        0    12072    12295    14540 
87106 codespace ./cli kernel images/4096x40        0   393320   393362   394572 
87108 codespace ./cli kernel images/4096x40        0   393320   393364   394592 
87110 codespace ./cli kernel images/4096x40        0   393320   393366   394628 
87112 codespace ./cli kernel images/4096x40        0   393320   393368   394676 
87114 codespace ./cli kernel images/4096x40        0   393324   393370   394632 
%CPU %MEM ARGS Sun Oct  4 20:40:51 UTC 2026
 0.0  0.0 grep --color=auto ./cli       0  2180
19.8  4.8 ./cli kernel images/4096x40   1 394592
19.9  4.8 ./cli kernel images/4096x40   1 394632
20.0  4.8 ./cli kernel images/4096x40   1 394628
20.1  4.8 ./cli kernel images/4096x40   1 394572
20.3  4.8 ./cli kernel images/4096x40   1 394676
  PID User     Command                         Swap      USS      PSS      RSS 
94742 codespace /usr/bin/python3 /usr/bin/s        0    11980    12219    14544 
87106 codespace ./cli kernel images/4096x40        0   393320   393360   394572 
87108 codespace ./cli kernel images/4096x40        0   393320   393361   394592 
87110 codespace ./cli kernel images/4096x40        0   393320   393363   394628 
87112 codespace ./cli kernel images/4096x40        0   393320   393364   394676 
87114 codespace ./cli kernel images/4096x40        0   393324   393366   394632 
%CPU %MEM ARGS Sun Oct  4 20:40:51 UTC 2026
 0.0  0.0 grep --color=auto ./cli       1  2204
19.8  4.8 ./cli kernel images/4096x40   1 394592
19.9  4.8 ./cli kernel images/4096x40   1 394632
20.0  4.8 ./cli kernel images/4096x40   1 394628
20.1  4.8 ./cli kernel images/4096x40   1 394572
20.3  4.8 ./cli kernel images/4096x40   0 394676
  PID User     Command                         Swap      USS      PSS      RSS 
94757 codespace /usr/bin/python3 /usr/bin/s        0    12080    12300    14564 
87106 codespace ./cli kernel images/4096x40        0   393320   393362   394572 
87108 codespace ./cli kernel images/4096x40        0   393320   393362   394592 
87110 codespace ./cli kernel images/4096x40        0   393320   393365   394628 
87112 codespace ./cli kernel images/4096x40        0   393320   393368   394676 
87114 codespace ./cli kernel images/4096x40        0   393324   393369   394632 
%CPU %MEM ARGS Sun Oct  4 20:40:52 UTC 2026
 0.0  0.0 grep --color=auto ./cli       1  2248
19.8  4.8 ./cli kernel images/4096x40   0 394592
19.9  4.8 ./cli kernel images/4096x40   1 394632
20.0  4.8 ./cli kernel images/4096x40   1 394628
20.1  4.8 ./cli kernel images/4096x40   1 394572
20.3  4.8 ./cli kernel images/4096x40   1 394676
  PID User     Command                         Swap      USS      PSS      RSS 
94790 codespace /usr/bin/python3 /usr/bin/s        0    12096    12329    14640 
87106 codespace ./cli kernel images/4096x40        0   393320   393362   394572 
87108 codespace ./cli kernel images/4096x40        0   393320   393362   394592 
87110 codespace ./cli kernel images/4096x40        0   393320   393364   394628 
87112 codespace ./cli kernel images/4096x40        0   393320   393366   394676 
87114 codespace ./cli kernel images/4096x40        0   393324   393370   394632 
%CPU %MEM ARGS Sun Oct  4 20:40:54 UTC 2026
 0.0  0.0 grep --color=auto ./cli       1  2304
19.8  4.8 ./cli kernel images/4096x40   0 394592
19.9  4.8 ./cli kernel images/4096x40   1 394632
20.0  4.8 ./cli kernel images/4096x40   1 394628
20.1  4.8 ./cli kernel images/4096x40   1 394572
20.3  4.8 ./cli kernel images/4096x40   1 394676
  PID User     Command                         Swap      USS      PSS      RSS 
94802 codespace /usr/bin/python3 /usr/bin/s        0    12112    12352    14612 
87106 codespace ./cli kernel images/4096x40        0   393320   393362   394572 
87108 codespace ./cli kernel images/4096x40        0   393320   393364   394592 
87110 codespace ./cli kernel images/4096x40        0   393320   393366   394628 
87112 codespace ./cli kernel images/4096x40        0   393320   393368   394676 
87114 codespace ./cli kernel images/4096x40        0   393324   393370   394632 
%CPU %MEM ARGS Sun Oct  4 20:40:55 UTC 2026
 0.0  0.0 grep --color=auto ./cli       1  2156
19.8  4.8 ./cli kernel images/4096x40   0 394592
19.9  4.8 ./cli kernel images/4096x40   1 394632
20.0  4.8 ./cli kernel images/4096x40   1 394628
20.1  4.8 ./cli kernel images/4096x40   1 394572
20.3  4.8 ./cli kernel images/4096x40   1 394676
  PID User     Command                         Swap      USS      PSS      RSS 
94808 codespace /usr/bin/python3 /usr/bin/s        0    12084    12298    14564 
87106 codespace ./cli kernel images/4096x40        0   393320   393362   394572 
87108 codespace ./cli kernel images/4096x40        0   393320   393364   394592 
87110 codespace ./cli kernel images/4096x40        0   393320   393366   394628 
87112 codespace ./cli kernel images/4096x40        0   393320   393368   394676 
87114 codespace ./cli kernel images/4096x40        0   393324   393370   394632 
%CPU %MEM ARGS Sun Oct  4 20:40:56 UTC 2026
 0.0  0.0 grep --color=auto ./cli       0  2208
19.9  4.8 ./cli kernel images/4096x40   1 394592
19.9  4.8 ./cli kernel images/4096x40   1 394632
20.0  4.8 ./cli kernel images/4096x40   1 394628
20.1  4.8 ./cli kernel images/4096x40   1 394572
20.3  4.8 ./cli kernel images/4096x40   1 394676
  PID User     Command                         Swap      USS      PSS      RSS 
94820 codespace /usr/bin/python3 /usr/bin/s        0    12096    12325    14592 
87106 codespace ./cli kernel images/4096x40        0   393320   393362   394572 
87108 codespace ./cli kernel images/4096x40        0   393320   393364   394592 
87110 codespace ./cli kernel images/4096x40        0   393320   393366   394628 
87112 codespace ./cli kernel images/4096x40        0   393320   393368   394676 
87114 codespace ./cli kernel images/4096x40        0   393324   393370   394632 
%CPU %MEM ARGS Sun Oct  4 20:40:57 UTC 2026
 0.0  0.0 grep --color=auto ./cli       0  2176
19.9  4.8 ./cli kernel images/4096x40   1 394632
19.9  4.8 ./cli kernel images/4096x40   0 394592
20.0  4.8 ./cli kernel images/4096x40   0 394628
20.1  4.8 ./cli kernel images/4096x40   0 394572
20.3  4.8 ./cli kernel images/4096x40   1 394676
  PID User     Command                         Swap      USS      PSS      RSS 
94826 codespace /usr/bin/python3 /usr/bin/s        0    12080    12296    14560 
87106 codespace ./cli kernel images/4096x40        0   393320   393362   394572 
87108 codespace ./cli kernel images/4096x40        0   393320   393364   394592 
87110 codespace ./cli kernel images/4096x40        0   393320   393366   394628 
87112 codespace ./cli kernel images/4096x40        0   393320   393368   394676 
87114 codespace ./cli kernel images/4096x40        0   393324   393370   394632 
%CPU %MEM ARGS Sun Oct  4 20:40:58 UTC 2026
 0.0  0.0 grep --color=auto ./cli       0  2156
19.9  4.8 ./cli kernel images/4096x40   1 394592
19.9  4.8 ./cli kernel images/4096x40   0 394632
20.0  4.8 ./cli kernel images/4096x40   0 394628
20.1  4.8 ./cli kernel images/4096x40   0 394572
20.3  4.8 ./cli kernel images/4096x40   1 394676
  PID User     Command                         Swap      USS      PSS      RSS 
94832 codespace /usr/bin/python3 /usr/bin/s        0    12076    12261    14496 
87106 codespace ./cli kernel images/4096x40        0   393320   393362   394572 
87110 codespace ./cli kernel images/4096x40        0   393320   393362   394628 
87108 codespace ./cli kernel images/4096x40        0   393320   393364   394592 
87112 codespace ./cli kernel images/4096x40        0   393320   393366   394676 
87114 codespace ./cli kernel images/4096x40        0   393324   393368   394632 
%CPU %MEM ARGS Sun Oct  4 20:40:59 UTC 2026
 0.0  0.0 grep --color=auto ./cli       1  2168
19.9  4.8 ./cli kernel images/4096x40   1 394632
19.9  4.8 ./cli kernel images/4096x40   0 394592
19.9  4.8 ./cli kernel images/4096x40   0 394628
20.0  4.8 ./cli kernel images/4096x40   0 394572
20.3  4.8 ./cli kernel images/4096x40   0 394676
  PID User     Command                         Swap      USS      PSS      RSS 
94850 codespace /usr/bin/python3 /usr/bin/s        0    12080    12290    14496 
87106 codespace ./cli kernel images/4096x40        0   393320   393362   394572 
87108 codespace ./cli kernel images/4096x40        0   393320   393364   394592 
87110 codespace ./cli kernel images/4096x40        0   393320   393365   394628 
87112 codespace ./cli kernel images/4096x40        0   393320   393368   394676 
87114 codespace ./cli kernel images/4096x40        0   393324   393369   394632 
%CPU %MEM ARGS Sun Oct  4 20:41:00 UTC 2026
 0.0  0.0 grep --color=auto ./cli       1  2168
19.9  4.8 ./cli kernel images/4096x40   0 394632
19.9  4.8 ./cli kernel images/4096x40   1 394592
19.9  4.8 ./cli kernel images/4096x40   0 394628
20.0  4.8 ./cli kernel images/4096x40   0 394572
20.3  4.8 ./cli kernel images/4096x40   0 394676
  PID User     Command                         Swap      USS      PSS      RSS 
94856 codespace /usr/bin/python3 /usr/bin/s        0    12080    12298    14492 
87106 codespace ./cli kernel images/4096x40        0   393320   393362   394572 
87108 codespace ./cli kernel images/4096x40        0   393320   393364   394592 
87110 codespace ./cli kernel images/4096x40        0   393320   393366   394628 
87112 codespace ./cli kernel images/4096x40        0   393320   393368   394676 
87114 codespace ./cli kernel images/4096x40        0   393324   393370   394632 
%CPU %MEM ARGS Sun Oct  4 20:41:01 UTC 2026
 0.0  0.0 grep --color=auto ./cli       0  2152
19.9  4.8 ./cli kernel images/4096x40   1 394632
19.9  4.8 ./cli kernel images/4096x40   0 394592
19.9  4.8 ./cli kernel images/4096x40   0 394628
20.0  4.8 ./cli kernel images/4096x40   0 394572
20.3  4.8 ./cli kernel images/4096x40   0 394676
  PID User     Command                         Swap      USS      PSS      RSS 
94862 codespace /usr/bin/python3 /usr/bin/s        0    12088    12291    14536 
87106 codespace ./cli kernel images/4096x40        0   393320   393362   394572 
87108 codespace ./cli kernel images/4096x40        0   393320   393364   394592 
87110 codespace ./cli kernel images/4096x40        0   393320   393366   394628 
87112 codespace ./cli kernel images/4096x40        0   393320   393368   394676 
87114 codespace ./cli kernel images/4096x40        0   393324   393369   394632 
%CPU %MEM ARGS Sun Oct  4 20:41:02 UTC 2026
 0.0  0.0 grep --color=auto ./cli       0  2156
19.8  4.8 ./cli kernel images/4096x40   0 394632
19.9  4.8 ./cli kernel images/4096x40   0 394592
19.9  4.8 ./cli kernel images/4096x40   1 394628
20.0  4.8 ./cli kernel images/4096x40   0 394572
20.3  4.8 ./cli kernel images/4096x40   1 394676
  PID User     Command                         Swap      USS      PSS      RSS 
94888 codespace /usr/bin/python3 /usr/bin/s        0    12088    12322    14640 
87106 codespace ./cli kernel images/4096x40        0   393320   393362   394572 
87108 codespace ./cli kernel images/4096x40        0   393320   393364   394592 
87110 codespace ./cli kernel images/4096x40        0   393320   393366   394628 
87112 codespace ./cli kernel images/4096x40        0   393320   393368   394676 
87114 codespace ./cli kernel images/4096x40        0   393324   393370   394632 
%CPU %MEM ARGS Sun Oct  4 20:41:03 UTC 2026
 0.0  0.0 grep --color=auto ./cli       1  2152
19.9  4.8 ./cli kernel images/4096x40   1 394632
19.9  4.8 ./cli kernel images/4096x40   1 394592
19.9  4.8 ./cli kernel images/4096x40   1 394628
20.0  4.8 ./cli kernel images/4096x40   1 394572
20.3  4.8 ./cli kernel images/4096x40   0 394676
  PID User     Command                         Swap      USS      PSS      RSS 
94897 codespace /usr/bin/python3 /usr/bin/s        0    12084    12303    14560 
87106 codespace ./cli kernel images/4096x40        0   393320   393362   394572 
87108 codespace ./cli kernel images/4096x40        0   393320   393364   394592 
87110 codespace ./cli kernel images/4096x40        0   393320   393366   394628 
87112 codespace ./cli kernel images/4096x40        0   393320   393368   394676 
87114 codespace ./cli kernel images/4096x40        0   393324   393370   394632 
%CPU %MEM ARGS Sun Oct  4 20:41:04 UTC 2026
 0.0  0.0 grep --color=auto ./cli       1  2304
19.9  4.8 ./cli kernel images/4096x40   0 394632
19.9  4.8 ./cli kernel images/4096x40   0 394592
19.9  4.8 ./cli kernel images/4096x40   0 394628
20.0  4.8 ./cli kernel images/4096x40   0 394572
20.3  4.8 ./cli kernel images/4096x40   1 394676
  PID User     Command                         Swap      USS      PSS      RSS 
94903 codespace /usr/bin/python3 /usr/bin/s        0    12116    12351    14608 
87106 codespace ./cli kernel images/4096x40        0   393320   393360   394572 
87108 codespace ./cli kernel images/4096x40        0   393320   393362   394592 
87110 codespace ./cli kernel images/4096x40        0   393320   393364   394628 
87112 codespace ./cli kernel images/4096x40        0   393320   393368   394676 
87114 codespace ./cli kernel images/4096x40        0   393324   393370   394632 
%CPU %MEM ARGS Sun Oct  4 20:41:05 UTC 2026
 0.0  0.0 grep --color=auto ./cli       0  2160
19.9  4.8 ./cli kernel images/4096x40   1 394632
19.9  4.8 ./cli kernel images/4096x40   1 394592
19.9  4.8 ./cli kernel images/4096x40   0 394628
20.0  4.8 ./cli kernel images/4096x40   0 394572
20.3  4.8 ./cli kernel images/4096x40   0 394676
  PID User     Command                         Swap      USS      PSS      RSS 
94915 codespace /usr/bin/python3 /usr/bin/s        0    12080    12295    14492 
87106 codespace ./cli kernel images/4096x40        0   393320   393359   394572 
87108 codespace ./cli kernel images/4096x40        0   393320   393364   394592 
87110 codespace ./cli kernel images/4096x40        0   393320   393366   394628 
87112 codespace ./cli kernel images/4096x40        0   393320   393368   394676 
87114 codespace ./cli kernel images/4096x40        0   393324   393370   394632 
%CPU %MEM ARGS Sun Oct  4 20:41:06 UTC 2026
 0.0  0.0 grep --color=auto ./cli       0  2156
19.8  4.8 ./cli kernel images/4096x40   0 394632
19.9  4.8 ./cli kernel images/4096x40   0 394592
19.9  4.8 ./cli kernel images/4096x40   0 394628
20.0  4.8 ./cli kernel images/4096x40   0 394572
20.3  4.8 ./cli kernel images/4096x40   0 394676
  PID User     Command                         Swap      USS      PSS      RSS 
94927 codespace /usr/bin/python3 /usr/bin/s        0    12084    12279    14480 
87106 codespace ./cli kernel images/4096x40        0   393320   393362   394572 
87108 codespace ./cli kernel images/4096x40        0   393320   393364   394592 
87110 codespace ./cli kernel images/4096x40        0   393320   393366   394628 
87112 codespace ./cli kernel images/4096x40        0   393320   393368   394676 
87114 codespace ./cli kernel images/4096x40        0   393324   393370   394632 
%CPU %MEM ARGS Sun Oct  4 20:41:07 UTC 2026
 0.0  0.0 grep --color=auto ./cli       1  2200
19.8  4.8 ./cli kernel images/4096x40   1 394632
19.9  4.8 ./cli kernel images/4096x40   0 394592
19.9  4.8 ./cli kernel images/4096x40   1 394628
20.0  4.8 ./cli kernel images/4096x40   1 394572
20.3  4.8 ./cli kernel images/4096x40   1 394676
  PID User     Command                         Swap      USS      PSS      RSS 
94933 codespace /usr/bin/python3 /usr/bin/s        0    12096    12323    14608 
87106 codespace ./cli kernel images/4096x40        0   393320   393362   394572 
87108 codespace ./cli kernel images/4096x40        0   393320   393364   394592 
87110 codespace ./cli kernel images/4096x40        0   393320   393366   394628 
87112 codespace ./cli kernel images/4096x40        0   393320   393368   394676 
87114 codespace ./cli kernel images/4096x40        0   393324   393370   394632 
%CPU %MEM ARGS Sun Oct  4 20:41:08 UTC 2026
 0.0  0.0 grep --color=auto ./cli       1  2172
19.8  4.8 ./cli kernel images/4096x40   1 394632
19.9  4.8 ./cli kernel images/4096x40   1 394592
19.9  4.8 ./cli kernel images/4096x40   1 394628
20.0  4.8 ./cli kernel images/4096x40   1 394572
20.3  4.8 ./cli kernel images/4096x40   0 394676
  PID User     Command                         Swap      USS      PSS      RSS 
94939 codespace /usr/bin/python3 /usr/bin/s        0    12100    12325    14608 
87106 codespace ./cli kernel images/4096x40        0   393320   393362   394572 
87108 codespace ./cli kernel images/4096x40        0   393320   393364   394592 
87110 codespace ./cli kernel images/4096x40        0   393320   393366   394628 
87112 codespace ./cli kernel images/4096x40        0   393320   393368   394676 
87114 codespace ./cli kernel images/4096x40        0   393324   393370   394632 
%CPU %MEM ARGS Sun Oct  4 20:41:09 UTC 2026
 0.0  0.0 grep --color=auto ./cli       1  2160
19.9  4.8 ./cli kernel images/4096x40   0 394632
19.9  4.8 ./cli kernel images/4096x40   1 394592
19.9  4.8 ./cli kernel images/4096x40   1 394628
20.0  4.8 ./cli kernel images/4096x40   1 394572
20.3  4.8 ./cli kernel images/4096x40   1 394676
  PID User     Command                         Swap      USS      PSS      RSS 
94951 codespace /usr/bin/python3 /usr/bin/s        0    12076    12270    14492 
87106 codespace ./cli kernel images/4096x40        0   393320   393362   394572 
87108 codespace ./cli kernel images/4096x40        0   393320   393364   394592 
87110 codespace ./cli kernel images/4096x40        0   393320   393366   394628 
87112 codespace ./cli kernel images/4096x40        0   393320   393366   394676 
87114 codespace ./cli kernel images/4096x40        0   393324   393368   394632 
%CPU %MEM ARGS Sun Oct  4 20:41:10 UTC 2026
 0.0  0.0 grep --color=auto ./cli       1  2172
19.9  4.8 ./cli kernel images/4096x40   0 394632
19.9  4.8 ./cli kernel images/4096x40   0 394592
19.9  4.8 ./cli kernel images/4096x40   1 394628
20.0  4.8 ./cli kernel images/4096x40   0 394572
20.3  4.8 ./cli kernel images/4096x40   0 394676
  PID User     Command                         Swap      USS      PSS      RSS 
94963 codespace /usr/bin/python3 /usr/bin/s        0    12084    12302    14496 
87106 codespace ./cli kernel images/4096x40        0   393320   393362   394572 
87108 codespace ./cli kernel images/4096x40        0   393320   393364   394592 
87110 codespace ./cli kernel images/4096x40        0   393320   393366   394628 
87112 codespace ./cli kernel images/4096x40        0   393320   393368   394676 
87114 codespace ./cli kernel images/4096x40        0   393324   393370   394632 
%CPU %MEM ARGS Sun Oct  4 20:41:11 UTC 2026
 0.0  0.0 grep --color=auto ./cli       1  2176
19.8  4.8 ./cli kernel images/4096x40   0 394632
19.9  4.8 ./cli kernel images/4096x40   0 394592
19.9  4.8 ./cli kernel images/4096x40   0 394628
20.0  4.8 ./cli kernel images/4096x40   0 394572
20.3  4.8 ./cli kernel images/4096x40   0 394676
  PID User     Command                         Swap      USS      PSS      RSS 
94971 codespace /usr/bin/python3 /usr/bin/s        0    12076    12286    14492 
87106 codespace ./cli kernel images/4096x40        0   393320   393360   394572 
87108 codespace ./cli kernel images/4096x40        0   393320   393364   394592 
87110 codespace ./cli kernel images/4096x40        0   393320   393366   394628 
87112 codespace ./cli kernel images/4096x40        0   393320   393368   394676 
87114 codespace ./cli kernel images/4096x40        0   393324   393370   394632 
%CPU %MEM ARGS Sun Oct  4 20:41:12 UTC 2026
 0.0  0.0 grep --color=auto ./cli       1  2160
19.8  4.8 ./cli kernel images/4096x40   0 394632
19.9  4.8 ./cli kernel images/4096x40   0 394592
19.9  4.8 ./cli kernel images/4096x40   0 394628
20.0  4.8 ./cli kernel images/4096x40   1 394572
20.3  4.8 ./cli kernel images/4096x40   1 394676
  PID User     Command                         Swap      USS      PSS      RSS 
94993 codespace /usr/bin/python3 /usr/bin/s        0    12080    12309    14584 
87106 codespace ./cli kernel images/4096x40        0   393320   393362   394572 
87108 codespace ./cli kernel images/4096x40        0   393320   393364   394592 
87110 codespace ./cli kernel images/4096x40        0   393320   393366   394628 
87112 codespace ./cli kernel images/4096x40        0   393320   393368   394676 
87114 codespace ./cli kernel images/4096x40        0   393324   393370   394632 
%CPU %MEM ARGS Sun Oct  4 20:41:13 UTC 2026
 0.0  0.0 grep --color=auto ./cli       0  2340
19.8  4.8 ./cli kernel images/4096x40   1 394632
19.9  4.8 ./cli kernel images/4096x40   0 394592
19.9  4.8 ./cli kernel images/4096x40   1 394628
20.0  4.8 ./cli kernel images/4096x40   0 394572
20.3  4.8 ./cli kernel images/4096x40   0 394676
  PID User     Command                         Swap      USS      PSS      RSS 
95005 codespace /usr/bin/python3 /usr/bin/s        0    12084    12296    14500 
87106 codespace ./cli kernel images/4096x40        0   393320   393362   394572 
87108 codespace ./cli kernel images/4096x40        0   393320   393364   394592 
87110 codespace ./cli kernel images/4096x40        0   393320   393366   394628 
87112 codespace ./cli kernel images/4096x40        0   393320   393368   394676 
87114 codespace ./cli kernel images/4096x40        0   393324   393370   394632 
%CPU %MEM ARGS Sun Oct  4 20:41:14 UTC 2026
 0.0  0.0 grep --color=auto ./cli       0  2300
19.8  4.8 ./cli kernel images/4096x40   0 394632
19.9  4.8 ./cli kernel images/4096x40   1 394592
19.9  4.8 ./cli kernel images/4096x40   0 394628
20.0  4.8 ./cli kernel images/4096x40   0 394572
20.3  4.8 ./cli kernel images/4096x40   0 394676
  PID User     Command                         Swap      USS      PSS      RSS 
95011 codespace /usr/bin/python3 /usr/bin/s        0    12084    12306    14536 
87108 codespace ./cli kernel images/4096x40        0   393320   393361   394592 
87106 codespace ./cli kernel images/4096x40        0   393320   393362   394572 
87110 codespace ./cli kernel images/4096x40        0   393320   393366   394628 
87112 codespace ./cli kernel images/4096x40        0   393320   393368   394676 
87114 codespace ./cli kernel images/4096x40        0   393324   393370   394632 
%CPU %MEM ARGS Sun Oct  4 20:41:16 UTC 2026
 0.0  0.0 grep --color=auto ./cli       1  2176
19.8  4.8 ./cli kernel images/4096x40   0 394632
19.9  4.8 ./cli kernel images/4096x40   0 394628
19.9  4.8 ./cli kernel images/4096x40   0 394592
20.0  4.8 ./cli kernel images/4096x40   0 394572
20.3  4.8 ./cli kernel images/4096x40   0 394676
  PID User     Command                         Swap      USS      PSS      RSS 
95024 codespace /usr/bin/python3 /usr/bin/s        0    12088    12315    14544 
87106 codespace ./cli kernel images/4096x40        0   393320   393362   394572 
87108 codespace ./cli kernel images/4096x40        0   393320   393364   394592 
87110 codespace ./cli kernel images/4096x40        0   393320   393366   394628 
87112 codespace ./cli kernel images/4096x40        0   393320   393368   394676 
87114 codespace ./cli kernel images/4096x40        0   393324   393370   394632 
%CPU %MEM ARGS Sun Oct  4 20:41:16 UTC 2026
 0.0  0.0 grep --color=auto ./cli       1  2184
19.8  4.8 ./cli kernel images/4096x40   1 394632
19.9  4.8 ./cli kernel images/4096x40   0 394628
19.9  4.8 ./cli kernel images/4096x40   0 394592
20.0  4.8 ./cli kernel images/4096x40   1 394572
20.3  4.8 ./cli kernel images/4096x40   1 394676
  PID User     Command                         Swap      USS      PSS      RSS 
95035 codespace /usr/bin/python3 /usr/bin/s        0    12108    12346    14608 
87106 codespace ./cli kernel images/4096x40        0   393320   393362   394572 
87108 codespace ./cli kernel images/4096x40        0   393320   393364   394592 
87110 codespace ./cli kernel images/4096x40        0   393320   393366   394628 
87112 codespace ./cli kernel images/4096x40        0   393320   393368   394676 
87114 codespace ./cli kernel images/4096x40        0   393324   393370   394632 
%CPU %MEM ARGS Sun Oct  4 20:41:18 UTC 2026
 0.0  0.0 grep --color=auto ./cli       1  2176
19.9  4.8 ./cli kernel images/4096x40   0 394632
19.9  4.8 ./cli kernel images/4096x40   1 394628
19.9  4.8 ./cli kernel images/4096x40   1 394592
20.0  4.8 ./cli kernel images/4096x40   1 394572
20.3  4.8 ./cli kernel images/4096x40   1 394676
  PID User     Command                         Swap      USS      PSS      RSS 
95042 codespace /usr/bin/python3 /usr/bin/s        0    12032    12239    14476 
87106 codespace ./cli kernel images/4096x40        0   393320   393362   394572 
87108 codespace ./cli kernel images/4096x40        0   393320   393364   394592 
87110 codespace ./cli kernel images/4096x40        0   393320   393364   394628 
87112 codespace ./cli kernel images/4096x40        0   393320   393364   394676 
87114 codespace ./cli kernel images/4096x40        0   393324   393367   394632 
%CPU %MEM ARGS Sun Oct  4 20:41:18 UTC 2026
 0.0  0.0 grep --color=auto ./cli       0  2208
19.9  4.8 ./cli kernel images/4096x40   1 394632
19.9  4.8 ./cli kernel images/4096x40   1 394628
19.9  4.8 ./cli kernel images/4096x40   0 394592
20.0  4.8 ./cli kernel images/4096x40   1 394572
20.3  4.8 ./cli kernel images/4096x40   1 394676
  PID User     Command                         Swap      USS      PSS      RSS 
95053 codespace /usr/bin/python3 /usr/bin/s        0    12092    12304    14504 
87106 codespace ./cli kernel images/4096x40        0   393320   393362   394572 
87108 codespace ./cli kernel images/4096x40        0   393320   393364   394592 
87110 codespace ./cli kernel images/4096x40        0   393320   393366   394628 
87112 codespace ./cli kernel images/4096x40        0   393320   393368   394676 
87114 codespace ./cli kernel images/4096x40        0   393324   393370   394632 
%CPU %MEM ARGS Sun Oct  4 20:41:19 UTC 2026
 0.0  0.0 grep --color=auto ./cli       0  2292
19.9  4.8 ./cli kernel images/4096x40   0 394632
19.9  4.8 ./cli kernel images/4096x40   0 394628
19.9  4.8 ./cli kernel images/4096x40   1 394592
20.0  4.8 ./cli kernel images/4096x40   0 394572
20.3  4.8 ./cli kernel images/4096x40   1 394676
  PID User     Command                         Swap      USS      PSS      RSS 
95059 codespace /usr/bin/python3 /usr/bin/s        0    12084    12299    14564 
87106 codespace ./cli kernel images/4096x40        0   393320   393362   394572 
87108 codespace ./cli kernel images/4096x40        0   393320   393364   394592 
87110 codespace ./cli kernel images/4096x40        0   393320   393366   394628 
87112 codespace ./cli kernel images/4096x40        0   393320   393368   394676 
87114 codespace ./cli kernel images/4096x40        0   393324   393370   394632 
%CPU %MEM ARGS Sun Oct  4 20:41:20 UTC 2026
 0.0  0.0 grep --color=auto ./cli       0  2176
19.9  4.8 ./cli kernel images/4096x40   1 394632
19.9  4.8 ./cli kernel images/4096x40   1 394628
19.9  4.8 ./cli kernel images/4096x40   1 394592
20.0  4.8 ./cli kernel images/4096x40   1 394572
20.3  4.8 ./cli kernel images/4096x40   0 394676
  PID User     Command                         Swap      USS      PSS      RSS 
95065 codespace /usr/bin/python3 /usr/bin/s        0    12084    12299    14564 
87106 codespace ./cli kernel images/4096x40        0   393320   393362   394572 
87108 codespace ./cli kernel images/4096x40        0   393320   393364   394592 
87110 codespace ./cli kernel images/4096x40        0   393320   393366   394628 
87112 codespace ./cli kernel images/4096x40        0   393320   393368   394676 
87114 codespace ./cli kernel images/4096x40        0   393324   393370   394632 
%CPU %MEM ARGS Sun Oct  4 20:41:21 UTC 2026
 0.0  0.0 grep --color=auto ./cli       0  2168
19.9  4.8 ./cli kernel images/4096x40   0 394632
19.9  4.8 ./cli kernel images/4096x40   1 394628
19.9  4.8 ./cli kernel images/4096x40   0 394592
20.0  4.8 ./cli kernel images/4096x40   0 394572
20.3  4.8 ./cli kernel images/4096x40   0 394676
  PID User     Command                         Swap      USS      PSS      RSS 
95074 codespace /usr/bin/python3 /usr/bin/s        0    12028    12250    14480 
87106 codespace ./cli kernel images/4096x40        0   393320   393362   394572 
87108 codespace ./cli kernel images/4096x40        0   393320   393364   394592 
87110 codespace ./cli kernel images/4096x40        0   393320   393366   394628 
87112 codespace ./cli kernel images/4096x40        0   393320   393368   394676 
87114 codespace ./cli kernel images/4096x40        0   393324   393370   394632 
%CPU %MEM ARGS Sun Oct  4 20:41:22 UTC 2026
 0.0  0.0 grep --color=auto ./cli       1  2340
19.8  4.8 ./cli kernel images/4096x40   1 394632
19.9  4.8 ./cli kernel images/4096x40   1 394628
19.9  4.8 ./cli kernel images/4096x40   1 394592
20.0  4.8 ./cli kernel images/4096x40   1 394572
20.3  4.8 ./cli kernel images/4096x40   0 394676
  PID User     Command                         Swap      USS      PSS      RSS 
95089 codespace /usr/bin/python3 /usr/bin/s        0    12104    12332    14640 
87106 codespace ./cli kernel images/4096x40        0   393320   393362   394572 
87108 codespace ./cli kernel images/4096x40        0   393320   393363   394592 
87110 codespace ./cli kernel images/4096x40        0   393320   393366   394628 
87112 codespace ./cli kernel images/4096x40        0   393320   393368   394676 
87114 codespace ./cli kernel images/4096x40        0   393324   393370   394632 
%CPU %MEM ARGS Sun Oct  4 20:41:23 UTC 2026
 0.0  0.0 grep --color=auto ./cli       1  2172
19.8  4.8 ./cli kernel images/4096x40   1 394632
19.9  4.8 ./cli kernel images/4096x40   1 394628
19.9  4.8 ./cli kernel images/4096x40   1 394592
20.0  4.8 ./cli kernel images/4096x40   0 394572
20.3  4.8 ./cli kernel images/4096x40   1 394676
  PID User     Command                         Swap      USS      PSS      RSS 
95113 codespace /usr/bin/python3 /usr/bin/s        0    12096    12324    14608 
87106 codespace ./cli kernel images/4096x40        0   393320   393362   394572 
87108 codespace ./cli kernel images/4096x40        0   393320   393364   394592 
87110 codespace ./cli kernel images/4096x40        0   393320   393366   394628 
87112 codespace ./cli kernel images/4096x40        0   393320   393368   394676 
87114 codespace ./cli kernel images/4096x40        0   393324   393370   394632 
%CPU %MEM ARGS Sun Oct  4 20:41:25 UTC 2026
 0.0  0.0 grep --color=auto ./cli       0  2208
19.8  4.8 ./cli kernel images/4096x40   0 394632
19.9  4.8 ./cli kernel images/4096x40   0 394628
19.9  4.8 ./cli kernel images/4096x40   1 394592
20.0  4.8 ./cli kernel images/4096x40   1 394572
20.3  4.8 ./cli kernel images/4096x40   1 394676
  PID User     Command                         Swap      USS      PSS      RSS 
95123 codespace /usr/bin/python3 /usr/bin/s        0    12100    12328    14636 
87106 codespace ./cli kernel images/4096x40        0   393320   393362   394572 
87108 codespace ./cli kernel images/4096x40        0   393320   393364   394592 
87110 codespace ./cli kernel images/4096x40        0   393320   393366   394628 
87112 codespace ./cli kernel images/4096x40        0   393320   393368   394676 
87114 codespace ./cli kernel images/4096x40        0   393324   393370   394632 
%CPU %MEM ARGS Sun Oct  4 20:41:26 UTC 2026
 0.0  0.0 grep --color=auto ./cli       1  2340
19.8  4.8 ./cli kernel images/4096x40   1 394632
19.9  4.8 ./cli kernel images/4096x40   1 394628
19.9  4.8 ./cli kernel images/4096x40   0 394592
20.0  4.8 ./cli kernel images/4096x40   1 394572
20.3  4.8 ./cli kernel images/4096x40   1 394676
  PID User     Command                         Swap      USS      PSS      RSS 
95131 codespace /usr/bin/python3 /usr/bin/s        0    12084    12296    14500 
87106 codespace ./cli kernel images/4096x40        0   393320   393362   394572 
87108 codespace ./cli kernel images/4096x40        0   393320   393364   394592 
87110 codespace ./cli kernel images/4096x40        0   393320   393366   394628 
87112 codespace ./cli kernel images/4096x40        0   393320   393368   394676 
87114 codespace ./cli kernel images/4096x40        0   393324   393370   394632 
%CPU %MEM ARGS Sun Oct  4 20:41:26 UTC 2026
 0.0  0.0 grep --color=auto ./cli       1  2168
19.8  4.8 ./cli kernel images/4096x40   0 394632
19.9  4.8 ./cli kernel images/4096x40   1 394628
19.9  4.8 ./cli kernel images/4096x40   1 394592
20.0  4.8 ./cli kernel images/4096x40   1 394572
20.3  4.8 ./cli kernel images/4096x40   1 394676
  PID User     Command                         Swap      USS      PSS      RSS 
95137 codespace /usr/bin/python3 /usr/bin/s        0    12080    12258    14480 
87106 codespace ./cli kernel images/4096x40        0   393320   393362   394572 
87108 codespace ./cli kernel images/4096x40        0   393320   393362   394592 
87110 codespace ./cli kernel images/4096x40        0   393320   393364   394628 
87112 codespace ./cli kernel images/4096x40        0   393320   393366   394676 
87114 codespace ./cli kernel images/4096x40        0   393324   393368   394632 
%CPU %MEM ARGS Sun Oct  4 20:41:27 UTC 2026
 0.0  0.0 grep --color=auto ./cli       0  2304
19.8  4.8 ./cli kernel images/4096x40   1 394632
19.8  4.8 ./cli kernel images/4096x40   1 394628
19.9  4.8 ./cli kernel images/4096x40   0 394592
20.0  4.8 ./cli kernel images/4096x40   1 394572
20.3  4.8 ./cli kernel images/4096x40   0 394676
  PID User     Command                         Swap      USS      PSS      RSS 
95149 codespace /usr/bin/python3 /usr/bin/s        0    12068    12291    14536 
87106 codespace ./cli kernel images/4096x40        0   393320   393362   394572 
87108 codespace ./cli kernel images/4096x40        0   393320   393364   394592 
87110 codespace ./cli kernel images/4096x40        0   393320   393366   394628 
87112 codespace ./cli kernel images/4096x40        0   393320   393368   394676 
87114 codespace ./cli kernel images/4096x40        0   393324   393370   394632 
%CPU %MEM ARGS Sun Oct  4 20:41:29 UTC 2026
 0.0  0.0 grep --color=auto ./cli       1  2164
19.8  4.8 ./cli kernel images/4096x40   1 394632
19.8  4.8 ./cli kernel images/4096x40   1 394628
19.9  4.8 ./cli kernel images/4096x40   1 394592
20.0  4.8 ./cli kernel images/4096x40   1 394572
20.3  4.8 ./cli kernel images/4096x40   0 394676
  PID User     Command                         Swap      USS      PSS      RSS 
95161 codespace /usr/bin/python3 /usr/bin/s        0    12100    12330    14640 
87106 codespace ./cli kernel images/4096x40        0   393320   393362   394572 
87108 codespace ./cli kernel images/4096x40        0   393320   393364   394592 
87110 codespace ./cli kernel images/4096x40        0   393320   393366   394628 
87112 codespace ./cli kernel images/4096x40        0   393320   393368   394676 
87114 codespace ./cli kernel images/4096x40        0   393324   393370   394632 
%CPU %MEM ARGS Sun Oct  4 20:41:30 UTC 2026
 0.0  0.0 grep --color=auto ./cli       1  2156
19.8  4.8 ./cli kernel images/4096x40   1 394632
19.8  4.8 ./cli kernel images/4096x40   1 394628
19.9  4.8 ./cli kernel images/4096x40   0 394592
20.0  4.8 ./cli kernel images/4096x40   1 394572
20.3  4.8 ./cli kernel images/4096x40   1 394676
  PID User     Command                         Swap      USS      PSS      RSS 
95167 codespace /usr/bin/python3 /usr/bin/s        0    12108    12332    14592 
87106 codespace ./cli kernel images/4096x40        0   393320   393362   394572 
87108 codespace ./cli kernel images/4096x40        0   393320   393364   394592 
87110 codespace ./cli kernel images/4096x40        0   393320   393366   394628 
87112 codespace ./cli kernel images/4096x40        0   393320   393368   394676 
87114 codespace ./cli kernel images/4096x40        0   393324   393370   394632 
%CPU %MEM ARGS Sun Oct  4 20:41:31 UTC 2026
 0.0  0.0 grep --color=auto ./cli       1  2252
19.8  4.8 ./cli kernel images/4096x40   1 394628
19.8  4.8 ./cli kernel images/4096x40   0 394632
19.9  4.8 ./cli kernel images/4096x40   1 394592
20.0  4.8 ./cli kernel images/4096x40   1 394572
20.3  4.8 ./cli kernel images/4096x40   1 394676
  PID User     Command                         Swap      USS      PSS      RSS 
95174 codespace /usr/bin/python3 /usr/bin/s        0    12076    12280    14464 
87106 codespace ./cli kernel images/4096x40        0   393320   393362   394572 
87108 codespace ./cli kernel images/4096x40        0   393320   393364   394592 
87110 codespace ./cli kernel images/4096x40        0   393320   393366   394628 
87112 codespace ./cli kernel images/4096x40        0   393320   393368   394676 
87114 codespace ./cli kernel images/4096x40        0   393324   393370   394632 
%CPU %MEM ARGS Sun Oct  4 20:41:32 UTC 2026
 0.0  0.0 grep --color=auto ./cli       1  2192
19.8  4.8 ./cli kernel images/4096x40   1 394628
19.9  4.8 ./cli kernel images/4096x40   0 394632
19.9  4.8 ./cli kernel images/4096x40   1 394592
20.0  4.8 ./cli kernel images/4096x40   0 394572
20.3  4.8 ./cli kernel images/4096x40   1 394676
  PID User     Command                         Swap      USS      PSS      RSS 
95186 codespace /usr/bin/python3 /usr/bin/s        0    12080    12297    14596 
87106 codespace ./cli kernel images/4096x40        0   393320   393362   394572 
87108 codespace ./cli kernel images/4096x40        0   393320   393364   394592 
87110 codespace ./cli kernel images/4096x40        0   393320   393366   394628 
87112 codespace ./cli kernel images/4096x40        0   393320   393368   394676 
87114 codespace ./cli kernel images/4096x40        0   393324   393368   394632 
%CPU %MEM ARGS Sun Oct  4 20:41:33 UTC 2026
 0.0  0.0 grep --color=auto ./cli       1  2212
19.8  4.8 ./cli kernel images/4096x40   1 394628
19.9  4.8 ./cli kernel images/4096x40   1 394632
19.9  4.8 ./cli kernel images/4096x40   1 394592
20.0  4.8 ./cli kernel images/4096x40   0 394572
20.3  4.8 ./cli kernel images/4096x40   1 394676
  PID User     Command                         Swap      USS      PSS      RSS 
95198 codespace /usr/bin/python3 /usr/bin/s        0    12104    12303    14528 
87106 codespace ./cli kernel images/4096x40        0   393320   393360   394572 
87108 codespace ./cli kernel images/4096x40        0   393320   393364   394592 
87110 codespace ./cli kernel images/4096x40        0   393320   393366   394628 
87112 codespace ./cli kernel images/4096x40        0   393320   393368   394676 
87114 codespace ./cli kernel images/4096x40        0   393324   393370   394632 
%CPU %MEM ARGS Sun Oct  4 20:41:34 UTC 2026
 0.0  0.0 grep --color=auto ./cli       0  2296
19.8  4.8 ./cli kernel images/4096x40   1 394628
19.8  4.8 ./cli kernel images/4096x40   1 394632
19.9  4.8 ./cli kernel images/4096x40   0 394592
19.9  4.8 ./cli kernel images/4096x40   1 394572
20.3  4.8 ./cli kernel images/4096x40   1 394676
  PID User     Command                         Swap      USS      PSS      RSS 
95222 codespace /usr/bin/python3 /usr/bin/s        0    12076    12310    14604 
87106 codespace ./cli kernel images/4096x40        0   393320   393362   394572 
87108 codespace ./cli kernel images/4096x40        0   393320   393364   394592 
87110 codespace ./cli kernel images/4096x40        0   393320   393366   394628 
87112 codespace ./cli kernel images/4096x40        0   393320   393369   394676 
87114 codespace ./cli kernel images/4096x40        0   393324   393370   394632 
%CPU %MEM ARGS Sun Oct  4 20:41:35 UTC 2026
 0.0  0.0 grep --color=auto ./cli       0  2248
19.8  4.8 ./cli kernel images/4096x40   1 394628
19.8  4.8 ./cli kernel images/4096x40   1 394632
19.9  4.8 ./cli kernel images/4096x40   0 394592
19.9  4.8 ./cli kernel images/4096x40   1 394572
20.2  4.8 ./cli kernel images/4096x40   1 394676
  PID User     Command                         Swap      USS      PSS      RSS 
95234 codespace /usr/bin/python3 /usr/bin/s        0    12108    12335    14644 
87106 codespace ./cli kernel images/4096x40        0   393320   393362   394572 
87108 codespace ./cli kernel images/4096x40        0   393320   393364   394592 
87110 codespace ./cli kernel images/4096x40        0   393320   393366   394628 
87112 codespace ./cli kernel images/4096x40        0   393320   393368   394676 
87114 codespace ./cli kernel images/4096x40        0   393324   393370   394632 
%CPU %MEM ARGS Sun Oct  4 20:41:36 UTC 2026
 0.0  0.0 grep --color=auto ./cli       0  2212
19.8  4.8 ./cli kernel images/4096x40   1 394628
19.9  4.8 ./cli kernel images/4096x40   1 394632
19.9  4.8 ./cli kernel images/4096x40   1 394592
19.9  4.8 ./cli kernel images/4096x40   1 394572
20.2  4.8 ./cli kernel images/4096x40   1 394676
  PID User     Command                         Swap      USS      PSS      RSS 
95240 codespace /usr/bin/python3 /usr/bin/s        0    12088    12300    14504 
87106 codespace ./cli kernel images/4096x40        0   393320   393362   394572 
87108 codespace ./cli kernel images/4096x40        0   393320   393364   394592 
87110 codespace ./cli kernel images/4096x40        0   393320   393366   394628 
87112 codespace ./cli kernel images/4096x40        0   393320   393368   394676 
87114 codespace ./cli kernel images/4096x40        0   393324   393370   394632 
%CPU %MEM ARGS Sun Oct  4 20:41:37 UTC 2026
 0.0  0.0 grep --color=auto ./cli       1  2172
19.8  4.8 ./cli kernel images/4096x40   1 394628
19.9  4.8 ./cli kernel images/4096x40   1 394632
19.9  4.8 ./cli kernel images/4096x40   1 394592
19.9  4.8 ./cli kernel images/4096x40   1 394572
20.2  4.8 ./cli kernel images/4096x40   1 394676
  PID User     Command                         Swap      USS      PSS      RSS 
95245 codespace /usr/bin/python3 /usr/bin/s        0    12088    12311    14524 
87106 codespace ./cli kernel images/4096x40        0   393320   393362   394572 
87108 codespace ./cli kernel images/4096x40        0   393320   393364   394592 
87110 codespace ./cli kernel images/4096x40        0   393320   393366   394628 
87112 codespace ./cli kernel images/4096x40        0   393320   393368   394676 
87114 codespace ./cli kernel images/4096x40        0   393324   393370   394632 
%CPU %MEM ARGS Sun Oct  4 20:41:38 UTC 2026
 0.0  0.0 grep --color=auto ./cli       0  2176
19.8  4.8 ./cli kernel images/4096x40   0 394628
19.8  4.8 ./cli kernel images/4096x40   0 394632
19.9  4.8 ./cli kernel images/4096x40   0 394592
19.9  4.8 ./cli kernel images/4096x40   0 394572
20.2  4.8 ./cli kernel images/4096x40   1 394676
  PID User     Command                         Swap      USS      PSS      RSS 
95257 codespace /usr/bin/python3 /usr/bin/s        0    12080    12289    14496 
87106 codespace ./cli kernel images/4096x40        0   393320   393362   394572 
87108 codespace ./cli kernel images/4096x40        0   393320   393364   394592 
87110 codespace ./cli kernel images/4096x40        0   393320   393366   394628 
87112 codespace ./cli kernel images/4096x40        0   393320   393368   394676 
87114 codespace ./cli kernel images/4096x40        0   393324   393370   394632 
%CPU %MEM ARGS Sun Oct  4 20:41:39 UTC 2026
 0.0  0.0 grep --color=auto ./cli       1  2340
19.8  4.8 ./cli kernel images/4096x40   0 394628
19.8  4.8 ./cli kernel images/4096x40   0 394632
19.9  4.8 ./cli kernel images/4096x40   1 394592
19.9  4.8 ./cli kernel images/4096x40   0 394572
20.3  4.8 ./cli kernel images/4096x40   0 394676
  PID User     Command                         Swap      USS      PSS      RSS 
95264 codespace /usr/bin/python3 /usr/bin/s        0    12116    12350    14608 
87106 codespace ./cli kernel images/4096x40        0   393320   393362   394572 
87108 codespace ./cli kernel images/4096x40        0   393320   393364   394592 
87110 codespace ./cli kernel images/4096x40        0   393320   393366   394628 
87112 codespace ./cli kernel images/4096x40        0   393320   393368   394676 
87114 codespace ./cli kernel images/4096x40        0   393324   393370   394632 
%CPU %MEM ARGS Sun Oct  4 20:41:40 UTC 2026
 0.0  0.0 grep --color=auto ./cli       0  2172
19.8  4.8 ./cli kernel images/4096x40   0 394628
19.9  4.8 ./cli kernel images/4096x40   1 394632
19.9  4.8 ./cli kernel images/4096x40   0 394592
19.9  4.8 ./cli kernel images/4096x40   0 394572
20.2  4.8 ./cli kernel images/4096x40   0 394676
  PID User     Command                         Swap      USS      PSS      RSS 
95270 codespace /usr/bin/python3 /usr/bin/s        0    12084    12300    14564 
87106 codespace ./cli kernel images/4096x40        0   393320   393362   394572 
87110 codespace ./cli kernel images/4096x40        0   393320   393362   394628 
87108 codespace ./cli kernel images/4096x40        0   393320   393364   394592 
87112 codespace ./cli kernel images/4096x40        0   393320   393368   394676 
87114 codespace ./cli kernel images/4096x40        0   393324   393370   394632 
%CPU %MEM ARGS Sun Oct  4 20:41:41 UTC 2026
 0.0  0.0 grep --color=auto ./cli       0  2292
19.8  4.8 ./cli kernel images/4096x40   0 394628
19.9  4.8 ./cli kernel images/4096x40   1 394632
19.9  4.8 ./cli kernel images/4096x40   0 394592
19.9  4.8 ./cli kernel images/4096x40   0 394572
20.2  4.8 ./cli kernel images/4096x40   0 394676
  PID User     Command                         Swap      USS      PSS      RSS 
95282 codespace /usr/bin/python3 /usr/bin/s        0    12092    12315    14536 
87106 codespace ./cli kernel images/4096x40        0   393320   393362   394572 
87108 codespace ./cli kernel images/4096x40        0   393320   393364   394592 
87110 codespace ./cli kernel images/4096x40        0   393320   393366   394628 
87112 codespace ./cli kernel images/4096x40        0   393320   393368   394676 
87114 codespace ./cli kernel images/4096x40        0   393324   393370   394632 
%CPU %MEM ARGS Sun Oct  4 20:41:42 UTC 2026
 0.0  0.0 grep --color=auto ./cli       0  2288
19.8  4.8 ./cli kernel images/4096x40   0 394628
19.9  4.8 ./cli kernel images/4096x40   1 394632
19.9  4.8 ./cli kernel images/4096x40   0 394592
19.9  4.8 ./cli kernel images/4096x40   0 394572
20.2  4.8 ./cli kernel images/4096x40   0 394676
  PID User     Command                         Swap      USS      PSS      RSS 
95288 codespace /usr/bin/python3 /usr/bin/s        0    12084    12302    14568 
87106 codespace ./cli kernel images/4096x40        0   393320   393362   394572 
87108 codespace ./cli kernel images/4096x40        0   393320   393364   394592 
87110 codespace ./cli kernel images/4096x40        0   393320   393366   394628 
87112 codespace ./cli kernel images/4096x40        0   393320   393368   394676 
87114 codespace ./cli kernel images/4096x40        0   393324   393370   394632 
%CPU %MEM ARGS Sun Oct  4 20:41:43 UTC 2026
 0.0  0.0 grep --color=auto ./cli       0  2196
19.8  4.8 ./cli kernel images/4096x40   0 394628
19.9  4.8 ./cli kernel images/4096x40   0 394592
19.9  4.8 ./cli kernel images/4096x40   0 394572
19.9  4.8 ./cli kernel images/4096x40   1 394632
20.2  4.8 ./cli kernel images/4096x40   0 394676
  PID User     Command                         Swap      USS      PSS      RSS 
95294 codespace /usr/bin/python3 /usr/bin/s        0    12076    12298    14540 
87106 codespace ./cli kernel images/4096x40        0   393320   393359   394572 
87108 codespace ./cli kernel images/4096x40        0   393320   393361   394592 
87110 codespace ./cli kernel images/4096x40        0   393320   393362   394628 
87112 codespace ./cli kernel images/4096x40        0   393320   393366   394676 
87114 codespace ./cli kernel images/4096x40        0   393324   393370   394632 
%CPU %MEM ARGS Sun Oct  4 20:41:44 UTC 2026
 0.0  0.0 grep --color=auto ./cli       1  2304
19.8  4.8 ./cli kernel images/4096x40   1 394628
19.9  4.8 ./cli kernel images/4096x40   0 394592
19.9  4.8 ./cli kernel images/4096x40   1 394572
19.9  4.8 ./cli kernel images/4096x40   1 394632
  PID User     Command                         Swap      USS      PSS      RSS 
95322 codespace /usr/bin/python3 /usr/bin/s        0    12076    12311    14556 
87106 codespace ./cli kernel images/4096x40        0   393320   393366   394572 
87108 codespace ./cli kernel images/4096x40        0   393320   393368   394592 
87110 codespace ./cli kernel images/4096x40        0   393320   393370   394628 
87114 codespace ./cli kernel images/4096x40        0   393324   393374   394632 
%CPU %MEM ARGS Sun Oct  4 20:41:45 UTC 2026
 0.0  0.0 grep --color=auto ./cli       1  2184
19.8  4.8 ./cli kernel images/4096x40   1 394628
19.9  4.8 ./cli kernel images/4096x40   1 394572
19.9  4.8 ./cli kernel images/4096x40   0 394592
19.9  4.8 ./cli kernel images/4096x40   1 394632
  PID User     Command                         Swap      USS      PSS      RSS 
95328 codespace /usr/bin/python3 /usr/bin/s        0    12084    12315    14580 
87106 codespace ./cli kernel images/4096x40        0   393320   393366   394572 
87108 codespace ./cli kernel images/4096x40        0   393320   393368   394592 
87110 codespace ./cli kernel images/4096x40        0   393320   393370   394628 
87114 codespace ./cli kernel images/4096x40        0   393324   393374   394632 
%CPU %MEM ARGS Sun Oct  4 20:41:46 UTC 2026
 0.0  0.0 grep --color=auto ./cli       0  2176
19.8  4.8 ./cli kernel images/4096x40   1 394628
19.9  4.8 ./cli kernel images/4096x40   1 394572
19.9  4.8 ./cli kernel images/4096x40   1 394632
19.9  4.8 ./cli kernel images/4096x40   1 394592
  PID User     Command                         Swap      USS      PSS      RSS 
95334 codespace /usr/bin/python3 /usr/bin/s        0    12076    12298    14560 
87106 codespace ./cli kernel images/4096x40        0   393320   393366   394572 
87108 codespace ./cli kernel images/4096x40        0   393320   393368   394592 
87110 codespace ./cli kernel images/4096x40        0   393320   393370   394628 
87114 codespace ./cli kernel images/4096x40        0   393324   393374   394632 
%CPU %MEM ARGS Sun Oct  4 20:41:47 UTC 2026
 0.0  0.0 grep --color=auto ./cli       1  2176
19.8  4.8 ./cli kernel images/4096x40   1 394628
19.9  4.8 ./cli kernel images/4096x40   1 394572
19.9  4.8 ./cli kernel images/4096x40   1 394632
19.9  4.8 ./cli kernel images/4096x40   0 394592
  PID User     Command                         Swap      USS      PSS      RSS 
95339 codespace /usr/bin/python3 /usr/bin/s        0    12104    12332    14640 
87106 codespace ./cli kernel images/4096x40        0   393320   393362   394572 
87108 codespace ./cli kernel images/4096x40        0   393320   393368   394592 
87110 codespace ./cli kernel images/4096x40        0   393320   393370   394628 
87114 codespace ./cli kernel images/4096x40        0   393324   393374   394632 
%CPU %MEM ARGS Sun Oct  4 20:41:48 UTC 2026
 0.0  0.0 grep --color=auto ./cli       1  2252
19.8  4.8 ./cli kernel images/4096x40   1 394628
19.9  4.8 ./cli kernel images/4096x40   1 394572
19.9  4.8 ./cli kernel images/4096x40   1 394632
20.0  4.8 ./cli kernel images/4096x40   0 394592
  PID User     Command                         Swap      USS      PSS      RSS 
95351 codespace /usr/bin/python3 /usr/bin/s        0    12096    12322    14604 
87106 codespace ./cli kernel images/4096x40        0   393320   393366   394572 
87108 codespace ./cli kernel images/4096x40        0   393320   393368   394592 
87110 codespace ./cli kernel images/4096x40        0   393320   393370   394628 
87114 codespace ./cli kernel images/4096x40        0   393324   393374   394632 
%CPU %MEM ARGS Sun Oct  4 20:41:49 UTC 2026
 0.0  0.0 grep --color=auto ./cli       1  2180
19.8  4.8 ./cli kernel images/4096x40   1 394628
19.9  4.8 ./cli kernel images/4096x40   1 394572
19.9  4.8 ./cli kernel images/4096x40   1 394632
20.0  4.8 ./cli kernel images/4096x40   0 394592
  PID User     Command                         Swap      USS      PSS      RSS 
95357 codespace /usr/bin/python3 /usr/bin/s        0    12076    12299    14540 
87106 codespace ./cli kernel images/4096x40        0   393320   393366   394572 
87108 codespace ./cli kernel images/4096x40        0   393320   393368   394592 
87110 codespace ./cli kernel images/4096x40        0   393320   393370   394628 
87114 codespace ./cli kernel images/4096x40        0   393324   393374   394632 
%CPU %MEM ARGS Sun Oct  4 20:41:49 UTC 2026
 0.0  0.0 grep --color=auto ./cli       1  2172
19.8  4.8 ./cli kernel images/4096x40   1 394628
19.9  4.8 ./cli kernel images/4096x40   1 394572
19.9  4.8 ./cli kernel images/4096x40   1 394632
20.0  4.8 ./cli kernel images/4096x40   1 394592
  PID User     Command                         Swap      USS      PSS      RSS 
95363 codespace /usr/bin/python3 /usr/bin/s        0    12140    12376    14632 
87106 codespace ./cli kernel images/4096x40        0   393320   393366   394572 
87108 codespace ./cli kernel images/4096x40        0   393320   393368   394592 
87110 codespace ./cli kernel images/4096x40        0   393320   393370   394628 
87114 codespace ./cli kernel images/4096x40        0   393324   393374   394632 
%CPU %MEM ARGS Sun Oct  4 20:41:50 UTC 2026
 0.0  0.0 grep --color=auto ./cli       1  2296
19.8  4.8 ./cli kernel images/4096x40   1 394628
19.9  4.8 ./cli kernel images/4096x40   1 394572
19.9  4.8 ./cli kernel images/4096x40   1 394632
20.0  4.8 ./cli kernel images/4096x40   0 394592
  PID User     Command                         Swap      USS      PSS      RSS 
95369 codespace /usr/bin/python3 /usr/bin/s        0    12068    12292    14536 
87106 codespace ./cli kernel images/4096x40        0   393320   393363   394572 
87108 codespace ./cli kernel images/4096x40        0   393320   393368   394592 
87110 codespace ./cli kernel images/4096x40        0   393320   393370   394628 
87114 codespace ./cli kernel images/4096x40        0   393324   393374   394632 
%CPU %MEM ARGS Sun Oct  4 20:41:51 UTC 2026
 0.0  0.0 grep --color=auto ./cli       1  2184
19.8  4.8 ./cli kernel images/4096x40   0 394628
19.9  4.8 ./cli kernel images/4096x40   1 394572
19.9  4.8 ./cli kernel images/4096x40   0 394632
20.0  4.8 ./cli kernel images/4096x40   0 394592
  PID User     Command                         Swap      USS      PSS      RSS 
95381 codespace /usr/bin/python3 /usr/bin/s        0    12068    12281    14484 
87106 codespace ./cli kernel images/4096x40        0   393320   393366   394572 
87108 codespace ./cli kernel images/4096x40        0   393320   393368   394592 
87110 codespace ./cli kernel images/4096x40        0   393320   393370   394628 
87114 codespace ./cli kernel images/4096x40        0   393324   393374   394632 
%CPU %MEM ARGS Sun Oct  4 20:41:52 UTC 2026
 0.0  0.0 grep --color=auto ./cli       0  2168
19.8  4.8 ./cli kernel images/4096x40   0 394628
19.9  4.8 ./cli kernel images/4096x40   0 394572
19.9  4.8 ./cli kernel images/4096x40   1 394632
20.0  4.8 ./cli kernel images/4096x40   0 394592
  PID User     Command                         Swap      USS      PSS      RSS 
95386 codespace /usr/bin/python3 /usr/bin/s        0    12088    12300    14504 
87106 codespace ./cli kernel images/4096x40        0   393320   393366   394572 
87108 codespace ./cli kernel images/4096x40        0   393320   393368   394592 
87110 codespace ./cli kernel images/4096x40        0   393320   393370   394628 
87114 codespace ./cli kernel images/4096x40        0   393324   393374   394632 
%CPU %MEM ARGS Sun Oct  4 20:41:53 UTC 2026
 0.0  0.0 grep --color=auto ./cli       1  2160
19.8  4.8 ./cli kernel images/4096x40   0 394628
19.9  4.8 ./cli kernel images/4096x40   0 394572
19.9  4.8 ./cli kernel images/4096x40   0 394632
20.0  4.8 ./cli kernel images/4096x40   0 394592
  PID User     Command                         Swap      USS      PSS      RSS 
95392 codespace /usr/bin/python3 /usr/bin/s        0    12088    12289    14564 
87108 codespace ./cli kernel images/4096x40        0   196708   196756   197980 
87106 codespace ./cli kernel images/4096x40        0   393320   393366   394572 
87110 codespace ./cli kernel images/4096x40        0   393320   393370   394628 
87114 codespace ./cli kernel images/4096x40        0   393324   393374   394632 
%CPU %MEM ARGS Sun Oct  4 20:41:53 UTC 2026
 0.0  0.0 grep --color=auto ./cli       1  2204
19.8  4.8 ./cli kernel images/4096x40   1 394628
19.9  4.8 ./cli kernel images/4096x40   1 394572
19.9  4.8 ./cli kernel images/4096x40   0 394632
  PID User     Command                         Swap      USS      PSS      RSS 
95398 codespace /usr/bin/python3 /usr/bin/s        0    12084    12295    14528 
87106 codespace ./cli kernel images/4096x40        0   393320   393368   394572 
87110 codespace ./cli kernel images/4096x40        0   393320   393372   394628 
87114 codespace ./cli kernel images/4096x40        0   393324   393376   394632 
%CPU %MEM ARGS Sun Oct  4 20:41:54 UTC 2026
 0.0  0.0 grep --color=auto ./cli       1  2156
19.8  4.8 ./cli kernel images/4096x40   1 394628
19.9  4.8 ./cli kernel images/4096x40   1 394572
20.0  4.8 ./cli kernel images/4096x40   0 394632
  PID User     Command                         Swap      USS      PSS      RSS 
95409 codespace /usr/bin/python3 /usr/bin/s        0    12076    12289    14492 
87114 codespace ./cli kernel images/4096x40        0   196712   196764   198020 
87106 codespace ./cli kernel images/4096x40        0   393320   393368   394572 
87110 codespace ./cli kernel images/4096x40        0   393320   393372   394628 
%CPU %MEM ARGS Sun Oct  4 20:41:55 UTC 2026
 0.0  0.0 grep --color=auto ./cli       0  2304
19.8  4.8 ./cli kernel images/4096x40   0 394628
19.9  4.8 ./cli kernel images/4096x40   0 394572
  PID User     Command                         Swap      USS      PSS      RSS 
95433 codespace /usr/bin/python3 /usr/bin/s        0    12064    12278    14480 
87106 codespace ./cli kernel images/4096x40        0   393320   393373   394572 
87110 codespace ./cli kernel images/4096x40        0   393320   393377   394628 
%CPU %MEM ARGS Sun Oct  4 20:41:55 UTC 2026
 0.0  0.0 grep --color=auto ./cli       0  2156
19.8  4.8 ./cli kernel images/4096x40   1 394628
20.0  4.8 ./cli kernel images/4096x40   0 394572
  PID User     Command                         Swap      USS      PSS      RSS 
95439 codespace /usr/bin/python3 /usr/bin/s        0    12068    12292    14544 
87106 codespace ./cli kernel images/4096x40        0   393320   393373   394572 
87110 codespace ./cli kernel images/4096x40        0   393320   393377   394628 
%CPU %MEM ARGS Sun Oct  4 20:41:56 UTC 2026
 0.0  0.0 grep --color=auto ./cli       0  2292
19.8  4.8 ./cli kernel images/4096x40   1 394628
20.0  1.6 ./cli kernel images/4096x40   0 135116
  PID User     Command                         Swap      USS      PSS      RSS 
95444 codespace /usr/bin/python3 /usr/bin/s        0    12036    12257    14448 
87110 codespace ./cli kernel images/4096x40        0   393336   393387   394628 
%CPU %MEM ARGS Sun Oct  4 20:41:56 UTC 2026
 0.0  0.0 grep --color=auto ./cli       1  2160
19.9  4.8 ./cli kernel images/4096x40   0 394628
  PID User     Command                         Swap      USS      PSS      RSS 
95450 codespace /usr/bin/python3 /usr/bin/s        0    12040    12262    14456 
87110 codespace ./cli kernel images/4096x40        0   393336   393387   394628 
%CPU %MEM ARGS Sun Oct  4 20:41:57 UTC 2026
 0.0  0.0 grep --color=auto ./cli       1  2156
19.9  4.8 ./cli kernel images/4096x40   0 394628
  PID User     Command                         Swap      USS      PSS      RSS 
95456 codespace /usr/bin/python3 /usr/bin/s        0    12048    12274    14460 
87110 codespace ./cli kernel images/4096x40        0   393336   393388   394628 
%CPU %MEM ARGS Sun Oct  4 20:41:57 UTC 2026
 0.0  0.0 grep --color=auto ./cli       0  2208
19.9  4.8 ./cli kernel images/4096x40   0 394628
  PID User     Command                         Swap      USS      PSS      RSS 
95478 codespace /usr/bin/python3 /usr/bin/s        0    12048    12262    14592 
87110 codespace ./cli kernel images/4096x40        0   393336   393382   394628 
%CPU %MEM ARGS Sun Oct  4 20:41:57 UTC 2026
 0.0  0.0 grep --color=auto ./cli       1  2180
19.9  4.8 ./cli kernel images/4096x40   0 394628
  PID User     Command                         Swap      USS      PSS      RSS 
87110 codespace ./cli kernel images/4096x40        0      112      158     1404 
95484 codespace /usr/bin/python3 /usr/bin/s        0    12052    12261    14564 
