%CPU %MEM ARGS Sun Oct  4 20:59:52 UTC 2026
 0.0  0.0 grep --color=auto ./cli       0  2248
 0.0  0.0 ./cli mmap images/4096x4096   1  1956
 0.0  0.0 ./cli mmap images/4096x4096   0  2296
  PID User     Command                         Swap      USS      PSS      RSS 
103647 codespace ./cli mmap images/4096x4096        0     2520     3055     6308 
103645 codespace ./cli mmap images/4096x4096        0     2680     3262     6644 
103643 codespace ./cli mmap images/4096x4096        0     2912     3572     7148 
103649 codespace ./cli mmap images/4096x4096        0     4332     5639     9872 
103641 codespace ./cli mmap images/4096x4096        0     5364     6662    10816 
103635 codespace /usr/bin/python3 /usr/bin/s        0    11956    12173    14468 
%CPU %MEM ARGS Sun Oct  4 20:59:53 UTC 2026
 0.0  0.0 grep --color=auto ./cli       1  2292
27.7  0.1 ./cli mmap images/4096x4096   0 14940
28.3  0.1 ./cli mmap images/4096x4096   0 14192
28.8  0.1 ./cli mmap images/4096x4096   1 14344
40.7  0.2 ./cli mmap images/4096x4096   1 20628
42.0  0.2 ./cli mmap images/4096x4096   0 18944
  PID User     Command                         Swap      USS      PSS      RSS 
103647 codespace ./cli mmap images/4096x4096        0     8060     9708    17416 
103645 codespace ./cli mmap images/4096x4096        0     8284     9979    17816 
103643 codespace ./cli mmap images/4096x4096        0     8620    10425    18552 
103653 codespace /usr/bin/python3 /usr/bin/s        0    12036    12252    14480 
103649 codespace ./cli mmap images/4096x4096        0    10668    13462    22544 
103641 codespace ./cli mmap images/4096x4096        0    13128    15929    24980 
%CPU %MEM ARGS Sun Oct  4 20:59:53 UTC 2026
 0.0  0.0 grep --color=auto ./cli       1  2184
26.8  0.2 ./cli mmap images/4096x4096   0 23188
27.6  0.2 ./cli mmap images/4096x4096   0 23680
28.4  0.3 ./cli mmap images/4096x4096   0 24516
37.8  0.3 ./cli mmap images/4096x4096   0 31500
40.6  0.4 ./cli mmap images/4096x4096   1 32888
  PID User     Command                         Swap      USS      PSS      RSS 
103658 codespace /usr/bin/python3 /usr/bin/s        0    12092    12277    14484 
103647 codespace ./cli mmap images/4096x4096        0    12532    15074    26368 
103645 codespace ./cli mmap images/4096x4096        0    12772    15364    26784 
103643 codespace ./cli mmap images/4096x4096        0    13048    15756    27460 
103641 codespace ./cli mmap images/4096x4096        0    16556    21025    34424 
103649 codespace ./cli mmap images/4096x4096        0    20000    24503    37956 
%CPU %MEM ARGS Sun Oct  4 20:59:54 UTC 2026
 0.0  0.0 grep --color=auto ./cli       1  2172
26.8  0.4 ./cli mmap images/4096x4096   0 33300
27.3  0.4 ./cli mmap images/4096x4096   0 33668
28.5  0.4 ./cli mmap images/4096x4096   1 36060
34.2  0.5 ./cli mmap images/4096x4096   0 41492
42.6  0.6 ./cli mmap images/4096x4096   1 49628
  PID User     Command                         Swap      USS      PSS      RSS 
103681 codespace /usr/bin/python3 /usr/bin/s        0    12052    12228    14508 
103647 codespace ./cli mmap images/4096x4096        0    17988    21618    37264 
103645 codespace ./cli mmap images/4096x4096        0    18052    21704    37376 
103643 codespace ./cli mmap images/4096x4096        0    19516    23670    40392 
103641 codespace ./cli mmap images/4096x4096        0    22600    28302    46484 
103649 codespace ./cli mmap images/4096x4096        0    29948    35747    54112 
%CPU %MEM ARGS Sun Oct  4 20:59:54 UTC 2026
 0.0  0.0 grep --color=auto ./cli       0  2252
25.0  0.5 ./cli mmap images/4096x4096   1 44400
25.7  0.5 ./cli mmap images/4096x4096   1 44980
26.9  0.5 ./cli mmap images/4096x4096   1 47456
33.8  0.7 ./cli mmap images/4096x4096   0 58272
36.0  0.7 ./cli mmap images/4096x4096   1 60904
  PID User     Command                         Swap      USS      PSS      RSS 
103710 codespace /usr/bin/python3 /usr/bin/s        0    12104    12325    14600 
103645 codespace ./cli mmap images/4096x4096        0    23916    28738    49128 
103647 codespace ./cli mmap images/4096x4096        0    24272    29171    49820 
103643 codespace ./cli mmap images/4096x4096        0    25296    30564    51932 
103641 codespace ./cli mmap images/4096x4096        0    30912    39022    63116 
103649 codespace ./cli mmap images/4096x4096        0    33712    41829    66132 
%CPU %MEM ARGS Sun Oct  4 20:59:55 UTC 2026
 0.0  0.0 grep --color=auto ./cli       0  2252
26.3  0.7 ./cli mmap images/4096x4096   1 57244
26.5  0.7 ./cli mmap images/4096x4096   1 57856
27.5  0.7 ./cli mmap images/4096x4096   1 60132
34.6  0.9 ./cli mmap images/4096x4096   0 73280
36.4  0.9 ./cli mmap images/4096x4096   0 75916
  PID User     Command                         Swap      USS      PSS      RSS 
103732 codespace /usr/bin/python3 /usr/bin/s        0    12100    12320    14624 
103645 codespace ./cli mmap images/4096x4096        0    30904    37121    63092 
103647 codespace ./cli mmap images/4096x4096        0    31244    37539    63768 
103643 codespace ./cli mmap images/4096x4096        0    34992    42576    71356 
103641 codespace ./cli mmap images/4096x4096        0    38804    48315    78880 
103649 codespace ./cli mmap images/4096x4096        0    40724    50356    81272 
%CPU %MEM ARGS Sun Oct  4 20:59:55 UTC 2026
 0.0  0.0 grep --color=auto ./cli       1  2220
27.0  0.8 ./cli mmap images/4096x4096   1 71584
27.0  0.8 ./cli mmap images/4096x4096   1 72208
30.1  0.9 ./cli mmap images/4096x4096   0 80584
33.9  1.0 ./cli mmap images/4096x4096   0 88584
34.4  1.0 ./cli mmap images/4096x4096   1 88408
  PID User     Command                         Swap      USS      PSS      RSS 
103737 codespace /usr/bin/python3 /usr/bin/s        0    12096    12312    14512 
103645 codespace ./cli mmap images/4096x4096        0    37592    45153    76500 
103647 codespace ./cli mmap images/4096x4096        0    37992    45647    77300 
103643 codespace ./cli mmap images/4096x4096        0    41976    50978    85316 
103641 codespace ./cli mmap images/4096x4096        0    45756    56714    92872 
103649 codespace ./cli mmap images/4096x4096        0    46256    57304    93780 
%CPU %MEM ARGS Sun Oct  4 20:59:56 UTC 2026
 0.0  0.0 grep --color=auto ./cli       1  2344
28.3  1.0 ./cli mmap images/4096x4096   1 86520
28.6  1.0 ./cli mmap images/4096x4096   1 87168
30.7  1.1 ./cli mmap images/4096x4096   0 94172
33.7  1.2 ./cli mmap images/4096x4096   0 102020
33.8  1.2 ./cli mmap images/4096x4096   0 101216
  PID User     Command                         Swap      USS      PSS      RSS 
103743 codespace /usr/bin/python3 /usr/bin/s        0    12092    12306    14508 
103645 codespace ./cli mmap images/4096x4096        0    45188    54272    91712 
103647 codespace ./cli mmap images/4096x4096        0    45548    54710    92408 
103643 codespace ./cli mmap images/4096x4096        0    48756    59015    98880 
103649 codespace ./cli mmap images/4096x4096        0    52540    64588   106336 
103641 codespace ./cli mmap images/4096x4096        0    52948    65001   106528 
%CPU %MEM ARGS Sun Oct  4 20:59:56 UTC 2026
 0.0  0.0 grep --color=auto ./cli       0  2156
28.3  1.2 ./cli mmap images/4096x4096   0 99084
28.5  1.2 ./cli mmap images/4096x4096   1 100240
30.3  1.3 ./cli mmap images/4096x4096   0 106480
32.7  1.3 ./cli mmap images/4096x4096   1 113296
32.8  1.3 ./cli mmap images/4096x4096   0 113672
  PID User     Command                         Swap      USS      PSS      RSS 
103754 codespace /usr/bin/python3 /usr/bin/s        0    12100    12281    14536 
103645 codespace ./cli mmap images/4096x4096        0    50912    61134   103132 
103647 codespace ./cli mmap images/4096x4096        0    52284    62837   105864 
103643 codespace ./cli mmap images/4096x4096        0    54416    65709   110172 
103641 codespace ./cli mmap images/4096x4096        0    57928    70998   117140 
103649 codespace ./cli mmap images/4096x4096        0    58560    71770   118308 
%CPU %MEM ARGS Sun Oct  4 20:59:57 UTC 2026
 0.0  0.0 grep --color=auto ./cli       1  2208
28.0  1.3 ./cli mmap images/4096x4096   0 110836
28.7  1.3 ./cli mmap images/4096x4096   0 113044
29.7  1.4 ./cli mmap images/4096x4096   0 117848
32.1  1.5 ./cli mmap images/4096x4096   0 124896
32.6  1.5 ./cli mmap images/4096x4096   1 127880
  PID User     Command                         Swap      USS      PSS      RSS 
103766 codespace /usr/bin/python3 /usr/bin/s        0    12096    12313    14540 
103645 codespace ./cli mmap images/4096x4096        0    56720    68095   114700 
103647 codespace ./cli mmap images/4096x4096        0    57900    69561   117048 
103643 codespace ./cli mmap images/4096x4096        0    60264    72749   121908 
103649 codespace ./cli mmap images/4096x4096        0    63960    78246   129212 
103641 codespace ./cli mmap images/4096x4096        0    67940    82181   132976 
%CPU %MEM ARGS Sun Oct  4 20:59:57 UTC 2026
 0.0  0.0 grep --color=auto ./cli       1  2176
27.9  1.4 ./cli mmap images/4096x4096   0 121588
28.7  1.5 ./cli mmap images/4096x4096   0 123812
30.2  1.6 ./cli mmap images/4096x4096   1 130796
31.8  1.6 ./cli mmap images/4096x4096   0 135700
34.3  1.7 ./cli mmap images/4096x4096   1 146200
  PID User     Command                         Swap      USS      PSS      RSS 
103771 codespace /usr/bin/python3 /usr/bin/s        0    12112    12327    14556 
103645 codespace ./cli mmap images/4096x4096        0    62660    75238   126656 
103647 codespace ./cli mmap images/4096x4096        0    63980    76876   129272 
103643 codespace ./cli mmap images/4096x4096        0    67168    81143   135660 
103649 codespace ./cli mmap images/4096x4096        0    70184    85574   141644 
103641 codespace ./cli mmap images/4096x4096        0    79740    95007   150664 
%CPU %MEM ARGS Sun Oct  4 20:59:58 UTC 2026
 0.0  0.0 grep --color=auto ./cli       0  2292
28.4  1.6 ./cli mmap images/4096x4096   0 135068
29.0  1.6 ./cli mmap images/4096x4096   1 137140
30.9  1.7 ./cli mmap images/4096x4096   1 146168
31.8  1.8 ./cli mmap images/4096x4096   0 149592
34.4  1.9 ./cli mmap images/4096x4096   1 161180
  PID User     Command                         Swap      USS      PSS      RSS 
103777 codespace /usr/bin/python3 /usr/bin/s        0    12088    12306    14540 
103645 codespace ./cli mmap images/4096x4096        0    69580    83528   140424 
103647 codespace ./cli mmap images/4096x4096        0    71548    86019   144520 
103643 codespace ./cli mmap images/4096x4096        0    75564    91407   152504 
103649 codespace ./cli mmap images/4096x4096        0    77092    93475   155528 
103641 codespace ./cli mmap images/4096x4096        0    87664   104093   165564 
%CPU %MEM ARGS Sun Oct  4 20:59:58 UTC 2026
 0.0  0.0 grep --color=auto ./cli       1  2196
28.5  1.8 ./cli mmap images/4096x4096   0 149108
29.4  1.8 ./cli mmap images/4096x4096   1 152860
30.9  1.9 ./cli mmap images/4096x4096   1 161736
31.2  1.9 ./cli mmap images/4096x4096   1 162300
33.8  2.1 ./cli mmap images/4096x4096   0 174392
  PID User     Command                         Swap      USS      PSS      RSS 
103801 codespace /usr/bin/python3 /usr/bin/s        0    12092    12270    14476 
103645 codespace ./cli mmap images/4096x4096        0    77480    93000   156196 
103647 codespace ./cli mmap images/4096x4096        0    78732    94580   158808 
103643 codespace ./cli mmap images/4096x4096        0    82816   100058   166988 
103649 codespace ./cli mmap images/4096x4096        0    83592   101068   168428 
103641 codespace ./cli mmap images/4096x4096        0    96848   114220   181084 
%CPU %MEM ARGS Sun Oct  4 20:59:59 UTC 2026
 0.0  0.0 grep --color=auto ./cli       0  2164
28.9  2.0 ./cli mmap images/4096x4096   0 164500
29.4  2.0 ./cli mmap images/4096x4096   0 166660
31.2  2.1 ./cli mmap images/4096x4096   1 177884
31.6  2.1 ./cli mmap images/4096x4096   1 178404
33.7  2.3 ./cli mmap images/4096x4096   0 189888
  PID User     Command                         Swap      USS      PSS      RSS 
103810 codespace /usr/bin/python3 /usr/bin/s        0    12092    12280    14504 
103645 codespace ./cli mmap images/4096x4096        0    84328   101218   169892 
103647 codespace ./cli mmap images/4096x4096        0    85604   102805   172464 
103643 codespace ./cli mmap images/4096x4096        0    91872   111212   185068 
103649 codespace ./cli mmap images/4096x4096        0    93152   112992   187588 
103641 codespace ./cli mmap images/4096x4096        0   101048   120620   194564 
%CPU %MEM ARGS Sun Oct  4 21:00:00 UTC 2026
 0.0  0.0 grep --color=auto ./cli       0  2160
28.9  2.1 ./cli mmap images/4096x4096   1 177688
29.3  2.2 ./cli mmap images/4096x4096   1 179872
31.8  2.4 ./cli mmap images/4096x4096   0 195776
32.3  2.4 ./cli mmap images/4096x4096   0 197488
33.5  2.5 ./cli mmap images/4096x4096   1 203564
  PID User     Command                         Swap      USS      PSS      RSS 
103832 codespace /usr/bin/python3 /usr/bin/s        0    12100    12318    14548 
103645 codespace ./cli mmap images/4096x4096        0    90760   108958   182852 
103647 codespace ./cli mmap images/4096x4096        0    92088   110597   185476 
103643 codespace ./cli mmap images/4096x4096        0    99768   120903   200964 
103649 codespace ./cli mmap images/4096x4096        0   101064   122659   203436 
103641 codespace ./cli mmap images/4096x4096        0   106200   127714   207972 
%CPU %MEM ARGS Sun Oct  4 21:00:00 UTC 2026
 0.0  0.0 grep --color=auto ./cli       0  2288
29.0  2.3 ./cli mmap images/4096x4096   1 193208
29.6  2.4 ./cli mmap images/4096x4096   1 196480
31.8  2.5 ./cli mmap images/4096x4096   0 211040
31.9  2.5 ./cli mmap images/4096x4096   1 211080
33.2  2.6 ./cli mmap images/4096x4096   0 218176
  PID User     Command                         Swap      USS      PSS      RSS 
103837 codespace /usr/bin/python3 /usr/bin/s        0    12092    12312    14576 
103647 codespace ./cli mmap images/4096x4096        0    99196   119084   199752 
103645 codespace ./cli mmap images/4096x4096        0   100644   120893   202592 
103643 codespace ./cli mmap images/4096x4096        0   107356   129895   216168 
103649 codespace ./cli mmap images/4096x4096        0   108280   131071   217820 
103641 codespace ./cli mmap images/4096x4096        0   114160   136786   222972 
%CPU %MEM ARGS Sun Oct  4 21:00:01 UTC 2026
 0.0  0.0 grep --color=auto ./cli       0  2180
29.2  2.5 ./cli mmap images/4096x4096   1 207660
29.6  2.5 ./cli mmap images/4096x4096   1 210932
31.9  2.7 ./cli mmap images/4096x4096   0 225472
31.9  2.7 ./cli mmap images/4096x4096   1 225384
33.2  2.8 ./cli mmap images/4096x4096   0 232604
  PID User     Command                         Swap      USS      PSS      RSS 
103846 codespace /usr/bin/python3 /usr/bin/s        0    12136    12360    14628 
103647 codespace ./cli mmap images/4096x4096        0   106932   128356   215168 
103645 codespace ./cli mmap images/4096x4096        0   107936   129724   217564 
103643 codespace ./cli mmap images/4096x4096        0   114848   138881   231020 
103649 codespace ./cli mmap images/4096x4096        0   115908   140275   233064 
103641 codespace ./cli mmap images/4096x4096        0   121740   145745   237656 
%CPU %MEM ARGS Sun Oct  4 21:00:01 UTC 2026
 0.0  0.0 grep --color=auto ./cli       1  2204
29.5  2.7 ./cli mmap images/4096x4096   0 223512
29.6  2.7 ./cli mmap images/4096x4096   1 225264
31.5  2.9 ./cli mmap images/4096x4096   1 238556
32.2  2.9 ./cli mmap images/4096x4096   0 243692
32.8  3.0 ./cli mmap images/4096x4096   1 245676
  PID User     Command                         Swap      USS      PSS      RSS 
103854 codespace /usr/bin/python3 /usr/bin/s        0    12092    12308    14504 
103647 codespace ./cli mmap images/4096x4096        0   114164   137046   229696 
103645 codespace ./cli mmap images/4096x4096        0   115400   138583   232068 
103643 codespace ./cli mmap images/4096x4096        0   122900   148651   247264 
103641 codespace ./cli mmap images/4096x4096        0   125128   152052   251604 
103649 codespace ./cli mmap images/4096x4096        0   127704   154813   255036 
%CPU %MEM ARGS Sun Oct  4 21:00:02 UTC 2026
 0.0  0.0 grep --color=auto ./cli       1  2172
29.3  2.9 ./cli mmap images/4096x4096   1 237704
29.5  2.9 ./cli mmap images/4096x4096   1 240408
31.9  3.1 ./cli mmap images/4096x4096   0 258292
32.4  3.2 ./cli mmap images/4096x4096   1 261012
32.8  3.2 ./cli mmap images/4096x4096   0 264824
  PID User     Command                         Swap      USS      PSS      RSS 
103860 codespace /usr/bin/python3 /usr/bin/s        0    12084    12277    14504 
103645 codespace ./cli mmap images/4096x4096        0   121920   146350   245180 
103647 codespace ./cli mmap images/4096x4096        0   122172   146661   245704 
103643 codespace ./cli mmap images/4096x4096        0   131172   158698   263728 
103641 codespace ./cli mmap images/4096x4096        0   131964   159913   265224 
103649 codespace ./cli mmap images/4096x4096        0   137504   165604   271492 
%CPU %MEM ARGS Sun Oct  4 21:00:03 UTC 2026
 0.0  0.0 grep --color=auto ./cli       1  2200
29.5  3.1 ./cli mmap images/4096x4096   0 253980
29.6  3.1 ./cli mmap images/4096x4096   1 255248
31.7  3.3 ./cli mmap images/4096x4096   0 272504
32.1  3.3 ./cli mmap images/4096x4096   0 274188
32.7  3.4 ./cli mmap images/4096x4096   1 280036
  PID User     Command                         Swap      USS      PSS      RSS 
103872 codespace /usr/bin/python3 /usr/bin/s        0    12092    12308    14504 
103647 codespace ./cli mmap images/4096x4096        0   129368   155272   260004 
103645 codespace ./cli mmap images/4096x4096        0   129920   155992   261180 
103643 codespace ./cli mmap images/4096x4096        0   138356   167282   278144 
103641 codespace ./cli mmap images/4096x4096        0   141212   171612   283752 
103649 codespace ./cli mmap images/4096x4096        0   145300   175994   288952 
%CPU %MEM ARGS Sun Oct  4 21:00:03 UTC 2026
 0.0  0.0 grep --color=auto ./cli       0  2160
29.3  3.2 ./cli mmap images/4096x4096   1 268164
29.4  3.3 ./cli mmap images/4096x4096   0 268792
31.6  3.5 ./cli mmap images/4096x4096   1 287196
32.4  3.5 ./cli mmap images/4096x4096   0 292632
32.5  3.6 ./cli mmap images/4096x4096   0 295796
  PID User     Command                         Swap      USS      PSS      RSS 
103883 codespace /usr/bin/python3 /usr/bin/s        0    12088    12308    14572 
103647 codespace ./cli mmap images/4096x4096        0   136420   163758   274224 
103645 codespace ./cli mmap images/4096x4096        0   137120   164655   275676 
103643 codespace ./cli mmap images/4096x4096        0   145552   175924   292508 
103641 codespace ./cli mmap images/4096x4096        0   148260   180085   297904 
103649 codespace ./cli mmap images/4096x4096        0   152404   184445   302968 
%CPU %MEM ARGS Sun Oct  4 21:00:04 UTC 2026
 0.0  0.0 grep --color=auto ./cli       1  2152
29.6  3.4 ./cli mmap images/4096x4096   1 283268
29.7  3.5 ./cli mmap images/4096x4096   1 284828
31.4  3.6 ./cli mmap images/4096x4096   0 300148
32.2  3.7 ./cli mmap images/4096x4096   0 306316
32.4  3.8 ./cli mmap images/4096x4096   0 309368
  PID User     Command                         Swap      USS      PSS      RSS 
103889 codespace /usr/bin/python3 /usr/bin/s        0    12108    12328    14584 
103647 codespace ./cli mmap images/4096x4096        0   144196   173083   289744 
103645 codespace ./cli mmap images/4096x4096        0   144768   173826   290940 
103643 codespace ./cli mmap images/4096x4096        0   152152   183731   305828 
103641 codespace ./cli mmap images/4096x4096        0   155068   188172   311560 
103649 codespace ./cli mmap images/4096x4096        0   159216   192503   316692 
%CPU %MEM ARGS Sun Oct  4 21:00:04 UTC 2026
 0.0  0.0 grep --color=auto ./cli       1  2160
29.5  3.6 ./cli mmap images/4096x4096   0 295848
29.6  3.6 ./cli mmap images/4096x4096   0 297628
31.4  3.8 ./cli mmap images/4096x4096   1 314336
32.1  3.9 ./cli mmap images/4096x4096   0 319672
32.3  3.9 ./cli mmap images/4096x4096   1 323472
  PID User     Command                         Swap      USS      PSS      RSS 
103905 codespace /usr/bin/python3 /usr/bin/s        0    12092    12306    14540 
103647 codespace ./cli mmap images/4096x4096        0   151244   181551   303896 
103645 codespace ./cli mmap images/4096x4096        0   153084   183854   307512 
103643 codespace ./cli mmap images/4096x4096        0   159188   192022   319776 
103641 codespace ./cli mmap images/4096x4096        0   161752   195966   324900 
103649 codespace ./cli mmap images/4096x4096        0   166656   201110   330916 
%CPU %MEM ARGS Sun Oct  4 21:00:05 UTC 2026
 0.0  0.0 grep --color=auto ./cli       1  2296
29.5  3.8 ./cli mmap images/4096x4096   1 312120
29.9  3.8 ./cli mmap images/4096x4096   1 316168
31.3  4.0 ./cli mmap images/4096x4096   0 331104
31.8  4.1 ./cli mmap images/4096x4096   1 334656
32.3  4.1 ./cli mmap images/4096x4096   0 340568
  PID User     Command                         Swap      USS      PSS      RSS 
103917 codespace /usr/bin/python3 /usr/bin/s        0    12080    12267    14552 
103647 codespace ./cli mmap images/4096x4096        0   157520   189055   316316 
103645 codespace ./cli mmap images/4096x4096        0   159480   191514   320244 
103643 codespace ./cli mmap images/4096x4096        0   166616   201060   334628 
103641 codespace ./cli mmap images/4096x4096        0   168432   203817   338172 
103649 codespace ./cli mmap images/4096x4096        0   174668   210174   344944 
%CPU %MEM ARGS Sun Oct  4 21:00:05 UTC 2026
 0.0  0.0 grep --color=auto ./cli       1  2176
29.5  4.0 ./cli mmap images/4096x4096   0 325668
29.6  4.0 ./cli mmap images/4096x4096   1 327424
31.3  4.2 ./cli mmap images/4096x4096   0 344304
31.6  4.2 ./cli mmap images/4096x4096   1 345772
32.0  4.3 ./cli mmap images/4096x4096   1 351580
  PID User     Command                         Swap      USS      PSS      RSS 
103928 codespace /usr/bin/python3 /usr/bin/s        0    12104    12324    14584 
103647 codespace ./cli mmap images/4096x4096        0   165456   198618   332380 
103645 codespace ./cli mmap images/4096x4096        0   166720   200185   334780 
103643 codespace ./cli mmap images/4096x4096        0   174160   210179   349852 
103641 codespace ./cli mmap images/4096x4096        0   174348   210520   350040 
103649 codespace ./cli mmap images/4096x4096        0   183252   219638   360120 
%CPU %MEM ARGS Sun Oct  4 21:00:06 UTC 2026
 0.0  0.0 grep --color=auto ./cli       0  2180
29.7  4.1 ./cli mmap images/4096x4096   0 341528
29.9  4.2 ./cli mmap images/4096x4096   1 344488
31.3  4.4 ./cli mmap images/4096x4096   0 360412
31.4  4.4 ./cli mmap images/4096x4096   1 359848
32.1  4.5 ./cli mmap images/4096x4096   1 368628
  PID User     Command                         Swap      USS      PSS      RSS 
103934 codespace /usr/bin/python3 /usr/bin/s        0    12088    12304    14504 
103645 codespace ./cli mmap images/4096x4096        0   174964   210006   351280 
103647 codespace ./cli mmap images/4096x4096        0   175860   211140   353216 
103641 codespace ./cli mmap images/4096x4096        0   181932   219340   365304 
103643 codespace ./cli mmap images/4096x4096        0   182300   219806   366120 
103649 codespace ./cli mmap images/4096x4096        0   191788   229588   376656 
%CPU %MEM ARGS Sun Oct  4 21:00:07 UTC 2026
 0.0  0.0 grep --color=auto ./cli       1  2160
29.6  4.4 ./cli mmap images/4096x4096   0 358948
30.2  4.4 ./cli mmap images/4096x4096   0 364944
31.0  4.6 ./cli mmap images/4096x4096   0 374236
31.1  4.6 ./cli mmap images/4096x4096   0 374684
31.8  4.7 ./cli mmap images/4096x4096   1 383368
  PID User     Command                         Swap      USS      PSS      RSS 
103940 codespace /usr/bin/python3 /usr/bin/s        0    12112    12330    14648 
103645 codespace ./cli mmap images/4096x4096        0   181672   218058   364708 
103647 codespace ./cli mmap images/4096x4096        0   185160   222395   371668 
103643 codespace ./cli mmap images/4096x4096        0   189024   227661   379564 
103641 codespace ./cli mmap images/4096x4096        0   189016   227766   379492 
103649 codespace ./cli mmap images/4096x4096        0   198832   237819   390548 
%CPU %MEM ARGS Sun Oct  4 21:00:07 UTC 2026
 0.0  0.0 grep --color=auto ./cli       1  2172
29.7  4.5 ./cli mmap images/4096x4096   1 374020
30.1  4.6 ./cli mmap images/4096x4096   0 379680
31.0  4.7 ./cli mmap images/4096x4096   0 389828
31.2  4.7 ./cli mmap images/4096x4096   0 390276
31.8  4.8 ./cli mmap images/4096x4096   1 394572
  PID User     Command                         Swap      USS      PSS      RSS 
103946 codespace /usr/bin/python3 /usr/bin/s        0    12088    12281    14576 
103645 codespace ./cli mmap images/4096x4096        0   189524   227485   380432 
103647 codespace ./cli mmap images/4096x4096        0   192772   231518   386896 
103649 codespace ./cli mmap images/4096x4096        0   196708   236653   394572 
103643 codespace ./cli mmap images/4096x4096        0   196708   236820   394676 
103641 codespace ./cli mmap images/4096x4096        0   196712   236865   394616 
%CPU %MEM ARGS Sun Oct  4 21:00:08 UTC 2026
 0.0  0.0 grep --color=auto ./cli       0  2248
29.5  4.7 ./cli mmap images/4096x4096   0 390160
29.8  4.8 ./cli mmap images/4096x4096   0 393868
30.5  4.8 ./cli mmap images/4096x4096   0 394676
30.6  4.8 ./cli mmap images/4096x4096   1 394616
31.3  4.8 ./cli mmap images/4096x4096   0 394572
  PID User     Command                         Swap      USS      PSS      RSS 
103962 codespace /usr/bin/python3 /usr/bin/s        0    12092    12308    14504 
103649 codespace ./cli mmap images/4096x4096        0   196708   236063   394572 
103645 codespace ./cli mmap images/4096x4096        0   196708   236065   394596 
103647 codespace ./cli mmap images/4096x4096        0   196708   236066   394612 
103643 codespace ./cli mmap images/4096x4096        0   196708   236068   394676 
103641 codespace ./cli mmap images/4096x4096        0   196712   236070   394616 
%CPU %MEM ARGS Sun Oct  4 21:00:09 UTC 2026
 0.0  0.0 grep --color=auto ./cli       1  2304
28.7  4.8 ./cli mmap images/4096x4096   0 394596
29.0  4.8 ./cli mmap images/4096x4096   0 394612
29.7  4.8 ./cli mmap images/4096x4096   0 394676
30.5  4.8 ./cli mmap images/4096x4096   0 394572
30.7  4.8 ./cli mmap images/4096x4096   1 394616
  PID User     Command                         Swap      USS      PSS      RSS 
103968 codespace /usr/bin/python3 /usr/bin/s        0    12100    12316    14516 
103649 codespace ./cli mmap images/4096x4096        0   196708   236063   394572 
103645 codespace ./cli mmap images/4096x4096        0   196708   236065   394596 
103647 codespace ./cli mmap images/4096x4096        0   196708   236066   394612 
103643 codespace ./cli mmap images/4096x4096        0   196708   236068   394676 
103641 codespace ./cli mmap images/4096x4096        0   196712   236070   394616 
%CPU %MEM ARGS Sun Oct  4 21:00:10 UTC 2026
 0.0  0.0 grep --color=auto ./cli       1  2204
28.0  4.8 ./cli mmap images/4096x4096   0 394596
28.3  4.8 ./cli mmap images/4096x4096   0 394612
29.0  4.8 ./cli mmap images/4096x4096   0 394676
29.6  4.8 ./cli mmap images/4096x4096   0 394572
31.0  4.8 ./cli mmap images/4096x4096   1 394616
  PID User     Command                         Swap      USS      PSS      RSS 
103978 codespace /usr/bin/python3 /usr/bin/s        0    12088    12312    14580 
103649 codespace ./cli mmap images/4096x4096        0   196708   236063   394572 
103645 codespace ./cli mmap images/4096x4096        0   196708   236065   394596 
103647 codespace ./cli mmap images/4096x4096        0   196708   236066   394612 
103643 codespace ./cli mmap images/4096x4096        0   196708   236068   394676 
103641 codespace ./cli mmap images/4096x4096        0   196712   236070   394616 
%CPU %MEM ARGS Sun Oct  4 21:00:11 UTC 2026
 0.0  0.0 grep --color=auto ./cli       1  2300
27.5  4.8 ./cli mmap images/4096x4096   1 394596
27.7  4.8 ./cli mmap images/4096x4096   1 394612
29.0  4.8 ./cli mmap images/4096x4096   1 394572
29.0  4.8 ./cli mmap images/4096x4096   0 394676
30.2  4.8 ./cli mmap images/4096x4096   1 394616
  PID User     Command                         Swap      USS      PSS      RSS 
103986 codespace /usr/bin/python3 /usr/bin/s        0    12104    12323    14580 
103649 codespace ./cli mmap images/4096x4096        0   196708   236063   394572 
103645 codespace ./cli mmap images/4096x4096        0   196708   236065   394596 
103647 codespace ./cli mmap images/4096x4096        0   196708   236066   394612 
103643 codespace ./cli mmap images/4096x4096        0   196708   236068   394676 
103641 codespace ./cli mmap images/4096x4096        0   196712   236070   394616 
%CPU %MEM ARGS Sun Oct  4 21:00:12 UTC 2026
 0.0  0.0 grep --color=auto ./cli       0  2176
27.0  4.8 ./cli mmap images/4096x4096   0 394596
27.4  4.8 ./cli mmap images/4096x4096   0 394612
28.4  4.8 ./cli mmap images/4096x4096   0 394572
28.7  4.8 ./cli mmap images/4096x4096   0 394676
29.7  4.8 ./cli mmap images/4096x4096   0 394616
  PID User     Command                         Swap      USS      PSS      RSS 
103992 codespace /usr/bin/python3 /usr/bin/s        0    12096    12293    14544 
103649 codespace ./cli mmap images/4096x4096        0   196708   236062   394572 
103645 codespace ./cli mmap images/4096x4096        0   196708   236065   394596 
103647 codespace ./cli mmap images/4096x4096        0   196708   236065   394612 
103643 codespace ./cli mmap images/4096x4096        0   196708   236068   394676 
103641 codespace ./cli mmap images/4096x4096        0   196712   236070   394616 
%CPU %MEM ARGS Sun Oct  4 21:00:13 UTC 2026
 0.0  0.0 grep --color=auto ./cli       0  2340
26.6  4.8 ./cli mmap images/4096x4096   0 394596
27.0  4.8 ./cli mmap images/4096x4096   1 394612
27.9  4.8 ./cli mmap images/4096x4096   0 394572
28.2  4.8 ./cli mmap images/4096x4096   0 394676
29.2  4.8 ./cli mmap images/4096x4096   0 394616
  PID User     Command                         Swap      USS      PSS      RSS 
104004 codespace /usr/bin/python3 /usr/bin/s        0    12108    12297    14556 
103649 codespace ./cli mmap images/4096x4096        0   196708   236062   394572 
103645 codespace ./cli mmap images/4096x4096        0   196708   236065   394596 
103647 codespace ./cli mmap images/4096x4096        0   196708   236066   394612 
103643 codespace ./cli mmap images/4096x4096        0   196708   236068   394676 
103641 codespace ./cli mmap images/4096x4096        0   196712   236070   394616 
%CPU %MEM ARGS Sun Oct  4 21:00:14 UTC 2026
 0.0  0.0 grep --color=auto ./cli       1  2152
26.3  4.8 ./cli mmap images/4096x4096   1 394596
26.8  4.8 ./cli mmap images/4096x4096   0 394612
27.6  4.8 ./cli mmap images/4096x4096   1 394572
27.9  4.8 ./cli mmap images/4096x4096   0 394676
28.7  4.8 ./cli mmap images/4096x4096   1 394616
  PID User     Command                         Swap      USS      PSS      RSS 
104016 codespace /usr/bin/python3 /usr/bin/s        0    12124    12341    14608 
103649 codespace ./cli mmap images/4096x4096        0   196708   236063   394572 
103645 codespace ./cli mmap images/4096x4096        0   196708   236065   394596 
103647 codespace ./cli mmap images/4096x4096        0   196708   236066   394612 
103643 codespace ./cli mmap images/4096x4096        0   196708   236068   394676 
103641 codespace ./cli mmap images/4096x4096        0   196712   236070   394616 
%CPU %MEM ARGS Sun Oct  4 21:00:15 UTC 2026
 0.0  0.0 grep --color=auto ./cli       1  2292
25.8  4.8 ./cli mmap images/4096x4096   1 394596
26.4  4.8 ./cli mmap images/4096x4096   0 394612
27.4  4.8 ./cli mmap images/4096x4096   1 394572
27.6  4.8 ./cli mmap images/4096x4096   0 394676
28.3  4.8 ./cli mmap images/4096x4096   0 394616
  PID User     Command                         Swap      USS      PSS      RSS 
104029 codespace /usr/bin/python3 /usr/bin/s        0    12100    12317    14516 
103645 codespace ./cli mmap images/4096x4096        0   196708   236063   394596 
103649 codespace ./cli mmap images/4096x4096        0   196708   236063   394572 
103647 codespace ./cli mmap images/4096x4096        0   196708   236066   394612 
103643 codespace ./cli mmap images/4096x4096        0   196708   236068   394676 
103641 codespace ./cli mmap images/4096x4096        0   196712   236070   394616 
%CPU %MEM ARGS Sun Oct  4 21:00:16 UTC 2026
 0.0  0.0 grep --color=auto ./cli       1  2300
25.5  4.8 ./cli mmap images/4096x4096   0 394596
25.9  4.8 ./cli mmap images/4096x4096   0 394612
26.8  4.8 ./cli mmap images/4096x4096   0 394572
27.0  4.8 ./cli mmap images/4096x4096   0 394676
28.0  4.8 ./cli mmap images/4096x4096   1 394616
  PID User     Command                         Swap      USS      PSS      RSS 
104052 codespace /usr/bin/python3 /usr/bin/s        0    12112    12324    14556 
103649 codespace ./cli mmap images/4096x4096        0   196708   236063   394572 
103645 codespace ./cli mmap images/4096x4096        0   196708   236065   394596 
103647 codespace ./cli mmap images/4096x4096        0   196708   236066   394612 
103643 codespace ./cli mmap images/4096x4096        0   196708   236068   394676 
103641 codespace ./cli mmap images/4096x4096        0   196712   236070   394616 
%CPU %MEM ARGS Sun Oct  4 21:00:17 UTC 2026
 0.0  0.0 grep --color=auto ./cli       0  1236
25.1  4.8 ./cli mmap images/4096x4096   0 394596
25.5  4.8 ./cli mmap images/4096x4096   0 394612
26.4  4.8 ./cli mmap images/4096x4096   0 394572
26.6  4.8 ./cli mmap images/4096x4096   0 394676
28.1  4.8 ./cli mmap images/4096x4096   1 394616
  PID User     Command                         Swap      USS      PSS      RSS 
104058 codespace /usr/bin/python3 /usr/bin/s        0    12096    12310    14544 
103649 codespace ./cli mmap images/4096x4096        0   196708   236063   394572 
103645 codespace ./cli mmap images/4096x4096        0   196708   236065   394596 
103647 codespace ./cli mmap images/4096x4096        0   196708   236066   394612 
103643 codespace ./cli mmap images/4096x4096        0   196708   236068   394676 
103641 codespace ./cli mmap images/4096x4096        0   196712   236070   394616 
%CPU %MEM ARGS Sun Oct  4 21:00:18 UTC 2026
 0.0  0.0 grep --color=auto ./cli       1  2176
24.9  4.8 ./cli mmap images/4096x4096   1 394596
25.6  4.8 ./cli mmap images/4096x4096   0 394612
26.1  4.8 ./cli mmap images/4096x4096   1 394572
26.3  4.8 ./cli mmap images/4096x4096   1 394676
27.8  4.8 ./cli mmap images/4096x4096   1 394616
  PID User     Command                         Swap      USS      PSS      RSS 
104064 codespace /usr/bin/python3 /usr/bin/s        0    12088    12304    14504 
103649 codespace ./cli mmap images/4096x4096        0   196708   236062   394572 
103645 codespace ./cli mmap images/4096x4096        0   196708   236065   394596 
103647 codespace ./cli mmap images/4096x4096        0   196708   236065   394612 
103643 codespace ./cli mmap images/4096x4096        0   196708   236068   394676 
103641 codespace ./cli mmap images/4096x4096        0   196712   236070   394616 
%CPU %MEM ARGS Sun Oct  4 21:00:19 UTC 2026
 0.0  0.0 grep --color=auto ./cli       1  2168
24.5  4.8 ./cli mmap images/4096x4096   1 394596
25.7  4.8 ./cli mmap images/4096x4096   1 394572
25.9  4.8 ./cli mmap images/4096x4096   1 394676
25.9  4.8 ./cli mmap images/4096x4096   0 394612
27.3  4.8 ./cli mmap images/4096x4096   1 394616
  PID User     Command                         Swap      USS      PSS      RSS 
104076 codespace /usr/bin/python3 /usr/bin/s        0    12112    12327    14556 
103649 codespace ./cli mmap images/4096x4096        0   196708   236063   394572 
103645 codespace ./cli mmap images/4096x4096        0   196708   236065   394596 
103647 codespace ./cli mmap images/4096x4096        0   196708   236066   394612 
103643 codespace ./cli mmap images/4096x4096        0   196708   236068   394676 
103641 codespace ./cli mmap images/4096x4096        0   196712   236069   394616 
%CPU %MEM ARGS Sun Oct  4 21:00:20 UTC 2026
 0.0  0.0 grep --color=auto ./cli       0  2184
24.3  4.8 ./cli mmap images/4096x4096   0 394596
25.4  4.8 ./cli mmap images/4096x4096   1 394572
25.7  4.8 ./cli mmap images/4096x4096   0 394612
25.7  4.8 ./cli mmap images/4096x4096   1 394676
26.9  4.8 ./cli mmap images/4096x4096   1 394616
  PID User     Command                         Swap      USS      PSS      RSS 
104088 codespace /usr/bin/python3 /usr/bin/s        0    12140    12353    14584 
103649 codespace ./cli mmap images/4096x4096        0   196708   236063   394572 
103645 codespace ./cli mmap images/4096x4096        0   196708   236065   394596 
103647 codespace ./cli mmap images/4096x4096        0   196708   236066   394612 
103643 codespace ./cli mmap images/4096x4096        0   196708   236068   394676 
103641 codespace ./cli mmap images/4096x4096        0   196712   236070   394616 
%CPU %MEM ARGS Sun Oct  4 21:00:21 UTC 2026
 0.0  0.0 grep --color=auto ./cli       0  2176
24.1  4.8 ./cli mmap images/4096x4096   1 394596
25.4  4.8 ./cli mmap images/4096x4096   0 394572
25.4  4.8 ./cli mmap images/4096x4096   0 394676
25.4  4.8 ./cli mmap images/4096x4096   0 394612
26.6  4.8 ./cli mmap images/4096x4096   1 394616
  PID User     Command                         Swap      USS      PSS      RSS 
104093 codespace /usr/bin/python3 /usr/bin/s        0    12100    12322    14628 
103649 codespace ./cli mmap images/4096x4096        0   196708   236063   394572 
103645 codespace ./cli mmap images/4096x4096        0   196708   236065   394596 
103647 codespace ./cli mmap images/4096x4096        0   196708   236066   394612 
103643 codespace ./cli mmap images/4096x4096        0   196708   236068   394676 
103641 codespace ./cli mmap images/4096x4096        0   196712   236070   394616 
%CPU %MEM ARGS Sun Oct  4 21:00:22 UTC 2026
 0.0  0.0 grep --color=auto ./cli       1  2156
23.8  4.8 ./cli mmap images/4096x4096   0 394596
25.1  4.8 ./cli mmap images/4096x4096   0 394572
25.1  4.8 ./cli mmap images/4096x4096   1 394676
25.1  4.8 ./cli mmap images/4096x4096   0 394612
26.8  4.8 ./cli mmap images/4096x4096   0 394616
  PID User     Command                         Swap      USS      PSS      RSS 
104102 codespace /usr/bin/python3 /usr/bin/s        0    12092    12302    14504 
103649 codespace ./cli mmap images/4096x4096        0   196708   236063   394572 
103645 codespace ./cli mmap images/4096x4096        0   196708   236065   394596 
103647 codespace ./cli mmap images/4096x4096        0   196708   236065   394612 
103643 codespace ./cli mmap images/4096x4096        0   196708   236068   394676 
103641 codespace ./cli mmap images/4096x4096        0   196712   236070   394616 
%CPU %MEM ARGS Sun Oct  4 21:00:23 UTC 2026
 0.0  0.0 grep --color=auto ./cli       0  2172
23.6  4.8 ./cli mmap images/4096x4096   0 394596
24.8  4.8 ./cli mmap images/4096x4096   0 394572
24.8  4.8 ./cli mmap images/4096x4096   0 394612
25.2  4.8 ./cli mmap images/4096x4096   1 394676
26.5  4.8 ./cli mmap images/4096x4096   0 394616
  PID User     Command                         Swap      USS      PSS      RSS 
104111 codespace /usr/bin/python3 /usr/bin/s        0    12092    12313    14576 
103649 codespace ./cli mmap images/4096x4096        0   196708   236063   394572 
103645 codespace ./cli mmap images/4096x4096        0   196708   236065   394596 
103647 codespace ./cli mmap images/4096x4096        0   196708   236066   394612 
103643 codespace ./cli mmap images/4096x4096        0   196708   236068   394676 
103641 codespace ./cli mmap images/4096x4096        0   196712   236070   394616 
%CPU %MEM ARGS Sun Oct  4 21:00:24 UTC 2026
 0.0  0.0 grep --color=auto ./cli       1  2176
23.4  4.8 ./cli mmap images/4096x4096   1 394596
24.6  4.8 ./cli mmap images/4096x4096   0 394572
24.6  4.8 ./cli mmap images/4096x4096   0 394612
25.1  4.8 ./cli mmap images/4096x4096   0 394676
26.5  4.8 ./cli mmap images/4096x4096   1 394616
  PID User     Command                         Swap      USS      PSS      RSS 
104117 codespace /usr/bin/python3 /usr/bin/s        0    12108    12331    14604 
103649 codespace ./cli mmap images/4096x4096        0   196708   236063   394572 
103645 codespace ./cli mmap images/4096x4096        0   196708   236065   394596 
103647 codespace ./cli mmap images/4096x4096        0   196708   236066   394612 
103643 codespace ./cli mmap images/4096x4096        0   196708   236068   394676 
103641 codespace ./cli mmap images/4096x4096        0   196712   236070   394616 
%CPU %MEM ARGS Sun Oct  4 21:00:25 UTC 2026
 0.0  0.0 grep --color=auto ./cli       0  2156
23.2  4.8 ./cli mmap images/4096x4096   1 394596
24.4  4.8 ./cli mmap images/4096x4096   0 394572
24.4  4.8 ./cli mmap images/4096x4096   0 394612
24.8  4.8 ./cli mmap images/4096x4096   0 394676
26.7  4.8 ./cli mmap images/4096x4096   0 394616
  PID User     Command                         Swap      USS      PSS      RSS 
104123 codespace /usr/bin/python3 /usr/bin/s        0    12056    12271    14532 
103649 codespace ./cli mmap images/4096x4096        0   196708   236063   394572 
103645 codespace ./cli mmap images/4096x4096        0   196708   236065   394596 
103647 codespace ./cli mmap images/4096x4096        0   196708   236066   394612 
103643 codespace ./cli mmap images/4096x4096        0   196708   236068   394676 
103641 codespace ./cli mmap images/4096x4096        0   196712   236070   394616 
%CPU %MEM ARGS Sun Oct  4 21:00:26 UTC 2026
 0.0  0.0 grep --color=auto ./cli       0  2136
23.1  4.8 ./cli mmap images/4096x4096   0 394596
24.0  4.8 ./cli mmap images/4096x4096   0 394572
24.1  4.8 ./cli mmap images/4096x4096   1 394612
24.5  4.8 ./cli mmap images/4096x4096   0 394676
26.2  4.8 ./cli mmap images/4096x4096   0 394616
  PID User     Command                         Swap      USS      PSS      RSS 
104160 codespace /usr/bin/python3 /usr/bin/s        0    12088    12297    14480 
103649 codespace ./cli mmap images/4096x4096        0   196708   236063   394572 
103645 codespace ./cli mmap images/4096x4096        0   196708   236065   394596 
103647 codespace ./cli mmap images/4096x4096        0   196708   236066   394612 
103643 codespace ./cli mmap images/4096x4096        0   196708   236068   394676 
103641 codespace ./cli mmap images/4096x4096        0   196712   236070   394616 
%CPU %MEM ARGS Sun Oct  4 21:00:27 UTC 2026
 0.0  0.0 grep --color=auto ./cli       1  2176
22.9  4.8 ./cli mmap images/4096x4096   0 394596
23.8  4.8 ./cli mmap images/4096x4096   1 394572
24.3  4.8 ./cli mmap images/4096x4096   1 394676
24.4  4.8 ./cli mmap images/4096x4096   0 394612
26.0  4.8 ./cli mmap images/4096x4096   0 394616
  PID User     Command                         Swap      USS      PSS      RSS 
104166 codespace /usr/bin/python3 /usr/bin/s        0    12096    12302    14500 
103649 codespace ./cli mmap images/4096x4096        0   196708   236063   394572 
103645 codespace ./cli mmap images/4096x4096        0   196708   236065   394596 
103647 codespace ./cli mmap images/4096x4096        0   196708   236066   394612 
103643 codespace ./cli mmap images/4096x4096        0   196708   236068   394676 
103641 codespace ./cli mmap images/4096x4096        0   196712   236070   394616 
%CPU %MEM ARGS Sun Oct  4 21:00:28 UTC 2026
 0.0  0.0 grep --color=auto ./cli       1  2196
22.7  4.8 ./cli mmap images/4096x4096   0 394596
23.9  4.8 ./cli mmap images/4096x4096   0 394572
24.1  4.8 ./cli mmap images/4096x4096   0 394676
24.2  4.8 ./cli mmap images/4096x4096   0 394612
25.7  4.8 ./cli mmap images/4096x4096   0 394616
  PID User     Command                         Swap      USS      PSS      RSS 
104172 codespace /usr/bin/python3 /usr/bin/s        0    12084    12304    14552 
103649 codespace ./cli mmap images/4096x4096        0   196708   236063   394572 
103645 codespace ./cli mmap images/4096x4096        0   196708   236065   394596 
103647 codespace ./cli mmap images/4096x4096        0   196708   236066   394612 
103643 codespace ./cli mmap images/4096x4096        0   196708   236068   394676 
103641 codespace ./cli mmap images/4096x4096        0   196712   236070   394616 
%CPU %MEM ARGS Sun Oct  4 21:00:28 UTC 2026
 0.0  0.0 grep --color=auto ./cli       0  2176
22.7  4.8 ./cli mmap images/4096x4096   0 394596
23.8  4.8 ./cli mmap images/4096x4096   0 394572
24.0  4.8 ./cli mmap images/4096x4096   0 394676
24.0  4.8 ./cli mmap images/4096x4096   0 394612
25.6  4.8 ./cli mmap images/4096x4096   1 394616
  PID User     Command                         Swap      USS      PSS      RSS 
104181 codespace /usr/bin/python3 /usr/bin/s        0    12088    12309    14552 
103649 codespace ./cli mmap images/4096x4096        0   196708   236063   394572 
103645 codespace ./cli mmap images/4096x4096        0   196708   236065   394596 
103647 codespace ./cli mmap images/4096x4096        0   196708   236066   394612 
103643 codespace ./cli mmap images/4096x4096        0   196708   236068   394676 
103641 codespace ./cli mmap images/4096x4096        0   196712   236070   394616 
%CPU %MEM ARGS Sun Oct  4 21:00:29 UTC 2026
 0.0  0.0 grep --color=auto ./cli       0  2192
22.6  4.8 ./cli mmap images/4096x4096   0 394596
23.6  4.8 ./cli mmap images/4096x4096   0 394572
23.8  4.8 ./cli mmap images/4096x4096   0 394676
23.9  4.8 ./cli mmap images/4096x4096   0 394612
25.5  4.8 ./cli mmap images/4096x4096   0 394616
  PID User     Command                         Swap      USS      PSS      RSS 
104189 codespace /usr/bin/python3 /usr/bin/s        0    12112    12328    14648 
103649 codespace ./cli mmap images/4096x4096        0   196708   236063   394572 
103645 codespace ./cli mmap images/4096x4096        0   196708   236065   394596 
103647 codespace ./cli mmap images/4096x4096        0   196708   236066   394612 
103643 codespace ./cli mmap images/4096x4096        0   196708   236068   394676 
103641 codespace ./cli mmap images/4096x4096        0   196712   236070   394616 
%CPU %MEM ARGS Sun Oct  4 21:00:30 UTC 2026
 0.0  0.0 grep --color=auto ./cli       1  2192
22.4  4.8 ./cli mmap images/4096x4096   0 394596
23.4  4.8 ./cli mmap images/4096x4096   0 394572
23.6  4.8 ./cli mmap images/4096x4096   0 394676
23.7  4.8 ./cli mmap images/4096x4096   0 394612
25.5  4.8 ./cli mmap images/4096x4096   1 394616
  PID User     Command                         Swap      USS      PSS      RSS 
104195 codespace /usr/bin/python3 /usr/bin/s        0    12092    12306    14508 
103649 codespace ./cli mmap images/4096x4096        0   196708   236063   394572 
103645 codespace ./cli mmap images/4096x4096        0   196708   236065   394596 
103647 codespace ./cli mmap images/4096x4096        0   196708   236066   394612 
103643 codespace ./cli mmap images/4096x4096        0   196708   236068   394676 
103641 codespace ./cli mmap images/4096x4096        0   196712   236070   394616 
%CPU %MEM ARGS Sun Oct  4 21:00:31 UTC 2026
 0.0  0.0 grep --color=auto ./cli       1  2252
22.2  4.8 ./cli mmap images/4096x4096   0 394596
23.3  4.8 ./cli mmap images/4096x4096   0 394572
23.5  4.8 ./cli mmap images/4096x4096   0 394676
23.7  4.8 ./cli mmap images/4096x4096   0 394612
25.4  4.8 ./cli mmap images/4096x4096   0 394616
  PID User     Command                         Swap      USS      PSS      RSS 
104207 codespace /usr/bin/python3 /usr/bin/s        0    12124    12339    14608 
103649 codespace ./cli mmap images/4096x4096        0   196708   236063   394572 
103645 codespace ./cli mmap images/4096x4096        0   196708   236065   394596 
103647 codespace ./cli mmap images/4096x4096        0   196708   236065   394612 
103643 codespace ./cli mmap images/4096x4096        0   196708   236068   394676 
103641 codespace ./cli mmap images/4096x4096        0   196712   236070   394616 
%CPU %MEM ARGS Sun Oct  4 21:00:32 UTC 2026
 0.0  0.0 grep --color=auto ./cli       0  2344
22.2  4.8 ./cli mmap images/4096x4096   0 394596
23.2  4.8 ./cli mmap images/4096x4096   1 394572
23.4  4.8 ./cli mmap images/4096x4096   1 394676
23.6  4.8 ./cli mmap images/4096x4096   1 394612
25.1  4.8 ./cli mmap images/4096x4096   0 394616
  PID User     Command                         Swap      USS      PSS      RSS 
104217 codespace /usr/bin/python3 /usr/bin/s        0    12136    12358    14628 
103649 codespace ./cli mmap images/4096x4096        0   196708   236063   394572 
103645 codespace ./cli mmap images/4096x4096        0   196708   236065   394596 
103647 codespace ./cli mmap images/4096x4096        0   196708   236066   394612 
103643 codespace ./cli mmap images/4096x4096        0   196708   236068   394676 
103641 codespace ./cli mmap images/4096x4096        0   196712   236070   394616 
%CPU %MEM ARGS Sun Oct  4 21:00:33 UTC 2026
 0.0  0.0 grep --color=auto ./cli       0  2192
22.0  4.8 ./cli mmap images/4096x4096   0 394596
23.0  4.8 ./cli mmap images/4096x4096   1 394572
23.2  4.8 ./cli mmap images/4096x4096   0 394676
23.4  4.8 ./cli mmap images/4096x4096   0 394612
24.9  4.8 ./cli mmap images/4096x4096   1 394616
  PID User     Command                         Swap      USS      PSS      RSS 
104225 codespace /usr/bin/python3 /usr/bin/s        0    12084    12303    14568 
103649 codespace ./cli mmap images/4096x4096        0   196708   236063   394572 
103645 codespace ./cli mmap images/4096x4096        0   196708   236065   394596 
103647 codespace ./cli mmap images/4096x4096        0   196708   236065   394612 
103643 codespace ./cli mmap images/4096x4096        0   196708   236068   394676 
103641 codespace ./cli mmap images/4096x4096        0   196712   236070   394616 
%CPU %MEM ARGS Sun Oct  4 21:00:34 UTC 2026
 0.0  0.0 grep --color=auto ./cli       1  2184
21.9  4.8 ./cli mmap images/4096x4096   0 394596
22.9  4.8 ./cli mmap images/4096x4096   0 394572
23.0  4.8 ./cli mmap images/4096x4096   0 394676
23.3  4.8 ./cli mmap images/4096x4096   0 394612
25.1  4.8 ./cli mmap images/4096x4096   1 394616
  PID User     Command                         Swap      USS      PSS      RSS 
104231 codespace /usr/bin/python3 /usr/bin/s        0    12100    12317    14516 
103649 codespace ./cli mmap images/4096x4096        0   196708   236063   394572 
103645 codespace ./cli mmap images/4096x4096        0   196708   236065   394596 
103647 codespace ./cli mmap images/4096x4096        0   196708   236065   394612 
103643 codespace ./cli mmap images/4096x4096        0   196708   236068   394676 
103641 codespace ./cli mmap images/4096x4096        0   196712   236070   394616 
%CPU %MEM ARGS Sun Oct  4 21:00:35 UTC 2026
 0.0  0.0 grep --color=auto ./cli       0  2196
21.9  4.8 ./cli mmap images/4096x4096   0 394596
22.9  4.8 ./cli mmap images/4096x4096   1 394572
23.0  4.8 ./cli mmap images/4096x4096   1 394676
23.1  4.8 ./cli mmap images/4096x4096   0 394612
24.9  4.8 ./cli mmap images/4096x4096   1 394616
  PID User     Command                         Swap      USS      PSS      RSS 
104237 codespace /usr/bin/python3 /usr/bin/s        0    12092    12300    14504 
103649 codespace ./cli mmap images/4096x4096        0   196708   236063   394572 
103645 codespace ./cli mmap images/4096x4096        0   196708   236065   394596 
103647 codespace ./cli mmap images/4096x4096        0   196708   236066   394612 
103643 codespace ./cli mmap images/4096x4096        0   196708   236068   394676 
103641 codespace ./cli mmap images/4096x4096        0   196712   236070   394616 
%CPU %MEM ARGS Sun Oct  4 21:00:36 UTC 2026
 0.0  0.0 grep --color=auto ./cli       0  2168
21.7  4.8 ./cli mmap images/4096x4096   0 394596
22.8  4.8 ./cli mmap images/4096x4096   0 394676
22.9  4.8 ./cli mmap images/4096x4096   1 394572
23.0  4.8 ./cli mmap images/4096x4096   1 394612
24.7  4.8 ./cli mmap images/4096x4096   1 394616
  PID User     Command                         Swap      USS      PSS      RSS 
104258 codespace /usr/bin/python3 /usr/bin/s        0    12092    12302    14504 
103649 codespace ./cli mmap images/4096x4096        0   196708   236063   394572 
103645 codespace ./cli mmap images/4096x4096        0   196708   236065   394596 
103647 codespace ./cli mmap images/4096x4096        0   196708   236065   394612 
103643 codespace ./cli mmap images/4096x4096        0   196708   236068   394676 
103641 codespace ./cli mmap images/4096x4096        0   196712   236070   394616 
%CPU %MEM ARGS Sun Oct  4 21:00:37 UTC 2026
 0.0  0.0 grep --color=auto ./cli       1  2132
21.8  4.8 ./cli mmap images/4096x4096   1 394596
22.6  4.8 ./cli mmap images/4096x4096   1 394676
22.8  4.8 ./cli mmap images/4096x4096   1 394572
22.8  4.8 ./cli mmap images/4096x4096   1 394612
24.5  4.8 ./cli mmap images/4096x4096   1 394616
  PID User     Command                         Swap      USS      PSS      RSS 
104277 codespace /usr/bin/python3 /usr/bin/s        0    12100    12318    14548 
103649 codespace ./cli mmap images/4096x4096        0   196708   236063   394572 
103645 codespace ./cli mmap images/4096x4096        0   196708   236065   394596 
103647 codespace ./cli mmap images/4096x4096        0   196708   236066   394612 
103643 codespace ./cli mmap images/4096x4096        0   196708   236068   394676 
103641 codespace ./cli mmap images/4096x4096        0   196712   236070   394616 
%CPU %MEM ARGS Sun Oct  4 21:00:38 UTC 2026
 0.0  0.0 grep --color=auto ./cli       1  2340
21.7  4.8 ./cli mmap images/4096x4096   0 394596
22.5  4.8 ./cli mmap images/4096x4096   0 394676
22.7  4.8 ./cli mmap images/4096x4096   0 394572
22.8  4.8 ./cli mmap images/4096x4096   1 394612
24.4  4.8 ./cli mmap images/4096x4096   0 394616
  PID User     Command                         Swap      USS      PSS      RSS 
104283 codespace /usr/bin/python3 /usr/bin/s        0    12088    12305    14504 
103649 codespace ./cli mmap images/4096x4096        0   196708   236063   394572 
103645 codespace ./cli mmap images/4096x4096        0   196708   236065   394596 
103647 codespace ./cli mmap images/4096x4096        0   196708   236066   394612 
103643 codespace ./cli mmap images/4096x4096        0   196708   236068   394676 
103641 codespace ./cli mmap images/4096x4096        0   196712   236070   394616 
%CPU %MEM ARGS Sun Oct  4 21:00:39 UTC 2026
 0.0  0.0 grep --color=auto ./cli       1  2160
21.6  4.8 ./cli mmap images/4096x4096   0 394596
22.4  4.8 ./cli mmap images/4096x4096   0 394676
22.6  4.8 ./cli mmap images/4096x4096   0 394572
22.8  4.8 ./cli mmap images/4096x4096   0 394612
24.3  4.8 ./cli mmap images/4096x4096   0 394616
  PID User     Command                         Swap      USS      PSS      RSS 
104288 codespace /usr/bin/python3 /usr/bin/s        0    12088    12306    14540 
103649 codespace ./cli mmap images/4096x4096        0   196708   236063   394572 
103645 codespace ./cli mmap images/4096x4096        0   196708   236065   394596 
103647 codespace ./cli mmap images/4096x4096        0   196708   236066   394612 
103643 codespace ./cli mmap images/4096x4096        0   196708   236068   394676 
103641 codespace ./cli mmap images/4096x4096        0   196712   236070   394616 
%CPU %MEM ARGS Sun Oct  4 21:00:39 UTC 2026
 0.0  0.0 grep --color=auto ./cli       1  2184
21.6  4.8 ./cli mmap images/4096x4096   0 394596
22.4  4.8 ./cli mmap images/4096x4096   0 394676
22.5  4.8 ./cli mmap images/4096x4096   0 394572
22.7  4.8 ./cli mmap images/4096x4096   0 394612
24.2  4.8 ./cli mmap images/4096x4096   0 394616
  PID User     Command                         Swap      USS      PSS      RSS 
104294 codespace /usr/bin/python3 /usr/bin/s        0    12092    12310    14544 
103649 codespace ./cli mmap images/4096x4096        0   196708   236063   394572 
103645 codespace ./cli mmap images/4096x4096        0   196708   236065   394596 
103647 codespace ./cli mmap images/4096x4096        0   196708   236066   394612 
103643 codespace ./cli mmap images/4096x4096        0   196708   236068   394676 
103641 codespace ./cli mmap images/4096x4096        0   196712   236070   394616 
%CPU %MEM ARGS Sun Oct  4 21:00:40 UTC 2026
 0.0  0.0 grep --color=auto ./cli       0  2340
21.5  4.8 ./cli mmap images/4096x4096   0 394596
22.3  4.8 ./cli mmap images/4096x4096   0 394676
22.4  4.8 ./cli mmap images/4096x4096   0 394572
22.6  4.8 ./cli mmap images/4096x4096   0 394612
24.1  4.8 ./cli mmap images/4096x4096   1 394616
  PID User     Command                         Swap      USS      PSS      RSS 
104303 codespace /usr/bin/python3 /usr/bin/s        0    12088    12304    14504 
103649 codespace ./cli mmap images/4096x4096        0   196708   236063   394572 
103645 codespace ./cli mmap images/4096x4096        0   196708   236065   394596 
103647 codespace ./cli mmap images/4096x4096        0   196708   236066   394612 
103643 codespace ./cli mmap images/4096x4096        0   196708   236068   394676 
103641 codespace ./cli mmap images/4096x4096        0   196712   236070   394616 
%CPU %MEM ARGS Sun Oct  4 21:00:41 UTC 2026
 0.0  0.0 grep --color=auto ./cli       1  2176
21.5  4.8 ./cli mmap images/4096x4096   0 394596
22.2  4.8 ./cli mmap images/4096x4096   1 394676
22.4  4.8 ./cli mmap images/4096x4096   1 394572
22.6  4.8 ./cli mmap images/4096x4096   1 394612
24.1  4.8 ./cli mmap images/4096x4096   0 394616
  PID User     Command                         Swap      USS      PSS      RSS 
104311 codespace /usr/bin/python3 /usr/bin/s        0    12104    12324    14584 
103649 codespace ./cli mmap images/4096x4096        0   196708   236063   394572 
103645 codespace ./cli mmap images/4096x4096        0   196708   236065   394596 
103647 codespace ./cli mmap images/4096x4096        0   196708   236066   394612 
103643 codespace ./cli mmap images/4096x4096        0   196708   236068   394676 
103641 codespace ./cli mmap images/4096x4096        0   196712   236070   394616 
%CPU %MEM ARGS Sun Oct  4 21:00:42 UTC 2026
 0.0  0.0 grep --color=auto ./cli       1  2172
21.5  4.8 ./cli mmap images/4096x4096   0 394596
22.2  4.8 ./cli mmap images/4096x4096   1 394676
22.3  4.8 ./cli mmap images/4096x4096   1 394572
22.4  4.8 ./cli mmap images/4096x4096   1 394612
24.1  4.8 ./cli mmap images/4096x4096   1 394616
  PID User     Command                         Swap      USS      PSS      RSS 
104317 codespace /usr/bin/python3 /usr/bin/s        0    12092    12309    14508 
103649 codespace ./cli mmap images/4096x4096        0   196708   236063   394572 
103645 codespace ./cli mmap images/4096x4096        0   196708   236065   394596 
103647 codespace ./cli mmap images/4096x4096        0   196708   236065   394612 
103643 codespace ./cli mmap images/4096x4096        0   196708   236068   394676 
103641 codespace ./cli mmap images/4096x4096        0   196712   236070   394616 
%CPU %MEM ARGS Sun Oct  4 21:00:43 UTC 2026
 0.0  0.0 grep --color=auto ./cli       0  2252
21.4  4.8 ./cli mmap images/4096x4096   1 394596
22.1  4.8 ./cli mmap images/4096x4096   0 394572
22.2  4.8 ./cli mmap images/4096x4096   1 394676
22.3  4.8 ./cli mmap images/4096x4096   1 394612
24.0  4.8 ./cli mmap images/4096x4096   1 394616
  PID User     Command                         Swap      USS      PSS      RSS 
104329 codespace /usr/bin/python3 /usr/bin/s        0    12096    12312    14540 
103649 codespace ./cli mmap images/4096x4096        0   196708   236063   394572 
103645 codespace ./cli mmap images/4096x4096        0   196708   236065   394596 
103647 codespace ./cli mmap images/4096x4096        0   196708   236066   394612 
103643 codespace ./cli mmap images/4096x4096        0   196708   236068   394676 
103641 codespace ./cli mmap images/4096x4096        0   196712   236070   394616 
%CPU %MEM ARGS Sun Oct  4 21:00:44 UTC 2026
 0.0  0.0 grep --color=auto ./cli       0  2252
21.3  4.8 ./cli mmap images/4096x4096   1 394596
22.2  4.8 ./cli mmap images/4096x4096   0 394572
22.2  4.8 ./cli mmap images/4096x4096   1 394676
22.2  4.8 ./cli mmap images/4096x4096   1 394612
24.0  4.8 ./cli mmap images/4096x4096   1 394616
  PID User     Command                         Swap      USS      PSS      RSS 
104335 codespace /usr/bin/python3 /usr/bin/s        0    12072    12256    14524 
103649 codespace ./cli mmap images/4096x4096        0   196708   236061   394572 
103647 codespace ./cli mmap images/4096x4096        0   196708   236064   394612 
103645 codespace ./cli mmap images/4096x4096        0   196708   236065   394596 
103643 codespace ./cli mmap images/4096x4096        0   196708   236068   394676 
103641 codespace ./cli mmap images/4096x4096        0   196712   236070   394616 
%CPU %MEM ARGS Sun Oct  4 21:00:44 UTC 2026
 0.0  0.0 grep --color=auto ./cli       1  2196
21.3  4.8 ./cli mmap images/4096x4096   1 394596
22.1  4.8 ./cli mmap images/4096x4096   1 394676
22.1  4.8 ./cli mmap images/4096x4096   1 394572
22.1  4.8 ./cli mmap images/4096x4096   1 394612
23.9  4.8 ./cli mmap images/4096x4096   1 394616
  PID User     Command                         Swap      USS      PSS      RSS 
104347 codespace /usr/bin/python3 /usr/bin/s        0    12088    12307    14572 
103649 codespace ./cli mmap images/4096x4096        0   196708   236063   394572 
103645 codespace ./cli mmap images/4096x4096        0   196708   236065   394596 
103647 codespace ./cli mmap images/4096x4096        0   196708   236065   394612 
103643 codespace ./cli mmap images/4096x4096        0   196708   236068   394676 
103641 codespace ./cli mmap images/4096x4096        0   196712   236070   394616 
%CPU %MEM ARGS Sun Oct  4 21:00:45 UTC 2026
 0.0  0.0 grep --color=auto ./cli       1  2176
21.2  4.8 ./cli mmap images/4096x4096   1 394596
22.1  4.8 ./cli mmap images/4096x4096   1 394676
22.1  4.8 ./cli mmap images/4096x4096   1 394612
22.1  4.8 ./cli mmap images/4096x4096   0 394572
23.8  4.8 ./cli mmap images/4096x4096   1 394616
  PID User     Command                         Swap      USS      PSS      RSS 
104352 codespace /usr/bin/python3 /usr/bin/s        0    12092    12308    14504 
103649 codespace ./cli mmap images/4096x4096        0   196708   236063   394572 
103645 codespace ./cli mmap images/4096x4096        0   196708   236065   394596 
103647 codespace ./cli mmap images/4096x4096        0   196708   236066   394612 
103643 codespace ./cli mmap images/4096x4096        0   196708   236068   394676 
103641 codespace ./cli mmap images/4096x4096        0   196712   236070   394616 
%CPU %MEM ARGS Sun Oct  4 21:00:46 UTC 2026
 0.0  0.0 grep --color=auto ./cli       1  2156
21.2  4.8 ./cli mmap images/4096x4096   1 394596
22.0  4.8 ./cli mmap images/4096x4096   1 394676
22.0  4.8 ./cli mmap images/4096x4096   1 394612
22.3  4.8 ./cli mmap images/4096x4096   0 394572
23.7  4.8 ./cli mmap images/4096x4096   1 394616
  PID User     Command                         Swap      USS      PSS      RSS 
104358 codespace /usr/bin/python3 /usr/bin/s        0    12096    12292    14576 
103649 codespace ./cli mmap images/4096x4096        0   196708   236062   394572 
103645 codespace ./cli mmap images/4096x4096        0   196708   236065   394596 
103647 codespace ./cli mmap images/4096x4096        0   196708   236066   394612 
103643 codespace ./cli mmap images/4096x4096        0   196708   236068   394676 
103641 codespace ./cli mmap images/4096x4096        0   196712   236070   394616 
%CPU %MEM ARGS Sun Oct  4 21:00:47 UTC 2026
 0.0  0.0 grep --color=auto ./cli       1  2160
21.1  4.8 ./cli mmap images/4096x4096   0 394596
21.9  4.8 ./cli mmap images/4096x4096   1 394612
21.9  4.8 ./cli mmap images/4096x4096   0 394676
22.4  4.8 ./cli mmap images/4096x4096   1 394572
23.5  4.8 ./cli mmap images/4096x4096   0 394616
  PID User     Command                         Swap      USS      PSS      RSS 
104381 codespace /usr/bin/python3 /usr/bin/s        0    12092    12287    14552 
103649 codespace ./cli mmap images/4096x4096        0   196708   236062   394572 
103645 codespace ./cli mmap images/4096x4096        0   196708   236064   394596 
103647 codespace ./cli mmap images/4096x4096        0   196708   236065   394612 
103643 codespace ./cli mmap images/4096x4096        0   196708   236068   394676 
103641 codespace ./cli mmap images/4096x4096        0   196712   236070   394616 
%CPU %MEM ARGS Sun Oct  4 21:00:48 UTC 2026
 0.0  0.0 grep --color=auto ./cli       0  2344
21.0  4.8 ./cli mmap images/4096x4096   0 394596
21.7  4.8 ./cli mmap images/4096x4096   0 394612
21.9  4.8 ./cli mmap images/4096x4096   1 394676
22.4  4.8 ./cli mmap images/4096x4096   0 394572
23.4  4.8 ./cli mmap images/4096x4096   0 394616
  PID User     Command                         Swap      USS      PSS      RSS 
104397 codespace /usr/bin/python3 /usr/bin/s        0    12100    12315    14516 
103645 codespace ./cli mmap images/4096x4096        0   196708   236063   394596 
103649 codespace ./cli mmap images/4096x4096        0   196708   236063   394572 
103643 codespace ./cli mmap images/4096x4096        0   196708   236066   394676 
103647 codespace ./cli mmap images/4096x4096        0   196708   236066   394612 
103641 codespace ./cli mmap images/4096x4096        0   196712   236068   394616 
%CPU %MEM ARGS Sun Oct  4 21:00:49 UTC 2026
 0.0  0.0 grep --color=auto ./cli       1  2308
20.9  4.8 ./cli mmap images/4096x4096   0 394596
21.7  4.8 ./cli mmap images/4096x4096   1 394612
21.8  4.8 ./cli mmap images/4096x4096   0 394676
22.3  4.8 ./cli mmap images/4096x4096   0 394572
23.3  4.8 ./cli mmap images/4096x4096   0 394616
  PID User     Command                         Swap      USS      PSS      RSS 
104405 codespace /usr/bin/python3 /usr/bin/s        0    12088    12307    14572 
103649 codespace ./cli mmap images/4096x4096        0   196708   236063   394572 
103645 codespace ./cli mmap images/4096x4096        0   196708   236065   394596 
103647 codespace ./cli mmap images/4096x4096        0   196708   236066   394612 
103643 codespace ./cli mmap images/4096x4096        0   196708   236068   394676 
103641 codespace ./cli mmap images/4096x4096        0   196712   236070   394616 
%CPU %MEM ARGS Sun Oct  4 21:00:50 UTC 2026
 0.0  0.0 grep --color=auto ./cli       0  2252
20.8  4.8 ./cli mmap images/4096x4096   0 394596
21.8  4.8 ./cli mmap images/4096x4096   0 394676
21.9  4.8 ./cli mmap images/4096x4096   1 394612
22.2  4.8 ./cli mmap images/4096x4096   0 394572
23.2  4.8 ./cli mmap images/4096x4096   0 394616
  PID User     Command                         Swap      USS      PSS      RSS 
104411 codespace /usr/bin/python3 /usr/bin/s        0    12100    12317    14576 
103649 codespace ./cli mmap images/4096x4096        0   196708   236063   394572 
103645 codespace ./cli mmap images/4096x4096        0   196708   236065   394596 
103647 codespace ./cli mmap images/4096x4096        0   196708   236065   394612 
103643 codespace ./cli mmap images/4096x4096        0   196708   236068   394676 
103641 codespace ./cli mmap images/4096x4096        0   196712   236070   394616 
%CPU %MEM ARGS Sun Oct  4 21:00:51 UTC 2026
 0.0  0.0 grep --color=auto ./cli       1  2164
20.8  4.8 ./cli mmap images/4096x4096   0 394596
21.7  4.8 ./cli mmap images/4096x4096   0 394676
21.9  4.8 ./cli mmap images/4096x4096   0 394612
22.2  4.8 ./cli mmap images/4096x4096   0 394572
23.3  4.8 ./cli mmap images/4096x4096   1 394616
  PID User     Command                         Swap      USS      PSS      RSS 
104417 codespace /usr/bin/python3 /usr/bin/s        0    12092    12304    14540 
103649 codespace ./cli mmap images/4096x4096        0   196708   236063   394572 
103645 codespace ./cli mmap images/4096x4096        0   196708   236065   394596 
103647 codespace ./cli mmap images/4096x4096        0   196708   236066   394612 
103643 codespace ./cli mmap images/4096x4096        0   196708   236068   394676 
103641 codespace ./cli mmap images/4096x4096        0   196712   236070   394616 
%CPU %MEM ARGS Sun Oct  4 21:00:52 UTC 2026
 0.0  0.0 grep --color=auto ./cli       1  2172
21.0  4.8 ./cli mmap images/4096x4096   0 394596
21.6  4.8 ./cli mmap images/4096x4096   1 394676
21.8  4.8 ./cli mmap images/4096x4096   0 394612
22.1  4.8 ./cli mmap images/4096x4096   0 394572
23.2  4.8 ./cli mmap images/4096x4096   0 394616
  PID User     Command                         Swap      USS      PSS      RSS 
104423 codespace /usr/bin/python3 /usr/bin/s        0    12068    12285    14580 
103649 codespace ./cli mmap images/4096x4096        0   196708   236063   394572 
103645 codespace ./cli mmap images/4096x4096        0   196708   236065   394596 
103647 codespace ./cli mmap images/4096x4096        0   196708   236066   394612 
103643 codespace ./cli mmap images/4096x4096        0   196708   236068   394676 
103641 codespace ./cli mmap images/4096x4096        0   196712   236070   394616 
%CPU %MEM ARGS Sun Oct  4 21:00:52 UTC 2026
 0.0  0.0 grep --color=auto ./cli       1  2192
21.0  4.8 ./cli mmap images/4096x4096   1 394596
21.6  4.8 ./cli mmap images/4096x4096   0 394676
21.7  4.8 ./cli mmap images/4096x4096   0 394612
22.0  4.8 ./cli mmap images/4096x4096   0 394572
23.1  4.8 ./cli mmap images/4096x4096   0 394616
  PID User     Command                         Swap      USS      PSS      RSS 
104432 codespace /usr/bin/python3 /usr/bin/s        0    12112    12330    14528 
103649 codespace ./cli mmap images/4096x4096        0   196708   236063   394572 
103645 codespace ./cli mmap images/4096x4096        0   196708   236065   394596 
103647 codespace ./cli mmap images/4096x4096        0   196708   236066   394612 
103643 codespace ./cli mmap images/4096x4096        0   196708   236068   394676 
103641 codespace ./cli mmap images/4096x4096        0   196712   236070   394616 
%CPU %MEM ARGS Sun Oct  4 21:00:53 UTC 2026
 0.0  0.0 grep --color=auto ./cli       1  2308
21.0  4.8 ./cli mmap images/4096x4096   0 394596
21.5  4.8 ./cli mmap images/4096x4096   0 394676
21.7  4.8 ./cli mmap images/4096x4096   0 394612
21.9  4.8 ./cli mmap images/4096x4096   0 394572
23.0  4.8 ./cli mmap images/4096x4096   0 394616
  PID User     Command                         Swap      USS      PSS      RSS 
104441 codespace /usr/bin/python3 /usr/bin/s        0    12092    12306    14508 
103649 codespace ./cli mmap images/4096x4096        0   196708   236063   394572 
103645 codespace ./cli mmap images/4096x4096        0   196708   236065   394596 
103647 codespace ./cli mmap images/4096x4096        0   196708   236066   394612 
103643 codespace ./cli mmap images/4096x4096        0   196708   236068   394676 
103641 codespace ./cli mmap images/4096x4096        0   196712   236070   394616 
%CPU %MEM ARGS Sun Oct  4 21:00:54 UTC 2026
 0.0  0.0 grep --color=auto ./cli       0  2288
20.9  4.8 ./cli mmap images/4096x4096   0 394596
21.5  4.8 ./cli mmap images/4096x4096   1 394676
21.6  4.8 ./cli mmap images/4096x4096   0 394612
21.9  4.8 ./cli mmap images/4096x4096   0 394572
23.0  4.8 ./cli mmap images/4096x4096   0 394616
  PID User     Command                         Swap      USS      PSS      RSS 
104452 codespace /usr/bin/python3 /usr/bin/s        0    12068    12288    14552 
103649 codespace ./cli mmap images/4096x4096        0   196708   236063   394572 
103645 codespace ./cli mmap images/4096x4096        0   196708   236065   394596 
103647 codespace ./cli mmap images/4096x4096        0   196708   236066   394612 
103643 codespace ./cli mmap images/4096x4096        0   196708   236068   394676 
103641 codespace ./cli mmap images/4096x4096        0   196712   236070   394616 
%CPU %MEM ARGS Sun Oct  4 21:00:55 UTC 2026
 0.0  0.0 grep --color=auto ./cli       0  2296
20.9  4.8 ./cli mmap images/4096x4096   0 394596
21.5  4.8 ./cli mmap images/4096x4096   1 394612
21.6  4.8 ./cli mmap images/4096x4096   1 394676
21.8  4.8 ./cli mmap images/4096x4096   0 394572
22.9  4.8 ./cli mmap images/4096x4096   0 394616
  PID User     Command                         Swap      USS      PSS      RSS 
104458 codespace /usr/bin/python3 /usr/bin/s        0    12092    12309    14504 
103649 codespace ./cli mmap images/4096x4096        0   196708   236063   394572 
103645 codespace ./cli mmap images/4096x4096        0   196708   236065   394596 
103647 codespace ./cli mmap images/4096x4096        0   196708   236065   394612 
103643 codespace ./cli mmap images/4096x4096        0   196708   236068   394676 
103641 codespace ./cli mmap images/4096x4096        0   196712   236070   394616 
%CPU %MEM ARGS Sun Oct  4 21:00:56 UTC 2026
 0.0  0.0 grep --color=auto ./cli       0  2176
20.8  4.8 ./cli mmap images/4096x4096   0 394596
21.6  4.8 ./cli mmap images/4096x4096   0 394676
21.7  4.8 ./cli mmap images/4096x4096   1 394612
21.8  4.8 ./cli mmap images/4096x4096   0 394572
22.8  4.8 ./cli mmap images/4096x4096   0 394616
  PID User     Command                         Swap      USS      PSS      RSS 
104464 codespace /usr/bin/python3 /usr/bin/s        0    12092    12307    14504 
103645 codespace ./cli mmap images/4096x4096        0   196708   236063   394596 
103649 codespace ./cli mmap images/4096x4096        0   196708   236063   394572 
103647 codespace ./cli mmap images/4096x4096        0   196708   236066   394612 
103643 codespace ./cli mmap images/4096x4096        0   196708   236068   394676 
103641 codespace ./cli mmap images/4096x4096        0   196712   236070   394616 
%CPU %MEM ARGS Sun Oct  4 21:00:57 UTC 2026
 0.0  0.0 grep --color=auto ./cli       1  2160
20.7  4.8 ./cli mmap images/4096x4096   1 394596
21.5  4.8 ./cli mmap images/4096x4096   1 394676
21.6  4.8 ./cli mmap images/4096x4096   1 394612
21.6  4.8 ./cli mmap images/4096x4096   1 394572
22.6  4.8 ./cli mmap images/4096x4096   1 394616
  PID User     Command                         Swap      USS      PSS      RSS 
104488 codespace /usr/bin/python3 /usr/bin/s        0    12092    12309    14508 
103649 codespace ./cli mmap images/4096x4096        0   196708   236063   394572 
103645 codespace ./cli mmap images/4096x4096        0   196708   236065   394596 
103647 codespace ./cli mmap images/4096x4096        0   196708   236065   394612 
103643 codespace ./cli mmap images/4096x4096        0   196708   236068   394676 
103641 codespace ./cli mmap images/4096x4096        0   196712   236070   394616 
%CPU %MEM ARGS Sun Oct  4 21:00:58 UTC 2026
 0.0  0.0 grep --color=auto ./cli       1  2252
20.6  4.8 ./cli mmap images/4096x4096   0 394596
21.4  4.8 ./cli mmap images/4096x4096   0 394676
21.5  4.8 ./cli mmap images/4096x4096   0 394612
21.8  4.8 ./cli mmap images/4096x4096   0 394572
22.5  4.8 ./cli mmap images/4096x4096   0 394616
  PID User     Command                         Swap      USS      PSS      RSS 
104500 codespace /usr/bin/python3 /usr/bin/s        0    12080    12302    14548 
103649 codespace ./cli mmap images/4096x4096        0   196708   236063   394572 
103645 codespace ./cli mmap images/4096x4096        0   196708   236065   394596 
103647 codespace ./cli mmap images/4096x4096        0   196708   236065   394612 
103643 codespace ./cli mmap images/4096x4096        0   196708   236068   394676 
103641 codespace ./cli mmap images/4096x4096        0   196712   236070   394616 
%CPU %MEM ARGS Sun Oct  4 21:00:59 UTC 2026
 0.0  0.0 grep --color=auto ./cli       0  2208
20.6  4.8 ./cli mmap images/4096x4096   1 394596
21.3  4.8 ./cli mmap images/4096x4096   0 394676
21.5  4.8 ./cli mmap images/4096x4096   1 394612
21.7  4.8 ./cli mmap images/4096x4096   0 394572
22.5  4.8 ./cli mmap images/4096x4096   1 394616
  PID User     Command                         Swap      USS      PSS      RSS 
104506 codespace /usr/bin/python3 /usr/bin/s        0    12104    12311    14540 
103649 codespace ./cli mmap images/4096x4096        0   196708   236063   394572 
103645 codespace ./cli mmap images/4096x4096        0   196708   236065   394596 
103647 codespace ./cli mmap images/4096x4096        0   196708   236065   394612 
103643 codespace ./cli mmap images/4096x4096        0   196708   236068   394676 
103641 codespace ./cli mmap images/4096x4096        0   196712   236070   394616 
%CPU %MEM ARGS Sun Oct  4 21:01:00 UTC 2026
 0.0  0.0 grep --color=auto ./cli       1  2288
20.6  4.8 ./cli mmap images/4096x4096   0 394596
21.3  4.8 ./cli mmap images/4096x4096   0 394676
21.5  4.8 ./cli mmap images/4096x4096   0 394612
21.7  4.8 ./cli mmap images/4096x4096   0 394572
22.4  4.8 ./cli mmap images/4096x4096   0 394616
  PID User     Command                         Swap      USS      PSS      RSS 
104516 codespace /usr/bin/python3 /usr/bin/s        0    12100    12318    14516 
103649 codespace ./cli mmap images/4096x4096        0   196708   236063   394572 
103645 codespace ./cli mmap images/4096x4096        0   196708   236065   394596 
103647 codespace ./cli mmap images/4096x4096        0   196708   236065   394612 
103643 codespace ./cli mmap images/4096x4096        0   196708   236068   394676 
103641 codespace ./cli mmap images/4096x4096        0   196712   236070   394616 
%CPU %MEM ARGS Sun Oct  4 21:01:01 UTC 2026
 0.0  0.0 grep --color=auto ./cli       0  2168
20.6  4.8 ./cli mmap images/4096x4096   0 394596
21.4  4.8 ./cli mmap images/4096x4096   0 394612
21.4  4.8 ./cli mmap images/4096x4096   1 394676
21.6  4.8 ./cli mmap images/4096x4096   0 394572
22.3  4.8 ./cli mmap images/4096x4096   0 394616
  PID User     Command                         Swap      USS      PSS      RSS 
104522 codespace /usr/bin/python3 /usr/bin/s        0    12092    12310    14504 
103649 codespace ./cli mmap images/4096x4096        0   196708   236063   394572 
103645 codespace ./cli mmap images/4096x4096        0   196708   236065   394596 
103647 codespace ./cli mmap images/4096x4096        0   196708   236066   394612 
103641 codespace ./cli mmap images/4096x4096        0   196712   236068   394616 
103643 codespace ./cli mmap images/4096x4096        0   196708   236068   394676 
%CPU %MEM ARGS Sun Oct  4 21:01:02 UTC 2026
 0.0  0.0 grep --color=auto ./cli       0  2164
20.5  4.8 ./cli mmap images/4096x4096   1 394596
21.4  4.8 ./cli mmap images/4096x4096   0 394612
21.5  4.8 ./cli mmap images/4096x4096   1 394676
21.6  4.8 ./cli mmap images/4096x4096   1 394572
22.3  4.8 ./cli mmap images/4096x4096   1 394616
  PID User     Command                         Swap      USS      PSS      RSS 
104534 codespace /usr/bin/python3 /usr/bin/s        0    12112    12323    14548 
103649 codespace ./cli mmap images/4096x4096        0   196708   236063   394572 
103645 codespace ./cli mmap images/4096x4096        0   196708   236065   394596 
103647 codespace ./cli mmap images/4096x4096        0   196708   236066   394612 
103643 codespace ./cli mmap images/4096x4096        0   196708   236068   394676 
103641 codespace ./cli mmap images/4096x4096        0   196712   236070   394616 
%CPU %MEM ARGS Sun Oct  4 21:01:03 UTC 2026
 0.0  0.0 grep --color=auto ./cli       1  2160
20.5  4.8 ./cli mmap images/4096x4096   1 394596
21.4  4.8 ./cli mmap images/4096x4096   1 394612
21.4  4.8 ./cli mmap images/4096x4096   1 394676
21.7  4.8 ./cli mmap images/4096x4096   0 394572
22.2  4.8 ./cli mmap images/4096x4096   1 394616
  PID User     Command                         Swap      USS      PSS      RSS 
104540 codespace /usr/bin/python3 /usr/bin/s        0    12096    12319    14648 
103649 codespace ./cli mmap images/4096x4096        0   196708   236063   394572 
103645 codespace ./cli mmap images/4096x4096        0   196708   236065   394596 
103647 codespace ./cli mmap images/4096x4096        0   196708   236066   394612 
103643 codespace ./cli mmap images/4096x4096        0   196708   236068   394676 
103641 codespace ./cli mmap images/4096x4096        0   196712   236070   394616 
%CPU %MEM ARGS Sun Oct  4 21:01:03 UTC 2026
 0.0  0.0 grep --color=auto ./cli       1  2292
20.5  4.8 ./cli mmap images/4096x4096   0 394596
21.3  4.8 ./cli mmap images/4096x4096   0 394612
21.4  4.8 ./cli mmap images/4096x4096   0 394676
21.7  4.8 ./cli mmap images/4096x4096   0 394572
22.2  4.8 ./cli mmap images/4096x4096   1 394616
  PID User     Command                         Swap      USS      PSS      RSS 
104546 codespace /usr/bin/python3 /usr/bin/s        0    12088    12309    14572 
103649 codespace ./cli mmap images/4096x4096        0   196708   236063   394572 
103645 codespace ./cli mmap images/4096x4096        0   196708   236065   394596 
103647 codespace ./cli mmap images/4096x4096        0   196708   236066   394612 
103643 codespace ./cli mmap images/4096x4096        0   196708   236068   394676 
103641 codespace ./cli mmap images/4096x4096        0   196712   236070   394616 
%CPU %MEM ARGS Sun Oct  4 21:01:04 UTC 2026
 0.0  0.0 grep --color=auto ./cli       0  2168
20.4  4.8 ./cli mmap images/4096x4096   0 394596
21.3  4.8 ./cli mmap images/4096x4096   0 394612
21.3  4.8 ./cli mmap images/4096x4096   0 394676
21.6  4.8 ./cli mmap images/4096x4096   0 394572
22.3  4.8 ./cli mmap images/4096x4096   0 394616
  PID User     Command                         Swap      USS      PSS      RSS 
104552 codespace /usr/bin/python3 /usr/bin/s        0    12100    12317    14516 
103649 codespace ./cli mmap images/4096x4096        0   196708   236063   394572 
103645 codespace ./cli mmap images/4096x4096        0   196708   236065   394596 
103647 codespace ./cli mmap images/4096x4096        0   196708   236065   394612 
103643 codespace ./cli mmap images/4096x4096        0   196708   236068   394676 
103641 codespace ./cli mmap images/4096x4096        0   196712   236070   394616 
%CPU %MEM ARGS Sun Oct  4 21:01:06 UTC 2026
 0.0  0.0 grep --color=auto ./cli       1  2288
20.3  4.8 ./cli mmap images/4096x4096   1 394596
21.2  4.8 ./cli mmap images/4096x4096   1 394612
21.3  4.8 ./cli mmap images/4096x4096   1 394676
21.6  4.8 ./cli mmap images/4096x4096   1 394572
22.3  4.8 ./cli mmap images/4096x4096   0 394616
  PID User     Command                         Swap      USS      PSS      RSS 
104567 codespace /usr/bin/python3 /usr/bin/s        0    12100    12318    14516 
103649 codespace ./cli mmap images/4096x4096        0   196708   236063   394572 
103645 codespace ./cli mmap images/4096x4096        0   196708   236064   394596 
103647 codespace ./cli mmap images/4096x4096        0   196708   236065   394612 
103643 codespace ./cli mmap images/4096x4096        0   196708   236066   394676 
103641 codespace ./cli mmap images/4096x4096        0   196712   236069   394616 
%CPU %MEM ARGS Sun Oct  4 21:01:07 UTC 2026
 0.0  0.0 grep --color=auto ./cli       1  2248
20.3  4.8 ./cli mmap images/4096x4096   0 394596
21.1  4.8 ./cli mmap images/4096x4096   1 394612
21.2  4.8 ./cli mmap images/4096x4096   0 394676
21.5  4.8 ./cli mmap images/4096x4096   0 394572
22.3  4.8 ./cli mmap images/4096x4096   0 394616
  PID User     Command                         Swap      USS      PSS      RSS 
104583 codespace /usr/bin/python3 /usr/bin/s        0    12116    12347    14628 
103649 codespace ./cli mmap images/4096x4096        0   196708   236063   394572 
103645 codespace ./cli mmap images/4096x4096        0   196708   236065   394596 
103647 codespace ./cli mmap images/4096x4096        0   196708   236066   394612 
103643 codespace ./cli mmap images/4096x4096        0   196708   236068   394676 
103641 codespace ./cli mmap images/4096x4096        0   196712   236070   394616 
%CPU %MEM ARGS Sun Oct  4 21:01:08 UTC 2026
 0.0  0.0 grep --color=auto ./cli       0  2304
20.2  4.8 ./cli mmap images/4096x4096   1 394596
21.1  4.8 ./cli mmap images/4096x4096   1 394612
21.2  4.8 ./cli mmap images/4096x4096   1 394676
21.4  4.8 ./cli mmap images/4096x4096   1 394572
22.3  4.8 ./cli mmap images/4096x4096   0 394616
  PID User     Command                         Swap      USS      PSS      RSS 
104595 codespace /usr/bin/python3 /usr/bin/s        0    12096    12309    14540 
103649 codespace ./cli mmap images/4096x4096        0   196708   236063   394572 
103645 codespace ./cli mmap images/4096x4096        0   196708   236065   394596 
103647 codespace ./cli mmap images/4096x4096        0   196708   236066   394612 
103643 codespace ./cli mmap images/4096x4096        0   196708   236068   394676 
103641 codespace ./cli mmap images/4096x4096        0   196712   236070   394616 
%CPU %MEM ARGS Sun Oct  4 21:01:08 UTC 2026
 0.0  0.0 grep --color=auto ./cli       1  2340
20.2  4.8 ./cli mmap images/4096x4096   1 394596
21.1  4.8 ./cli mmap images/4096x4096   1 394612
21.1  4.8 ./cli mmap images/4096x4096   1 394676
21.4  4.8 ./cli mmap images/4096x4096   0 394572
22.2  4.8 ./cli mmap images/4096x4096   1 394616
  PID User     Command                         Swap      USS      PSS      RSS 
104614 codespace /usr/bin/python3 /usr/bin/s        0    12100    12317    14516 
103649 codespace ./cli mmap images/4096x4096        0   196708   236063   394572 
103645 codespace ./cli mmap images/4096x4096        0   196708   236065   394596 
103647 codespace ./cli mmap images/4096x4096        0   196708   236065   394612 
103643 codespace ./cli mmap images/4096x4096        0   196708   236068   394676 
103641 codespace ./cli mmap images/4096x4096        0   196712   236070   394616 
%CPU %MEM ARGS Sun Oct  4 21:01:09 UTC 2026
 0.0  0.0 grep --color=auto ./cli       1  2156
20.1  4.8 ./cli mmap images/4096x4096   1 394596
21.0  4.8 ./cli mmap images/4096x4096   1 394612
21.1  4.8 ./cli mmap images/4096x4096   1 394676
21.4  4.8 ./cli mmap images/4096x4096   0 394572
22.2  4.8 ./cli mmap images/4096x4096   1 394616
  PID User     Command                         Swap      USS      PSS      RSS 
104620 codespace /usr/bin/python3 /usr/bin/s        0    12104    12326    14648 
103649 codespace ./cli mmap images/4096x4096        0   196708   236063   394572 
103645 codespace ./cli mmap images/4096x4096        0   196708   236065   394596 
103647 codespace ./cli mmap images/4096x4096        0   196708   236066   394612 
103643 codespace ./cli mmap images/4096x4096        0   196708   236068   394676 
103641 codespace ./cli mmap images/4096x4096        0   196712   236070   394616 
%CPU %MEM ARGS Sun Oct  4 21:01:10 UTC 2026
 0.0  0.0 grep --color=auto ./cli       0  2192
20.3  4.8 ./cli mmap images/4096x4096   0 394596
21.0  4.8 ./cli mmap images/4096x4096   1 394612
21.0  4.8 ./cli mmap images/4096x4096   1 394676
21.3  4.8 ./cli mmap images/4096x4096   0 394572
22.2  4.8 ./cli mmap images/4096x4096   1 394616
  PID User     Command                         Swap      USS      PSS      RSS 
104631 codespace /usr/bin/python3 /usr/bin/s        0    12104    12323    14580 
103649 codespace ./cli mmap images/4096x4096        0   196708   236061   394572 
103647 codespace ./cli mmap images/4096x4096        0   196708   236064   394612 
103645 codespace ./cli mmap images/4096x4096        0   196708   236065   394596 
103643 codespace ./cli mmap images/4096x4096        0   196708   236068   394676 
103641 codespace ./cli mmap images/4096x4096        0   196712   236070   394616 
%CPU %MEM ARGS Sun Oct  4 21:01:11 UTC 2026
 0.0  0.0 grep --color=auto ./cli       1  2344
20.2  4.8 ./cli mmap images/4096x4096   1 394596
20.9  4.8 ./cli mmap images/4096x4096   1 394612
20.9  4.8 ./cli mmap images/4096x4096   0 394676
21.2  4.8 ./cli mmap images/4096x4096   1 394572
22.2  4.8 ./cli mmap images/4096x4096   1 394616
  PID User     Command                         Swap      USS      PSS      RSS 
104649 codespace /usr/bin/python3 /usr/bin/s        0    12092    12301    14504 
103649 codespace ./cli mmap images/4096x4096        0   196708   236063   394572 
103645 codespace ./cli mmap images/4096x4096        0   196708   236065   394596 
103647 codespace ./cli mmap images/4096x4096        0   196708   236066   394612 
103643 codespace ./cli mmap images/4096x4096        0   196708   236068   394676 
103641 codespace ./cli mmap images/4096x4096        0   196712   236070   394616 
%CPU %MEM ARGS Sun Oct  4 21:01:12 UTC 2026
 0.0  0.0 grep --color=auto ./cli       1  2164
20.2  4.8 ./cli mmap images/4096x4096   1 394596
20.8  4.8 ./cli mmap images/4096x4096   1 394612
21.0  4.8 ./cli mmap images/4096x4096   0 394676
21.2  4.8 ./cli mmap images/4096x4096   1 394572
22.2  4.8 ./cli mmap images/4096x4096   1 394616
  PID User     Command                         Swap      USS      PSS      RSS 
104655 codespace /usr/bin/python3 /usr/bin/s        0    12084    12304    14552 
103649 codespace ./cli mmap images/4096x4096        0   196708   236063   394572 
103645 codespace ./cli mmap images/4096x4096        0   196708   236065   394596 
103647 codespace ./cli mmap images/4096x4096        0   196708   236066   394612 
103643 codespace ./cli mmap images/4096x4096        0   196708   236068   394676 
103641 codespace ./cli mmap images/4096x4096        0   196712   236070   394616 
%CPU %MEM ARGS Sun Oct  4 21:01:13 UTC 2026
 0.0  0.0 grep --color=auto ./cli       1  2152
20.2  4.8 ./cli mmap images/4096x4096   1 394596
20.8  4.8 ./cli mmap images/4096x4096   0 394612
21.0  4.8 ./cli mmap images/4096x4096   1 394676
21.2  4.8 ./cli mmap images/4096x4096   1 394572
22.3  4.8 ./cli mmap images/4096x4096   1 394616
  PID User     Command                         Swap      USS      PSS      RSS 
104661 codespace /usr/bin/python3 /usr/bin/s        0    12100    12317    14608 
103649 codespace ./cli mmap images/4096x4096        0   196708   236063   394572 
103645 codespace ./cli mmap images/4096x4096        0   196708   236065   394596 
103647 codespace ./cli mmap images/4096x4096        0   196708   236066   394612 
103643 codespace ./cli mmap images/4096x4096        0   196708   236068   394676 
103641 codespace ./cli mmap images/4096x4096        0   196712   236070   394616 
%CPU %MEM ARGS Sun Oct  4 21:01:14 UTC 2026
 0.0  0.0 grep --color=auto ./cli       1  2200
20.1  4.8 ./cli mmap images/4096x4096   1 394596
20.8  4.8 ./cli mmap images/4096x4096   1 394612
21.0  4.8 ./cli mmap images/4096x4096   0 394676
21.1  4.8 ./cli mmap images/4096x4096   1 394572
22.2  4.8 ./cli mmap images/4096x4096   1 394616
  PID User     Command                         Swap      USS      PSS      RSS 
104667 codespace /usr/bin/python3 /usr/bin/s        0    12092    12313    14556 
103649 codespace ./cli mmap images/4096x4096        0   196708   236063   394572 
103645 codespace ./cli mmap images/4096x4096        0   196708   236065   394596 
103647 codespace ./cli mmap images/4096x4096        0   196708   236066   394612 
103643 codespace ./cli mmap images/4096x4096        0   196708   236068   394676 
103641 codespace ./cli mmap images/4096x4096        0   196712   236070   394616 
%CPU %MEM ARGS Sun Oct  4 21:01:15 UTC 2026
 0.0  0.0 grep --color=auto ./cli       1  2156
20.1  4.8 ./cli mmap images/4096x4096   1 394596
20.8  4.8 ./cli mmap images/4096x4096   1 394612
21.0  4.8 ./cli mmap images/4096x4096   1 394572
21.2  4.8 ./cli mmap images/4096x4096   0 394676
22.1  4.8 ./cli mmap images/4096x4096   1 394616
  PID User     Command                         Swap      USS      PSS      RSS 
104673 codespace /usr/bin/python3 /usr/bin/s        0    12068    12285    14580 
103649 codespace ./cli mmap images/4096x4096        0   196708   236063   394572 
103645 codespace ./cli mmap images/4096x4096        0   196708   236065   394596 
103647 codespace ./cli mmap images/4096x4096        0   196708   236066   394612 
103643 codespace ./cli mmap images/4096x4096        0   196708   236068   394676 
103641 codespace ./cli mmap images/4096x4096        0   196712   236070   394616 
%CPU %MEM ARGS Sun Oct  4 21:01:16 UTC 2026
 0.0  0.0 grep --color=auto ./cli       1  2196
20.1  4.8 ./cli mmap images/4096x4096   0 394596
20.7  4.8 ./cli mmap images/4096x4096   1 394612
21.0  4.8 ./cli mmap images/4096x4096   1 394572
21.2  4.8 ./cli mmap images/4096x4096   1 394676
22.1  4.8 ./cli mmap images/4096x4096   1 394616
  PID User     Command                         Swap      USS      PSS      RSS 
104691 codespace /usr/bin/python3 /usr/bin/s        0    12092    12301    14504 
103649 codespace ./cli mmap images/4096x4096        0   196708   236063   394572 
103645 codespace ./cli mmap images/4096x4096        0   196708   236065   394596 
103647 codespace ./cli mmap images/4096x4096        0   196708   236066   394612 
103643 codespace ./cli mmap images/4096x4096        0   196708   236068   394676 
103641 codespace ./cli mmap images/4096x4096        0   196712   236070   394616 
%CPU %MEM ARGS Sun Oct  4 21:01:17 UTC 2026
 0.0  0.0 grep --color=auto ./cli       0  2160
20.2  4.8 ./cli mmap images/4096x4096   0 394596
20.7  4.8 ./cli mmap images/4096x4096   0 394612
21.0  4.8 ./cli mmap images/4096x4096   0 394572
21.1  4.8 ./cli mmap images/4096x4096   0 394676
22.0  4.8 ./cli mmap images/4096x4096   0 394616
  PID User     Command                         Swap      USS      PSS      RSS 
104697 codespace /usr/bin/python3 /usr/bin/s        0    12088    12304    14504 
103649 codespace ./cli mmap images/4096x4096        0   196708   236063   394572 
103645 codespace ./cli mmap images/4096x4096        0   196708   236065   394596 
103647 codespace ./cli mmap images/4096x4096        0   196708   236065   394612 
103643 codespace ./cli mmap images/4096x4096        0   196708   236068   394676 
103641 codespace ./cli mmap images/4096x4096        0   196712   236070   394616 
%CPU %MEM ARGS Sun Oct  4 21:01:18 UTC 2026
 0.0  0.0 grep --color=auto ./cli       1  2164
20.2  4.8 ./cli mmap images/4096x4096   0 394596
20.6  4.8 ./cli mmap images/4096x4096   1 394612
20.9  4.8 ./cli mmap images/4096x4096   1 394572
21.1  4.8 ./cli mmap images/4096x4096   1 394676
21.9  4.8 ./cli mmap images/4096x4096   1 394616
  PID User     Command                         Swap      USS      PSS      RSS 
104703 codespace /usr/bin/python3 /usr/bin/s        0    12088    12291    14476 
103649 codespace ./cli mmap images/4096x4096        0   196708   236063   394572 
103645 codespace ./cli mmap images/4096x4096        0   196708   236065   394596 
103647 codespace ./cli mmap images/4096x4096        0   196708   236065   394612 
103643 codespace ./cli mmap images/4096x4096        0   196708   236068   394676 
103641 codespace ./cli mmap images/4096x4096        0   196712   236070   394616 
%CPU %MEM ARGS Sun Oct  4 21:01:19 UTC 2026
 0.0  0.0 grep --color=auto ./cli       0  2248
20.2  4.8 ./cli mmap images/4096x4096   0 394596
20.6  4.8 ./cli mmap images/4096x4096   0 394612
20.8  4.8 ./cli mmap images/4096x4096   0 394572
21.2  4.8 ./cli mmap images/4096x4096   1 394676
21.9  4.8 ./cli mmap images/4096x4096   0 394616
  PID User     Command                         Swap      USS      PSS      RSS 
104727 codespace /usr/bin/python3 /usr/bin/s        0    12092    12309    14508 
103649 codespace ./cli mmap images/4096x4096        0   196708   236063   394572 
103645 codespace ./cli mmap images/4096x4096        0   196708   236065   394596 
103647 codespace ./cli mmap images/4096x4096        0   196708   236066   394612 
103643 codespace ./cli mmap images/4096x4096        0   196708   236068   394676 
103641 codespace ./cli mmap images/4096x4096        0   196712   236070   394616 
%CPU %MEM ARGS Sun Oct  4 21:01:20 UTC 2026
 0.0  0.0 grep --color=auto ./cli       0  2308
20.1  4.8 ./cli mmap images/4096x4096   0 394596
20.5  4.8 ./cli mmap images/4096x4096   0 394612
20.8  4.8 ./cli mmap images/4096x4096   1 394572
21.3  4.8 ./cli mmap images/4096x4096   0 394676
21.8  4.8 ./cli mmap images/4096x4096   0 394616
  PID User     Command                         Swap      USS      PSS      RSS 
104733 codespace /usr/bin/python3 /usr/bin/s        0    12088    12307    14552 
103649 codespace ./cli mmap images/4096x4096        0   196708   236063   394572 
103645 codespace ./cli mmap images/4096x4096        0   196708   236065   394596 
103647 codespace ./cli mmap images/4096x4096        0   196708   236066   394612 
103643 codespace ./cli mmap images/4096x4096        0   196708   236068   394676 
103641 codespace ./cli mmap images/4096x4096        0   196712   236070   394616 
%CPU %MEM ARGS Sun Oct  4 21:01:21 UTC 2026
 0.0  0.0 grep --color=auto ./cli       0  2304
20.1  4.8 ./cli mmap images/4096x4096   0 394596
20.5  4.8 ./cli mmap images/4096x4096   0 394612
21.0  4.8 ./cli mmap images/4096x4096   0 394572
21.2  4.8 ./cli mmap images/4096x4096   0 394676
21.7  4.8 ./cli mmap images/4096x4096   0 394616
  PID User     Command                         Swap      USS      PSS      RSS 
104745 codespace /usr/bin/python3 /usr/bin/s        0    12084    12278    14504 
103649 codespace ./cli mmap images/4096x4096        0   196708   236062   394572 
103645 codespace ./cli mmap images/4096x4096        0   196708   236064   394596 
103647 codespace ./cli mmap images/4096x4096        0   196708   236065   394612 
103643 codespace ./cli mmap images/4096x4096        0   196708   236067   394676 
103641 codespace ./cli mmap images/4096x4096        0   196712   236070   394616 
%CPU %MEM ARGS Sun Oct  4 21:01:22 UTC 2026
 0.0  0.0 grep --color=auto ./cli       0  2252
20.0  4.8 ./cli mmap images/4096x4096   1 394596
20.5  4.8 ./cli mmap images/4096x4096   1 394612
20.9  4.8 ./cli mmap images/4096x4096   1 394572
21.2  4.8 ./cli mmap images/4096x4096   1 394676
21.8  4.8 ./cli mmap images/4096x4096   0 394616
  PID User     Command                         Swap      USS      PSS      RSS 
104757 codespace /usr/bin/python3 /usr/bin/s        0    12088    12305    14540 
103649 codespace ./cli mmap images/4096x4096        0   196708   236063   394572 
103645 codespace ./cli mmap images/4096x4096        0   196708   236065   394596 
103647 codespace ./cli mmap images/4096x4096        0   196708   236066   394612 
103643 codespace ./cli mmap images/4096x4096        0   196708   236068   394676 
103641 codespace ./cli mmap images/4096x4096        0   196712   236070   394616 
%CPU %MEM ARGS Sun Oct  4 21:01:23 UTC 2026
 0.0  0.0 grep --color=auto ./cli       0  2180
20.0  4.8 ./cli mmap images/4096x4096   1 394596
20.5  4.8 ./cli mmap images/4096x4096   0 394612
20.9  4.8 ./cli mmap images/4096x4096   1 394572
21.2  4.8 ./cli mmap images/4096x4096   1 394676
21.7  4.8 ./cli mmap images/4096x4096   1 394616
  PID User     Command                         Swap      USS      PSS      RSS 
104763 codespace /usr/bin/python3 /usr/bin/s        0    12104    12299    14536 
103649 codespace ./cli mmap images/4096x4096        0   196708   236063   394572 
103645 codespace ./cli mmap images/4096x4096        0   196708   236065   394596 
103647 codespace ./cli mmap images/4096x4096        0   196708   236065   394612 
103643 codespace ./cli mmap images/4096x4096        0   196708   236068   394676 
103641 codespace ./cli mmap images/4096x4096        0   196712   236070   394616 
%CPU %MEM ARGS Sun Oct  4 21:01:24 UTC 2026
 0.0  0.0 grep --color=auto ./cli       1  2176
20.0  4.8 ./cli mmap images/4096x4096   1 394596
20.6  4.8 ./cli mmap images/4096x4096   0 394612
20.9  4.8 ./cli mmap images/4096x4096   1 394572
21.1  4.8 ./cli mmap images/4096x4096   1 394676
21.7  4.8 ./cli mmap images/4096x4096   1 394616
  PID User     Command                         Swap      USS      PSS      RSS 
104769 codespace /usr/bin/python3 /usr/bin/s        0    12104    12328    14580 
103649 codespace ./cli mmap images/4096x4096        0   196708   236063   394572 
103645 codespace ./cli mmap images/4096x4096        0   196708   236065   394596 
103647 codespace ./cli mmap images/4096x4096        0   196708   236066   394612 
103643 codespace ./cli mmap images/4096x4096        0   196708   236068   394676 
103641 codespace ./cli mmap images/4096x4096        0   196712   236070   394616 
%CPU %MEM ARGS Sun Oct  4 21:01:25 UTC 2026
 0.0  0.0 grep --color=auto ./cli       1  2196
20.0  4.8 ./cli mmap images/4096x4096   1 394596
20.7  4.8 ./cli mmap images/4096x4096   0 394612
20.9  4.8 ./cli mmap images/4096x4096   1 394572
21.1  4.8 ./cli mmap images/4096x4096   1 394676
21.6  4.8 ./cli mmap images/4096x4096   1 394616
  PID User     Command                         Swap      USS      PSS      RSS 
104775 codespace /usr/bin/python3 /usr/bin/s        0    12096    12305    14508 
103649 codespace ./cli mmap images/4096x4096        0   196708   236063   394572 
103645 codespace ./cli mmap images/4096x4096        0   196708   236065   394596 
103647 codespace ./cli mmap images/4096x4096        0   196708   236066   394612 
103643 codespace ./cli mmap images/4096x4096        0   196708   236068   394676 
103641 codespace ./cli mmap images/4096x4096        0   196712   236070   394616 
%CPU %MEM ARGS Sun Oct  4 21:01:25 UTC 2026
 0.0  0.0 grep --color=auto ./cli       1  2172
20.0  4.8 ./cli mmap images/4096x4096   1 394596
20.7  4.8 ./cli mmap images/4096x4096   0 394612
20.8  4.8 ./cli mmap images/4096x4096   1 394572
21.1  4.8 ./cli mmap images/4096x4096   1 394676
21.6  4.8 ./cli mmap images/4096x4096   1 394616
  PID User     Command                         Swap      USS      PSS      RSS 
104780 codespace /usr/bin/python3 /usr/bin/s        0    12088    12310    14552 
103649 codespace ./cli mmap images/4096x4096        0   196708   236063   394572 
103645 codespace ./cli mmap images/4096x4096        0   196708   236065   394596 
103647 codespace ./cli mmap images/4096x4096        0   196708   236066   394612 
103643 codespace ./cli mmap images/4096x4096        0   196708   236068   394676 
103641 codespace ./cli mmap images/4096x4096        0   196712   236070   394616 
%CPU %MEM ARGS Sun Oct  4 21:01:26 UTC 2026
 0.0  0.0 grep --color=auto ./cli       1  2248
19.9  4.8 ./cli mmap images/4096x4096   1 394596
20.8  4.8 ./cli mmap images/4096x4096   1 394572
20.8  4.8 ./cli mmap images/4096x4096   0 394612
21.0  4.8 ./cli mmap images/4096x4096   1 394676
21.6  4.8 ./cli mmap images/4096x4096   1 394616
  PID User     Command                         Swap      USS      PSS      RSS 
104792 codespace /usr/bin/python3 /usr/bin/s        0    12100    12317    14516 
103649 codespace ./cli mmap images/4096x4096        0   196708   236063   394572 
103645 codespace ./cli mmap images/4096x4096        0   196708   236065   394596 
103647 codespace ./cli mmap images/4096x4096        0   196708   236065   394612 
103643 codespace ./cli mmap images/4096x4096        0   196708   236068   394676 
103641 codespace ./cli mmap images/4096x4096        0   196712   236070   394616 
%CPU %MEM ARGS Sun Oct  4 21:01:27 UTC 2026
 0.0  0.0 grep --color=auto ./cli       0  2304
19.9  4.8 ./cli mmap images/4096x4096   0 394596
20.8  4.8 ./cli mmap images/4096x4096   1 394572
20.8  4.8 ./cli mmap images/4096x4096   0 394612
21.0  4.8 ./cli mmap images/4096x4096   0 394676
21.5  4.8 ./cli mmap images/4096x4096   0 394616
  PID User     Command                         Swap      USS      PSS      RSS 
104798 codespace /usr/bin/python3 /usr/bin/s        0    12088    12305    14504 
103649 codespace ./cli mmap images/4096x4096        0   196708   236063   394572 
103645 codespace ./cli mmap images/4096x4096        0   196708   236065   394596 
103647 codespace ./cli mmap images/4096x4096        0   196708   236065   394612 
103643 codespace ./cli mmap images/4096x4096        0   196708   236068   394676 
103641 codespace ./cli mmap images/4096x4096        0   196712   236070   394616 
%CPU %MEM ARGS Sun Oct  4 21:01:28 UTC 2026
 0.0  0.0 grep --color=auto ./cli       1  2204
19.9  4.8 ./cli mmap images/4096x4096   1 394596
20.8  4.8 ./cli mmap images/4096x4096   1 394572
20.8  4.8 ./cli mmap images/4096x4096   0 394612
20.9  4.8 ./cli mmap images/4096x4096   1 394676
21.5  4.8 ./cli mmap images/4096x4096   1 394616
  PID User     Command                         Swap      USS      PSS      RSS 
104810 codespace /usr/bin/python3 /usr/bin/s        0    12088    12271    14504 
103649 codespace ./cli mmap images/4096x4096        0   196708   236062   394572 
103645 codespace ./cli mmap images/4096x4096        0   196708   236065   394596 
103647 codespace ./cli mmap images/4096x4096        0   196708   236066   394612 
103643 codespace ./cli mmap images/4096x4096        0   196708   236068   394676 
103641 codespace ./cli mmap images/4096x4096        0   196712   236071   394616 
%CPU %MEM ARGS Sun Oct  4 21:01:29 UTC 2026
 0.0  0.0 grep --color=auto ./cli       0  2160
19.9  4.8 ./cli mmap images/4096x4096   0 394596
20.8  4.8 ./cli mmap images/4096x4096   0 394572
20.8  4.8 ./cli mmap images/4096x4096   0 394612
20.9  4.8 ./cli mmap images/4096x4096   0 394676
21.4  4.8 ./cli mmap images/4096x4096   0 394616
  PID User     Command                         Swap      USS      PSS      RSS 
104834 codespace /usr/bin/python3 /usr/bin/s        0    12092    12307    14504 
103649 codespace ./cli mmap images/4096x4096        0   196708   236063   394572 
103645 codespace ./cli mmap images/4096x4096        0   196708   236065   394596 
103647 codespace ./cli mmap images/4096x4096        0   196708   236066   394612 
103643 codespace ./cli mmap images/4096x4096        0   196708   236068   394676 
103641 codespace ./cli mmap images/4096x4096        0   196712   236070   394616 
%CPU %MEM ARGS Sun Oct  4 21:01:30 UTC 2026
 0.0  0.0 grep --color=auto ./cli       0  2200
19.9  4.8 ./cli mmap images/4096x4096   1 394596
20.8  4.8 ./cli mmap images/4096x4096   0 394572
20.8  4.8 ./cli mmap images/4096x4096   0 394612
20.9  4.8 ./cli mmap images/4096x4096   0 394676
21.4  4.8 ./cli mmap images/4096x4096   1 394616
  PID User     Command                         Swap      USS      PSS      RSS 
104840 codespace /usr/bin/python3 /usr/bin/s        0    12088    12305    14504 
103649 codespace ./cli mmap images/4096x4096        0   196708   236063   394572 
103645 codespace ./cli mmap images/4096x4096        0   196708   236065   394596 
103647 codespace ./cli mmap images/4096x4096        0   196708   236065   394612 
103643 codespace ./cli mmap images/4096x4096        0   196708   236068   394676 
103641 codespace ./cli mmap images/4096x4096        0   196712   236070   394616 
%CPU %MEM ARGS Sun Oct  4 21:01:31 UTC 2026
 0.0  0.0 grep --color=auto ./cli       0  2160
19.9  4.8 ./cli mmap images/4096x4096   0 394596
20.7  4.8 ./cli mmap images/4096x4096   1 394572
20.7  4.8 ./cli mmap images/4096x4096   0 394612
20.8  4.8 ./cli mmap images/4096x4096   1 394676
21.5  4.8 ./cli mmap images/4096x4096   0 394616
  PID User     Command                         Swap      USS      PSS      RSS 
104852 codespace /usr/bin/python3 /usr/bin/s        0    12104    12324    14584 
103649 codespace ./cli mmap images/4096x4096        0   196708   236063   394572 
103645 codespace ./cli mmap images/4096x4096        0   196708   236065   394596 
103647 codespace ./cli mmap images/4096x4096        0   196708   236066   394612 
103643 codespace ./cli mmap images/4096x4096        0   196708   236068   394676 
103641 codespace ./cli mmap images/4096x4096        0   196712   236070   394616 
%CPU %MEM ARGS Sun Oct  4 21:01:32 UTC 2026
 0.0  0.0 grep --color=auto ./cli       0  2160
19.8  4.8 ./cli mmap images/4096x4096   1 394596
20.7  4.8 ./cli mmap images/4096x4096   0 394572
20.7  4.8 ./cli mmap images/4096x4096   1 394612
20.9  4.8 ./cli mmap images/4096x4096   0 394676
21.4  4.8 ./cli mmap images/4096x4096   0 394616
  PID User     Command                         Swap      USS      PSS      RSS 
104859 codespace /usr/bin/python3 /usr/bin/s        0    12008    12247    14580 
103649 codespace ./cli mmap images/4096x4096        0   196708   236061   394572 
103645 codespace ./cli mmap images/4096x4096        0   196708   236063   394596 
103647 codespace ./cli mmap images/4096x4096        0   196708   236064   394612 
103643 codespace ./cli mmap images/4096x4096        0   196708   236066   394676 
103641 codespace ./cli mmap images/4096x4096        0   196712   236068   394616 
%CPU %MEM ARGS Sun Oct  4 21:01:33 UTC 2026
 0.0  0.0 grep --color=auto ./cli       1  2160
19.8  4.8 ./cli mmap images/4096x4096   0 394596
20.7  4.8 ./cli mmap images/4096x4096   1 394572
20.7  4.8 ./cli mmap images/4096x4096   1 394612
20.8  4.8 ./cli mmap images/4096x4096   1 394676
21.4  4.8 ./cli mmap images/4096x4096   1 394616
  PID User     Command                         Swap      USS      PSS      RSS 
104869 codespace /usr/bin/python3 /usr/bin/s        0    12096    12312    14512 
103649 codespace ./cli mmap images/4096x4096        0   196708   236063   394572 
103645 codespace ./cli mmap images/4096x4096        0   196708   236065   394596 
103647 codespace ./cli mmap images/4096x4096        0   196708   236066   394612 
103643 codespace ./cli mmap images/4096x4096        0   196708   236068   394676 
103641 codespace ./cli mmap images/4096x4096        0   196712   236070   394616 
%CPU %MEM ARGS Sun Oct  4 21:01:34 UTC 2026
 0.0  0.0 grep --color=auto ./cli       1  2200
19.8  4.8 ./cli mmap images/4096x4096   0 394596
20.6  4.8 ./cli mmap images/4096x4096   1 394572
20.6  4.8 ./cli mmap images/4096x4096   0 394612
20.8  4.8 ./cli mmap images/4096x4096   0 394676
21.3  4.8 ./cli mmap images/4096x4096   1 394616
  PID User     Command                         Swap      USS      PSS      RSS 
104893 codespace /usr/bin/python3 /usr/bin/s        0    12112    12330    14624 
103649 codespace ./cli mmap images/4096x4096        0   196708   236063   394572 
103645 codespace ./cli mmap images/4096x4096        0   196708   236065   394596 
103647 codespace ./cli mmap images/4096x4096        0   196708   236066   394612 
103643 codespace ./cli mmap images/4096x4096        0   196708   236067   394676 
103641 codespace ./cli mmap images/4096x4096        0   196712   236070   394616 
%CPU %MEM ARGS Sun Oct  4 21:01:35 UTC 2026
 0.0  0.0 grep --color=auto ./cli       1  2184
19.8  4.8 ./cli mmap images/4096x4096   1 394596
20.6  4.8 ./cli mmap images/4096x4096   1 394572
20.7  4.8 ./cli mmap images/4096x4096   1 394676
20.7  4.8 ./cli mmap images/4096x4096   0 394612
21.3  4.8 ./cli mmap images/4096x4096   1 394616
  PID User     Command                         Swap      USS      PSS      RSS 
104901 codespace /usr/bin/python3 /usr/bin/s        0    12112    12330    14648 
103649 codespace ./cli mmap images/4096x4096        0   196708   236063   394572 
103647 codespace ./cli mmap images/4096x4096        0   196708   236064   394612 
103645 codespace ./cli mmap images/4096x4096        0   196708   236065   394596 
103643 codespace ./cli mmap images/4096x4096        0   196708   236068   394676 
103641 codespace ./cli mmap images/4096x4096        0   196712   236070   394616 
%CPU %MEM ARGS Sun Oct  4 21:01:36 UTC 2026
 0.0  0.0 grep --color=auto ./cli       1  2156
19.7  4.8 ./cli mmap images/4096x4096   1 394596
20.5  4.8 ./cli mmap images/4096x4096   1 394572
20.7  4.8 ./cli mmap images/4096x4096   1 394676
20.8  4.8 ./cli mmap images/4096x4096   0 394612
21.2  4.8 ./cli mmap images/4096x4096   1 394616
  PID User     Command                         Swap      USS      PSS      RSS 
104913 codespace /usr/bin/python3 /usr/bin/s        0    12092    12300    14480 
103649 codespace ./cli mmap images/4096x4096        0   196708   236063   394572 
103645 codespace ./cli mmap images/4096x4096        0   196708   236065   394596 
103647 codespace ./cli mmap images/4096x4096        0   196708   236066   394612 
103643 codespace ./cli mmap images/4096x4096        0   196708   236068   394676 
103641 codespace ./cli mmap images/4096x4096        0   196712   236070   394616 
%CPU %MEM ARGS Sun Oct  4 21:01:37 UTC 2026
 0.0  0.0 grep --color=auto ./cli       0  2160
19.7  4.8 ./cli mmap images/4096x4096   0 394596
20.5  4.8 ./cli mmap images/4096x4096   1 394572
20.6  4.8 ./cli mmap images/4096x4096   0 394676
20.9  4.8 ./cli mmap images/4096x4096   0 394612
21.2  4.8 ./cli mmap images/4096x4096   0 394616
  PID User     Command                         Swap      USS      PSS      RSS 
104919 codespace /usr/bin/python3 /usr/bin/s        0    12092    12307    14508 
103649 codespace ./cli mmap images/4096x4096        0   196708   236063   394572 
103645 codespace ./cli mmap images/4096x4096        0   196708   236065   394596 
103647 codespace ./cli mmap images/4096x4096        0   196708   236066   394612 
103643 codespace ./cli mmap images/4096x4096        0   196708   236068   394676 
103641 codespace ./cli mmap images/4096x4096        0   196712   236070   394616 
%CPU %MEM ARGS Sun Oct  4 21:01:38 UTC 2026
 0.0  0.0 grep --color=auto ./cli       1  2172
19.7  4.8 ./cli mmap images/4096x4096   1 394596
20.5  4.8 ./cli mmap images/4096x4096   1 394572
20.6  4.8 ./cli mmap images/4096x4096   1 394676
20.9  4.8 ./cli mmap images/4096x4096   1 394612
21.2  4.8 ./cli mmap images/4096x4096   0 394616
  PID User     Command                         Swap      USS      PSS      RSS 
104925 codespace /usr/bin/python3 /usr/bin/s        0    12084    12304    14552 
103649 codespace ./cli mmap images/4096x4096        0   196708   236063   394572 
103645 codespace ./cli mmap images/4096x4096        0   196708   236065   394596 
103647 codespace ./cli mmap images/4096x4096        0   196708   236065   394612 
103643 codespace ./cli mmap images/4096x4096        0   196708   236068   394676 
103641 codespace ./cli mmap images/4096x4096        0   196712   236070   394616 
%CPU %MEM ARGS Sun Oct  4 21:01:39 UTC 2026
 0.0  0.0 grep --color=auto ./cli       0  2260
19.6  4.8 ./cli mmap images/4096x4096   1 394596
20.5  4.8 ./cli mmap images/4096x4096   1 394572
20.5  4.8 ./cli mmap images/4096x4096   0 394676
20.9  4.8 ./cli mmap images/4096x4096   1 394612
21.2  4.8 ./cli mmap images/4096x4096   0 394616
  PID User     Command                         Swap      USS      PSS      RSS 
104930 codespace /usr/bin/python3 /usr/bin/s        0    12088    12306    14552 
103649 codespace ./cli mmap images/4096x4096        0   196708   236063   394572 
103645 codespace ./cli mmap images/4096x4096        0   196708   236065   394596 
103647 codespace ./cli mmap images/4096x4096        0   196708   236066   394612 
103643 codespace ./cli mmap images/4096x4096        0   196708   236068   394676 
103641 codespace ./cli mmap images/4096x4096        0   196712   236070   394616 
%CPU %MEM ARGS Sun Oct  4 21:01:40 UTC 2026
 0.0  0.0 grep --color=auto ./cli       1  1800
19.6  4.8 ./cli mmap images/4096x4096   1 394596
20.5  4.8 ./cli mmap images/4096x4096   1 394572
20.5  4.8 ./cli mmap images/4096x4096   1 394676
20.8  4.8 ./cli mmap images/4096x4096   1 394612
21.1  4.8 ./cli mmap images/4096x4096   1 394616
  PID User     Command                         Swap      USS      PSS      RSS 
104953 codespace /usr/bin/python3 /usr/bin/s        0    12136    12359    14628 
103649 codespace ./cli mmap images/4096x4096        0   196708   236063   394572 
103645 codespace ./cli mmap images/4096x4096        0   196708   236065   394596 
103647 codespace ./cli mmap images/4096x4096        0   196708   236066   394612 
103643 codespace ./cli mmap images/4096x4096        0   196708   236068   394676 
103641 codespace ./cli mmap images/4096x4096        0   196712   236070   394616 
%CPU %MEM ARGS Sun Oct  4 21:01:41 UTC 2026
 0.0  0.0 grep --color=auto ./cli       1  2248
19.6  4.8 ./cli mmap images/4096x4096   0 394596
20.5  4.8 ./cli mmap images/4096x4096   0 394676
20.6  4.8 ./cli mmap images/4096x4096   0 394572
20.8  4.8 ./cli mmap images/4096x4096   0 394612
21.1  4.8 ./cli mmap images/4096x4096   0 394616
  PID User     Command                         Swap      USS      PSS      RSS 
104964 codespace /usr/bin/python3 /usr/bin/s        0    12092    12301    14504 
103649 codespace ./cli mmap images/4096x4096        0   196708   236063   394572 
103645 codespace ./cli mmap images/4096x4096        0   196708   236065   394596 
103647 codespace ./cli mmap images/4096x4096        0   196708   236065   394612 
103643 codespace ./cli mmap images/4096x4096        0   196708   236068   394676 
103641 codespace ./cli mmap images/4096x4096        0   196712   236070   394616 
%CPU %MEM ARGS Sun Oct  4 21:01:41 UTC 2026
 0.0  0.0 grep --color=auto ./cli       0  2304
19.6  4.8 ./cli mmap images/4096x4096   0 394596
20.5  4.8 ./cli mmap images/4096x4096   1 394676
20.5  4.8 ./cli mmap images/4096x4096   0 394572
20.8  4.8 ./cli mmap images/4096x4096   0 394612
21.1  4.8 ./cli mmap images/4096x4096   0 394616
  PID User     Command                         Swap      USS      PSS      RSS 
104974 codespace /usr/bin/python3 /usr/bin/s        0    12116    12328    14624 
103649 codespace ./cli mmap images/4096x4096        0   196708   236063   394572 
103645 codespace ./cli mmap images/4096x4096        0   196708   236065   394596 
103647 codespace ./cli mmap images/4096x4096        0   196708   236066   394612 
103643 codespace ./cli mmap images/4096x4096        0   196708   236068   394676 
103641 codespace ./cli mmap images/4096x4096        0   196712   236070   394616 
%CPU %MEM ARGS Sun Oct  4 21:01:42 UTC 2026
 0.0  0.0 grep --color=auto ./cli       1  2200
19.5  4.8 ./cli mmap images/4096x4096   1 394596
20.5  4.8 ./cli mmap images/4096x4096   1 394676
20.5  4.8 ./cli mmap images/4096x4096   1 394572
20.8  4.8 ./cli mmap images/4096x4096   1 394612
21.0  4.8 ./cli mmap images/4096x4096   1 394616
  PID User     Command                         Swap      USS      PSS      RSS 
104981 codespace /usr/bin/python3 /usr/bin/s        0    12092    12309    14504 
103649 codespace ./cli mmap images/4096x4096        0   196708   236063   394572 
103645 codespace ./cli mmap images/4096x4096        0   196708   236065   394596 
103647 codespace ./cli mmap images/4096x4096        0   196708   236065   394612 
103643 codespace ./cli mmap images/4096x4096        0   196708   236068   394676 
103641 codespace ./cli mmap images/4096x4096        0   196712   236070   394616 
%CPU %MEM ARGS Sun Oct  4 21:01:43 UTC 2026
 0.0  0.0 grep --color=auto ./cli       1  2296
19.5  4.8 ./cli mmap images/4096x4096   0 394596
20.4  4.8 ./cli mmap images/4096x4096   0 394676
20.5  4.8 ./cli mmap images/4096x4096   0 394572
20.8  4.8 ./cli mmap images/4096x4096   1 394612
21.0  4.8 ./cli mmap images/4096x4096   0 394616
  PID User     Command                         Swap      USS      PSS      RSS 
104987 codespace /usr/bin/python3 /usr/bin/s        0    12088    12308    14572 
103649 codespace ./cli mmap images/4096x4096        0   196708   236063   394572 
103645 codespace ./cli mmap images/4096x4096        0   196708   236065   394596 
103647 codespace ./cli mmap images/4096x4096        0   196708   236065   394612 
103643 codespace ./cli mmap images/4096x4096        0   196708   236068   394676 
103641 codespace ./cli mmap images/4096x4096        0   196712   236070   394616 
%CPU %MEM ARGS Sun Oct  4 21:01:44 UTC 2026
 0.0  0.0 grep --color=auto ./cli       0  2308
19.5  4.8 ./cli mmap images/4096x4096   0 394596
20.5  4.8 ./cli mmap images/4096x4096   0 394572
20.5  4.8 ./cli mmap images/4096x4096   1 394676
20.8  4.8 ./cli mmap images/4096x4096   0 394612
21.0  4.8 ./cli mmap images/4096x4096   0 394616
  PID User     Command                         Swap      USS      PSS      RSS 
104993 codespace /usr/bin/python3 /usr/bin/s        0    12088    12309    14552 
103649 codespace ./cli mmap images/4096x4096        0   196708   236063   394572 
103645 codespace ./cli mmap images/4096x4096        0   196708   236065   394596 
103647 codespace ./cli mmap images/4096x4096        0   196708   236066   394612 
103643 codespace ./cli mmap images/4096x4096        0   196708   236068   394676 
103641 codespace ./cli mmap images/4096x4096        0   196712   236070   394616 
%CPU %MEM ARGS Sun Oct  4 21:01:45 UTC 2026
 0.0  0.0 grep --color=auto ./cli       0  2292
19.5  4.8 ./cli mmap images/4096x4096   0 394596
20.4  4.8 ./cli mmap images/4096x4096   1 394572
20.5  4.8 ./cli mmap images/4096x4096   1 394676
20.8  4.8 ./cli mmap images/4096x4096   1 394612
20.9  4.8 ./cli mmap images/4096x4096   0 394616
  PID User     Command                         Swap      USS      PSS      RSS 
105005 codespace /usr/bin/python3 /usr/bin/s        0    12088    12312    14580 
103649 codespace ./cli mmap images/4096x4096        0   196708   236063   394572 
103645 codespace ./cli mmap images/4096x4096        0   196708   236065   394596 
103647 codespace ./cli mmap images/4096x4096        0   196708   236066   394612 
103643 codespace ./cli mmap images/4096x4096        0   196708   236068   394676 
103641 codespace ./cli mmap images/4096x4096        0   196712   236070   394616 
%CPU %MEM ARGS Sun Oct  4 21:01:46 UTC 2026
 0.0  0.0 grep --color=auto ./cli       0  2156
19.5  4.8 ./cli mmap images/4096x4096   1 394596
20.5  4.8 ./cli mmap images/4096x4096   1 394572
20.5  4.8 ./cli mmap images/4096x4096   1 394676
20.8  4.8 ./cli mmap images/4096x4096   1 394612
20.9  4.8 ./cli mmap images/4096x4096   1 394616
  PID User     Command                         Swap      USS      PSS      RSS 
105011 codespace /usr/bin/python3 /usr/bin/s        0    12136    12376    14628 
103649 codespace ./cli mmap images/4096x4096        0   196708   236064   394572 
103645 codespace ./cli mmap images/4096x4096        0   196708   236065   394596 
103647 codespace ./cli mmap images/4096x4096        0   196708   236066   394612 
103643 codespace ./cli mmap images/4096x4096        0   196708   236068   394676 
103641 codespace ./cli mmap images/4096x4096        0   196712   236070   394616 
%CPU %MEM ARGS Sun Oct  4 21:01:46 UTC 2026
 0.0  0.0 grep --color=auto ./cli       1  2176
19.5  4.8 ./cli mmap images/4096x4096   0 394596
20.4  4.8 ./cli mmap images/4096x4096   1 394572
20.5  4.8 ./cli mmap images/4096x4096   1 394676
20.7  4.8 ./cli mmap images/4096x4096   1 394612
20.9  4.8 ./cli mmap images/4096x4096   1 394616
  PID User     Command                         Swap      USS      PSS      RSS 
105023 codespace /usr/bin/python3 /usr/bin/s        0    12092    12302    14504 
103649 codespace ./cli mmap images/4096x4096        0   196708   236063   394572 
103645 codespace ./cli mmap images/4096x4096        0   196708   236065   394596 
103647 codespace ./cli mmap images/4096x4096        0   196708   236065   394612 
103643 codespace ./cli mmap images/4096x4096        0   196708   236068   394676 
103641 codespace ./cli mmap images/4096x4096        0   196712   236070   394616 
%CPU %MEM ARGS Sun Oct  4 21:01:47 UTC 2026
 0.0  0.0 grep --color=auto ./cli       1  2192
19.6  4.8 ./cli mmap images/4096x4096   0 394596
20.4  4.8 ./cli mmap images/4096x4096   1 394572
20.5  4.8 ./cli mmap images/4096x4096   1 394676
20.7  4.8 ./cli mmap images/4096x4096   1 394612
20.8  4.8 ./cli mmap images/4096x4096   1 394616
  PID User     Command                         Swap      USS      PSS      RSS 
105029 codespace /usr/bin/python3 /usr/bin/s        0    12100    12322    14648 
103649 codespace ./cli mmap images/4096x4096        0   196708   236063   394572 
103645 codespace ./cli mmap images/4096x4096        0   196708   236065   394596 
103647 codespace ./cli mmap images/4096x4096        0   196708   236066   394612 
103643 codespace ./cli mmap images/4096x4096        0   196708   236068   394676 
103641 codespace ./cli mmap images/4096x4096        0   196712   236070   394616 
%CPU %MEM ARGS Sun Oct  4 21:01:48 UTC 2026
 0.0  0.0 grep --color=auto ./cli       1  2344
19.7  4.8 ./cli mmap images/4096x4096   0 394596
20.4  4.8 ./cli mmap images/4096x4096   1 394572
20.4  4.8 ./cli mmap images/4096x4096   1 394676
20.7  4.8 ./cli mmap images/4096x4096   1 394612
20.8  4.8 ./cli mmap images/4096x4096   1 394616
  PID User     Command                         Swap      USS      PSS      RSS 
105035 codespace /usr/bin/python3 /usr/bin/s        0    12092    12311    14556 
103645 codespace ./cli mmap images/4096x4096        0   196708   236065   394596 
103649 codespace ./cli mmap images/4096x4096        0   196708   236065   394572 
103647 codespace ./cli mmap images/4096x4096        0   196708   236066   394612 
103643 codespace ./cli mmap images/4096x4096        0   196708   236068   394676 
103641 codespace ./cli mmap images/4096x4096        0   196712   236070   394616 
%CPU %MEM ARGS Sun Oct  4 21:01:49 UTC 2026
 0.0  0.0 grep --color=auto ./cli       1  2204
19.8  4.8 ./cli mmap images/4096x4096   0 394596
20.3  4.8 ./cli mmap images/4096x4096   1 394572
20.4  4.8 ./cli mmap images/4096x4096   1 394676
20.6  4.8 ./cli mmap images/4096x4096   1 394612
20.8  4.8 ./cli mmap images/4096x4096   1 394616
  PID User     Command                         Swap      USS      PSS      RSS 
105041 codespace /usr/bin/python3 /usr/bin/s        0    12112    12326    14556 
103649 codespace ./cli mmap images/4096x4096        0   196708   236063   394572 
103645 codespace ./cli mmap images/4096x4096        0   196708   236065   394596 
103647 codespace ./cli mmap images/4096x4096        0   196708   236066   394612 
103643 codespace ./cli mmap images/4096x4096        0   196708   236068   394676 
103641 codespace ./cli mmap images/4096x4096        0   196712   236070   394616 
%CPU %MEM ARGS Sun Oct  4 21:01:50 UTC 2026
 0.0  0.0 grep --color=auto ./cli       1  2164
19.8  4.8 ./cli mmap images/4096x4096   0 394596
20.3  4.8 ./cli mmap images/4096x4096   1 394572
20.4  4.8 ./cli mmap images/4096x4096   0 394676
20.6  4.8 ./cli mmap images/4096x4096   1 394612
20.7  4.8 ./cli mmap images/4096x4096   0 394616
  PID User     Command                         Swap      USS      PSS      RSS 
105071 codespace /usr/bin/python3 /usr/bin/s        0    12088    12306    14572 
103649 codespace ./cli mmap images/4096x4096        0   196708   236063   394572 
103645 codespace ./cli mmap images/4096x4096        0   196708   236065   394596 
103647 codespace ./cli mmap images/4096x4096        0   196708   236065   394612 
103643 codespace ./cli mmap images/4096x4096        0   196708   236068   394676 
103641 codespace ./cli mmap images/4096x4096        0   196712   236069   394616 
%CPU %MEM ARGS Sun Oct  4 21:01:51 UTC 2026
 0.0  0.0 grep --color=auto ./cli       1  2156
19.8  4.8 ./cli mmap images/4096x4096   1 394596
20.3  4.8 ./cli mmap images/4096x4096   1 394572
20.3  4.8 ./cli mmap images/4096x4096   1 394676
20.6  4.8 ./cli mmap images/4096x4096   1 394612
20.7  4.8 ./cli mmap images/4096x4096   1 394616
  PID User     Command                         Swap      USS      PSS      RSS 
105080 codespace /usr/bin/python3 /usr/bin/s        0    12092    12307    14508 
103649 codespace ./cli mmap images/4096x4096        0   196708   236063   394572 
103645 codespace ./cli mmap images/4096x4096        0   196708   236065   394596 
103647 codespace ./cli mmap images/4096x4096        0   196708   236066   394612 
103643 codespace ./cli mmap images/4096x4096        0   196708   236068   394676 
103641 codespace ./cli mmap images/4096x4096        0   196712   236070   394616 
%CPU %MEM ARGS Sun Oct  4 21:01:52 UTC 2026
 0.0  0.0 grep --color=auto ./cli       0  2292
19.8  4.8 ./cli mmap images/4096x4096   1 394596
20.2  4.8 ./cli mmap images/4096x4096   1 394572
20.3  4.8 ./cli mmap images/4096x4096   1 394676
20.5  4.8 ./cli mmap images/4096x4096   1 394612
20.7  4.8 ./cli mmap images/4096x4096   0 394616
  PID User     Command                         Swap      USS      PSS      RSS 
105089 codespace /usr/bin/python3 /usr/bin/s        0    12132    12354    14624 
103649 codespace ./cli mmap images/4096x4096        0   196708   236063   394572 
103645 codespace ./cli mmap images/4096x4096        0   196708   236065   394596 
103647 codespace ./cli mmap images/4096x4096        0   196708   236066   394612 
103643 codespace ./cli mmap images/4096x4096        0   196708   236068   394676 
103641 codespace ./cli mmap images/4096x4096        0   196712   236070   394616 
%CPU %MEM ARGS Sun Oct  4 21:01:53 UTC 2026
 0.0  0.0 grep --color=auto ./cli       1  2340
19.8  4.8 ./cli mmap images/4096x4096   1 394596
20.2  4.8 ./cli mmap images/4096x4096   1 394572
20.3  4.8 ./cli mmap images/4096x4096   0 394676
20.5  4.8 ./cli mmap images/4096x4096   1 394612
20.7  4.8 ./cli mmap images/4096x4096   1 394616
  PID User     Command                         Swap      USS      PSS      RSS 
105098 codespace /usr/bin/python3 /usr/bin/s        0    12096    12313    14544 
103649 codespace ./cli mmap images/4096x4096        0   196708   236063   394572 
103645 codespace ./cli mmap images/4096x4096        0   196708   236065   394596 
103647 codespace ./cli mmap images/4096x4096        0   196708   236066   394612 
103643 codespace ./cli mmap images/4096x4096        0   196708   236068   394676 
103641 codespace ./cli mmap images/4096x4096        0   196712   236070   394616 
%CPU %MEM ARGS Sun Oct  4 21:01:54 UTC 2026
 0.0  0.0 grep --color=auto ./cli       0  2296
19.8  4.8 ./cli mmap images/4096x4096   0 394596
20.2  4.8 ./cli mmap images/4096x4096   1 394572
20.4  4.8 ./cli mmap images/4096x4096   1 394676
20.5  4.8 ./cli mmap images/4096x4096   1 394612
20.7  4.8 ./cli mmap images/4096x4096   1 394616
  PID User     Command                         Swap      USS      PSS      RSS 
105104 codespace /usr/bin/python3 /usr/bin/s        0    12104    12324    14580 
103649 codespace ./cli mmap images/4096x4096        0   196708   236063   394572 
103645 codespace ./cli mmap images/4096x4096        0   196708   236065   394596 
103647 codespace ./cli mmap images/4096x4096        0   196708   236066   394612 
103643 codespace ./cli mmap images/4096x4096        0   196708   236068   394676 
103641 codespace ./cli mmap images/4096x4096        0   196712   236070   394616 
%CPU %MEM ARGS Sun Oct  4 21:01:55 UTC 2026
 0.0  0.0 grep --color=auto ./cli       1  2248
19.7  4.8 ./cli mmap images/4096x4096   1 394596
20.3  4.8 ./cli mmap images/4096x4096   0 394572
20.4  4.8 ./cli mmap images/4096x4096   0 394676
20.4  4.8 ./cli mmap images/4096x4096   0 394612
20.7  4.8 ./cli mmap images/4096x4096   0 394616
  PID User     Command                         Swap      USS      PSS      RSS 
105110 codespace /usr/bin/python3 /usr/bin/s        0    12120    12311    14608 
103649 codespace ./cli mmap images/4096x4096        0   196708   236062   394572 
103645 codespace ./cli mmap images/4096x4096        0   196708   236065   394596 
103647 codespace ./cli mmap images/4096x4096        0   196708   236065   394612 
103643 codespace ./cli mmap images/4096x4096        0   196708   236068   394676 
103641 codespace ./cli mmap images/4096x4096        0   196712   236070   394616 
%CPU %MEM ARGS Sun Oct  4 21:01:56 UTC 2026
 0.0  0.0 grep --color=auto ./cli       0  2300
19.7  4.8 ./cli mmap images/4096x4096   1 394596
20.2  4.8 ./cli mmap images/4096x4096   0 394572
20.4  4.8 ./cli mmap images/4096x4096   1 394676
20.4  4.8 ./cli mmap images/4096x4096   1 394612
20.7  4.8 ./cli mmap images/4096x4096   1 394616
  PID User     Command                         Swap      USS      PSS      RSS 
105122 codespace /usr/bin/python3 /usr/bin/s        0    12096    12311    14508 
103649 codespace ./cli mmap images/4096x4096        0   196708   236063   394572 
103645 codespace ./cli mmap images/4096x4096        0   196708   236065   394596 
103647 codespace ./cli mmap images/4096x4096        0   196708   236066   394612 
103643 codespace ./cli mmap images/4096x4096        0   196708   236068   394676 
103641 codespace ./cli mmap images/4096x4096        0   196712   236070   394616 
%CPU %MEM ARGS Sun Oct  4 21:01:57 UTC 2026
 0.0  0.0 grep --color=auto ./cli       0  2292
19.7  4.8 ./cli mmap images/4096x4096   1 394596
20.3  4.8 ./cli mmap images/4096x4096   0 394572
20.4  4.8 ./cli mmap images/4096x4096   1 394676
20.4  4.8 ./cli mmap images/4096x4096   1 394612
20.6  4.8 ./cli mmap images/4096x4096   1 394616
  PID User     Command                         Swap      USS      PSS      RSS 
105134 codespace /usr/bin/python3 /usr/bin/s        0    12100    12317    14516 
103649 codespace ./cli mmap images/4096x4096        0   196708   236063   394572 
103645 codespace ./cli mmap images/4096x4096        0   196708   236065   394596 
103647 codespace ./cli mmap images/4096x4096        0   196708   236065   394612 
103643 codespace ./cli mmap images/4096x4096        0   196708   236068   394676 
103641 codespace ./cli mmap images/4096x4096        0   196712   236070   394616 
%CPU %MEM ARGS Sun Oct  4 21:01:58 UTC 2026
 0.0  0.0 grep --color=auto ./cli       0  2200
19.7  4.8 ./cli mmap images/4096x4096   1 394596
20.3  4.8 ./cli mmap images/4096x4096   0 394572
20.3  4.8 ./cli mmap images/4096x4096   0 394612
20.3  4.8 ./cli mmap images/4096x4096   0 394676
20.6  4.8 ./cli mmap images/4096x4096   0 394616
  PID User     Command                         Swap      USS      PSS      RSS 
105140 codespace /usr/bin/python3 /usr/bin/s        0    12068    12284    14512 
103649 codespace ./cli mmap images/4096x4096        0   196708   236063   394572 
103645 codespace ./cli mmap images/4096x4096        0   196708   236065   394596 
103647 codespace ./cli mmap images/4096x4096        0   196708   236066   394612 
103643 codespace ./cli mmap images/4096x4096        0   196708   236068   394676 
103641 codespace ./cli mmap images/4096x4096        0   196712   236070   394616 
%CPU %MEM ARGS Sun Oct  4 21:01:59 UTC 2026
 0.0  0.0 grep --color=auto ./cli       0  2156
19.8  4.8 ./cli mmap images/4096x4096   1 394596
20.3  4.8 ./cli mmap images/4096x4096   0 394612
20.3  4.8 ./cli mmap images/4096x4096   0 394676
20.3  4.8 ./cli mmap images/4096x4096   0 394572
20.6  4.8 ./cli mmap images/4096x4096   0 394616
  PID User     Command                         Swap      USS      PSS      RSS 
105146 codespace /usr/bin/python3 /usr/bin/s        0    12088    12296    14500 
103649 codespace ./cli mmap images/4096x4096        0   196708   236063   394572 
103645 codespace ./cli mmap images/4096x4096        0   196708   236065   394596 
103647 codespace ./cli mmap images/4096x4096        0   196708   236066   394612 
103643 codespace ./cli mmap images/4096x4096        0   196708   236068   394676 
103641 codespace ./cli mmap images/4096x4096        0   196712   236070   394616 
%CPU %MEM ARGS Sun Oct  4 21:02:01 UTC 2026
 0.0  0.0 grep --color=auto ./cli       0  2248
19.9  4.8 ./cli mmap images/4096x4096   1 394596
20.3  4.8 ./cli mmap images/4096x4096   1 394612
20.3  4.8 ./cli mmap images/4096x4096   1 394676
20.3  4.8 ./cli mmap images/4096x4096   0 394572
20.5  4.8 ./cli mmap images/4096x4096   1 394616
  PID User     Command                         Swap      USS      PSS      RSS 
105158 codespace /usr/bin/python3 /usr/bin/s        0    12104    12324    14580 
103649 codespace ./cli mmap images/4096x4096        0   196708   236063   394572 
103645 codespace ./cli mmap images/4096x4096        0   196708   236065   394596 
103647 codespace ./cli mmap images/4096x4096        0   196708   236066   394612 
103643 codespace ./cli mmap images/4096x4096        0   196708   236068   394676 
103641 codespace ./cli mmap images/4096x4096        0   196712   236070   394616 
%CPU %MEM ARGS Sun Oct  4 21:02:02 UTC 2026
 0.0  0.0 grep --color=auto ./cli       0  2204
19.8  4.8 ./cli mmap images/4096x4096   1 394596
20.2  4.8 ./cli mmap images/4096x4096   0 394612
20.3  4.8 ./cli mmap images/4096x4096   1 394572
20.3  4.8 ./cli mmap images/4096x4096   0 394676
20.5  4.8 ./cli mmap images/4096x4096   1 394616
  PID User     Command                         Swap      USS      PSS      RSS 
105175 codespace /usr/bin/python3 /usr/bin/s        0    12096    12309    14512 
103649 codespace ./cli mmap images/4096x4096        0   196708   236063   394572 
103645 codespace ./cli mmap images/4096x4096        0   196708   236065   394596 
103647 codespace ./cli mmap images/4096x4096        0   196708   236065   394612 
103643 codespace ./cli mmap images/4096x4096        0   196708   236068   394676 
103641 codespace ./cli mmap images/4096x4096        0   196712   236070   394616 
%CPU %MEM ARGS Sun Oct  4 21:02:02 UTC 2026
 0.0  0.0 grep --color=auto ./cli       1  2204
19.9  4.8 ./cli mmap images/4096x4096   1 394596
20.2  4.8 ./cli mmap images/4096x4096   1 394612
20.2  4.8 ./cli mmap images/4096x4096   0 394572
20.2  4.8 ./cli mmap images/4096x4096   1 394676
20.4  4.8 ./cli mmap images/4096x4096   1 394616
  PID User     Command                         Swap      USS      PSS      RSS 
105193 codespace /usr/bin/python3 /usr/bin/s        0    12104    12321    14580 
103649 codespace ./cli mmap images/4096x4096        0   196708   236063   394572 
103645 codespace ./cli mmap images/4096x4096        0   196708   236065   394596 
103647 codespace ./cli mmap images/4096x4096        0   196708   236065   394612 
103643 codespace ./cli mmap images/4096x4096        0   196708   236068   394676 
103641 codespace ./cli mmap images/4096x4096        0   196712   236070   394616 
%CPU %MEM ARGS Sun Oct  4 21:02:03 UTC 2026
 0.0  0.0 grep --color=auto ./cli       0  2152
19.8  4.8 ./cli mmap images/4096x4096   1 394596
20.2  4.8 ./cli mmap images/4096x4096   1 394612
20.2  4.8 ./cli mmap images/4096x4096   1 394676
20.3  4.8 ./cli mmap images/4096x4096   0 394572
20.4  4.8 ./cli mmap images/4096x4096   1 394616
  PID User     Command                         Swap      USS      PSS      RSS 
105199 codespace /usr/bin/python3 /usr/bin/s        0    12116    12332    14532 
103649 codespace ./cli mmap images/4096x4096        0   196708   236064   394572 
103645 codespace ./cli mmap images/4096x4096        0   196708   236065   394596 
103647 codespace ./cli mmap images/4096x4096        0   196708   236066   394612 
103643 codespace ./cli mmap images/4096x4096        0   196708   236068   394676 
103641 codespace ./cli mmap images/4096x4096        0   196712   236070   394616 
%CPU %MEM ARGS Sun Oct  4 21:02:05 UTC 2026
 0.0  0.0 grep --color=auto ./cli       0  2152
19.8  4.8 ./cli mmap images/4096x4096   1 394596
20.1  4.8 ./cli mmap images/4096x4096   1 394612
20.2  4.8 ./cli mmap images/4096x4096   0 394676
20.4  4.8 ./cli mmap images/4096x4096   1 394616
20.4  4.8 ./cli mmap images/4096x4096   1 394572
  PID User     Command                         Swap      USS      PSS      RSS 
105205 codespace /usr/bin/python3 /usr/bin/s        0    12088    12297    14512 
103649 codespace ./cli mmap images/4096x4096        0   196708   236063   394572 
103645 codespace ./cli mmap images/4096x4096        0   196708   236065   394596 
103647 codespace ./cli mmap images/4096x4096        0   196708   236066   394612 
103643 codespace ./cli mmap images/4096x4096        0   196708   236068   394676 
103641 codespace ./cli mmap images/4096x4096        0   196712   236070   394616 
%CPU %MEM ARGS Sun Oct  4 21:02:06 UTC 2026
 0.0  0.0 grep --color=auto ./cli       0  2244
19.8  4.8 ./cli mmap images/4096x4096   1 394596
20.1  4.8 ./cli mmap images/4096x4096   1 394612
20.3  4.8 ./cli mmap images/4096x4096   0 394676
20.3  4.8 ./cli mmap images/4096x4096   1 394616
20.4  4.8 ./cli mmap images/4096x4096   1 394572
  PID User     Command                         Swap      USS      PSS      RSS 
105211 codespace /usr/bin/python3 /usr/bin/s        0    12116    12329    14624 
103649 codespace ./cli mmap images/4096x4096        0   196708   236063   394572 
103645 codespace ./cli mmap images/4096x4096        0   196708   236065   394596 
103647 codespace ./cli mmap images/4096x4096        0   196708   236066   394612 
103643 codespace ./cli mmap images/4096x4096        0   196708   236068   394676 
103641 codespace ./cli mmap images/4096x4096        0   196712   236070   394616 
%CPU %MEM ARGS Sun Oct  4 21:02:07 UTC 2026
 0.0  0.0 grep --color=auto ./cli       0  2164
19.7  4.8 ./cli mmap images/4096x4096   0 394596
20.1  4.8 ./cli mmap images/4096x4096   1 394612
20.3  4.8 ./cli mmap images/4096x4096   0 394616
20.3  4.8 ./cli mmap images/4096x4096   0 394676
20.4  4.8 ./cli mmap images/4096x4096   0 394572
  PID User     Command                         Swap      USS      PSS      RSS 
105217 codespace /usr/bin/python3 /usr/bin/s        0    12088    12271    14504 
103649 codespace ./cli mmap images/4096x4096        0   196708   236062   394572 
103645 codespace ./cli mmap images/4096x4096        0   196708   236065   394596 
103647 codespace ./cli mmap images/4096x4096        0   196708   236066   394612 
103643 codespace ./cli mmap images/4096x4096        0   196708   236068   394676 
103641 codespace ./cli mmap images/4096x4096        0   196712   236070   394616 
%CPU %MEM ARGS Sun Oct  4 21:02:08 UTC 2026
 0.0  0.0 grep --color=auto ./cli       0  2192
19.7  4.8 ./cli mmap images/4096x4096   1 394596
20.1  4.8 ./cli mmap images/4096x4096   1 394612
20.3  4.8 ./cli mmap images/4096x4096   1 394676
20.3  4.8 ./cli mmap images/4096x4096   1 394616
20.3  4.8 ./cli mmap images/4096x4096   0 394572
  PID User     Command                         Swap      USS      PSS      RSS 
105235 codespace /usr/bin/python3 /usr/bin/s        0    12104    12320    14520 
103649 codespace ./cli mmap images/4096x4096        0   196708   236063   394572 
103645 codespace ./cli mmap images/4096x4096        0   196708   236065   394596 
103647 codespace ./cli mmap images/4096x4096        0   196708   236066   394612 
103643 codespace ./cli mmap images/4096x4096        0   196708   236068   394676 
103641 codespace ./cli mmap images/4096x4096        0   196712   236070   394616 
%CPU %MEM ARGS Sun Oct  4 21:02:09 UTC 2026
 0.0  0.0 grep --color=auto ./cli       1  2308
19.7  4.8 ./cli mmap images/4096x4096   1 394596
20.1  4.8 ./cli mmap images/4096x4096   1 394612
20.3  4.8 ./cli mmap images/4096x4096   1 394676
20.3  4.8 ./cli mmap images/4096x4096   1 394616
20.4  4.8 ./cli mmap images/4096x4096   1 394572
  PID User     Command                         Swap      USS      PSS      RSS 
105241 codespace /usr/bin/python3 /usr/bin/s        0    12092    12307    14508 
103649 codespace ./cli mmap images/4096x4096        0   196708   236063   394572 
103645 codespace ./cli mmap images/4096x4096        0   196708   236065   394596 
103647 codespace ./cli mmap images/4096x4096        0   196708   236066   394612 
103643 codespace ./cli mmap images/4096x4096        0   196708   236068   394676 
103641 codespace ./cli mmap images/4096x4096        0   196712   236070   394616 
%CPU %MEM ARGS Sun Oct  4 21:02:10 UTC 2026
 0.0  0.0 grep --color=auto ./cli       1  2124
19.7  4.8 ./cli mmap images/4096x4096   1 394596
20.1  4.8 ./cli mmap images/4096x4096   1 394612
20.2  4.8 ./cli mmap images/4096x4096   1 394616
20.3  4.8 ./cli mmap images/4096x4096   1 394676
20.4  4.8 ./cli mmap images/4096x4096   1 394572
  PID User     Command                         Swap      USS      PSS      RSS 
105247 codespace /usr/bin/python3 /usr/bin/s        0    12112    12325    14556 
103649 codespace ./cli mmap images/4096x4096        0   196708   236063   394572 
103645 codespace ./cli mmap images/4096x4096        0   196708   236065   394596 
103647 codespace ./cli mmap images/4096x4096        0   196708   236066   394612 
103643 codespace ./cli mmap images/4096x4096        0   196708   236068   394676 
103641 codespace ./cli mmap images/4096x4096        0   196712   236070   394616 
%CPU %MEM ARGS Sun Oct  4 21:02:10 UTC 2026
 0.0  0.0 grep --color=auto ./cli       1  2184
19.7  4.8 ./cli mmap images/4096x4096   0 394596
20.1  4.8 ./cli mmap images/4096x4096   1 394612
20.2  4.8 ./cli mmap images/4096x4096   0 394676
20.2  4.8 ./cli mmap images/4096x4096   0 394616
20.3  4.8 ./cli mmap images/4096x4096   0 394572
  PID User     Command                         Swap      USS      PSS      RSS 
105252 codespace /usr/bin/python3 /usr/bin/s        0    12088    12305    14500 
103649 codespace ./cli mmap images/4096x4096        0   196708   236063   394572 
103645 codespace ./cli mmap images/4096x4096        0   196708   236065   394596 
103647 codespace ./cli mmap images/4096x4096        0   196708   236065   394612 
103643 codespace ./cli mmap images/4096x4096        0   196708   236068   394676 
103641 codespace ./cli mmap images/4096x4096        0   196712   236070   394616 
%CPU %MEM ARGS Sun Oct  4 21:02:11 UTC 2026
 0.0  0.0 grep --color=auto ./cli       0  2164
19.7  4.8 ./cli mmap images/4096x4096   0 394596
20.1  4.8 ./cli mmap images/4096x4096   1 394612
20.2  4.8 ./cli mmap images/4096x4096   1 394676
20.2  4.8 ./cli mmap images/4096x4096   1 394616
20.3  4.8 ./cli mmap images/4096x4096   1 394572
  PID User     Command                         Swap      USS      PSS      RSS 
105270 codespace /usr/bin/python3 /usr/bin/s        0    12104    12300    14536 
103649 codespace ./cli mmap images/4096x4096        0   196708   236063   394572 
103645 codespace ./cli mmap images/4096x4096        0   196708   236065   394596 
103647 codespace ./cli mmap images/4096x4096        0   196708   236066   394612 
103643 codespace ./cli mmap images/4096x4096        0   196708   236068   394676 
103641 codespace ./cli mmap images/4096x4096        0   196712   236070   394616 
%CPU %MEM ARGS Sun Oct  4 21:02:12 UTC 2026
 0.0  0.0 grep --color=auto ./cli       0  2152
19.6  4.8 ./cli mmap images/4096x4096   0 394596
20.1  4.8 ./cli mmap images/4096x4096   0 394612
20.2  4.8 ./cli mmap images/4096x4096   0 394616
20.3  4.8 ./cli mmap images/4096x4096   1 394676
20.3  4.8 ./cli mmap images/4096x4096   0 394572
  PID User     Command                         Swap      USS      PSS      RSS 
105282 codespace /usr/bin/python3 /usr/bin/s        0    12100    12315    14544 
103649 codespace ./cli mmap images/4096x4096        0   196708   236063   394572 
103645 codespace ./cli mmap images/4096x4096        0   196708   236065   394596 
103647 codespace ./cli mmap images/4096x4096        0   196708   236066   394612 
103643 codespace ./cli mmap images/4096x4096        0   196708   236068   394676 
103641 codespace ./cli mmap images/4096x4096        0   196712   236070   394616 
%CPU %MEM ARGS Sun Oct  4 21:02:13 UTC 2026
 0.0  0.0 grep --color=auto ./cli       1  2164
19.6  4.8 ./cli mmap images/4096x4096   0 394596
20.1  4.8 ./cli mmap images/4096x4096   0 394612
20.2  4.8 ./cli mmap images/4096x4096   0 394616
20.3  4.8 ./cli mmap images/4096x4096   1 394572
20.3  4.8 ./cli mmap images/4096x4096   1 394676
  PID User     Command                         Swap      USS      PSS      RSS 
105297 codespace /usr/bin/python3 /usr/bin/s        0    12092    12300    14496 
103649 codespace ./cli mmap images/4096x4096        0   196708   236063   394572 
103645 codespace ./cli mmap images/4096x4096        0   196708   236065   394596 
103647 codespace ./cli mmap images/4096x4096        0   196708   236066   394612 
103643 codespace ./cli mmap images/4096x4096        0   196708   236068   394676 
103641 codespace ./cli mmap images/4096x4096        0   196712   236070   394616 
%CPU %MEM ARGS Sun Oct  4 21:02:14 UTC 2026
 0.0  0.0 grep --color=auto ./cli       1  2292
19.6  4.8 ./cli mmap images/4096x4096   1 394596
20.1  4.8 ./cli mmap images/4096x4096   1 394612
20.1  4.8 ./cli mmap images/4096x4096   1 394616
20.2  4.8 ./cli mmap images/4096x4096   1 394572
20.4  4.8 ./cli mmap images/4096x4096   0 394676
  PID User     Command                         Swap      USS      PSS      RSS 
105305 codespace /usr/bin/python3 /usr/bin/s        0    12104    12325    14580 
103649 codespace ./cli mmap images/4096x4096        0   196708   236063   394572 
103645 codespace ./cli mmap images/4096x4096        0   196708   236065   394596 
103647 codespace ./cli mmap images/4096x4096        0   196708   236066   394612 
103643 codespace ./cli mmap images/4096x4096        0   196708   236068   394676 
103641 codespace ./cli mmap images/4096x4096        0   196712   236070   394616 
%CPU %MEM ARGS Sun Oct  4 21:02:15 UTC 2026
 0.0  0.0 grep --color=auto ./cli       1  2304
19.6  4.8 ./cli mmap images/4096x4096   1 394596
20.1  4.8 ./cli mmap images/4096x4096   1 394612
20.1  4.8 ./cli mmap images/4096x4096   1 394616
20.3  4.8 ./cli mmap images/4096x4096   0 394572
20.4  4.8 ./cli mmap images/4096x4096   1 394676
  PID User     Command                         Swap      USS      PSS      RSS 
105311 codespace /usr/bin/python3 /usr/bin/s        0    12096    12310    14508 
103649 codespace ./cli mmap images/4096x4096        0   196708   236063   394572 
103645 codespace ./cli mmap images/4096x4096        0   196708   236065   394596 
103647 codespace ./cli mmap images/4096x4096        0   196708   236066   394612 
103643 codespace ./cli mmap images/4096x4096        0   196708   236068   394676 
103641 codespace ./cli mmap images/4096x4096        0   196712   236070   394616 
%CPU %MEM ARGS Sun Oct  4 21:02:16 UTC 2026
 0.0  0.0 grep --color=auto ./cli       1  2208
19.6  4.8 ./cli mmap images/4096x4096   0 394596
20.0  4.8 ./cli mmap images/4096x4096   1 394612
20.1  4.8 ./cli mmap images/4096x4096   1 394616
20.3  4.8 ./cli mmap images/4096x4096   1 394572
20.4  4.8 ./cli mmap images/4096x4096   1 394676
  PID User     Command                         Swap      USS      PSS      RSS 
105317 codespace /usr/bin/python3 /usr/bin/s        0    12152    12367    14660 
103649 codespace ./cli mmap images/4096x4096        0   196708   236063   394572 
103645 codespace ./cli mmap images/4096x4096        0   196708   236065   394596 
103647 codespace ./cli mmap images/4096x4096        0   196708   236066   394612 
103643 codespace ./cli mmap images/4096x4096        0   196708   236068   394676 
103641 codespace ./cli mmap images/4096x4096        0   196712   236070   394616 
%CPU %MEM ARGS Sun Oct  4 21:02:17 UTC 2026
 0.0  0.0 grep --color=auto ./cli       0  2180
19.7  4.8 ./cli mmap images/4096x4096   0 394596
20.0  4.8 ./cli mmap images/4096x4096   1 394612
20.1  4.8 ./cli mmap images/4096x4096   1 394616
20.3  4.8 ./cli mmap images/4096x4096   1 394572
20.4  4.8 ./cli mmap images/4096x4096   1 394676
  PID User     Command                         Swap      USS      PSS      RSS 
105323 codespace /usr/bin/python3 /usr/bin/s        0    12108    12328    14588 
103649 codespace ./cli mmap images/4096x4096        0   196708   236063   394572 
103645 codespace ./cli mmap images/4096x4096        0   196708   236065   394596 
103647 codespace ./cli mmap images/4096x4096        0   196708   236066   394612 
103643 codespace ./cli mmap images/4096x4096        0   196708   236068   394676 
103641 codespace ./cli mmap images/4096x4096        0   196712   236070   394616 
%CPU %MEM ARGS Sun Oct  4 21:02:18 UTC 2026
 0.0  0.0 grep --color=auto ./cli       1  2296
19.7  4.8 ./cli mmap images/4096x4096   1 394596
20.0  4.8 ./cli mmap images/4096x4096   0 394612
20.1  4.8 ./cli mmap images/4096x4096   0 394616
20.3  4.8 ./cli mmap images/4096x4096   0 394572
20.3  4.8 ./cli mmap images/4096x4096   0 394676
  PID User     Command                         Swap      USS      PSS      RSS 
105329 codespace /usr/bin/python3 /usr/bin/s        0    12088    12279    14540 
103649 codespace ./cli mmap images/4096x4096        0   196708   236061   394572 
103645 codespace ./cli mmap images/4096x4096        0   196708   236065   394596 
103647 codespace ./cli mmap images/4096x4096        0   196708   236065   394612 
103643 codespace ./cli mmap images/4096x4096        0   196708   236068   394676 
103641 codespace ./cli mmap images/4096x4096        0   196712   236070   394616 
%CPU %MEM ARGS Sun Oct  4 21:02:19 UTC 2026
 0.0  0.0 grep --color=auto ./cli       1  2308
19.8  4.8 ./cli mmap images/4096x4096   1 394596
20.0  4.8 ./cli mmap images/4096x4096   1 394612
20.0  4.8 ./cli mmap images/4096x4096   1 394616
20.2  4.8 ./cli mmap images/4096x4096   1 394572
20.3  4.8 ./cli mmap images/4096x4096   1 394676
  PID User     Command                         Swap      USS      PSS      RSS 
105347 codespace /usr/bin/python3 /usr/bin/s        0    12100    12320    14624 
103649 codespace ./cli mmap images/4096x4096        0   196708   236063   394572 
103645 codespace ./cli mmap images/4096x4096        0   196708   236065   394596 
103647 codespace ./cli mmap images/4096x4096        0   196708   236066   394612 
103643 codespace ./cli mmap images/4096x4096        0   196708   236068   394676 
103641 codespace ./cli mmap images/4096x4096        0   196712   236070   394616 
%CPU %MEM ARGS Sun Oct  4 21:02:20 UTC 2026
 0.0  0.0 grep --color=auto ./cli       1  2304
19.8  4.8 ./cli mmap images/4096x4096   1 394596
20.0  4.8 ./cli mmap images/4096x4096   1 394612
20.0  4.8 ./cli mmap images/4096x4096   1 394616
20.2  4.8 ./cli mmap images/4096x4096   1 394572
20.3  4.8 ./cli mmap images/4096x4096   0 394676
  PID User     Command                         Swap      USS      PSS      RSS 
105353 codespace /usr/bin/python3 /usr/bin/s        0    12092    12307    14508 
103649 codespace ./cli mmap images/4096x4096        0   196708   236063   394572 
103645 codespace ./cli mmap images/4096x4096        0   196708   236065   394596 
103647 codespace ./cli mmap images/4096x4096        0   196708   236066   394612 
103643 codespace ./cli mmap images/4096x4096        0   196708   236068   394676 
103641 codespace ./cli mmap images/4096x4096        0   196712   236070   394616 
%CPU %MEM ARGS Sun Oct  4 21:02:21 UTC 2026
 0.0  0.0 grep --color=auto ./cli       0  2160
19.8  4.8 ./cli mmap images/4096x4096   1 394596
19.9  4.8 ./cli mmap images/4096x4096   1 394612
20.0  4.8 ./cli mmap images/4096x4096   1 394616
20.2  4.8 ./cli mmap images/4096x4096   1 394572
20.4  4.8 ./cli mmap images/4096x4096   0 394676
  PID User     Command                         Swap      USS      PSS      RSS 
105359 codespace /usr/bin/python3 /usr/bin/s        0    12092    12308    14508 
103649 codespace ./cli mmap images/4096x4096        0   196708   236063   394572 
103645 codespace ./cli mmap images/4096x4096        0   196708   236065   394596 
103647 codespace ./cli mmap images/4096x4096        0   196708   236065   394612 
103643 codespace ./cli mmap images/4096x4096        0   196708   236068   394676 
103641 codespace ./cli mmap images/4096x4096        0   196712   236070   394616 
%CPU %MEM ARGS Sun Oct  4 21:02:22 UTC 2026
 0.0  0.0 grep --color=auto ./cli       1  2172
19.8  4.8 ./cli mmap images/4096x4096   1 394596
19.9  4.8 ./cli mmap images/4096x4096   1 394612
20.0  4.8 ./cli mmap images/4096x4096   1 394616
20.2  4.8 ./cli mmap images/4096x4096   1 394572
20.4  4.8 ./cli mmap images/4096x4096   1 394676
  PID User     Command                         Swap      USS      PSS      RSS 
105383 codespace /usr/bin/python3 /usr/bin/s        0    12116    12332    14652 
103649 codespace ./cli mmap images/4096x4096        0   196708   236063   394572 
103645 codespace ./cli mmap images/4096x4096        0   196708   236065   394596 
103647 codespace ./cli mmap images/4096x4096        0   196708   236066   394612 
103643 codespace ./cli mmap images/4096x4096        0   196708   236068   394676 
103641 codespace ./cli mmap images/4096x4096        0   196712   236070   394616 
%CPU %MEM ARGS Sun Oct  4 21:02:23 UTC 2026
 0.0  0.0 grep --color=auto ./cli       1  2376
19.8  4.8 ./cli mmap images/4096x4096   1 394596
19.9  4.8 ./cli mmap images/4096x4096   0 394612
20.0  4.8 ./cli mmap images/4096x4096   0 394616
20.2  4.8 ./cli mmap images/4096x4096   1 394572
20.4  4.8 ./cli mmap images/4096x4096   0 394676
  PID User     Command                         Swap      USS      PSS      RSS 
105389 codespace /usr/bin/python3 /usr/bin/s        0    12124    12352    14628 
103649 codespace ./cli mmap images/4096x4096        0   196708   236063   394572 
103645 codespace ./cli mmap images/4096x4096        0   196708   236065   394596 
103647 codespace ./cli mmap images/4096x4096        0   196708   236066   394612 
103643 codespace ./cli mmap images/4096x4096        0   196708   236068   394676 
103641 codespace ./cli mmap images/4096x4096        0   196712   236070   394616 
%CPU %MEM ARGS Sun Oct  4 21:02:24 UTC 2026
 0.0  0.0 grep --color=auto ./cli       1  2192
19.9  4.8 ./cli mmap images/4096x4096   0 394596
19.9  4.8 ./cli mmap images/4096x4096   1 394612
19.9  4.8 ./cli mmap images/4096x4096   0 394616
20.2  4.8 ./cli mmap images/4096x4096   0 394572
20.4  4.8 ./cli mmap images/4096x4096   0 394676
  PID User     Command                         Swap      USS      PSS      RSS 
105395 codespace /usr/bin/python3 /usr/bin/s        0    12096    12312    14512 
103649 codespace ./cli mmap images/4096x4096        0   196708   236063   394572 
103645 codespace ./cli mmap images/4096x4096        0   196708   236065   394596 
103643 codespace ./cli mmap images/4096x4096        0   196708   236066   394676 
103647 codespace ./cli mmap images/4096x4096        0   196708   236066   394612 
103641 codespace ./cli mmap images/4096x4096        0   196712   236069   394616 
%CPU %MEM ARGS Sun Oct  4 21:02:25 UTC 2026
 0.0  0.0 grep --color=auto ./cli       0  2212
19.8  4.8 ./cli mmap images/4096x4096   1 394596
19.9  4.8 ./cli mmap images/4096x4096   0 394616
19.9  4.8 ./cli mmap images/4096x4096   0 394612
20.1  4.8 ./cli mmap images/4096x4096   0 394572
20.3  4.8 ./cli mmap images/4096x4096   0 394676
  PID User     Command                         Swap      USS      PSS      RSS 
105412 codespace /usr/bin/python3 /usr/bin/s        0    12092    12299    14496 
103649 codespace ./cli mmap images/4096x4096        0   196708   236063   394572 
103645 codespace ./cli mmap images/4096x4096        0   196708   236065   394596 
103647 codespace ./cli mmap images/4096x4096        0   196708   236066   394612 
103643 codespace ./cli mmap images/4096x4096        0   196708   236068   394676 
103641 codespace ./cli mmap images/4096x4096        0   196712   236071   394616 
%CPU %MEM ARGS Sun Oct  4 21:02:26 UTC 2026
 0.0  0.0 grep --color=auto ./cli       1  2172
19.9  4.8 ./cli mmap images/4096x4096   1 394596
19.9  4.8 ./cli mmap images/4096x4096   1 394616
19.9  4.8 ./cli mmap images/4096x4096   1 394612
20.1  4.8 ./cli mmap images/4096x4096   1 394572
20.3  4.8 ./cli mmap images/4096x4096   0 394676
  PID User     Command                         Swap      USS      PSS      RSS 
105418 codespace /usr/bin/python3 /usr/bin/s        0    12088    12306    14504 
103649 codespace ./cli mmap images/4096x4096        0   196708   236063   394572 
103645 codespace ./cli mmap images/4096x4096        0   196708   236065   394596 
103647 codespace ./cli mmap images/4096x4096        0   196708   236065   394612 
103643 codespace ./cli mmap images/4096x4096        0   196708   236068   394676 
103641 codespace ./cli mmap images/4096x4096        0   196712   236070   394616 
%CPU %MEM ARGS Sun Oct  4 21:02:27 UTC 2026
 0.0  0.0 grep --color=auto ./cli       1  2292
19.9  4.8 ./cli mmap images/4096x4096   0 394596
19.9  4.8 ./cli mmap images/4096x4096   1 394616
19.9  4.8 ./cli mmap images/4096x4096   1 394612
20.1  4.8 ./cli mmap images/4096x4096   1 394572
20.4  4.8 ./cli mmap images/4096x4096   0 394676
  PID User     Command                         Swap      USS      PSS      RSS 
105424 codespace /usr/bin/python3 /usr/bin/s        0    12104    12323    14580 
103649 codespace ./cli mmap images/4096x4096        0   196708   236063   394572 
103645 codespace ./cli mmap images/4096x4096        0   196708   236065   394596 
103647 codespace ./cli mmap images/4096x4096        0   196708   236066   394612 
103643 codespace ./cli mmap images/4096x4096        0   196708   236068   394676 
103641 codespace ./cli mmap images/4096x4096        0   196712   236070   394616 
%CPU %MEM ARGS Sun Oct  4 21:02:28 UTC 2026
 0.0  0.0 grep --color=auto ./cli       0  2188
19.9  4.8 ./cli mmap images/4096x4096   0 394616
19.9  4.8 ./cli mmap images/4096x4096   0 394612
19.9  4.8 ./cli mmap images/4096x4096   0 394596
20.1  4.8 ./cli mmap images/4096x4096   1 394572
20.4  4.8 ./cli mmap images/4096x4096   0 394676
  PID User     Command                         Swap      USS      PSS      RSS 
105430 codespace /usr/bin/python3 /usr/bin/s        0    12092    12310    14544 
103649 codespace ./cli mmap images/4096x4096        0   196708   236063   394572 
103645 codespace ./cli mmap images/4096x4096        0   196708   236065   394596 
103647 codespace ./cli mmap images/4096x4096        0   196708   236066   394612 
103643 codespace ./cli mmap images/4096x4096        0   196708   236068   394676 
103641 codespace ./cli mmap images/4096x4096        0   196712   236070   394616 
%CPU %MEM ARGS Sun Oct  4 21:02:29 UTC 2026
 0.0  0.0 grep --color=auto ./cli       0  2296
19.9  4.8 ./cli mmap images/4096x4096   0 394616
19.9  4.8 ./cli mmap images/4096x4096   0 394612
19.9  4.8 ./cli mmap images/4096x4096   0 394596
20.1  4.8 ./cli mmap images/4096x4096   0 394572
20.4  4.8 ./cli mmap images/4096x4096   0 394676
  PID User     Command                         Swap      USS      PSS      RSS 
105436 codespace /usr/bin/python3 /usr/bin/s        0    12092    12308    14504 
103649 codespace ./cli mmap images/4096x4096        0   196708   236063   394572 
103645 codespace ./cli mmap images/4096x4096        0   196708   236065   394596 
103647 codespace ./cli mmap images/4096x4096        0   196708   236065   394612 
103643 codespace ./cli mmap images/4096x4096        0   196708   236068   394676 
103641 codespace ./cli mmap images/4096x4096        0   196712   236070   394616 
%CPU %MEM ARGS Sun Oct  4 21:02:30 UTC 2026
 0.0  0.0 grep --color=auto ./cli       1  2164
19.9  4.8 ./cli mmap images/4096x4096   1 394616
19.9  4.8 ./cli mmap images/4096x4096   1 394612
19.9  4.8 ./cli mmap images/4096x4096   1 394596
20.1  4.8 ./cli mmap images/4096x4096   0 394572
20.4  4.8 ./cli mmap images/4096x4096   1 394676
  PID User     Command                         Swap      USS      PSS      RSS 
105441 codespace /usr/bin/python3 /usr/bin/s        0    12088    12261    14508 
103649 codespace ./cli mmap images/4096x4096        0   196708   236061   394572 
103645 codespace ./cli mmap images/4096x4096        0   196708   236064   394596 
103647 codespace ./cli mmap images/4096x4096        0   196708   236065   394612 
103643 codespace ./cli mmap images/4096x4096        0   196708   236067   394676 
103641 codespace ./cli mmap images/4096x4096        0   196712   236068   394616 
%CPU %MEM ARGS Sun Oct  4 21:02:31 UTC 2026
 0.0  0.0 grep --color=auto ./cli       0  2184
19.8  4.8 ./cli mmap images/4096x4096   0 394616
19.8  4.8 ./cli mmap images/4096x4096   1 394612
19.9  4.8 ./cli mmap images/4096x4096   1 394596
20.0  4.8 ./cli mmap images/4096x4096   1 394572
20.4  4.8 ./cli mmap images/4096x4096   0 394676
  PID User     Command                         Swap      USS      PSS      RSS 
105458 codespace /usr/bin/python3 /usr/bin/s        0    12096    12311    14512 
103649 codespace ./cli mmap images/4096x4096        0   196708   236063   394572 
103645 codespace ./cli mmap images/4096x4096        0   196708   236065   394596 
103647 codespace ./cli mmap images/4096x4096        0   196708   236066   394612 
103643 codespace ./cli mmap images/4096x4096        0   196708   236068   394676 
103641 codespace ./cli mmap images/4096x4096        0   196712   236070   394616 
%CPU %MEM ARGS Sun Oct  4 21:02:32 UTC 2026
 0.0  0.0 grep --color=auto ./cli       0  2168
19.8  4.8 ./cli mmap images/4096x4096   1 394612
19.9  4.8 ./cli mmap images/4096x4096   0 394616
19.9  4.8 ./cli mmap images/4096x4096   0 394596
20.0  4.8 ./cli mmap images/4096x4096   0 394572
20.4  4.8 ./cli mmap images/4096x4096   0 394676
  PID User     Command                         Swap      USS      PSS      RSS 
105464 codespace /usr/bin/python3 /usr/bin/s        0    12096    12309    14544 
103649 codespace ./cli mmap images/4096x4096        0   196708   236063   394572 
103645 codespace ./cli mmap images/4096x4096        0   196708   236065   394596 
103647 codespace ./cli mmap images/4096x4096        0   196708   236066   394612 
103643 codespace ./cli mmap images/4096x4096        0   196708   236068   394676 
103641 codespace ./cli mmap images/4096x4096        0   196712   236070   394616 
%CPU %MEM ARGS Sun Oct  4 21:02:33 UTC 2026
 0.0  0.0 grep --color=auto ./cli       1  2300
19.8  4.8 ./cli mmap images/4096x4096   0 394612
19.8  4.8 ./cli mmap images/4096x4096   0 394616
19.8  4.8 ./cli mmap images/4096x4096   1 394596
20.0  4.8 ./cli mmap images/4096x4096   1 394572
20.3  4.8 ./cli mmap images/4096x4096   1 394676
  PID User     Command                         Swap      USS      PSS      RSS 
105488 codespace /usr/bin/python3 /usr/bin/s        0    12100    12323    14652 
103649 codespace ./cli mmap images/4096x4096        0   196708   236063   394572 
103645 codespace ./cli mmap images/4096x4096        0   196708   236065   394596 
103647 codespace ./cli mmap images/4096x4096        0   196708   236066   394612 
103643 codespace ./cli mmap images/4096x4096        0   196708   236068   394676 
103641 codespace ./cli mmap images/4096x4096        0   196712   236070   394616 
%CPU %MEM ARGS Sun Oct  4 21:02:34 UTC 2026
 0.0  0.0 grep --color=auto ./cli       1  2332
19.8  4.8 ./cli mmap images/4096x4096   1 394616
19.8  4.8 ./cli mmap images/4096x4096   1 394596
19.8  4.8 ./cli mmap images/4096x4096   1 394612
20.0  4.8 ./cli mmap images/4096x4096   0 394572
20.3  4.8 ./cli mmap images/4096x4096   1 394676
  PID User     Command                         Swap      USS      PSS      RSS 
105494 codespace /usr/bin/python3 /usr/bin/s        0    12104    12315    14552 
103649 codespace ./cli mmap images/4096x4096        0   196708   236063   394572 
103645 codespace ./cli mmap images/4096x4096        0   196708   236065   394596 
103647 codespace ./cli mmap images/4096x4096        0   196708   236065   394612 
103643 codespace ./cli mmap images/4096x4096        0   196708   236068   394676 
103641 codespace ./cli mmap images/4096x4096        0   196712   236069   394616 
%CPU %MEM ARGS Sun Oct  4 21:02:35 UTC 2026
 0.0  0.0 grep --color=auto ./cli       1  2248
19.8  4.8 ./cli mmap images/4096x4096   1 394616
19.8  4.8 ./cli mmap images/4096x4096   1 394596
19.8  4.8 ./cli mmap images/4096x4096   1 394612
20.1  4.8 ./cli mmap images/4096x4096   0 394572
20.3  4.8 ./cli mmap images/4096x4096   1 394676
  PID User     Command                         Swap      USS      PSS      RSS 
105500 codespace /usr/bin/python3 /usr/bin/s        0    12088    12308    14572 
103649 codespace ./cli mmap images/4096x4096        0   196708   236063   394572 
103645 codespace ./cli mmap images/4096x4096        0   196708   236065   394596 
103647 codespace ./cli mmap images/4096x4096        0   196708   236066   394612 
103643 codespace ./cli mmap images/4096x4096        0   196708   236068   394676 
103641 codespace ./cli mmap images/4096x4096        0   196712   236070   394616 
%CPU %MEM ARGS Sun Oct  4 21:02:36 UTC 2026
 0.0  0.0 grep --color=auto ./cli       1  2156
19.8  4.8 ./cli mmap images/4096x4096   1 394616
19.8  4.8 ./cli mmap images/4096x4096   1 394596
19.8  4.8 ./cli mmap images/4096x4096   1 394612
20.2  4.8 ./cli mmap images/4096x4096   0 394572
20.3  4.8 ./cli mmap images/4096x4096   1 394676
  PID User     Command                         Swap      USS      PSS      RSS 
105506 codespace /usr/bin/python3 /usr/bin/s        0    12108    12329    14588 
103645 codespace ./cli mmap images/4096x4096        0   196708   236063   394596 
103649 codespace ./cli mmap images/4096x4096        0   196708   236063   394572 
103647 codespace ./cli mmap images/4096x4096        0   196708   236066   394612 
103643 codespace ./cli mmap images/4096x4096        0   196708   236068   394676 
103641 codespace ./cli mmap images/4096x4096        0   196712   236070   394616 
%CPU %MEM ARGS Sun Oct  4 21:02:37 UTC 2026
 0.0  0.0 grep --color=auto ./cli       1  2160
19.8  4.8 ./cli mmap images/4096x4096   0 394616
19.8  4.8 ./cli mmap images/4096x4096   0 394596
19.8  4.8 ./cli mmap images/4096x4096   0 394612
20.2  4.8 ./cli mmap images/4096x4096   1 394572
20.2  4.8 ./cli mmap images/4096x4096   0 394676
  PID User     Command                         Swap      USS      PSS      RSS 
105523 codespace /usr/bin/python3 /usr/bin/s        0    12096    12318    14624 
103649 codespace ./cli mmap images/4096x4096        0   196708   236063   394572 
103645 codespace ./cli mmap images/4096x4096        0   196708   236065   394596 
103647 codespace ./cli mmap images/4096x4096        0   196708   236066   394612 
103643 codespace ./cli mmap images/4096x4096        0   196708   236068   394676 
103641 codespace ./cli mmap images/4096x4096        0   196712   236070   394616 
%CPU %MEM ARGS Sun Oct  4 21:02:38 UTC 2026
 0.0  0.0 grep --color=auto ./cli       0  2180
19.7  4.8 ./cli mmap images/4096x4096   0 394616
19.8  4.8 ./cli mmap images/4096x4096   0 394596
19.8  4.8 ./cli mmap images/4096x4096   1 394612
20.2  4.8 ./cli mmap images/4096x4096   0 394572
20.2  4.8 ./cli mmap images/4096x4096   0 394676
  PID User     Command                         Swap      USS      PSS      RSS 
105529 codespace /usr/bin/python3 /usr/bin/s        0    12092    12309    14508 
103649 codespace ./cli mmap images/4096x4096        0   196708   236063   394572 
103645 codespace ./cli mmap images/4096x4096        0   196708   236065   394596 
103647 codespace ./cli mmap images/4096x4096        0   196708   236065   394612 
103643 codespace ./cli mmap images/4096x4096        0   196708   236068   394676 
103641 codespace ./cli mmap images/4096x4096        0   196712   236069   394616 
%CPU %MEM ARGS Sun Oct  4 21:02:39 UTC 2026
 0.0  0.0 grep --color=auto ./cli       0  2308
19.7  4.8 ./cli mmap images/4096x4096   0 394616
19.7  4.8 ./cli mmap images/4096x4096   0 394596
19.8  4.8 ./cli mmap images/4096x4096   0 394612
20.2  4.8 ./cli mmap images/4096x4096   0 394676
20.2  4.8 ./cli mmap images/4096x4096   1 394572
  PID User     Command                         Swap      USS      PSS      RSS 
105535 codespace /usr/bin/python3 /usr/bin/s        0    12104    12322    14616 
103649 codespace ./cli mmap images/4096x4096        0   196708   236063   394572 
103645 codespace ./cli mmap images/4096x4096        0   196708   236065   394596 
103647 codespace ./cli mmap images/4096x4096        0   196708   236066   394612 
103643 codespace ./cli mmap images/4096x4096        0   196708   236068   394676 
103641 codespace ./cli mmap images/4096x4096        0   196712   236070   394616 
%CPU %MEM ARGS Sun Oct  4 21:02:40 UTC 2026
 0.0  0.0 grep --color=auto ./cli       1  2252
19.7  4.8 ./cli mmap images/4096x4096   0 394616
19.7  4.8 ./cli mmap images/4096x4096   0 394596
19.8  4.8 ./cli mmap images/4096x4096   0 394612
20.2  4.8 ./cli mmap images/4096x4096   0 394676
20.3  4.8 ./cli mmap images/4096x4096   0 394572
  PID User     Command                         Swap      USS      PSS      RSS 
105541 codespace /usr/bin/python3 /usr/bin/s        0    12092    12306    14540 
103649 codespace ./cli mmap images/4096x4096        0   196708   236063   394572 
103645 codespace ./cli mmap images/4096x4096        0   196708   236065   394596 
103647 codespace ./cli mmap images/4096x4096        0   196708   236066   394612 
103643 codespace ./cli mmap images/4096x4096        0   196708   236068   394676 
103641 codespace ./cli mmap images/4096x4096        0   196712   236070   394616 
%CPU %MEM ARGS Sun Oct  4 21:02:40 UTC 2026
 0.0  0.0 grep --color=auto ./cli       1  2200
19.7  4.8 ./cli mmap images/4096x4096   1 394616
19.7  4.8 ./cli mmap images/4096x4096   1 394596
19.8  4.8 ./cli mmap images/4096x4096   1 394612
20.2  4.8 ./cli mmap images/4096x4096   1 394676
20.3  4.8 ./cli mmap images/4096x4096   1 394572
  PID User     Command                         Swap      USS      PSS      RSS 
105547 codespace /usr/bin/python3 /usr/bin/s        0    12092    12308    14508 
103649 codespace ./cli mmap images/4096x4096        0   196708   236063   394572 
103645 codespace ./cli mmap images/4096x4096        0   196708   236065   394596 
103647 codespace ./cli mmap images/4096x4096        0   196708   236066   394612 
103643 codespace ./cli mmap images/4096x4096        0   196708   236068   394676 
103641 codespace ./cli mmap images/4096x4096        0   196712   236070   394616 
%CPU %MEM ARGS Sun Oct  4 21:02:41 UTC 2026
 0.0  0.0 grep --color=auto ./cli       0  2180
19.7  4.8 ./cli mmap images/4096x4096   0 394616
19.7  4.8 ./cli mmap images/4096x4096   0 394596
19.8  4.8 ./cli mmap images/4096x4096   1 394612
20.2  4.8 ./cli mmap images/4096x4096   1 394676
20.3  4.8 ./cli mmap images/4096x4096   0 394572
  PID User     Command                         Swap      USS      PSS      RSS 
105553 codespace /usr/bin/python3 /usr/bin/s        0    12092    12297    14484 
103649 codespace ./cli mmap images/4096x4096        0   196708   236063   394572 
103645 codespace ./cli mmap images/4096x4096        0   196708   236065   394596 
103647 codespace ./cli mmap images/4096x4096        0   196708   236065   394612 
103643 codespace ./cli mmap images/4096x4096        0   196708   236066   394676 
103641 codespace ./cli mmap images/4096x4096        0   196712   236069   394616 
%CPU %MEM ARGS Sun Oct  4 21:02:42 UTC 2026
 0.0  0.0 grep --color=auto ./cli       0  2296
19.7  4.8 ./cli mmap images/4096x4096   1 394616
19.7  4.8 ./cli mmap images/4096x4096   1 394596
19.8  4.8 ./cli mmap images/4096x4096   0 394612
20.1  4.8 ./cli mmap images/4096x4096   1 394676
20.2  4.8 ./cli mmap images/4096x4096   1 394572
  PID User     Command                         Swap      USS      PSS      RSS 
105571 codespace /usr/bin/python3 /usr/bin/s        0    12096    12312    14540 
103649 codespace ./cli mmap images/4096x4096        0   196708   236063   394572 
103645 codespace ./cli mmap images/4096x4096        0   196708   236065   394596 
103647 codespace ./cli mmap images/4096x4096        0   196708   236066   394612 
103643 codespace ./cli mmap images/4096x4096        0   196708   236067   394676 
103641 codespace ./cli mmap images/4096x4096        0   196712   236070   394616 
%CPU %MEM ARGS Sun Oct  4 21:02:43 UTC 2026
 0.0  0.0 grep --color=auto ./cli       1  2252
19.7  4.8 ./cli mmap images/4096x4096   1 394616
19.7  4.8 ./cli mmap images/4096x4096   1 394596
19.8  4.8 ./cli mmap images/4096x4096   1 394612
20.1  4.8 ./cli mmap images/4096x4096   1 394676
20.2  4.8 ./cli mmap images/4096x4096   1 394572
  PID User     Command                         Swap      USS      PSS      RSS 
105595 codespace /usr/bin/python3 /usr/bin/s        0    12112    12316    14592 
103649 codespace ./cli mmap images/4096x4096        0   196708   236063   394572 
103645 codespace ./cli mmap images/4096x4096        0   196708   236065   394596 
103647 codespace ./cli mmap images/4096x4096        0   196708   236066   394612 
103643 codespace ./cli mmap images/4096x4096        0   196708   236068   394676 
103641 codespace ./cli mmap images/4096x4096        0   196712   236070   394616 
%CPU %MEM ARGS Sun Oct  4 21:02:44 UTC 2026
 0.0  0.0 grep --color=auto ./cli       1  2248
19.6  4.8 ./cli mmap images/4096x4096   1 394616
19.7  4.8 ./cli mmap images/4096x4096   1 394596
19.8  4.8 ./cli mmap images/4096x4096   1 394612
20.1  4.8 ./cli mmap images/4096x4096   1 394676
20.2  4.8 ./cli mmap images/4096x4096   0 394572
  PID User     Command                         Swap      USS      PSS      RSS 
105601 codespace /usr/bin/python3 /usr/bin/s        0    12084    12280    14504 
103649 codespace ./cli mmap images/4096x4096        0   196708   236063   394572 
103645 codespace ./cli mmap images/4096x4096        0   196708   236065   394596 
103647 codespace ./cli mmap images/4096x4096        0   196708   236065   394612 
103643 codespace ./cli mmap images/4096x4096        0   196708   236068   394676 
103641 codespace ./cli mmap images/4096x4096        0   196712   236070   394616 
%CPU %MEM ARGS Sun Oct  4 21:02:45 UTC 2026
 0.0  0.0 grep --color=auto ./cli       1  2304
19.7  4.8 ./cli mmap images/4096x4096   0 394616
19.7  4.8 ./cli mmap images/4096x4096   1 394596
19.7  4.8 ./cli mmap images/4096x4096   1 394612
20.1  4.8 ./cli mmap images/4096x4096   1 394676
20.3  4.8 ./cli mmap images/4096x4096   1 394572
  PID User     Command                         Swap      USS      PSS      RSS 
105607 codespace /usr/bin/python3 /usr/bin/s        0    12096    12312    14544 
103649 codespace ./cli mmap images/4096x4096        0   196708   236063   394572 
103645 codespace ./cli mmap images/4096x4096        0   196708   236065   394596 
103647 codespace ./cli mmap images/4096x4096        0   196708   236066   394612 
103643 codespace ./cli mmap images/4096x4096        0   196708   236068   394676 
103641 codespace ./cli mmap images/4096x4096        0   196712   236070   394616 
%CPU %MEM ARGS Sun Oct  4 21:02:46 UTC 2026
 0.0  0.0 grep --color=auto ./cli       1  2172
19.7  4.8 ./cli mmap images/4096x4096   1 394596
19.7  4.8 ./cli mmap images/4096x4096   1 394616
19.7  4.8 ./cli mmap images/4096x4096   1 394612
20.1  4.8 ./cli mmap images/4096x4096   1 394676
20.3  4.8 ./cli mmap images/4096x4096   1 394572
  PID User     Command                         Swap      USS      PSS      RSS 
105613 codespace /usr/bin/python3 /usr/bin/s        0    12092    12308    14508 
103649 codespace ./cli mmap images/4096x4096        0   196708   236063   394572 
103645 codespace ./cli mmap images/4096x4096        0   196708   236065   394596 
103647 codespace ./cli mmap images/4096x4096        0   196708   236066   394612 
103643 codespace ./cli mmap images/4096x4096        0   196708   236068   394676 
103641 codespace ./cli mmap images/4096x4096        0   196712   236070   394616 
%CPU %MEM ARGS Sun Oct  4 21:02:47 UTC 2026
 0.0  0.0 grep --color=auto ./cli       1  2248
19.6  4.8 ./cli mmap images/4096x4096   1 394596
19.7  4.8 ./cli mmap images/4096x4096   1 394616
19.7  4.8 ./cli mmap images/4096x4096   1 394612
20.1  4.8 ./cli mmap images/4096x4096   1 394676
20.3  4.8 ./cli mmap images/4096x4096   1 394572
  PID User     Command                         Swap      USS      PSS      RSS 
105619 codespace /usr/bin/python3 /usr/bin/s        0    12088    12303    14504 
103649 codespace ./cli mmap images/4096x4096        0   196708   236063   394572 
103645 codespace ./cli mmap images/4096x4096        0   196708   236065   394596 
103647 codespace ./cli mmap images/4096x4096        0   196708   236066   394612 
103643 codespace ./cli mmap images/4096x4096        0   196708   236067   394676 
103641 codespace ./cli mmap images/4096x4096        0   196712   236069   394616 
%CPU %MEM ARGS Sun Oct  4 21:02:48 UTC 2026
 0.0  0.0 grep --color=auto ./cli       1  2160
19.6  4.8 ./cli mmap images/4096x4096   0 394596
19.7  4.8 ./cli mmap images/4096x4096   1 394612
19.7  4.8 ./cli mmap images/4096x4096   1 394616
20.1  4.8 ./cli mmap images/4096x4096   1 394676
20.3  4.8 ./cli mmap images/4096x4096   1 394572
  PID User     Command                         Swap      USS      PSS      RSS 
105634 codespace /usr/bin/python3 /usr/bin/s        0    12124    12338    14632 
103649 codespace ./cli mmap images/4096x4096        0   196708   236063   394572 
103645 codespace ./cli mmap images/4096x4096        0   196708   236065   394596 
103647 codespace ./cli mmap images/4096x4096        0   196708   236066   394612 
103643 codespace ./cli mmap images/4096x4096        0   196708   236068   394676 
103641 codespace ./cli mmap images/4096x4096        0   196712   236070   394616 
%CPU %MEM ARGS Sun Oct  4 21:02:49 UTC 2026
 0.0  0.0 grep --color=auto ./cli       0  2156
19.6  4.8 ./cli mmap images/4096x4096   0 394596
19.7  4.8 ./cli mmap images/4096x4096   0 394612
19.7  4.8 ./cli mmap images/4096x4096   1 394616
20.1  4.8 ./cli mmap images/4096x4096   0 394676
20.3  4.8 ./cli mmap images/4096x4096   0 394572
  PID User     Command                         Swap      USS      PSS      RSS 
105643 codespace /usr/bin/python3 /usr/bin/s        0    12104    12324    14648 
103649 codespace ./cli mmap images/4096x4096        0   196708   236063   394572 
103645 codespace ./cli mmap images/4096x4096        0   196708   236065   394596 
103647 codespace ./cli mmap images/4096x4096        0   196708   236066   394612 
103643 codespace ./cli mmap images/4096x4096        0   196708   236068   394676 
103641 codespace ./cli mmap images/4096x4096        0   196712   236070   394616 
%CPU %MEM ARGS Sun Oct  4 21:02:50 UTC 2026
 0.0  0.0 grep --color=auto ./cli       1  2300
19.6  4.8 ./cli mmap images/4096x4096   1 394596
19.7  4.8 ./cli mmap images/4096x4096   1 394612
19.8  4.8 ./cli mmap images/4096x4096   1 394616
20.1  4.8 ./cli mmap images/4096x4096   0 394676
20.2  4.8 ./cli mmap images/4096x4096   1 394572
  PID User     Command                         Swap      USS      PSS      RSS 
105649 codespace /usr/bin/python3 /usr/bin/s        0    12092    12301    14504 
103649 codespace ./cli mmap images/4096x4096        0   196708   236063   394572 
103645 codespace ./cli mmap images/4096x4096        0   196708   236065   394596 
103647 codespace ./cli mmap images/4096x4096        0   196708   236066   394612 
103643 codespace ./cli mmap images/4096x4096        0   196708   236068   394676 
103641 codespace ./cli mmap images/4096x4096        0   196712   236070   394616 
%CPU %MEM ARGS Sun Oct  4 21:02:51 UTC 2026
 0.0  0.0 grep --color=auto ./cli       1  2192
19.6  4.8 ./cli mmap images/4096x4096   1 394596
19.6  4.8 ./cli mmap images/4096x4096   1 394612
19.8  4.8 ./cli mmap images/4096x4096   1 394616
20.2  4.8 ./cli mmap images/4096x4096   0 394676
20.2  4.8 ./cli mmap images/4096x4096   1 394572
  PID User     Command                         Swap      USS      PSS      RSS 
105655 codespace /usr/bin/python3 /usr/bin/s        0    12092    12307    14504 
103649 codespace ./cli mmap images/4096x4096        0   196708   236063   394572 
103645 codespace ./cli mmap images/4096x4096        0   196708   236065   394596 
103647 codespace ./cli mmap images/4096x4096        0   196708   236066   394612 
103643 codespace ./cli mmap images/4096x4096        0   196708   236068   394676 
103641 codespace ./cli mmap images/4096x4096        0   196712   236070   394616 
%CPU %MEM ARGS Sun Oct  4 21:02:52 UTC 2026
 0.0  0.0 grep --color=auto ./cli       1  2172
19.6  4.8 ./cli mmap images/4096x4096   1 394596
19.6  4.8 ./cli mmap images/4096x4096   1 394612
19.8  4.8 ./cli mmap images/4096x4096   0 394616
20.2  4.8 ./cli mmap images/4096x4096   1 394572
20.2  4.8 ./cli mmap images/4096x4096   1 394676
  PID User     Command                         Swap      USS      PSS      RSS 
105661 codespace /usr/bin/python3 /usr/bin/s        0    12096    12310    14544 
103649 codespace ./cli mmap images/4096x4096        0   196708   236063   394572 
103645 codespace ./cli mmap images/4096x4096        0   196708   236065   394596 
103647 codespace ./cli mmap images/4096x4096        0   196708   236066   394612 
103643 codespace ./cli mmap images/4096x4096        0   196708   236068   394676 
103641 codespace ./cli mmap images/4096x4096        0   196712   236070   394616 
%CPU %MEM ARGS Sun Oct  4 21:02:53 UTC 2026
 0.0  0.0 grep --color=auto ./cli       0  2292
19.5  4.8 ./cli mmap images/4096x4096   1 394596
19.6  4.8 ./cli mmap images/4096x4096   0 394612
19.7  4.8 ./cli mmap images/4096x4096   1 394616
20.2  4.8 ./cli mmap images/4096x4096   0 394572
20.3  4.8 ./cli mmap images/4096x4096   0 394676
  PID User     Command                         Swap      USS      PSS      RSS 
105673 codespace /usr/bin/python3 /usr/bin/s        0    12096    12311    14512 
103649 codespace ./cli mmap images/4096x4096        0   196708   236063   394572 
103645 codespace ./cli mmap images/4096x4096        0   196708   236065   394596 
103647 codespace ./cli mmap images/4096x4096        0   196708   236066   394612 
103643 codespace ./cli mmap images/4096x4096        0   196708   236067   394676 
103641 codespace ./cli mmap images/4096x4096        0   196712   236070   394616 
%CPU %MEM ARGS Sun Oct  4 21:02:54 UTC 2026
 0.0  0.0 grep --color=auto ./cli       1  2292
19.5  4.8 ./cli mmap images/4096x4096   1 394596
19.6  4.8 ./cli mmap images/4096x4096   1 394612
19.7  4.8 ./cli mmap images/4096x4096   1 394616
20.2  4.8 ./cli mmap images/4096x4096   0 394572
20.2  4.8 ./cli mmap images/4096x4096   1 394676
  PID User     Command                         Swap      USS      PSS      RSS 
105698 codespace /usr/bin/python3 /usr/bin/s        0    12092    12307    14504 
103649 codespace ./cli mmap images/4096x4096        0   196708   236063   394572 
103645 codespace ./cli mmap images/4096x4096        0   196708   236065   394596 
103647 codespace ./cli mmap images/4096x4096        0   196708   236066   394612 
103643 codespace ./cli mmap images/4096x4096        0   196708   236068   394676 
103641 codespace ./cli mmap images/4096x4096        0   196712   236070   394616 
%CPU %MEM ARGS Sun Oct  4 21:02:55 UTC 2026
 0.0  0.0 grep --color=auto ./cli       1  2344
19.5  4.8 ./cli mmap images/4096x4096   1 394596
19.6  4.8 ./cli mmap images/4096x4096   1 394612
19.7  4.8 ./cli mmap images/4096x4096   1 394616
20.2  4.8 ./cli mmap images/4096x4096   0 394676
20.2  4.8 ./cli mmap images/4096x4096   0 394572
  PID User     Command                         Swap      USS      PSS      RSS 
105708 codespace /usr/bin/python3 /usr/bin/s        0    12092    12306    14508 
103649 codespace ./cli mmap images/4096x4096        0   196708   236063   394572 
103645 codespace ./cli mmap images/4096x4096        0   196708   236065   394596 
103647 codespace ./cli mmap images/4096x4096        0   196708   236066   394612 
103643 codespace ./cli mmap images/4096x4096        0   196708   236068   394676 
103641 codespace ./cli mmap images/4096x4096        0   196712   236070   394616 
%CPU %MEM ARGS Sun Oct  4 21:02:56 UTC 2026
 0.0  0.0 grep --color=auto ./cli       0  2152
19.5  4.8 ./cli mmap images/4096x4096   1 394596
19.6  4.8 ./cli mmap images/4096x4096   1 394612
19.7  4.8 ./cli mmap images/4096x4096   1 394616
20.2  4.8 ./cli mmap images/4096x4096   1 394572
20.3  4.8 ./cli mmap images/4096x4096   0 394676
  PID User     Command                         Swap      USS      PSS      RSS 
105713 codespace /usr/bin/python3 /usr/bin/s        0    12096    12319    14648 
103649 codespace ./cli mmap images/4096x4096        0   196708   236063   394572 
103645 codespace ./cli mmap images/4096x4096        0   196708   236065   394596 
103647 codespace ./cli mmap images/4096x4096        0   196708   236066   394612 
103643 codespace ./cli mmap images/4096x4096        0   196708   236068   394676 
103641 codespace ./cli mmap images/4096x4096        0   196712   236070   394616 
%CPU %MEM ARGS Sun Oct  4 21:02:57 UTC 2026
 0.0  0.0 grep --color=auto ./cli       1  2152
19.5  4.8 ./cli mmap images/4096x4096   1 394596
19.6  4.8 ./cli mmap images/4096x4096   1 394612
19.7  4.8 ./cli mmap images/4096x4096   1 394616
20.2  4.8 ./cli mmap images/4096x4096   1 394572
20.3  4.8 ./cli mmap images/4096x4096   1 394676
  PID User     Command                         Swap      USS      PSS      RSS 
105719 codespace /usr/bin/python3 /usr/bin/s        0    12088    12308    14572 
103649 codespace ./cli mmap images/4096x4096        0   196708   236063   394572 
103645 codespace ./cli mmap images/4096x4096        0   196708   236065   394596 
103647 codespace ./cli mmap images/4096x4096        0   196708   236066   394612 
103643 codespace ./cli mmap images/4096x4096        0   196708   236068   394676 
103641 codespace ./cli mmap images/4096x4096        0   196712   236070   394616 
%CPU %MEM ARGS Sun Oct  4 21:02:58 UTC 2026
 0.0  0.0 grep --color=auto ./cli       1  2196
19.5  4.8 ./cli mmap images/4096x4096   1 394596
19.6  4.8 ./cli mmap images/4096x4096   1 394612
19.7  4.8 ./cli mmap images/4096x4096   1 394616
20.2  4.8 ./cli mmap images/4096x4096   1 394572
20.3  4.8 ./cli mmap images/4096x4096   1 394676
  PID User     Command                         Swap      USS      PSS      RSS 
105725 codespace /usr/bin/python3 /usr/bin/s        0    12096    12311    14540 
103649 codespace ./cli mmap images/4096x4096        0   196708   236063   394572 
103645 codespace ./cli mmap images/4096x4096        0   196708   236065   394596 
103647 codespace ./cli mmap images/4096x4096        0   196708   236066   394612 
103643 codespace ./cli mmap images/4096x4096        0   196708   236068   394676 
103641 codespace ./cli mmap images/4096x4096        0   196712   236070   394616 
%CPU %MEM ARGS Sun Oct  4 21:02:58 UTC 2026
 0.0  0.0 grep --color=auto ./cli       0  2180
19.5  4.8 ./cli mmap images/4096x4096   1 394596
19.6  4.8 ./cli mmap images/4096x4096   1 394612
19.7  4.8 ./cli mmap images/4096x4096   0 394616
20.2  4.8 ./cli mmap images/4096x4096   0 394572
20.3  4.8 ./cli mmap images/4096x4096   1 394676
  PID User     Command                         Swap      USS      PSS      RSS 
105731 codespace /usr/bin/python3 /usr/bin/s        0    12092    12310    14508 
103649 codespace ./cli mmap images/4096x4096        0   196708   236063   394572 
103645 codespace ./cli mmap images/4096x4096        0   196708   236065   394596 
103647 codespace ./cli mmap images/4096x4096        0   196708   236066   394612 
103643 codespace ./cli mmap images/4096x4096        0   196708   236068   394676 
103641 codespace ./cli mmap images/4096x4096        0   196712   236070   394616 
%CPU %MEM ARGS Sun Oct  4 21:02:59 UTC 2026
 0.0  0.0 grep --color=auto ./cli       0  2192
19.5  4.8 ./cli mmap images/4096x4096   1 394596
19.6  4.8 ./cli mmap images/4096x4096   1 394612
19.7  4.8 ./cli mmap images/4096x4096   0 394616
20.2  4.8 ./cli mmap images/4096x4096   1 394572
20.2  4.8 ./cli mmap images/4096x4096   1 394676
  PID User     Command                         Swap      USS      PSS      RSS 
105742 codespace /usr/bin/python3 /usr/bin/s        0    12108    12328    14584 
103649 codespace ./cli mmap images/4096x4096        0   196708   236063   394572 
103645 codespace ./cli mmap images/4096x4096        0   196708   236065   394596 
103643 codespace ./cli mmap images/4096x4096        0   196708   236066   394676 
103647 codespace ./cli mmap images/4096x4096        0   196708   236066   394612 
103641 codespace ./cli mmap images/4096x4096        0   196712   236069   394616 
%CPU %MEM ARGS Sun Oct  4 21:03:01 UTC 2026
 0.0  0.0 grep --color=auto ./cli       1  2252
19.5  4.8 ./cli mmap images/4096x4096   1 394596
19.5  4.8 ./cli mmap images/4096x4096   1 394612
19.8  4.8 ./cli mmap images/4096x4096   0 394616
20.1  4.8 ./cli mmap images/4096x4096   1 394572
20.2  4.8 ./cli mmap images/4096x4096   1 394676
  PID User     Command                         Swap      USS      PSS      RSS 
105754 codespace /usr/bin/python3 /usr/bin/s        0    12092    12309    14504 
103649 codespace ./cli mmap images/4096x4096        0   196708   236063   394572 
103645 codespace ./cli mmap images/4096x4096        0   196708   236065   394596 
103647 codespace ./cli mmap images/4096x4096        0   196708   236065   394612 
103641 codespace ./cli mmap images/4096x4096        0   196712   236070   394616 
103643 codespace ./cli mmap images/4096x4096        0   196708   236070   394676 
%CPU %MEM ARGS Sun Oct  4 21:03:02 UTC 2026
 0.0  0.0 grep --color=auto ./cli       1  2160
19.4  4.8 ./cli mmap images/4096x4096   1 394596
19.5  4.8 ./cli mmap images/4096x4096   1 394612
19.9  4.8 ./cli mmap images/4096x4096   0 394616
20.1  4.8 ./cli mmap images/4096x4096   1 394572
20.2  4.8 ./cli mmap images/4096x4096   1 394676
  PID User     Command                         Swap      USS      PSS      RSS 
105760 codespace /usr/bin/python3 /usr/bin/s        0    12104    12323    14584 
103649 codespace ./cli mmap images/4096x4096        0   196708   236063   394572 
103645 codespace ./cli mmap images/4096x4096        0   196708   236065   394596 
103647 codespace ./cli mmap images/4096x4096        0   196708   236066   394612 
103643 codespace ./cli mmap images/4096x4096        0   196708   236068   394676 
103641 codespace ./cli mmap images/4096x4096        0   196712   236070   394616 
%CPU %MEM ARGS Sun Oct  4 21:03:03 UTC 2026
 0.0  0.0 grep --color=auto ./cli       1  2156
19.4  4.8 ./cli mmap images/4096x4096   1 394596
19.5  4.8 ./cli mmap images/4096x4096   1 394612
19.9  4.8 ./cli mmap images/4096x4096   0 394616
20.1  4.8 ./cli mmap images/4096x4096   1 394572
20.2  4.8 ./cli mmap images/4096x4096   1 394676
  PID User     Command                         Swap      USS      PSS      RSS 
105766 codespace /usr/bin/python3 /usr/bin/s        0    12136    12359    14628 
103649 codespace ./cli mmap images/4096x4096        0   196708   236063   394572 
103645 codespace ./cli mmap images/4096x4096        0   196708   236065   394596 
103647 codespace ./cli mmap images/4096x4096        0   196708   236066   394612 
103643 codespace ./cli mmap images/4096x4096        0   196708   236068   394676 
103641 codespace ./cli mmap images/4096x4096        0   196712   236070   394616 
%CPU %MEM ARGS Sun Oct  4 21:03:04 UTC 2026
 0.0  0.0 grep --color=auto ./cli       0  2196
19.4  4.8 ./cli mmap images/4096x4096   0 394596
19.5  4.8 ./cli mmap images/4096x4096   0 394612
19.9  4.8 ./cli mmap images/4096x4096   1 394616
20.1  4.8 ./cli mmap images/4096x4096   0 394572
20.2  4.8 ./cli mmap images/4096x4096   0 394676
  PID User     Command                         Swap      USS      PSS      RSS 
105772 codespace /usr/bin/python3 /usr/bin/s        0    12104    12296    14648 
103649 codespace ./cli mmap images/4096x4096        0   196708   236062   394572 
103645 codespace ./cli mmap images/4096x4096        0   196708   236064   394596 
103647 codespace ./cli mmap images/4096x4096        0   196708   236065   394612 
103643 codespace ./cli mmap images/4096x4096        0   196708   236068   394676 
103641 codespace ./cli mmap images/4096x4096        0   196712   236070   394616 
%CPU %MEM ARGS Sun Oct  4 21:03:05 UTC 2026
 0.0  0.0 grep --color=auto ./cli       1  2344
19.4  4.8 ./cli mmap images/4096x4096   1 394596
19.5  4.8 ./cli mmap images/4096x4096   1 394612
19.9  4.8 ./cli mmap images/4096x4096   1 394616
20.1  4.8 ./cli mmap images/4096x4096   1 394572
20.2  4.8 ./cli mmap images/4096x4096   0 394676
  PID User     Command                         Swap      USS      PSS      RSS 
105802 codespace /usr/bin/python3 /usr/bin/s        0    12096    12310    14544 
103649 codespace ./cli mmap images/4096x4096        0   196708   236063   394572 
103645 codespace ./cli mmap images/4096x4096        0   196708   236065   394596 
103647 codespace ./cli mmap images/4096x4096        0   196708   236066   394612 
103643 codespace ./cli mmap images/4096x4096        0   196708   236068   394676 
103641 codespace ./cli mmap images/4096x4096        0   196712   236070   394616 
%CPU %MEM ARGS Sun Oct  4 21:03:06 UTC 2026
 0.0  0.0 grep --color=auto ./cli       1  2252
19.4  4.8 ./cli mmap images/4096x4096   0 394596
19.5  4.8 ./cli mmap images/4096x4096   1 394612
19.9  4.8 ./cli mmap images/4096x4096   1 394616
20.0  4.8 ./cli mmap images/4096x4096   0 394572
20.2  4.8 ./cli mmap images/4096x4096   1 394676
  PID User     Command                         Swap      USS      PSS      RSS 
105808 codespace /usr/bin/python3 /usr/bin/s        0    12132    12354    14628 
103649 codespace ./cli mmap images/4096x4096        0   196708   236062   394572 
103645 codespace ./cli mmap images/4096x4096        0   196708   236065   394596 
103647 codespace ./cli mmap images/4096x4096        0   196708   236066   394612 
103643 codespace ./cli mmap images/4096x4096        0   196708   236068   394676 
103641 codespace ./cli mmap images/4096x4096        0   196712   236070   394616 
%CPU %MEM ARGS Sun Oct  4 21:03:07 UTC 2026
 0.0  0.0 grep --color=auto ./cli       0  2168
19.4  4.8 ./cli mmap images/4096x4096   1 394596
19.4  4.8 ./cli mmap images/4096x4096   0 394612
19.9  4.8 ./cli mmap images/4096x4096   1 394616
20.0  4.8 ./cli mmap images/4096x4096   0 394572
20.2  4.8 ./cli mmap images/4096x4096   1 394676
  PID User     Command                         Swap      USS      PSS      RSS 
105820 codespace /usr/bin/python3 /usr/bin/s        0    12116    12337    14612 
103649 codespace ./cli mmap images/4096x4096        0   196708   236063   394572 
103645 codespace ./cli mmap images/4096x4096        0   196708   236065   394596 
103647 codespace ./cli mmap images/4096x4096        0   196708   236066   394612 
103643 codespace ./cli mmap images/4096x4096        0   196708   236068   394676 
103641 codespace ./cli mmap images/4096x4096        0   196712   236070   394616 
%CPU %MEM ARGS Sun Oct  4 21:03:08 UTC 2026
 0.0  0.0 grep --color=auto ./cli       0  2240
19.4  4.8 ./cli mmap images/4096x4096   0 394596
19.4  4.8 ./cli mmap images/4096x4096   0 394612
19.9  4.8 ./cli mmap images/4096x4096   1 394616
20.0  4.8 ./cli mmap images/4096x4096   0 394572
20.2  4.8 ./cli mmap images/4096x4096   0 394676
  PID User     Command                         Swap      USS      PSS      RSS 
105826 codespace /usr/bin/python3 /usr/bin/s        0    12092    12297    14492 
103649 codespace ./cli mmap images/4096x4096        0   196708   236063   394572 
103645 codespace ./cli mmap images/4096x4096        0   196708   236065   394596 
103647 codespace ./cli mmap images/4096x4096        0   196708   236066   394612 
103643 codespace ./cli mmap images/4096x4096        0   196708   236068   394676 
103641 codespace ./cli mmap images/4096x4096        0   196712   236070   394616 
%CPU %MEM ARGS Sun Oct  4 21:03:09 UTC 2026
 0.0  0.0 grep --color=auto ./cli       0  2180
19.4  4.8 ./cli mmap images/4096x4096   1 394596
19.4  4.8 ./cli mmap images/4096x4096   1 394612
19.9  4.8 ./cli mmap images/4096x4096   1 394616
20.0  4.8 ./cli mmap images/4096x4096   1 394572
20.2  4.8 ./cli mmap images/4096x4096   0 394676
  PID User     Command                         Swap      USS      PSS      RSS 
105832 codespace /usr/bin/python3 /usr/bin/s        0    12108    12326    14524 
103649 codespace ./cli mmap images/4096x4096        0   196708   236063   394572 
103645 codespace ./cli mmap images/4096x4096        0   196708   236065   394596 
103647 codespace ./cli mmap images/4096x4096        0   196708   236066   394612 
103643 codespace ./cli mmap images/4096x4096        0   196708   236068   394676 
103641 codespace ./cli mmap images/4096x4096        0   196712   236070   394616 
%CPU %MEM ARGS Sun Oct  4 21:03:10 UTC 2026
 0.0  0.0 grep --color=auto ./cli       1  2292
19.4  4.8 ./cli mmap images/4096x4096   1 394596
19.4  4.8 ./cli mmap images/4096x4096   1 394612
19.9  4.8 ./cli mmap images/4096x4096   1 394616
20.0  4.8 ./cli mmap images/4096x4096   0 394572
20.3  4.8 ./cli mmap images/4096x4096   1 394676
  PID User     Command                         Swap      USS      PSS      RSS 
105838 codespace /usr/bin/python3 /usr/bin/s        0    12088    12279    14504 
103649 codespace ./cli mmap images/4096x4096        0   196708   236062   394572 
103645 codespace ./cli mmap images/4096x4096        0   196708   236064   394596 
103647 codespace ./cli mmap images/4096x4096        0   196708   236065   394612 
103643 codespace ./cli mmap images/4096x4096        0   196708   236067   394676 
103641 codespace ./cli mmap images/4096x4096        0   196712   236070   394616 
%CPU %MEM ARGS Sun Oct  4 21:03:10 UTC 2026
 0.0  0.0 grep --color=auto ./cli       0  2248
19.4  4.8 ./cli mmap images/4096x4096   0 394612
19.4  4.8 ./cli mmap images/4096x4096   1 394596
19.9  4.8 ./cli mmap images/4096x4096   0 394616
20.0  4.8 ./cli mmap images/4096x4096   0 394572
20.2  4.8 ./cli mmap images/4096x4096   0 394676
  PID User     Command                         Swap      USS      PSS      RSS 
105850 codespace /usr/bin/python3 /usr/bin/s        0    12088    12310    14552 
103649 codespace ./cli mmap images/4096x4096        0   196708   236063   394572 
103645 codespace ./cli mmap images/4096x4096        0   196708   236065   394596 
103647 codespace ./cli mmap images/4096x4096        0   196708   236066   394612 
103643 codespace ./cli mmap images/4096x4096        0   196708   236068   394676 
103641 codespace ./cli mmap images/4096x4096        0   196712   236070   394616 
%CPU %MEM ARGS Sun Oct  4 21:03:11 UTC 2026
 0.0  0.0 grep --color=auto ./cli       0  2308
19.4  4.8 ./cli mmap images/4096x4096   0 394612
19.5  4.8 ./cli mmap images/4096x4096   1 394596
19.9  4.8 ./cli mmap images/4096x4096   0 394616
20.0  4.8 ./cli mmap images/4096x4096   0 394572
20.2  4.8 ./cli mmap images/4096x4096   0 394676
  PID User     Command                         Swap      USS      PSS      RSS 
105856 codespace /usr/bin/python3 /usr/bin/s        0    12112    12329    14624 
103649 codespace ./cli mmap images/4096x4096        0   196708   236063   394572 
103645 codespace ./cli mmap images/4096x4096        0   196708   236065   394596 
103647 codespace ./cli mmap images/4096x4096        0   196708   236066   394612 
103643 codespace ./cli mmap images/4096x4096        0   196708   236068   394676 
103641 codespace ./cli mmap images/4096x4096        0   196712   236070   394616 
%CPU %MEM ARGS Sun Oct  4 21:03:12 UTC 2026
 0.0  0.0 grep --color=auto ./cli       0  2164
19.4  4.8 ./cli mmap images/4096x4096   0 394612
19.5  4.8 ./cli mmap images/4096x4096   0 394596
19.9  4.8 ./cli mmap images/4096x4096   1 394616
20.0  4.8 ./cli mmap images/4096x4096   1 394572
20.2  4.8 ./cli mmap images/4096x4096   0 394676
  PID User     Command                         Swap      USS      PSS      RSS 
105865 codespace /usr/bin/python3 /usr/bin/s        0    12088    12307    14552 
103649 codespace ./cli mmap images/4096x4096        0   196708   236063   394572 
103645 codespace ./cli mmap images/4096x4096        0   196708   236065   394596 
103647 codespace ./cli mmap images/4096x4096        0   196708   236066   394612 
103643 codespace ./cli mmap images/4096x4096        0   196708   236068   394676 
103641 codespace ./cli mmap images/4096x4096        0   196712   236070   394616 
%CPU %MEM ARGS Sun Oct  4 21:03:13 UTC 2026
 0.0  0.0 grep --color=auto ./cli       0  2180
19.4  4.8 ./cli mmap images/4096x4096   0 394612
19.5  4.8 ./cli mmap images/4096x4096   0 394596
19.9  4.8 ./cli mmap images/4096x4096   0 394616
20.0  4.8 ./cli mmap images/4096x4096   0 394572
20.2  4.8 ./cli mmap images/4096x4096   0 394676
  PID User     Command                         Swap      USS      PSS      RSS 
105874 codespace /usr/bin/python3 /usr/bin/s        0    12140    12353    14584 
103649 codespace ./cli mmap images/4096x4096        0   196708   236063   394572 
103645 codespace ./cli mmap images/4096x4096        0   196708   236065   394596 
103647 codespace ./cli mmap images/4096x4096        0   196708   236066   394612 
103643 codespace ./cli mmap images/4096x4096        0   196708   236068   394676 
103641 codespace ./cli mmap images/4096x4096        0   196712   236070   394616 
%CPU %MEM ARGS Sun Oct  4 21:03:14 UTC 2026
 0.0  0.0 grep --color=auto ./cli       1  2172
19.4  4.8 ./cli mmap images/4096x4096   1 394612
19.5  4.8 ./cli mmap images/4096x4096   1 394596
19.9  4.8 ./cli mmap images/4096x4096   0 394616
20.0  4.8 ./cli mmap images/4096x4096   0 394572
20.2  4.8 ./cli mmap images/4096x4096   1 394676
  PID User     Command                         Swap      USS      PSS      RSS 
105887 codespace /usr/bin/python3 /usr/bin/s        0    12096    12310    14544 
103649 codespace ./cli mmap images/4096x4096        0   196708   236063   394572 
103645 codespace ./cli mmap images/4096x4096        0   196708   236065   394596 
103647 codespace ./cli mmap images/4096x4096        0   196708   236066   394612 
103643 codespace ./cli mmap images/4096x4096        0   196708   236068   394676 
103641 codespace ./cli mmap images/4096x4096        0   196712   236070   394616 
%CPU %MEM ARGS Sun Oct  4 21:03:15 UTC 2026
 0.0  0.0 grep --color=auto ./cli       1  2196
19.4  4.8 ./cli mmap images/4096x4096   1 394612
19.5  4.8 ./cli mmap images/4096x4096   1 394596
19.9  4.8 ./cli mmap images/4096x4096   1 394616
20.0  4.8 ./cli mmap images/4096x4096   1 394572
20.2  4.8 ./cli mmap images/4096x4096   1 394676
  PID User     Command                         Swap      USS      PSS      RSS 
105904 codespace /usr/bin/python3 /usr/bin/s        0    12100    12295    14580 
103649 codespace ./cli mmap images/4096x4096        0   196708   236062   394572 
103645 codespace ./cli mmap images/4096x4096        0   196708   236065   394596 
103647 codespace ./cli mmap images/4096x4096        0   196708   236065   394612 
103643 codespace ./cli mmap images/4096x4096        0   196708   236067   394676 
103641 codespace ./cli mmap images/4096x4096        0   196712   236069   394616 
%CPU %MEM ARGS Sun Oct  4 21:03:16 UTC 2026
 0.0  0.0 grep --color=auto ./cli       0  2184
19.3  4.8 ./cli mmap images/4096x4096   0 394612
19.4  4.8 ./cli mmap images/4096x4096   0 394596
19.9  4.8 ./cli mmap images/4096x4096   0 394616
20.0  4.8 ./cli mmap images/4096x4096   1 394572
20.2  4.8 ./cli mmap images/4096x4096   0 394676
  PID User     Command                         Swap      USS      PSS      RSS 
105915 codespace /usr/bin/python3 /usr/bin/s        0    12112    12329    14624 
103649 codespace ./cli mmap images/4096x4096        0   196708   236063   394572 
103645 codespace ./cli mmap images/4096x4096        0   196708   236065   394596 
103647 codespace ./cli mmap images/4096x4096        0   196708   236066   394612 
103643 codespace ./cli mmap images/4096x4096        0   196708   236068   394676 
103641 codespace ./cli mmap images/4096x4096        0   196712   236070   394616 
%CPU %MEM ARGS Sun Oct  4 21:03:17 UTC 2026
 0.0  0.0 grep --color=auto ./cli       1  2192
19.3  4.8 ./cli mmap images/4096x4096   1 394612
19.4  4.8 ./cli mmap images/4096x4096   1 394596
19.9  4.8 ./cli mmap images/4096x4096   1 394616
20.0  4.8 ./cli mmap images/4096x4096   0 394572
20.2  4.8 ./cli mmap images/4096x4096   1 394676
  PID User     Command                         Swap      USS      PSS      RSS 
105921 codespace /usr/bin/python3 /usr/bin/s        0    12088    12307    14572 
103649 codespace ./cli mmap images/4096x4096        0   196708   236063   394572 
103645 codespace ./cli mmap images/4096x4096        0   196708   236065   394596 
103647 codespace ./cli mmap images/4096x4096        0   196708   236065   394612 
103643 codespace ./cli mmap images/4096x4096        0   196708   236068   394676 
103641 codespace ./cli mmap images/4096x4096        0   196712   236070   394616 
%CPU %MEM ARGS Sun Oct  4 21:03:18 UTC 2026
 0.0  0.0 grep --color=auto ./cli       0  2160
19.3  4.8 ./cli mmap images/4096x4096   0 394612
19.4  4.8 ./cli mmap images/4096x4096   0 394596
19.9  4.8 ./cli mmap images/4096x4096   0 394616
20.0  4.8 ./cli mmap images/4096x4096   0 394572
20.2  4.8 ./cli mmap images/4096x4096   1 394676
  PID User     Command                         Swap      USS      PSS      RSS 
105927 codespace /usr/bin/python3 /usr/bin/s        0    12112    12324    14556 
103649 codespace ./cli mmap images/4096x4096        0   196708   236063   394572 
103645 codespace ./cli mmap images/4096x4096        0   196708   236064   394596 
103647 codespace ./cli mmap images/4096x4096        0   196708   236066   394612 
103643 codespace ./cli mmap images/4096x4096        0   196708   236068   394676 
103641 codespace ./cli mmap images/4096x4096        0   196712   236070   394616 
%CPU %MEM ARGS Sun Oct  4 21:03:19 UTC 2026
 0.0  0.0 grep --color=auto ./cli       1  2180
19.3  4.8 ./cli mmap images/4096x4096   0 394612
19.4  4.8 ./cli mmap images/4096x4096   1 394596
19.8  4.8 ./cli mmap images/4096x4096   0 394616
20.0  4.8 ./cli mmap images/4096x4096   0 394572
20.2  4.8 ./cli mmap images/4096x4096   1 394676
  PID User     Command                         Swap      USS      PSS      RSS 
105939 codespace /usr/bin/python3 /usr/bin/s        0    12104    12325    14584 
103649 codespace ./cli mmap images/4096x4096        0   196708   236063   394572 
103645 codespace ./cli mmap images/4096x4096        0   196708   236065   394596 
103647 codespace ./cli mmap images/4096x4096        0   196708   236066   394612 
103643 codespace ./cli mmap images/4096x4096        0   196708   236068   394676 
103641 codespace ./cli mmap images/4096x4096        0   196712   236070   394616 
%CPU %MEM ARGS Sun Oct  4 21:03:20 UTC 2026
 0.0  0.0 grep --color=auto ./cli       0  2172
19.4  4.8 ./cli mmap images/4096x4096   0 394612
19.4  4.8 ./cli mmap images/4096x4096   0 394596
19.8  4.8 ./cli mmap images/4096x4096   1 394616
20.0  4.8 ./cli mmap images/4096x4096   1 394572
20.2  4.8 ./cli mmap images/4096x4096   1 394676
  PID User     Command                         Swap      USS      PSS      RSS 
105945 codespace /usr/bin/python3 /usr/bin/s        0    12112    12327    14524 
103649 codespace ./cli mmap images/4096x4096        0   196708   236063   394572 
103645 codespace ./cli mmap images/4096x4096        0   196708   236065   394596 
103647 codespace ./cli mmap images/4096x4096        0   196708   236066   394612 
103643 codespace ./cli mmap images/4096x4096        0   196708   236068   394676 
103641 codespace ./cli mmap images/4096x4096        0   196712   236070   394616 
%CPU %MEM ARGS Sun Oct  4 21:03:20 UTC 2026
 0.0  0.0 grep --color=auto ./cli       1  2344
19.4  4.8 ./cli mmap images/4096x4096   1 394612
19.4  4.8 ./cli mmap images/4096x4096   1 394596
19.8  4.8 ./cli mmap images/4096x4096   1 394616
20.0  4.8 ./cli mmap images/4096x4096   0 394572
20.2  4.8 ./cli mmap images/4096x4096   1 394676
  PID User     Command                         Swap      USS      PSS      RSS 
105951 codespace /usr/bin/python3 /usr/bin/s        0    12096    12314    14512 
103649 codespace ./cli mmap images/4096x4096        0   196708   236063   394572 
103645 codespace ./cli mmap images/4096x4096        0   196708   236065   394596 
103647 codespace ./cli mmap images/4096x4096        0   196708   236066   394612 
103643 codespace ./cli mmap images/4096x4096        0   196708   236068   394676 
103641 codespace ./cli mmap images/4096x4096        0   196712   236070   394616 
%CPU %MEM ARGS Sun Oct  4 21:03:21 UTC 2026
 0.0  0.0 grep --color=auto ./cli       0  2192
19.4  4.8 ./cli mmap images/4096x4096   0 394612
19.4  4.8 ./cli mmap images/4096x4096   0 394596
19.8  4.8 ./cli mmap images/4096x4096   0 394616
20.0  4.8 ./cli mmap images/4096x4096   0 394572
20.2  4.8 ./cli mmap images/4096x4096   1 394676
  PID User     Command                         Swap      USS      PSS      RSS 
105962 codespace /usr/bin/python3 /usr/bin/s        0    12112    12326    14624 
103649 codespace ./cli mmap images/4096x4096        0   196708   236063   394572 
103645 codespace ./cli mmap images/4096x4096        0   196708   236065   394596 
103647 codespace ./cli mmap images/4096x4096        0   196708   236066   394612 
103643 codespace ./cli mmap images/4096x4096        0   196708   236068   394676 
103641 codespace ./cli mmap images/4096x4096        0   196712   236070   394616 
%CPU %MEM ARGS Sun Oct  4 21:03:22 UTC 2026
 0.0  0.0 grep --color=auto ./cli       0  2292
19.4  4.8 ./cli mmap images/4096x4096   0 394612
19.4  4.8 ./cli mmap images/4096x4096   1 394596
19.8  4.8 ./cli mmap images/4096x4096   1 394616
20.0  4.8 ./cli mmap images/4096x4096   1 394572
20.2  4.8 ./cli mmap images/4096x4096   1 394676
  PID User     Command                         Swap      USS      PSS      RSS 
105968 codespace /usr/bin/python3 /usr/bin/s        0    12104    12325    14580 
103649 codespace ./cli mmap images/4096x4096        0   196708   236063   394572 
103645 codespace ./cli mmap images/4096x4096        0   196708   236065   394596 
103647 codespace ./cli mmap images/4096x4096        0   196708   236066   394612 
103643 codespace ./cli mmap images/4096x4096        0   196708   236068   394676 
103641 codespace ./cli mmap images/4096x4096        0   196712   236070   394616 
%CPU %MEM ARGS Sun Oct  4 21:03:23 UTC 2026
 0.0  0.0 grep --color=auto ./cli       1  2248
19.4  4.8 ./cli mmap images/4096x4096   1 394612
19.4  4.8 ./cli mmap images/4096x4096   0 394596
19.8  4.8 ./cli mmap images/4096x4096   1 394616
20.0  4.8 ./cli mmap images/4096x4096   1 394572
20.2  4.8 ./cli mmap images/4096x4096   1 394676
  PID User     Command                         Swap      USS      PSS      RSS 
105974 codespace /usr/bin/python3 /usr/bin/s        0    12116    12331    14600 
103649 codespace ./cli mmap images/4096x4096        0   196708   236063   394572 
103645 codespace ./cli mmap images/4096x4096        0   196708   236065   394596 
103647 codespace ./cli mmap images/4096x4096        0   196708   236066   394612 
103643 codespace ./cli mmap images/4096x4096        0   196708   236068   394676 
103641 codespace ./cli mmap images/4096x4096        0   196712   236070   394616 
%CPU %MEM ARGS Sun Oct  4 21:03:24 UTC 2026
 0.0  0.0 grep --color=auto ./cli       1  2160
19.3  4.8 ./cli mmap images/4096x4096   1 394612
19.4  4.8 ./cli mmap images/4096x4096   1 394596
19.8  4.8 ./cli mmap images/4096x4096   1 394616
20.0  4.8 ./cli mmap images/4096x4096   1 394572
20.2  4.8 ./cli mmap images/4096x4096   1 394676
  PID User     Command                         Swap      USS      PSS      RSS 
105980 codespace /usr/bin/python3 /usr/bin/s        0    12096    12322    14648 
103649 codespace ./cli mmap images/4096x4096        0   196708   236063   394572 
103645 codespace ./cli mmap images/4096x4096        0   196708   236065   394596 
103647 codespace ./cli mmap images/4096x4096        0   196708   236065   394612 
103643 codespace ./cli mmap images/4096x4096        0   196708   236068   394676 
103641 codespace ./cli mmap images/4096x4096        0   196712   236069   394616 
%CPU %MEM ARGS Sun Oct  4 21:03:26 UTC 2026
 0.0  0.0 grep --color=auto ./cli       0  2164
19.3  4.8 ./cli mmap images/4096x4096   1 394612
19.4  4.8 ./cli mmap images/4096x4096   0 394596
19.8  4.8 ./cli mmap images/4096x4096   0 394616
20.0  4.8 ./cli mmap images/4096x4096   0 394572
20.2  4.8 ./cli mmap images/4096x4096   0 394676
  PID User     Command                         Swap      USS      PSS      RSS 
106011 codespace /usr/bin/python3 /usr/bin/s        0    12104    12327    14656 
103649 codespace ./cli mmap images/4096x4096        0   196708   236063   394572 
103645 codespace ./cli mmap images/4096x4096        0   196708   236065   394596 
103647 codespace ./cli mmap images/4096x4096        0   196708   236066   394612 
103643 codespace ./cli mmap images/4096x4096        0   196708   236068   394676 
103641 codespace ./cli mmap images/4096x4096        0   196712   236070   394616 
%CPU %MEM ARGS Sun Oct  4 21:03:26 UTC 2026
 0.0  0.0 grep --color=auto ./cli       0  2200
19.4  4.8 ./cli mmap images/4096x4096   1 394612
19.4  4.8 ./cli mmap images/4096x4096   0 394596
19.8  4.8 ./cli mmap images/4096x4096   0 394616
20.0  4.8 ./cli mmap images/4096x4096   0 394572
20.2  4.8 ./cli mmap images/4096x4096   0 394676
  PID User     Command                         Swap      USS      PSS      RSS 
106016 codespace /usr/bin/python3 /usr/bin/s        0    12148    12360    14628 
103649 codespace ./cli mmap images/4096x4096        0   196708   236063   394572 
103645 codespace ./cli mmap images/4096x4096        0   196708   236065   394596 
103643 codespace ./cli mmap images/4096x4096        0   196708   236068   394676 
103647 codespace ./cli mmap images/4096x4096        0   196708   236068   394612 
103641 codespace ./cli mmap images/4096x4096        0   196712   236070   394616 
%CPU %MEM ARGS Sun Oct  4 21:03:28 UTC 2026
 0.0  0.0 grep --color=auto ./cli       1  2340
19.4  4.8 ./cli mmap images/4096x4096   1 394596
19.4  4.8 ./cli mmap images/4096x4096   1 394612
19.8  4.8 ./cli mmap images/4096x4096   0 394616
20.0  4.8 ./cli mmap images/4096x4096   1 394572
20.2  4.8 ./cli mmap images/4096x4096   1 394676
  PID User     Command                         Swap      USS      PSS      RSS 
106028 codespace /usr/bin/python3 /usr/bin/s        0    12100    12328    14544 
103649 codespace ./cli mmap images/4096x4096        0   196708   236065   394572 
103645 codespace ./cli mmap images/4096x4096        0   196708   236067   394596 
103647 codespace ./cli mmap images/4096x4096        0   196708   236068   394612 
103643 codespace ./cli mmap images/4096x4096        0   196708   236070   394676 
103641 codespace ./cli mmap images/4096x4096        0   196712   236072   394616 
%CPU %MEM ARGS Sun Oct  4 21:03:28 UTC 2026
 0.0  0.0 grep --color=auto ./cli       0  2184
19.4  4.8 ./cli mmap images/4096x4096   0 394596
19.4  4.8 ./cli mmap images/4096x4096   0 394612
19.7  4.8 ./cli mmap images/4096x4096   1 394616
19.9  4.8 ./cli mmap images/4096x4096   1 394572
20.1  4.8 ./cli mmap images/4096x4096   0 394676
  PID User     Command                         Swap      USS      PSS      RSS 
106034 codespace /usr/bin/python3 /usr/bin/s        0    12104    12331    14536 
103649 codespace ./cli mmap images/4096x4096        0   196708   236064   394572 
103645 codespace ./cli mmap images/4096x4096        0   196708   236067   394596 
103647 codespace ./cli mmap images/4096x4096        0   196708   236068   394612 
103643 codespace ./cli mmap images/4096x4096        0   196708   236070   394676 
103641 codespace ./cli mmap images/4096x4096        0   196712   236072   394616 
%CPU %MEM ARGS Sun Oct  4 21:03:29 UTC 2026
 0.0  0.0 grep --color=auto ./cli       1  2308
19.4  4.8 ./cli mmap images/4096x4096   1 394596
19.4  4.8 ./cli mmap images/4096x4096   1 394612
19.7  4.8 ./cli mmap images/4096x4096   0 394616
20.0  4.8 ./cli mmap images/4096x4096   1 394572
20.1  4.8 ./cli mmap images/4096x4096   0 394676
  PID User     Command                         Swap      USS      PSS      RSS 
106040 codespace /usr/bin/python3 /usr/bin/s        0    12092    12326    14508 
103649 codespace ./cli mmap images/4096x4096        0   196708   236064   394572 
103645 codespace ./cli mmap images/4096x4096        0   196708   236067   394596 
103647 codespace ./cli mmap images/4096x4096        0   196708   236067   394612 
103643 codespace ./cli mmap images/4096x4096        0   196708   236070   394676 
103641 codespace ./cli mmap images/4096x4096        0   196712   236071   394616 
%CPU %MEM ARGS Sun Oct  4 21:03:30 UTC 2026
 0.0  0.0 grep --color=auto ./cli       1  2156
19.4  4.8 ./cli mmap images/4096x4096   1 394596
19.4  4.8 ./cli mmap images/4096x4096   0 394612
19.8  4.8 ./cli mmap images/4096x4096   0 394616
20.0  4.8 ./cli mmap images/4096x4096   1 394572
20.1  4.8 ./cli mmap images/4096x4096   1 394676
  PID User     Command                         Swap      USS      PSS      RSS 
106046 codespace /usr/bin/python3 /usr/bin/s        0    12084    12275    14504 
103649 codespace ./cli mmap images/4096x4096        0   196708   236062   394572 
103645 codespace ./cli mmap images/4096x4096        0   196708   236067   394596 
103647 codespace ./cli mmap images/4096x4096        0   196708   236067   394612 
103641 codespace ./cli mmap images/4096x4096        0   196712   236068   394616 
103643 codespace ./cli mmap images/4096x4096        0   196708   236070   394676 
%CPU %MEM ARGS Sun Oct  4 21:03:31 UTC 2026
 0.0  0.0 grep --color=auto ./cli       0  2344
19.4  4.8 ./cli mmap images/4096x4096   0 394596
19.4  4.8 ./cli mmap images/4096x4096   0 394612
19.9  4.8 ./cli mmap images/4096x4096   0 394616
20.0  4.8 ./cli mmap images/4096x4096   1 394572
20.1  4.8 ./cli mmap images/4096x4096   1 394676
  PID User     Command                         Swap      USS      PSS      RSS 
106058 codespace /usr/bin/python3 /usr/bin/s        0    12088    12309    14476 
103649 codespace ./cli mmap images/4096x4096        0   196708   236064   394572 
103645 codespace ./cli mmap images/4096x4096        0   196708   236067   394596 
103647 codespace ./cli mmap images/4096x4096        0   196708   236067   394612 
103643 codespace ./cli mmap images/4096x4096        0   196708   236070   394676 
103641 codespace ./cli mmap images/4096x4096        0   196712   236072   394616 
%CPU %MEM ARGS Sun Oct  4 21:03:32 UTC 2026
 0.0  0.0 grep --color=auto ./cli       0  2176
19.3  4.8 ./cli mmap images/4096x4096   0 394596
19.4  4.8 ./cli mmap images/4096x4096   1 394612
19.9  4.8 ./cli mmap images/4096x4096   0 394616
20.0  4.8 ./cli mmap images/4096x4096   1 394572
20.1  4.8 ./cli mmap images/4096x4096   0 394676
  PID User     Command                         Swap      USS      PSS      RSS 
106064 codespace /usr/bin/python3 /usr/bin/s        0    12116    12347    14528 
103649 codespace ./cli mmap images/4096x4096        0   196708   236065   394572 
103645 codespace ./cli mmap images/4096x4096        0   196708   236067   394596 
103647 codespace ./cli mmap images/4096x4096        0   196708   236067   394612 
103643 codespace ./cli mmap images/4096x4096        0   196708   236070   394676 
103641 codespace ./cli mmap images/4096x4096        0   196712   236072   394616 
%CPU %MEM ARGS Sun Oct  4 21:03:33 UTC 2026
 0.0  0.0 grep --color=auto ./cli       1  2180
19.3  4.8 ./cli mmap images/4096x4096   1 394596
19.4  4.8 ./cli mmap images/4096x4096   1 394612
19.8  4.8 ./cli mmap images/4096x4096   1 394616
19.9  4.8 ./cli mmap images/4096x4096   1 394572
20.1  4.8 ./cli mmap images/4096x4096   1 394676
  PID User     Command                         Swap      USS      PSS      RSS 
106076 codespace /usr/bin/python3 /usr/bin/s        0    12092    12328    14508 
103649 codespace ./cli mmap images/4096x4096        0   196708   236064   394572 
103645 codespace ./cli mmap images/4096x4096        0   196708   236067   394596 
103647 codespace ./cli mmap images/4096x4096        0   196708   236067   394612 
103643 codespace ./cli mmap images/4096x4096        0   196708   236070   394676 
103641 codespace ./cli mmap images/4096x4096        0   196712   236071   394616 
%CPU %MEM ARGS Sun Oct  4 21:03:34 UTC 2026
 0.0  0.0 grep --color=auto ./cli       0  2168
19.3  4.8 ./cli mmap images/4096x4096   1 394596
19.4  4.8 ./cli mmap images/4096x4096   0 394612
19.8  4.8 ./cli mmap images/4096x4096   1 394616
19.9  4.8 ./cli mmap images/4096x4096   1 394572
20.1  4.8 ./cli mmap images/4096x4096   1 394676
  PID User     Command                         Swap      USS      PSS      RSS 
106083 codespace /usr/bin/python3 /usr/bin/s        0    12104    12343    14600 
103649 codespace ./cli mmap images/4096x4096        0   196708   236065   394572 
103645 codespace ./cli mmap images/4096x4096        0   196708   236067   394596 
103647 codespace ./cli mmap images/4096x4096        0   196708   236067   394612 
103643 codespace ./cli mmap images/4096x4096        0   196708   236070   394676 
103641 codespace ./cli mmap images/4096x4096        0   196712   236072   394616 
%CPU %MEM ARGS Sun Oct  4 21:03:35 UTC 2026
 0.0  0.0 grep --color=auto ./cli       0  2308
19.3  4.8 ./cli mmap images/4096x4096   1 394596
19.3  4.8 ./cli mmap images/4096x4096   1 394612
19.8  4.8 ./cli mmap images/4096x4096   1 394616
19.9  4.8 ./cli mmap images/4096x4096   1 394572
20.1  4.8 ./cli mmap images/4096x4096   0 394676
  PID User     Command                         Swap      USS      PSS      RSS 
106091 codespace /usr/bin/python3 /usr/bin/s        0    12092    12331    14572 
103649 codespace ./cli mmap images/4096x4096        0   196708   236064   394572 
103645 codespace ./cli mmap images/4096x4096        0   196708   236067   394596 
103647 codespace ./cli mmap images/4096x4096        0   196708   236067   394612 
103643 codespace ./cli mmap images/4096x4096        0   196708   236069   394676 
103641 codespace ./cli mmap images/4096x4096        0   196712   236071   394616 
%CPU %MEM ARGS Sun Oct  4 21:03:36 UTC 2026
 0.0  0.0 grep --color=auto ./cli       0  2344
19.3  4.8 ./cli mmap images/4096x4096   0 394596
19.3  4.8 ./cli mmap images/4096x4096   0 394612
19.8  4.8 ./cli mmap images/4096x4096   1 394616
19.9  4.8 ./cli mmap images/4096x4096   0 394572
20.1  4.8 ./cli mmap images/4096x4096   0 394676
  PID User     Command                         Swap      USS      PSS      RSS 
106116 codespace /usr/bin/python3 /usr/bin/s        0    12096    12338    14648 
103649 codespace ./cli mmap images/4096x4096        0   196708   236065   394572 
103645 codespace ./cli mmap images/4096x4096        0   196708   236067   394596 
103647 codespace ./cli mmap images/4096x4096        0   196708   236068   394612 
103643 codespace ./cli mmap images/4096x4096        0   196708   236070   394676 
103641 codespace ./cli mmap images/4096x4096        0   196712   236072   394616 
%CPU %MEM ARGS Sun Oct  4 21:03:37 UTC 2026
 0.0  0.0 grep --color=auto ./cli       0  2300
19.3  4.8 ./cli mmap images/4096x4096   0 394596
19.3  4.8 ./cli mmap images/4096x4096   0 394612
19.9  4.8 ./cli mmap images/4096x4096   0 394572
19.9  4.8 ./cli mmap images/4096x4096   1 394616
20.1  4.8 ./cli mmap images/4096x4096   0 394676
  PID User     Command                         Swap      USS      PSS      RSS 
106125 codespace /usr/bin/python3 /usr/bin/s        0    12100    12335    14512 
103649 codespace ./cli mmap images/4096x4096        0   196708   236064   394572 
103645 codespace ./cli mmap images/4096x4096        0   196708   236067   394596 
103647 codespace ./cli mmap images/4096x4096        0   196708   236067   394612 
103643 codespace ./cli mmap images/4096x4096        0   196708   236071   394676 
103641 codespace ./cli mmap images/4096x4096        0   196712   236072   394616 
%CPU %MEM ARGS Sun Oct  4 21:03:38 UTC 2026
 0.0  0.0 grep --color=auto ./cli       1  2180
19.3  4.8 ./cli mmap images/4096x4096   0 394596
19.3  4.8 ./cli mmap images/4096x4096   0 394612
19.9  4.8 ./cli mmap images/4096x4096   0 394572
19.9  4.8 ./cli mmap images/4096x4096   0 394616
20.1  4.8 ./cli mmap images/4096x4096   0 394676
  PID User     Command                         Swap      USS      PSS      RSS 
106134 codespace /usr/bin/python3 /usr/bin/s        0    12100    12331    14544 
103649 codespace ./cli mmap images/4096x4096        0   196708   236065   394572 
103645 codespace ./cli mmap images/4096x4096        0   196708   236067   394596 
103647 codespace ./cli mmap images/4096x4096        0   196708   236067   394612 
103643 codespace ./cli mmap images/4096x4096        0   196708   236070   394676 
103641 codespace ./cli mmap images/4096x4096        0   196712   236071   394616 
%CPU %MEM ARGS Sun Oct  4 21:03:39 UTC 2026
 0.0  0.0 grep --color=auto ./cli       0  2156
19.3  4.8 ./cli mmap images/4096x4096   1 394596
19.3  4.8 ./cli mmap images/4096x4096   0 394612
19.9  4.8 ./cli mmap images/4096x4096   1 394572
19.9  4.8 ./cli mmap images/4096x4096   1 394616
20.1  4.8 ./cli mmap images/4096x4096   1 394676
  PID User     Command                         Swap      USS      PSS      RSS 
106146 codespace /usr/bin/python3 /usr/bin/s        0    12100    12331    14548 
103649 codespace ./cli mmap images/4096x4096        0   196708   236065   394572 
103645 codespace ./cli mmap images/4096x4096        0   196708   236067   394596 
103647 codespace ./cli mmap images/4096x4096        0   196708   236068   394612 
103643 codespace ./cli mmap images/4096x4096        0   196708   236070   394676 
103641 codespace ./cli mmap images/4096x4096        0   196712   236072   394616 
%CPU %MEM ARGS Sun Oct  4 21:03:40 UTC 2026
 0.0  0.0 grep --color=auto ./cli       0  2332
19.3  4.8 ./cli mmap images/4096x4096   0 394596
19.3  4.8 ./cli mmap images/4096x4096   1 394612
19.9  4.8 ./cli mmap images/4096x4096   0 394572
19.9  4.8 ./cli mmap images/4096x4096   0 394616
20.0  4.8 ./cli mmap images/4096x4096   0 394676
  PID User     Command                         Swap      USS      PSS      RSS 
106152 codespace /usr/bin/python3 /usr/bin/s        0    12104    12339    14520 
103649 codespace ./cli mmap images/4096x4096        0   196708   236064   394572 
103645 codespace ./cli mmap images/4096x4096        0   196708   236067   394596 
103647 codespace ./cli mmap images/4096x4096        0   196708   236067   394612 
103643 codespace ./cli mmap images/4096x4096        0   196708   236070   394676 
103641 codespace ./cli mmap images/4096x4096        0   196712   236072   394616 
%CPU %MEM ARGS Sun Oct  4 21:03:41 UTC 2026
 0.0  0.0 grep --color=auto ./cli       1  2308
19.2  4.8 ./cli mmap images/4096x4096   0 394596
19.4  4.8 ./cli mmap images/4096x4096   0 394612
19.8  4.8 ./cli mmap images/4096x4096   0 394572
19.9  4.8 ./cli mmap images/4096x4096   0 394616
20.0  4.8 ./cli mmap images/4096x4096   1 394676
  PID User     Command                         Swap      USS      PSS      RSS 
106158 codespace /usr/bin/python3 /usr/bin/s        0    12092    12325    14504 
103649 codespace ./cli mmap images/4096x4096        0   196708   236064   394572 
103645 codespace ./cli mmap images/4096x4096        0   196708   236067   394596 
103647 codespace ./cli mmap images/4096x4096        0   196708   236067   394612 
103643 codespace ./cli mmap images/4096x4096        0   196708   236070   394676 
103641 codespace ./cli mmap images/4096x4096        0   196712   236072   394616 
%CPU %MEM ARGS Sun Oct  4 21:03:42 UTC 2026
 0.0  0.0 grep --color=auto ./cli       1  2204
19.2  4.8 ./cli mmap images/4096x4096   0 394596
19.4  4.8 ./cli mmap images/4096x4096   0 394612
19.9  4.8 ./cli mmap images/4096x4096   0 394572
19.9  4.8 ./cli mmap images/4096x4096   0 394616
20.0  4.8 ./cli mmap images/4096x4096   0 394676
  PID User     Command                         Swap      USS      PSS      RSS 
106164 codespace /usr/bin/python3 /usr/bin/s        0    12120    12351    14648 
103649 codespace ./cli mmap images/4096x4096        0   196708   236065   394572 
103645 codespace ./cli mmap images/4096x4096        0   196708   236067   394596 
103647 codespace ./cli mmap images/4096x4096        0   196708   236068   394612 
103643 codespace ./cli mmap images/4096x4096        0   196708   236070   394676 
103641 codespace ./cli mmap images/4096x4096        0   196712   236072   394616 
%CPU %MEM ARGS Sun Oct  4 21:03:43 UTC 2026
 0.0  0.0 grep --color=auto ./cli       1  2160
19.2  4.8 ./cli mmap images/4096x4096   0 394596
19.4  4.8 ./cli mmap images/4096x4096   0 394612
19.9  4.8 ./cli mmap images/4096x4096   0 394572
19.9  4.8 ./cli mmap images/4096x4096   0 394616
20.0  4.8 ./cli mmap images/4096x4096   0 394676
  PID User     Command                         Swap      USS      PSS      RSS 
106170 codespace /usr/bin/python3 /usr/bin/s        0    12092    12310    14488 
103649 codespace ./cli mmap images/4096x4096        0   196708   236065   394572 
103645 codespace ./cli mmap images/4096x4096        0   196708   236067   394596 
103647 codespace ./cli mmap images/4096x4096        0   196708   236067   394612 
103643 codespace ./cli mmap images/4096x4096        0   196708   236070   394676 
103641 codespace ./cli mmap images/4096x4096        0   196712   236072   394616 
%CPU %MEM ARGS Sun Oct  4 21:03:43 UTC 2026
 0.0  0.0 grep --color=auto ./cli       1  2192
19.2  4.8 ./cli mmap images/4096x4096   0 394596
19.4  4.8 ./cli mmap images/4096x4096   0 394612
19.9  4.8 ./cli mmap images/4096x4096   1 394572
19.9  4.8 ./cli mmap images/4096x4096   0 394616
20.0  4.8 ./cli mmap images/4096x4096   0 394676
  PID User     Command                         Swap      USS      PSS      RSS 
106178 codespace /usr/bin/python3 /usr/bin/s        0    12100    12332    14544 
103649 codespace ./cli mmap images/4096x4096        0   196708   236064   394572 
103645 codespace ./cli mmap images/4096x4096        0   196708   236067   394596 
103647 codespace ./cli mmap images/4096x4096        0   196708   236068   394612 
103643 codespace ./cli mmap images/4096x4096        0   196708   236070   394676 
103641 codespace ./cli mmap images/4096x4096        0   196712   236072   394616 
%CPU %MEM ARGS Sun Oct  4 21:03:44 UTC 2026
 0.0  0.0 grep --color=auto ./cli       0  2196
19.2  4.8 ./cli mmap images/4096x4096   1 394596
19.4  4.8 ./cli mmap images/4096x4096   1 394612
19.9  4.8 ./cli mmap images/4096x4096   1 394572
19.9  4.8 ./cli mmap images/4096x4096   1 394616
20.0  4.8 ./cli mmap images/4096x4096   1 394676
  PID User     Command                         Swap      USS      PSS      RSS 
106187 codespace /usr/bin/python3 /usr/bin/s        0    12092    12327    14508 
103649 codespace ./cli mmap images/4096x4096        0   196708   236064   394572 
103645 codespace ./cli mmap images/4096x4096        0   196708   236065   394596 
103643 codespace ./cli mmap images/4096x4096        0   196708   236068   394676 
103647 codespace ./cli mmap images/4096x4096        0   196708   236068   394612 
103641 codespace ./cli mmap images/4096x4096        0   196712   236070   394616 
%CPU %MEM ARGS Sun Oct  4 21:03:45 UTC 2026
 0.0  0.0 grep --color=auto ./cli       1  2196
19.2  4.8 ./cli mmap images/4096x4096   1 394596
19.3  4.8 ./cli mmap images/4096x4096   1 394612
19.9  4.8 ./cli mmap images/4096x4096   0 394572
19.9  4.8 ./cli mmap images/4096x4096   0 394616
20.0  4.8 ./cli mmap images/4096x4096   1 394676
  PID User     Command                         Swap      USS      PSS      RSS 
106199 codespace /usr/bin/python3 /usr/bin/s        0    12100    12331    14536 
103649 codespace ./cli mmap images/4096x4096        0   196708   236064   394572 
103645 codespace ./cli mmap images/4096x4096        0   196708   236067   394596 
103647 codespace ./cli mmap images/4096x4096        0   196708   236067   394612 
103643 codespace ./cli mmap images/4096x4096        0   196708   236070   394676 
103641 codespace ./cli mmap images/4096x4096        0   196712   236072   394616 
%CPU %MEM ARGS Sun Oct  4 21:03:46 UTC 2026
 0.0  0.0 grep --color=auto ./cli       0  2160
19.2  4.8 ./cli mmap images/4096x4096   1 394596
19.3  4.8 ./cli mmap images/4096x4096   1 394612
19.8  4.8 ./cli mmap images/4096x4096   0 394572
19.9  4.8 ./cli mmap images/4096x4096   1 394616
20.0  4.8 ./cli mmap images/4096x4096   1 394676
  PID User     Command                         Swap      USS      PSS      RSS 
106216 codespace /usr/bin/python3 /usr/bin/s        0    12100    12331    14544 
103649 codespace ./cli mmap images/4096x4096        0   196708   236065   394572 
103645 codespace ./cli mmap images/4096x4096        0   196708   236067   394596 
103647 codespace ./cli mmap images/4096x4096        0   196708   236067   394612 
103643 codespace ./cli mmap images/4096x4096        0   196708   236070   394676 
103641 codespace ./cli mmap images/4096x4096        0   196712   236071   394616 
%CPU %MEM ARGS Sun Oct  4 21:03:47 UTC 2026
 0.0  0.0 grep --color=auto ./cli       1  2252
19.2  4.8 ./cli mmap images/4096x4096   0 394596
19.3  4.8 ./cli mmap images/4096x4096   1 394612
19.9  4.8 ./cli mmap images/4096x4096   1 394572
19.9  4.8 ./cli mmap images/4096x4096   1 394616
20.0  4.8 ./cli mmap images/4096x4096   1 394676
  PID User     Command                         Swap      USS      PSS      RSS 
106228 codespace /usr/bin/python3 /usr/bin/s        0    12104    12332    14552 
103649 codespace ./cli mmap images/4096x4096        0   196708   236065   394572 
103645 codespace ./cli mmap images/4096x4096        0   196708   236067   394596 
103647 codespace ./cli mmap images/4096x4096        0   196708   236068   394612 
103643 codespace ./cli mmap images/4096x4096        0   196708   236070   394676 
103641 codespace ./cli mmap images/4096x4096        0   196712   236072   394616 
%CPU %MEM ARGS Sun Oct  4 21:03:48 UTC 2026
 0.0  0.0 grep --color=auto ./cli       1  2144
19.2  4.8 ./cli mmap images/4096x4096   1 394596
19.4  4.8 ./cli mmap images/4096x4096   0 394612
19.9  4.8 ./cli mmap images/4096x4096   1 394572
19.9  4.8 ./cli mmap images/4096x4096   1 394616
20.0  4.8 ./cli mmap images/4096x4096   1 394676
  PID User     Command                         Swap      USS      PSS      RSS 
106234 codespace /usr/bin/python3 /usr/bin/s        0    12124    12352    14648 
103649 codespace ./cli mmap images/4096x4096        0   196708   236065   394572 
103645 codespace ./cli mmap images/4096x4096        0   196708   236067   394596 
103647 codespace ./cli mmap images/4096x4096        0   196708   236068   394612 
103643 codespace ./cli mmap images/4096x4096        0   196708   236070   394676 
103641 codespace ./cli mmap images/4096x4096        0   196712   236072   394616 
%CPU %MEM ARGS Sun Oct  4 21:03:49 UTC 2026
 0.0  0.0 grep --color=auto ./cli       0  2168
19.2  4.8 ./cli mmap images/4096x4096   0 394596
19.4  4.8 ./cli mmap images/4096x4096   1 394612
19.9  4.8 ./cli mmap images/4096x4096   0 394616
19.9  4.8 ./cli mmap images/4096x4096   0 394572
20.0  4.8 ./cli mmap images/4096x4096   0 394676
  PID User     Command                         Swap      USS      PSS      RSS 
106240 codespace /usr/bin/python3 /usr/bin/s        0    12124    12350    14620 
103645 codespace ./cli mmap images/4096x4096        0   196708   236064   394596 
103649 codespace ./cli mmap images/4096x4096        0   196708   236065   394572 
103647 codespace ./cli mmap images/4096x4096        0   196708   236068   394612 
103643 codespace ./cli mmap images/4096x4096        0   196708   236070   394676 
103641 codespace ./cli mmap images/4096x4096        0   196712   236072   394616 
%CPU %MEM ARGS Sun Oct  4 21:03:50 UTC 2026
 0.0  0.0 grep --color=auto ./cli       0  2180
19.2  4.8 ./cli mmap images/4096x4096   0 394596
19.4  4.8 ./cli mmap images/4096x4096   1 394612
19.8  4.8 ./cli mmap images/4096x4096   1 394616
19.9  4.8 ./cli mmap images/4096x4096   1 394572
20.0  4.8 ./cli mmap images/4096x4096   0 394676
  PID User     Command                         Swap      USS      PSS      RSS 
106258 codespace /usr/bin/python3 /usr/bin/s        0    12092    12325    14504 
103649 codespace ./cli mmap images/4096x4096        0   196708   236064   394572 
103645 codespace ./cli mmap images/4096x4096        0   196708   236067   394596 
103647 codespace ./cli mmap images/4096x4096        0   196708   236068   394612 
103643 codespace ./cli mmap images/4096x4096        0   196708   236070   394676 
103641 codespace ./cli mmap images/4096x4096        0   196712   236072   394616 
%CPU %MEM ARGS Sun Oct  4 21:03:51 UTC 2026
 0.0  0.0 grep --color=auto ./cli       1  2296
19.2  4.8 ./cli mmap images/4096x4096   1 394596
19.4  4.8 ./cli mmap images/4096x4096   1 394612
19.8  4.8 ./cli mmap images/4096x4096   1 394616
19.9  4.8 ./cli mmap images/4096x4096   0 394572
20.0  4.8 ./cli mmap images/4096x4096   1 394676
  PID User     Command                         Swap      USS      PSS      RSS 
106264 codespace /usr/bin/python3 /usr/bin/s        0    12092    12330    14568 
103649 codespace ./cli mmap images/4096x4096        0   196708   236065   394572 
103645 codespace ./cli mmap images/4096x4096        0   196708   236067   394596 
103647 codespace ./cli mmap images/4096x4096        0   196708   236067   394612 
103643 codespace ./cli mmap images/4096x4096        0   196708   236070   394676 
103641 codespace ./cli mmap images/4096x4096        0   196712   236071   394616 
%CPU %MEM ARGS Sun Oct  4 21:03:52 UTC 2026
 0.0  0.0 grep --color=auto ./cli       1  2176
19.2  4.8 ./cli mmap images/4096x4096   1 394596
19.4  4.8 ./cli mmap images/4096x4096   0 394612
19.8  4.8 ./cli mmap images/4096x4096   1 394616
19.9  4.8 ./cli mmap images/4096x4096   1 394572
20.0  4.8 ./cli mmap images/4096x4096   1 394676
  PID User     Command                         Swap      USS      PSS      RSS 
106270 codespace /usr/bin/python3 /usr/bin/s        0    12088    12321    14504 
103649 codespace ./cli mmap images/4096x4096        0   196708   236064   394572 
103645 codespace ./cli mmap images/4096x4096        0   196708   236067   394596 
103647 codespace ./cli mmap images/4096x4096        0   196708   236067   394612 
103643 codespace ./cli mmap images/4096x4096        0   196708   236070   394676 
103641 codespace ./cli mmap images/4096x4096        0   196712   236072   394616 
%CPU %MEM ARGS Sun Oct  4 21:03:53 UTC 2026
 0.0  0.0 grep --color=auto ./cli       1  2208
19.2  4.8 ./cli mmap images/4096x4096   1 394596
19.5  4.8 ./cli mmap images/4096x4096   1 394612
19.8  4.8 ./cli mmap images/4096x4096   0 394616
19.9  4.8 ./cli mmap images/4096x4096   0 394572
19.9  4.8 ./cli mmap images/4096x4096   1 394676
  PID User     Command                         Swap      USS      PSS      RSS 
106276 codespace /usr/bin/python3 /usr/bin/s        0    12112    12337    14540 
103649 codespace ./cli mmap images/4096x4096        0   196708   236065   394572 
103645 codespace ./cli mmap images/4096x4096        0   196708   236067   394596 
103647 codespace ./cli mmap images/4096x4096        0   196708   236068   394612 
103643 codespace ./cli mmap images/4096x4096        0   196708   236070   394676 
103641 codespace ./cli mmap images/4096x4096        0   196712   236072   394616 
%CPU %MEM ARGS Sun Oct  4 21:03:54 UTC 2026
 0.0  0.0 grep --color=auto ./cli       1  2248
19.2  4.8 ./cli mmap images/4096x4096   1 394596
19.4  4.8 ./cli mmap images/4096x4096   0 394612
19.8  4.8 ./cli mmap images/4096x4096   0 394616
19.9  4.8 ./cli mmap images/4096x4096   0 394676
19.9  4.8 ./cli mmap images/4096x4096   1 394572
  PID User     Command                         Swap      USS      PSS      RSS 
106282 codespace /usr/bin/python3 /usr/bin/s        0    12084    12321    14568 
103649 codespace ./cli mmap images/4096x4096        0   196708   236064   394572 
103645 codespace ./cli mmap images/4096x4096        0   196708   236067   394596 
103647 codespace ./cli mmap images/4096x4096        0   196708   236067   394612 
103643 codespace ./cli mmap images/4096x4096        0   196708   236070   394676 
103641 codespace ./cli mmap images/4096x4096        0   196712   236071   394616 
%CPU %MEM ARGS Sun Oct  4 21:03:55 UTC 2026
 0.0  0.0 grep --color=auto ./cli       1  2168
19.2  4.8 ./cli mmap images/4096x4096   1 394596
19.5  4.8 ./cli mmap images/4096x4096   0 394612
19.8  4.8 ./cli mmap images/4096x4096   1 394616
19.9  4.8 ./cli mmap images/4096x4096   0 394572
20.0  4.8 ./cli mmap images/4096x4096   1 394676
  PID User     Command                         Swap      USS      PSS      RSS 
106287 codespace /usr/bin/python3 /usr/bin/s        0    12088    12327    14556 
103649 codespace ./cli mmap images/4096x4096        0   196708   236065   394572 
103645 codespace ./cli mmap images/4096x4096        0   196708   236067   394596 
103647 codespace ./cli mmap images/4096x4096        0   196708   236067   394612 
103643 codespace ./cli mmap images/4096x4096        0   196708   236070   394676 
103641 codespace ./cli mmap images/4096x4096        0   196712   236071   394616 
%CPU %MEM ARGS Sun Oct  4 21:03:56 UTC 2026
 0.0  0.0 grep --color=auto ./cli       0  2344
19.2  4.8 ./cli mmap images/4096x4096   1 394596
19.4  4.8 ./cli mmap images/4096x4096   1 394612
19.8  4.8 ./cli mmap images/4096x4096   1 394616
19.9  4.8 ./cli mmap images/4096x4096   1 394572
19.9  4.8 ./cli mmap images/4096x4096   0 394676
  PID User     Command                         Swap      USS      PSS      RSS 
106299 codespace /usr/bin/python3 /usr/bin/s        0    12092    12329    14572 
103645 codespace ./cli mmap images/4096x4096        0   196708   236065   394596 
103649 codespace ./cli mmap images/4096x4096        0   196708   236065   394572 
103647 codespace ./cli mmap images/4096x4096        0   196708   236067   394612 
103643 codespace ./cli mmap images/4096x4096        0   196708   236070   394676 
103641 codespace ./cli mmap images/4096x4096        0   196712   236071   394616 
%CPU %MEM ARGS Sun Oct  4 21:03:57 UTC 2026
 0.0  0.0 grep --color=auto ./cli       1  2176
19.2  4.8 ./cli mmap images/4096x4096   1 394596
19.4  4.8 ./cli mmap images/4096x4096   1 394612
19.8  4.8 ./cli mmap images/4096x4096   1 394616
19.9  4.8 ./cli mmap images/4096x4096   1 394572
19.9  4.8 ./cli mmap images/4096x4096   1 394676
  PID User     Command                         Swap      USS      PSS      RSS 
106329 codespace /usr/bin/python3 /usr/bin/s        0    12100    12331    14572 
103649 codespace ./cli mmap images/4096x4096        0   196708   236064   394572 
103645 codespace ./cli mmap images/4096x4096        0   196708   236067   394596 
103647 codespace ./cli mmap images/4096x4096        0   196708   236067   394612 
103643 codespace ./cli mmap images/4096x4096        0   196708   236070   394676 
103641 codespace ./cli mmap images/4096x4096        0   196712   236072   394616 
%CPU %MEM ARGS Sun Oct  4 21:03:58 UTC 2026
 0.0  0.0 grep --color=auto ./cli       0  2204
19.2  4.8 ./cli mmap images/4096x4096   1 394596
19.4  4.8 ./cli mmap images/4096x4096   1 394612
19.8  4.8 ./cli mmap images/4096x4096   1 394616
19.9  4.8 ./cli mmap images/4096x4096   1 394572
19.9  4.8 ./cli mmap images/4096x4096   1 394676
  PID User     Command                         Swap      USS      PSS      RSS 
106335 codespace /usr/bin/python3 /usr/bin/s        0    12092    12327    14508 
103649 codespace ./cli mmap images/4096x4096        0   196708   236064   394572 
103645 codespace ./cli mmap images/4096x4096        0   196708   236067   394596 
103647 codespace ./cli mmap images/4096x4096        0   196708   236068   394612 
103643 codespace ./cli mmap images/4096x4096        0   196708   236070   394676 
103641 codespace ./cli mmap images/4096x4096        0   196712   236072   394616 
%CPU %MEM ARGS Sun Oct  4 21:03:58 UTC 2026
 0.0  0.0 grep --color=auto ./cli       1  2172
19.2  4.8 ./cli mmap images/4096x4096   1 394596
19.4  4.8 ./cli mmap images/4096x4096   1 394612
19.8  4.8 ./cli mmap images/4096x4096   1 394616
19.9  4.8 ./cli mmap images/4096x4096   0 394572
19.9  4.8 ./cli mmap images/4096x4096   1 394676
  PID User     Command                         Swap      USS      PSS      RSS 
106341 codespace /usr/bin/python3 /usr/bin/s        0    12048    12280    14516 
103649 codespace ./cli mmap images/4096x4096        0   196708   236064   394572 
103645 codespace ./cli mmap images/4096x4096        0   196708   236067   394596 
103647 codespace ./cli mmap images/4096x4096        0   196708   236067   394612 
103643 codespace ./cli mmap images/4096x4096        0   196708   236070   394676 
103641 codespace ./cli mmap images/4096x4096        0   196712   236072   394616 
%CPU %MEM ARGS Sun Oct  4 21:03:59 UTC 2026
 0.0  0.0 grep --color=auto ./cli       0  2252
19.2  4.8 ./cli mmap images/4096x4096   1 394596
19.4  4.8 ./cli mmap images/4096x4096   1 394612
19.8  4.8 ./cli mmap images/4096x4096   1 394616
19.9  4.8 ./cli mmap images/4096x4096   1 394572
19.9  4.8 ./cli mmap images/4096x4096   1 394676
  PID User     Command                         Swap      USS      PSS      RSS 
106347 codespace /usr/bin/python3 /usr/bin/s        0    12092    12327    14504 
103649 codespace ./cli mmap images/4096x4096        0   196708   236064   394572 
103645 codespace ./cli mmap images/4096x4096        0   196708   236067   394596 
103647 codespace ./cli mmap images/4096x4096        0   196708   236068   394612 
103643 codespace ./cli mmap images/4096x4096        0   196708   236070   394676 
103641 codespace ./cli mmap images/4096x4096        0   196712   236072   394616 
%CPU %MEM ARGS Sun Oct  4 21:04:00 UTC 2026
 0.0  0.0 grep --color=auto ./cli       1  2180
19.2  4.8 ./cli mmap images/4096x4096   1 394596
19.4  4.8 ./cli mmap images/4096x4096   1 394612
19.8  4.8 ./cli mmap images/4096x4096   0 394616
19.9  4.8 ./cli mmap images/4096x4096   1 394572
19.9  4.8 ./cli mmap images/4096x4096   1 394676
  PID User     Command                         Swap      USS      PSS      RSS 
106353 codespace /usr/bin/python3 /usr/bin/s        0    12088    12322    14540 
103649 codespace ./cli mmap images/4096x4096        0   196708   236065   394572 
103645 codespace ./cli mmap images/4096x4096        0   196708   236067   394596 
103647 codespace ./cli mmap images/4096x4096        0   196708   236067   394612 
103643 codespace ./cli mmap images/4096x4096        0   196708   236070   394676 
103641 codespace ./cli mmap images/4096x4096        0   196712   236071   394616 
%CPU %MEM ARGS Sun Oct  4 21:04:01 UTC 2026
 0.0  0.0 grep --color=auto ./cli       0  2260
19.2  4.8 ./cli mmap images/4096x4096   0 394596
19.4  4.8 ./cli mmap images/4096x4096   1 394612
19.8  4.8 ./cli mmap images/4096x4096   0 394616
19.9  4.8 ./cli mmap images/4096x4096   1 394572
19.9  4.8 ./cli mmap images/4096x4096   1 394676
  PID User     Command                         Swap      USS      PSS      RSS 
106359 codespace /usr/bin/python3 /usr/bin/s        0    12100    12329    14544 
103649 codespace ./cli mmap images/4096x4096        0   196708   236065   394572 
103645 codespace ./cli mmap images/4096x4096        0   196708   236067   394596 
103647 codespace ./cli mmap images/4096x4096        0   196708   236068   394612 
103643 codespace ./cli mmap images/4096x4096        0   196708   236070   394676 
103641 codespace ./cli mmap images/4096x4096        0   196712   236072   394616 
%CPU %MEM ARGS Sun Oct  4 21:04:03 UTC 2026
 0.0  0.0 grep --color=auto ./cli       1  2256
19.3  4.8 ./cli mmap images/4096x4096   0 394596
19.4  4.8 ./cli mmap images/4096x4096   1 394612
19.8  4.8 ./cli mmap images/4096x4096   1 394616
19.8  4.8 ./cli mmap images/4096x4096   1 394572
19.9  4.8 ./cli mmap images/4096x4096   1 394676
  PID User     Command                         Swap      USS      PSS      RSS 
106374 codespace /usr/bin/python3 /usr/bin/s        0    12092    12321    14504 
103649 codespace ./cli mmap images/4096x4096        0   196708   236064   394572 
103645 codespace ./cli mmap images/4096x4096        0   196708   236067   394596 
103647 codespace ./cli mmap images/4096x4096        0   196708   236068   394612 
103643 codespace ./cli mmap images/4096x4096        0   196708   236070   394676 
103641 codespace ./cli mmap images/4096x4096        0   196712   236072   394616 
%CPU %MEM ARGS Sun Oct  4 21:04:04 UTC 2026
 0.0  0.0 grep --color=auto ./cli       1  2204
19.3  4.8 ./cli mmap images/4096x4096   1 394596
19.4  4.8 ./cli mmap images/4096x4096   1 394612
19.8  4.8 ./cli mmap images/4096x4096   0 394616
19.9  4.8 ./cli mmap images/4096x4096   1 394572
19.9  4.8 ./cli mmap images/4096x4096   1 394676
  PID User     Command                         Swap      USS      PSS      RSS 
106383 codespace /usr/bin/python3 /usr/bin/s        0    12092    12336    14508 
103649 codespace ./cli mmap images/4096x4096        0   196708   236065   394572 
103645 codespace ./cli mmap images/4096x4096        0   196708   236067   394596 
103647 codespace ./cli mmap images/4096x4096        0   196708   236067   394612 
103643 codespace ./cli mmap images/4096x4096        0   196708   236070   394676 
103641 codespace ./cli mmap images/4096x4096        0   196712   236072   394616 
%CPU %MEM ARGS Sun Oct  4 21:04:05 UTC 2026
 0.0  0.0 grep --color=auto ./cli       0  2180
19.3  4.8 ./cli mmap images/4096x4096   1 394596
19.3  4.8 ./cli mmap images/4096x4096   1 394612
19.8  4.8 ./cli mmap images/4096x4096   1 394572
19.8  4.8 ./cli mmap images/4096x4096   1 394676
19.9  4.8 ./cli mmap images/4096x4096   0 394616
  PID User     Command                         Swap      USS      PSS      RSS 
106389 codespace /usr/bin/python3 /usr/bin/s        0    12108    12322    14528 
103649 codespace ./cli mmap images/4096x4096        0   196708   236064   394572 
103645 codespace ./cli mmap images/4096x4096        0   196708   236067   394596 
103647 codespace ./cli mmap images/4096x4096        0   196708   236067   394612 
103643 codespace ./cli mmap images/4096x4096        0   196708   236070   394676 
103641 codespace ./cli mmap images/4096x4096        0   196712   236072   394616 
%CPU %MEM ARGS Sun Oct  4 21:04:06 UTC 2026
 0.0  0.0 grep --color=auto ./cli       0  2184
19.3  4.8 ./cli mmap images/4096x4096   1 394596
19.3  4.8 ./cli mmap images/4096x4096   1 394612
19.8  4.8 ./cli mmap images/4096x4096   1 394676
19.8  4.8 ./cli mmap images/4096x4096   1 394572
19.9  4.8 ./cli mmap images/4096x4096   1 394616
  PID User     Command                         Swap      USS      PSS      RSS 
106395 codespace /usr/bin/python3 /usr/bin/s        0    12096    12330    14544 
103649 codespace ./cli mmap images/4096x4096        0   196708   236064   394572 
103645 codespace ./cli mmap images/4096x4096        0   196708   236067   394596 
103647 codespace ./cli mmap images/4096x4096        0   196708   236068   394612 
103643 codespace ./cli mmap images/4096x4096        0   196708   236070   394676 
103641 codespace ./cli mmap images/4096x4096        0   196712   236072   394616 
%CPU %MEM ARGS Sun Oct  4 21:04:06 UTC 2026
 0.0  0.0 grep --color=auto ./cli       1  2160
19.3  4.8 ./cli mmap images/4096x4096   0 394596
19.3  4.8 ./cli mmap images/4096x4096   1 394612
19.8  4.8 ./cli mmap images/4096x4096   1 394572
19.8  4.8 ./cli mmap images/4096x4096   1 394676
19.9  4.8 ./cli mmap images/4096x4096   1 394616
  PID User     Command                         Swap      USS      PSS      RSS 
106400 codespace /usr/bin/python3 /usr/bin/s        0    12084    12324    14552 
103649 codespace ./cli mmap images/4096x4096        0   196708   236065   394572 
103645 codespace ./cli mmap images/4096x4096        0   196708   236067   394596 
103647 codespace ./cli mmap images/4096x4096        0   196708   236067   394612 
103643 codespace ./cli mmap images/4096x4096        0   196708   236070   394676 
103641 codespace ./cli mmap images/4096x4096        0   196712   236072   394616 
%CPU %MEM ARGS Sun Oct  4 21:04:07 UTC 2026
 0.0  0.0 grep --color=auto ./cli       0  2192
19.3  4.8 ./cli mmap images/4096x4096   0 394596
19.3  4.8 ./cli mmap images/4096x4096   1 394612
19.8  4.8 ./cli mmap images/4096x4096   1 394572
19.8  4.8 ./cli mmap images/4096x4096   1 394676
19.9  4.8 ./cli mmap images/4096x4096   0 394616
  PID User     Command                         Swap      USS      PSS      RSS 
106406 codespace /usr/bin/python3 /usr/bin/s        0    12096    12327    14568 
103649 codespace ./cli mmap images/4096x4096        0   196708   236064   394572 
103645 codespace ./cli mmap images/4096x4096        0   196708   236067   394596 
103647 codespace ./cli mmap images/4096x4096        0   196708   236067   394612 
103643 codespace ./cli mmap images/4096x4096        0   196708   236068   394676 
103641 codespace ./cli mmap images/4096x4096        0   196712   236070   394616 
%CPU %MEM ARGS Sun Oct  4 21:04:08 UTC 2026
 0.0  0.0 grep --color=auto ./cli       1  2300
19.3  4.8 ./cli mmap images/4096x4096   1 394596
19.3  4.8 ./cli mmap images/4096x4096   1 394612
19.8  4.8 ./cli mmap images/4096x4096   0 394572
19.8  4.8 ./cli mmap images/4096x4096   1 394676
19.8  4.8 ./cli mmap images/4096x4096   1 394616
  PID User     Command                         Swap      USS      PSS      RSS 
106435 codespace /usr/bin/python3 /usr/bin/s        0    12100    12334    14572 
103649 codespace ./cli mmap images/4096x4096        0   196708   236065   394572 
103645 codespace ./cli mmap images/4096x4096        0   196708   236067   394596 
103647 codespace ./cli mmap images/4096x4096        0   196708   236067   394612 
103643 codespace ./cli mmap images/4096x4096        0   196708   236070   394676 
103641 codespace ./cli mmap images/4096x4096        0   196712   236072   394616 
%CPU %MEM ARGS Sun Oct  4 21:04:09 UTC 2026
 0.0  0.0 grep --color=auto ./cli       0  2300
19.3  4.8 ./cli mmap images/4096x4096   0 394596
19.3  4.8 ./cli mmap images/4096x4096   1 394612
19.8  4.8 ./cli mmap images/4096x4096   1 394572
19.8  4.8 ./cli mmap images/4096x4096   1 394676
19.8  4.8 ./cli mmap images/4096x4096   1 394616
  PID User     Command                         Swap      USS      PSS      RSS 
106441 codespace /usr/bin/python3 /usr/bin/s        0    12104    12304    14580 
103649 codespace ./cli mmap images/4096x4096        0   196708   236064   394572 
103645 codespace ./cli mmap images/4096x4096        0   196708   236067   394596 
103647 codespace ./cli mmap images/4096x4096        0   196708   236067   394612 
103641 codespace ./cli mmap images/4096x4096        0   196712   236069   394616 
103643 codespace ./cli mmap images/4096x4096        0   196708   236070   394676 
%CPU %MEM ARGS Sun Oct  4 21:04:10 UTC 2026
 0.0  0.0 grep --color=auto ./cli       1  2172
19.3  4.8 ./cli mmap images/4096x4096   1 394596
19.3  4.8 ./cli mmap images/4096x4096   1 394612
19.8  4.8 ./cli mmap images/4096x4096   0 394572
19.8  4.8 ./cli mmap images/4096x4096   1 394676
19.9  4.8 ./cli mmap images/4096x4096   1 394616
  PID User     Command                         Swap      USS      PSS      RSS 
106453 codespace /usr/bin/python3 /usr/bin/s        0    12104    12336    14552 
103649 codespace ./cli mmap images/4096x4096        0   196708   236065   394572 
103645 codespace ./cli mmap images/4096x4096        0   196708   236067   394596 
103647 codespace ./cli mmap images/4096x4096        0   196708   236068   394612 
103643 codespace ./cli mmap images/4096x4096        0   196708   236070   394676 
103641 codespace ./cli mmap images/4096x4096        0   196712   236072   394616 
%CPU %MEM ARGS Sun Oct  4 21:04:10 UTC 2026
 0.0  0.0 grep --color=auto ./cli       1  2268
19.3  4.8 ./cli mmap images/4096x4096   1 394596
19.3  4.8 ./cli mmap images/4096x4096   1 394612
19.8  4.8 ./cli mmap images/4096x4096   1 394572
19.8  4.8 ./cli mmap images/4096x4096   1 394676
19.9  4.8 ./cli mmap images/4096x4096   0 394616
  PID User     Command                         Swap      USS      PSS      RSS 
106459 codespace /usr/bin/python3 /usr/bin/s        0    12092    12321    14504 
103649 codespace ./cli mmap images/4096x4096        0   196708   236064   394572 
103645 codespace ./cli mmap images/4096x4096        0   196708   236067   394596 
103647 codespace ./cli mmap images/4096x4096        0   196708   236068   394612 
103643 codespace ./cli mmap images/4096x4096        0   196708   236070   394676 
103641 codespace ./cli mmap images/4096x4096        0   196712   236072   394616 
%CPU %MEM ARGS Sun Oct  4 21:04:11 UTC 2026
 0.0  0.0 grep --color=auto ./cli       1  2304
19.3  4.8 ./cli mmap images/4096x4096   1 394596
19.3  4.8 ./cli mmap images/4096x4096   1 394612
19.8  4.8 ./cli mmap images/4096x4096   1 394572
19.8  4.8 ./cli mmap images/4096x4096   1 394676
19.9  4.8 ./cli mmap images/4096x4096   0 394616
  PID User     Command                         Swap      USS      PSS      RSS 
106465 codespace /usr/bin/python3 /usr/bin/s        0    12092    12326    14508 
103649 codespace ./cli mmap images/4096x4096        0   196708   236064   394572 
103645 codespace ./cli mmap images/4096x4096        0   196708   236067   394596 
103647 codespace ./cli mmap images/4096x4096        0   196708   236067   394612 
103643 codespace ./cli mmap images/4096x4096        0   196708   236070   394676 
103641 codespace ./cli mmap images/4096x4096        0   196712   236072   394616 
%CPU %MEM ARGS Sun Oct  4 21:04:12 UTC 2026
 0.0  0.0 grep --color=auto ./cli       1  2172
19.3  4.8 ./cli mmap images/4096x4096   1 394612
19.3  4.8 ./cli mmap images/4096x4096   0 394596
19.8  4.8 ./cli mmap images/4096x4096   1 394572
19.8  4.8 ./cli mmap images/4096x4096   1 394676
19.9  4.8 ./cli mmap images/4096x4096   1 394616
  PID User     Command                         Swap      USS      PSS      RSS 
106471 codespace /usr/bin/python3 /usr/bin/s        0    12088    12297    14572 
103649 codespace ./cli mmap images/4096x4096        0   196708   236063   394572 
103645 codespace ./cli mmap images/4096x4096        0   196708   236065   394596 
103647 codespace ./cli mmap images/4096x4096        0   196708   236066   394612 
103643 codespace ./cli mmap images/4096x4096        0   196708   236068   394676 
103641 codespace ./cli mmap images/4096x4096        0   196712   236070   394616 
%CPU %MEM ARGS Sun Oct  4 21:04:13 UTC 2026
 0.0  0.0 grep --color=auto ./cli       1  2192
19.3  4.8 ./cli mmap images/4096x4096   1 394612
19.3  4.8 ./cli mmap images/4096x4096   0 394596
19.8  4.8 ./cli mmap images/4096x4096   1 394572
19.8  4.8 ./cli mmap images/4096x4096   1 394676
19.9  4.8 ./cli mmap images/4096x4096   0 394616
  PID User     Command                         Swap      USS      PSS      RSS 
106483 codespace /usr/bin/python3 /usr/bin/s        0    12092    12329    14508 
103649 codespace ./cli mmap images/4096x4096        0   196708   236064   394572 
103645 codespace ./cli mmap images/4096x4096        0   196708   236067   394596 
103647 codespace ./cli mmap images/4096x4096        0   196708   236067   394612 
103643 codespace ./cli mmap images/4096x4096        0   196708   236070   394676 
103641 codespace ./cli mmap images/4096x4096        0   196712   236071   394616 
%CPU %MEM ARGS Sun Oct  4 21:04:14 UTC 2026
 0.0  0.0 grep --color=auto ./cli       0  2288
19.3  4.8 ./cli mmap images/4096x4096   1 394612
19.3  4.8 ./cli mmap images/4096x4096   1 394596
19.8  4.8 ./cli mmap images/4096x4096   1 394676
19.8  4.8 ./cli mmap images/4096x4096   0 394572
19.9  4.8 ./cli mmap images/4096x4096   1 394616
  PID User     Command                         Swap      USS      PSS      RSS 
106489 codespace /usr/bin/python3 /usr/bin/s        0    12092    12326    14552 
103649 codespace ./cli mmap images/4096x4096        0   196708   236065   394572 
103645 codespace ./cli mmap images/4096x4096        0   196708   236067   394596 
103647 codespace ./cli mmap images/4096x4096        0   196708   236068   394612 
103643 codespace ./cli mmap images/4096x4096        0   196708   236070   394676 
103641 codespace ./cli mmap images/4096x4096        0   196712   236072   394616 
%CPU %MEM ARGS Sun Oct  4 21:04:15 UTC 2026
 0.0  0.0 grep --color=auto ./cli       0  2180
19.3  4.8 ./cli mmap images/4096x4096   0 394612
19.3  4.8 ./cli mmap images/4096x4096   1 394596
19.7  4.8 ./cli mmap images/4096x4096   1 394676
19.8  4.8 ./cli mmap images/4096x4096   1 394572
19.9  4.8 ./cli mmap images/4096x4096   1 394616
  PID User     Command                         Swap      USS      PSS      RSS 
106495 codespace /usr/bin/python3 /usr/bin/s        0    12116    12342    14528 
103649 codespace ./cli mmap images/4096x4096        0   196708   236064   394572 
103645 codespace ./cli mmap images/4096x4096        0   196708   236067   394596 
103647 codespace ./cli mmap images/4096x4096        0   196708   236067   394612 
103643 codespace ./cli mmap images/4096x4096        0   196708   236070   394676 
103641 codespace ./cli mmap images/4096x4096        0   196712   236072   394616 
%CPU %MEM ARGS Sun Oct  4 21:04:16 UTC 2026
 0.0  0.0 grep --color=auto ./cli       0  2252
19.3  4.8 ./cli mmap images/4096x4096   1 394596
19.3  4.8 ./cli mmap images/4096x4096   0 394612
19.7  4.8 ./cli mmap images/4096x4096   1 394676
19.8  4.8 ./cli mmap images/4096x4096   1 394572
19.9  4.8 ./cli mmap images/4096x4096   1 394616
  PID User     Command                         Swap      USS      PSS      RSS 
106507 codespace /usr/bin/python3 /usr/bin/s        0    12100    12332    14572 
103649 codespace ./cli mmap images/4096x4096        0   196708   236065   394572 
103645 codespace ./cli mmap images/4096x4096        0   196708   236067   394596 
103647 codespace ./cli mmap images/4096x4096        0   196708   236067   394612 
103643 codespace ./cli mmap images/4096x4096        0   196708   236070   394676 
103641 codespace ./cli mmap images/4096x4096        0   196712   236072   394616 
%CPU %MEM ARGS Sun Oct  4 21:04:17 UTC 2026
 0.0  0.0 grep --color=auto ./cli       1  2344
19.3  4.8 ./cli mmap images/4096x4096   1 394596
19.4  4.8 ./cli mmap images/4096x4096   1 394612
19.7  4.8 ./cli mmap images/4096x4096   1 394676
19.8  4.8 ./cli mmap images/4096x4096   0 394572
19.9  4.8 ./cli mmap images/4096x4096   0 394616
  PID User     Command                         Swap      USS      PSS      RSS 
106520 codespace /usr/bin/python3 /usr/bin/s        0    12096    12328    14568 
103649 codespace ./cli mmap images/4096x4096        0   196708   236064   394572 
103645 codespace ./cli mmap images/4096x4096        0   196708   236067   394596 
103647 codespace ./cli mmap images/4096x4096        0   196708   236067   394612 
103643 codespace ./cli mmap images/4096x4096        0   196708   236070   394676 
103641 codespace ./cli mmap images/4096x4096        0   196712   236072   394616 
%CPU %MEM ARGS Sun Oct  4 21:04:19 UTC 2026
 0.0  0.0 grep --color=auto ./cli       0  2184
19.3  4.8 ./cli mmap images/4096x4096   1 394596
19.4  4.8 ./cli mmap images/4096x4096   1 394612
19.7  4.8 ./cli mmap images/4096x4096   1 394676
19.8  4.8 ./cli mmap images/4096x4096   1 394572
19.9  4.8 ./cli mmap images/4096x4096   0 394616
  PID User     Command                         Swap      USS      PSS      RSS 
106538 codespace /usr/bin/python3 /usr/bin/s        0    12096    12336    14624 
103649 codespace ./cli mmap images/4096x4096        0   196708   236065   394572 
103645 codespace ./cli mmap images/4096x4096        0   196708   236067   394596 
103643 codespace ./cli mmap images/4096x4096        0   196708   236068   394676 
103647 codespace ./cli mmap images/4096x4096        0   196708   236068   394612 
103641 codespace ./cli mmap images/4096x4096        0   196712   236070   394616 
%CPU %MEM ARGS Sun Oct  4 21:04:19 UTC 2026
 0.0  0.0 grep --color=auto ./cli       0  2280
19.3  4.8 ./cli mmap images/4096x4096   1 394596
19.4  4.8 ./cli mmap images/4096x4096   1 394612
19.7  4.8 ./cli mmap images/4096x4096   0 394676
19.7  4.8 ./cli mmap images/4096x4096   1 394572
19.9  4.8 ./cli mmap images/4096x4096   1 394616
  PID User     Command                         Swap      USS      PSS      RSS 
106549 codespace /usr/bin/python3 /usr/bin/s        0    12088    12314    14500 
103649 codespace ./cli mmap images/4096x4096        0   196708   236065   394572 
103645 codespace ./cli mmap images/4096x4096        0   196708   236067   394596 
103647 codespace ./cli mmap images/4096x4096        0   196708   236067   394612 
103643 codespace ./cli mmap images/4096x4096        0   196708   236070   394676 
103641 codespace ./cli mmap images/4096x4096        0   196712   236072   394616 
%CPU %MEM ARGS Sun Oct  4 21:04:20 UTC 2026
 0.0  0.0 grep --color=auto ./cli       1  2292
19.3  4.8 ./cli mmap images/4096x4096   1 394596
19.4  4.8 ./cli mmap images/4096x4096   1 394612
19.7  4.8 ./cli mmap images/4096x4096   1 394676
19.8  4.8 ./cli mmap images/4096x4096   0 394572
19.9  4.8 ./cli mmap images/4096x4096   1 394616
  PID User     Command                         Swap      USS      PSS      RSS 
106555 codespace /usr/bin/python3 /usr/bin/s        0    12084    12322    14552 
103649 codespace ./cli mmap images/4096x4096        0   196708   236065   394572 
103645 codespace ./cli mmap images/4096x4096        0   196708   236067   394596 
103647 codespace ./cli mmap images/4096x4096        0   196708   236067   394612 
103643 codespace ./cli mmap images/4096x4096        0   196708   236070   394676 
103641 codespace ./cli mmap images/4096x4096        0   196712   236071   394616 
%CPU %MEM ARGS Sun Oct  4 21:04:21 UTC 2026
 0.0  0.0 grep --color=auto ./cli       1  2212
19.3  4.8 ./cli mmap images/4096x4096   1 394596
19.3  4.8 ./cli mmap images/4096x4096   1 394612
19.7  4.8 ./cli mmap images/4096x4096   0 394676
19.8  4.8 ./cli mmap images/4096x4096   1 394572
19.9  4.8 ./cli mmap images/4096x4096   1 394616
  PID User     Command                         Swap      USS      PSS      RSS 
106561 codespace /usr/bin/python3 /usr/bin/s        0    12104    12328    14536 
103649 codespace ./cli mmap images/4096x4096        0   196708   236064   394572 
103645 codespace ./cli mmap images/4096x4096        0   196708   236067   394596 
103647 codespace ./cli mmap images/4096x4096        0   196708   236068   394612 
103643 codespace ./cli mmap images/4096x4096        0   196708   236070   394676 
103641 codespace ./cli mmap images/4096x4096        0   196712   236072   394616 
%CPU %MEM ARGS Sun Oct  4 21:04:22 UTC 2026
 0.0  0.0 grep --color=auto ./cli       1  2180
19.3  4.8 ./cli mmap images/4096x4096   1 394596
19.3  4.8 ./cli mmap images/4096x4096   1 394612
19.7  4.8 ./cli mmap images/4096x4096   1 394676
19.8  4.8 ./cli mmap images/4096x4096   1 394572
19.9  4.8 ./cli mmap images/4096x4096   0 394616
  PID User     Command                         Swap      USS      PSS      RSS 
106573 codespace /usr/bin/python3 /usr/bin/s        0    12128    12354    14624 
103649 codespace ./cli mmap images/4096x4096        0   196708   236065   394572 
103645 codespace ./cli mmap images/4096x4096        0   196708   236067   394596 
103647 codespace ./cli mmap images/4096x4096        0   196708   236068   394612 
103643 codespace ./cli mmap images/4096x4096        0   196708   236070   394676 
103641 codespace ./cli mmap images/4096x4096        0   196712   236072   394616 
%CPU %MEM ARGS Sun Oct  4 21:04:23 UTC 2026
 0.0  0.0 grep --color=auto ./cli       1  2192
19.3  4.8 ./cli mmap images/4096x4096   1 394596
19.3  4.8 ./cli mmap images/4096x4096   1 394612
19.7  4.8 ./cli mmap images/4096x4096   1 394676
19.8  4.8 ./cli mmap images/4096x4096   1 394572
19.9  4.8 ./cli mmap images/4096x4096   1 394616
  PID User     Command                         Swap      USS      PSS      RSS 
106579 codespace /usr/bin/python3 /usr/bin/s        0    12088    12323    14504 
103649 codespace ./cli mmap images/4096x4096        0   196708   236064   394572 
103645 codespace ./cli mmap images/4096x4096        0   196708   236067   394596 
103647 codespace ./cli mmap images/4096x4096        0   196708   236067   394612 
103643 codespace ./cli mmap images/4096x4096        0   196708   236070   394676 
103641 codespace ./cli mmap images/4096x4096        0   196712   236072   394616 
%CPU %MEM ARGS Sun Oct  4 21:04:24 UTC 2026
 0.0  0.0 grep --color=auto ./cli       0  2248
19.3  4.8 ./cli mmap images/4096x4096   1 394596
19.3  4.8 ./cli mmap images/4096x4096   1 394612
19.7  4.8 ./cli mmap images/4096x4096   1 394676
19.8  4.8 ./cli mmap images/4096x4096   1 394572
19.9  4.8 ./cli mmap images/4096x4096   1 394616
  PID User     Command                         Swap      USS      PSS      RSS 
106585 codespace /usr/bin/python3 /usr/bin/s        0    12092    12327    14508 
103649 codespace ./cli mmap images/4096x4096        0   196708   236064   394572 
103645 codespace ./cli mmap images/4096x4096        0   196708   236065   394596 
103643 codespace ./cli mmap images/4096x4096        0   196708   236068   394676 
103647 codespace ./cli mmap images/4096x4096        0   196708   236068   394612 
103641 codespace ./cli mmap images/4096x4096        0   196712   236070   394616 
%CPU %MEM ARGS Sun Oct  4 21:04:25 UTC 2026
 0.0  0.0 grep --color=auto ./cli       0  2180
19.3  4.8 ./cli mmap images/4096x4096   0 394596
19.3  4.8 ./cli mmap images/4096x4096   1 394612
19.7  4.8 ./cli mmap images/4096x4096   1 394676
19.7  4.8 ./cli mmap images/4096x4096   0 394572
19.9  4.8 ./cli mmap images/4096x4096   1 394616
  PID User     Command                         Swap      USS      PSS      RSS 
106596 codespace /usr/bin/python3 /usr/bin/s        0    12100    12331    14572 
103649 codespace ./cli mmap images/4096x4096        0   196708   236064   394572 
103645 codespace ./cli mmap images/4096x4096        0   196708   236067   394596 
103647 codespace ./cli mmap images/4096x4096        0   196708   236067   394612 
103643 codespace ./cli mmap images/4096x4096        0   196708   236070   394676 
103641 codespace ./cli mmap images/4096x4096        0   196712   236072   394616 
%CPU %MEM ARGS Sun Oct  4 21:04:26 UTC 2026
 0.0  0.0 grep --color=auto ./cli       1  2304
19.3  4.8 ./cli mmap images/4096x4096   1 394596
19.3  4.8 ./cli mmap images/4096x4096   1 394612
19.7  4.8 ./cli mmap images/4096x4096   1 394676
19.8  4.8 ./cli mmap images/4096x4096   0 394572
19.9  4.8 ./cli mmap images/4096x4096   1 394616
  PID User     Command                         Swap      USS      PSS      RSS 
106602 codespace /usr/bin/python3 /usr/bin/s        0    12088    12325    14504 
103649 codespace ./cli mmap images/4096x4096        0   196708   236065   394572 
103645 codespace ./cli mmap images/4096x4096        0   196708   236067   394596 
103647 codespace ./cli mmap images/4096x4096        0   196708   236067   394612 
103643 codespace ./cli mmap images/4096x4096        0   196708   236070   394676 
103641 codespace ./cli mmap images/4096x4096        0   196712   236072   394616 
%CPU %MEM ARGS Sun Oct  4 21:04:27 UTC 2026
 0.0  0.0 grep --color=auto ./cli       1  2200
19.3  4.8 ./cli mmap images/4096x4096   1 394596
19.3  4.8 ./cli mmap images/4096x4096   1 394612
19.7  4.8 ./cli mmap images/4096x4096   0 394676
19.8  4.8 ./cli mmap images/4096x4096   1 394572
19.9  4.8 ./cli mmap images/4096x4096   1 394616
  PID User     Command                         Swap      USS      PSS      RSS 
106608 codespace /usr/bin/python3 /usr/bin/s        0    12096    12337    14648 
103649 codespace ./cli mmap images/4096x4096        0   196708   236065   394572 
103645 codespace ./cli mmap images/4096x4096        0   196708   236067   394596 
103647 codespace ./cli mmap images/4096x4096        0   196708   236067   394612 
103643 codespace ./cli mmap images/4096x4096        0   196708   236070   394676 
103641 codespace ./cli mmap images/4096x4096        0   196712   236072   394616 
%CPU %MEM ARGS Sun Oct  4 21:04:28 UTC 2026
 0.0  0.0 grep --color=auto ./cli       1  2184
19.3  4.8 ./cli mmap images/4096x4096   0 394596
19.3  4.8 ./cli mmap images/4096x4096   1 394612
19.7  4.8 ./cli mmap images/4096x4096   1 394676
19.8  4.8 ./cli mmap images/4096x4096   1 394572
19.9  4.8 ./cli mmap images/4096x4096   1 394616
  PID User     Command                         Swap      USS      PSS      RSS 
106620 codespace /usr/bin/python3 /usr/bin/s        0    12096    12327    14544 
103645 codespace ./cli mmap images/4096x4096        0   196708   236064   394596 
103649 codespace ./cli mmap images/4096x4096        0   196708   236064   394572 
103647 codespace ./cli mmap images/4096x4096        0   196708   236068   394612 
103643 codespace ./cli mmap images/4096x4096        0   196708   236070   394676 
103641 codespace ./cli mmap images/4096x4096        0   196712   236072   394616 
%CPU %MEM ARGS Sun Oct  4 21:04:29 UTC 2026
 0.0  0.0 grep --color=auto ./cli       0  2156
19.3  4.8 ./cli mmap images/4096x4096   0 394612
19.3  4.8 ./cli mmap images/4096x4096   1 394596
19.7  4.8 ./cli mmap images/4096x4096   0 394676
19.7  4.8 ./cli mmap images/4096x4096   0 394572
19.9  4.8 ./cli mmap images/4096x4096   0 394616
  PID User     Command                         Swap      USS      PSS      RSS 
106645 codespace /usr/bin/python3 /usr/bin/s        0    12096    12329    14544 
103649 codespace ./cli mmap images/4096x4096        0   196708   236065   394572 
103645 codespace ./cli mmap images/4096x4096        0   196708   236067   394596 
103647 codespace ./cli mmap images/4096x4096        0   196708   236067   394612 
103643 codespace ./cli mmap images/4096x4096        0   196708   236070   394676 
103641 codespace ./cli mmap images/4096x4096        0   196712   236072   394616 
%CPU %MEM ARGS Sun Oct  4 21:04:30 UTC 2026
 0.0  0.0 grep --color=auto ./cli       0  2292
19.3  4.8 ./cli mmap images/4096x4096   1 394612
19.3  4.8 ./cli mmap images/4096x4096   1 394596
19.7  4.8 ./cli mmap images/4096x4096   0 394676
19.7  4.8 ./cli mmap images/4096x4096   1 394572
19.9  4.8 ./cli mmap images/4096x4096   1 394616
  PID User     Command                         Swap      USS      PSS      RSS 
106651 codespace /usr/bin/python3 /usr/bin/s        0    12060    12295    14576 
103649 codespace ./cli mmap images/4096x4096        0   196708   236065   394572 
103645 codespace ./cli mmap images/4096x4096        0   196708   236067   394596 
103647 codespace ./cli mmap images/4096x4096        0   196708   236067   394612 
103643 codespace ./cli mmap images/4096x4096        0   196708   236070   394676 
103641 codespace ./cli mmap images/4096x4096        0   196712   236072   394616 
%CPU %MEM ARGS Sun Oct  4 21:04:31 UTC 2026
 0.0  0.0 grep --color=auto ./cli       1  2344
19.3  4.8 ./cli mmap images/4096x4096   1 394612
19.3  4.8 ./cli mmap images/4096x4096   1 394596
19.7  4.8 ./cli mmap images/4096x4096   0 394676
19.7  4.8 ./cli mmap images/4096x4096   1 394572
19.9  4.8 ./cli mmap images/4096x4096   0 394616
  PID User     Command                         Swap      USS      PSS      RSS 
106662 codespace /usr/bin/python3 /usr/bin/s        0    12096    12331    14536 
103649 codespace ./cli mmap images/4096x4096        0   196708   236065   394572 
103645 codespace ./cli mmap images/4096x4096        0   196708   236067   394596 
103647 codespace ./cli mmap images/4096x4096        0   196708   236068   394612 
103643 codespace ./cli mmap images/4096x4096        0   196708   236070   394676 
103641 codespace ./cli mmap images/4096x4096        0   196712   236072   394616 
%CPU %MEM ARGS Sun Oct  4 21:04:32 UTC 2026
 0.0  0.0 grep --color=auto ./cli       0  2160
19.3  4.8 ./cli mmap images/4096x4096   1 394612
19.3  4.8 ./cli mmap images/4096x4096   1 394596
19.7  4.8 ./cli mmap images/4096x4096   1 394572
19.8  4.8 ./cli mmap images/4096x4096   0 394676
19.9  4.8 ./cli mmap images/4096x4096   1 394616
  PID User     Command                         Swap      USS      PSS      RSS 
106668 codespace /usr/bin/python3 /usr/bin/s        0    12092    12323    14496 
103649 codespace ./cli mmap images/4096x4096        0   196708   236065   394572 
103645 codespace ./cli mmap images/4096x4096        0   196708   236067   394596 
103647 codespace ./cli mmap images/4096x4096        0   196708   236067   394612 
103643 codespace ./cli mmap images/4096x4096        0   196708   236070   394676 
103641 codespace ./cli mmap images/4096x4096        0   196712   236072   394616 
%CPU %MEM ARGS Sun Oct  4 21:04:33 UTC 2026
 0.0  0.0 grep --color=auto ./cli       0  2212
19.3  4.8 ./cli mmap images/4096x4096   1 394612
19.3  4.8 ./cli mmap images/4096x4096   0 394596
19.7  4.8 ./cli mmap images/4096x4096   0 394572
19.8  4.8 ./cli mmap images/4096x4096   0 394676
19.9  4.8 ./cli mmap images/4096x4096   1 394616
  PID User     Command                         Swap      USS      PSS      RSS 
106674 codespace /usr/bin/python3 /usr/bin/s        0    12096    12329    14544 
103649 codespace ./cli mmap images/4096x4096        0   196708   236064   394572 
103645 codespace ./cli mmap images/4096x4096        0   196708   236067   394596 
103647 codespace ./cli mmap images/4096x4096        0   196708   236068   394612 
103643 codespace ./cli mmap images/4096x4096        0   196708   236070   394676 
103641 codespace ./cli mmap images/4096x4096        0   196712   236072   394616 
%CPU %MEM ARGS Sun Oct  4 21:04:34 UTC 2026
 0.0  0.0 grep --color=auto ./cli       1  2288
19.3  4.8 ./cli mmap images/4096x4096   1 394612
19.3  4.8 ./cli mmap images/4096x4096   1 394596
19.7  4.8 ./cli mmap images/4096x4096   1 394676
19.7  4.8 ./cli mmap images/4096x4096   0 394572
19.9  4.8 ./cli mmap images/4096x4096   1 394616
  PID User     Command                         Swap      USS      PSS      RSS 
106683 codespace /usr/bin/python3 /usr/bin/s        0    12024    12284    14544 
103645 codespace ./cli mmap images/4096x4096        0   196708   236065   394596 
103649 codespace ./cli mmap images/4096x4096        0   196708   236065   394572 
103643 codespace ./cli mmap images/4096x4096        0   196708   236067   394676 
103647 codespace ./cli mmap images/4096x4096        0   196708   236067   394612 
103641 codespace ./cli mmap images/4096x4096        0   196712   236069   394616 
%CPU %MEM ARGS Sun Oct  4 21:04:35 UTC 2026
 0.0  0.0 grep --color=auto ./cli       0  2180
19.2  4.8 ./cli mmap images/4096x4096   1 394612
19.2  4.8 ./cli mmap images/4096x4096   1 394596
19.7  4.8 ./cli mmap images/4096x4096   0 394676
19.8  4.8 ./cli mmap images/4096x4096   0 394572
19.8  4.8 ./cli mmap images/4096x4096   0 394616
  PID User     Command                         Swap      USS      PSS      RSS 
106699 codespace /usr/bin/python3 /usr/bin/s        0    12080    12318    14548 
103649 codespace ./cli mmap images/4096x4096        0   196708   236065   394572 
103643 codespace ./cli mmap images/4096x4096        0   196708   236067   394676 
103645 codespace ./cli mmap images/4096x4096        0   196708   236067   394596 
103647 codespace ./cli mmap images/4096x4096        0   196708   236068   394612 
103641 codespace ./cli mmap images/4096x4096        0   196712   236071   394616 
%CPU %MEM ARGS Sun Oct  4 21:04:36 UTC 2026
 0.0  0.0 grep --color=auto ./cli       0  2336
19.2  4.8 ./cli mmap images/4096x4096   0 394612
19.2  4.8 ./cli mmap images/4096x4096   0 394596
19.7  4.8 ./cli mmap images/4096x4096   0 394676
19.8  4.8 ./cli mmap images/4096x4096   0 394572
19.8  4.8 ./cli mmap images/4096x4096   1 394616
  PID User     Command                         Swap      USS      PSS      RSS 
106720 codespace /usr/bin/python3 /usr/bin/s        0    12112    12345    14624 
103649 codespace ./cli mmap images/4096x4096        0   196708   236065   394572 
103645 codespace ./cli mmap images/4096x4096        0   196708   236067   394596 
103647 codespace ./cli mmap images/4096x4096        0   196708   236067   394612 
103643 codespace ./cli mmap images/4096x4096        0   196708   236070   394676 
103641 codespace ./cli mmap images/4096x4096        0   196712   236072   394616 
%CPU %MEM ARGS Sun Oct  4 21:04:37 UTC 2026
 0.0  0.0 grep --color=auto ./cli       1  2212
19.2  4.8 ./cli mmap images/4096x4096   1 394612
19.3  4.8 ./cli mmap images/4096x4096   0 394596
19.7  4.8 ./cli mmap images/4096x4096   1 394676
19.7  4.8 ./cli mmap images/4096x4096   1 394572
19.8  4.8 ./cli mmap images/4096x4096   1 394616
  PID User     Command                         Swap      USS      PSS      RSS 
106729 codespace /usr/bin/python3 /usr/bin/s        0    12052    12288    14468 
103649 codespace ./cli mmap images/4096x4096        0   196708   236064   394572 
103645 codespace ./cli mmap images/4096x4096        0   196708   236067   394596 
103647 codespace ./cli mmap images/4096x4096        0   196708   236067   394612 
103643 codespace ./cli mmap images/4096x4096        0   196708   236070   394676 
103641 codespace ./cli mmap images/4096x4096        0   196712   236072   394616 
%CPU %MEM ARGS Sun Oct  4 21:04:38 UTC 2026
 0.0  0.0 grep --color=auto ./cli       0  2208
19.2  4.8 ./cli mmap images/4096x4096   0 394612
19.3  4.8 ./cli mmap images/4096x4096   0 394596
19.7  4.8 ./cli mmap images/4096x4096   1 394676
19.7  4.8 ./cli mmap images/4096x4096   0 394572
19.8  4.8 ./cli mmap images/4096x4096   0 394616
  PID User     Command                         Swap      USS      PSS      RSS 
106735 codespace /usr/bin/python3 /usr/bin/s        0    12088    12326    14500 
103649 codespace ./cli mmap images/4096x4096        0   196708   236065   394572 
103645 codespace ./cli mmap images/4096x4096        0   196708   236067   394596 
103647 codespace ./cli mmap images/4096x4096        0   196708   236067   394612 
103643 codespace ./cli mmap images/4096x4096        0   196708   236070   394676 
103641 codespace ./cli mmap images/4096x4096        0   196712   236071   394616 
%CPU %MEM ARGS Sun Oct  4 21:04:39 UTC 2026
 0.0  0.0 grep --color=auto ./cli       1  2168
19.2  4.8 ./cli mmap images/4096x4096   0 394612
19.3  4.8 ./cli mmap images/4096x4096   1 394596
19.7  4.8 ./cli mmap images/4096x4096   0 394572
19.7  4.8 ./cli mmap images/4096x4096   1 394676
19.8  4.8 ./cli mmap images/4096x4096   0 394616
  PID User     Command                         Swap      USS      PSS      RSS 
106760 codespace /usr/bin/python3 /usr/bin/s        0    12100    12333    14548 
103649 codespace ./cli mmap images/4096x4096        0   196708   236064   394572 
103645 codespace ./cli mmap images/4096x4096        0   196708   236067   394596 
103647 codespace ./cli mmap images/4096x4096        0   196708   236068   394612 
103643 codespace ./cli mmap images/4096x4096        0   196708   236070   394676 
103641 codespace ./cli mmap images/4096x4096        0   196712   236072   394616 
%CPU %MEM ARGS Sun Oct  4 21:04:40 UTC 2026
 0.0  0.0 grep --color=auto ./cli       1  2212
19.2  4.8 ./cli mmap images/4096x4096   0 394612
19.3  4.8 ./cli mmap images/4096x4096   1 394596
19.7  4.8 ./cli mmap images/4096x4096   1 394572
19.7  4.8 ./cli mmap images/4096x4096   1 394676
19.8  4.8 ./cli mmap images/4096x4096   1 394616
  PID User     Command                         Swap      USS      PSS      RSS 
106766 codespace /usr/bin/python3 /usr/bin/s        0    12128    12354    14648 
103649 codespace ./cli mmap images/4096x4096        0   196708   236065   394572 
103645 codespace ./cli mmap images/4096x4096        0   196708   236067   394596 
103647 codespace ./cli mmap images/4096x4096        0   196708   236068   394612 
103643 codespace ./cli mmap images/4096x4096        0   196708   236070   394676 
103641 codespace ./cli mmap images/4096x4096        0   196712   236072   394616 
%CPU %MEM ARGS Sun Oct  4 21:04:40 UTC 2026
 0.0  0.0 grep --color=auto ./cli       1  2292
19.2  4.8 ./cli mmap images/4096x4096   1 394612
19.3  4.8 ./cli mmap images/4096x4096   1 394596
19.7  4.8 ./cli mmap images/4096x4096   1 394572
19.7  4.8 ./cli mmap images/4096x4096   1 394676
19.8  4.8 ./cli mmap images/4096x4096   0 394616
  PID User     Command                         Swap      USS      PSS      RSS 
106771 codespace /usr/bin/python3 /usr/bin/s        0    12100    12328    14544 
103649 codespace ./cli mmap images/4096x4096        0   196708   236065   394572 
103645 codespace ./cli mmap images/4096x4096        0   196708   236067   394596 
103647 codespace ./cli mmap images/4096x4096        0   196708   236068   394612 
103643 codespace ./cli mmap images/4096x4096        0   196708   236070   394676 
103641 codespace ./cli mmap images/4096x4096        0   196712   236072   394616 
%CPU %MEM ARGS Sun Oct  4 21:04:41 UTC 2026
 0.0  0.0 grep --color=auto ./cli       1  2180
19.2  4.8 ./cli mmap images/4096x4096   1 394612
19.3  4.8 ./cli mmap images/4096x4096   0 394596
19.7  4.8 ./cli mmap images/4096x4096   1 394572
19.7  4.8 ./cli mmap images/4096x4096   1 394676
19.8  4.8 ./cli mmap images/4096x4096   1 394616
  PID User     Command                         Swap      USS      PSS      RSS 
106777 codespace /usr/bin/python3 /usr/bin/s        0    12096    12301    14572 
103649 codespace ./cli mmap images/4096x4096        0   196708   236063   394572 
103645 codespace ./cli mmap images/4096x4096        0   196708   236065   394596 
103647 codespace ./cli mmap images/4096x4096        0   196708   236066   394612 
103643 codespace ./cli mmap images/4096x4096        0   196708   236069   394676 
103641 codespace ./cli mmap images/4096x4096        0   196712   236072   394616 
%CPU %MEM ARGS Sun Oct  4 21:04:42 UTC 2026
 0.0  0.0 grep --color=auto ./cli       1  2156
19.2  4.8 ./cli mmap images/4096x4096   0 394612
19.3  4.8 ./cli mmap images/4096x4096   0 394596
19.7  4.8 ./cli mmap images/4096x4096   0 394572
19.7  4.8 ./cli mmap images/4096x4096   1 394676
19.8  4.8 ./cli mmap images/4096x4096   0 394616
  PID User     Command                         Swap      USS      PSS      RSS 
106789 codespace /usr/bin/python3 /usr/bin/s        0    12112    12357    14616 
103647 codespace ./cli mmap images/4096x4096        0   196708   236065   394612 
103649 codespace ./cli mmap images/4096x4096        0   196708   236065   394572 
103645 codespace ./cli mmap images/4096x4096        0   196708   236066   394596 
103643 codespace ./cli mmap images/4096x4096        0   196708   236070   394676 
103641 codespace ./cli mmap images/4096x4096        0   196712   236072   394616 
%CPU %MEM ARGS Sun Oct  4 21:04:43 UTC 2026
 0.0  0.0 grep --color=auto ./cli       1  2160
19.2  4.8 ./cli mmap images/4096x4096   0 394612
19.3  4.8 ./cli mmap images/4096x4096   0 394596
19.7  4.8 ./cli mmap images/4096x4096   0 394572
19.8  4.8 ./cli mmap images/4096x4096   0 394616
19.8  4.8 ./cli mmap images/4096x4096   0 394676
  PID User     Command                         Swap      USS      PSS      RSS 
106801 codespace /usr/bin/python3 /usr/bin/s        0    12092    12331    14508 
103649 codespace ./cli mmap images/4096x4096        0   196708   236065   394572 
103645 codespace ./cli mmap images/4096x4096        0   196708   236067   394596 
103647 codespace ./cli mmap images/4096x4096        0   196708   236067   394612 
103643 codespace ./cli mmap images/4096x4096        0   196708   236070   394676 
103641 codespace ./cli mmap images/4096x4096        0   196712   236071   394616 
%CPU %MEM ARGS Sun Oct  4 21:04:44 UTC 2026
 0.0  0.0 grep --color=auto ./cli       0  2292
19.2  4.8 ./cli mmap images/4096x4096   1 394612
19.3  4.8 ./cli mmap images/4096x4096   0 394596
19.7  4.8 ./cli mmap images/4096x4096   0 394572
19.7  4.8 ./cli mmap images/4096x4096   0 394616
19.8  4.8 ./cli mmap images/4096x4096   0 394676
  PID User     Command                         Swap      USS      PSS      RSS 
106807 codespace /usr/bin/python3 /usr/bin/s        0    12096    12327    14540 
103649 codespace ./cli mmap images/4096x4096        0   196708   236065   394572 
103645 codespace ./cli mmap images/4096x4096        0   196708   236067   394596 
103647 codespace ./cli mmap images/4096x4096        0   196708   236067   394612 
103643 codespace ./cli mmap images/4096x4096        0   196708   236070   394676 
103641 codespace ./cli mmap images/4096x4096        0   196712   236071   394616 
%CPU %MEM ARGS Sun Oct  4 21:04:45 UTC 2026
 0.0  0.0 grep --color=auto ./cli       0  2192
19.3  4.8 ./cli mmap images/4096x4096   0 394596
19.3  4.8 ./cli mmap images/4096x4096   1 394612
19.7  4.8 ./cli mmap images/4096x4096   0 394572
19.7  4.8 ./cli mmap images/4096x4096   0 394616
19.8  4.8 ./cli mmap images/4096x4096   0 394676
  PID User     Command                         Swap      USS      PSS      RSS 
106813 codespace /usr/bin/python3 /usr/bin/s        0    12136    12362    14604 
103649 codespace ./cli mmap images/4096x4096        0   196708   236065   394572 
103645 codespace ./cli mmap images/4096x4096        0   196708   236067   394596 
103647 codespace ./cli mmap images/4096x4096        0   196708   236068   394612 
103643 codespace ./cli mmap images/4096x4096        0   196708   236070   394676 
103641 codespace ./cli mmap images/4096x4096        0   196712   236072   394616 
%CPU %MEM ARGS Sun Oct  4 21:04:46 UTC 2026
 0.0  0.0 grep --color=auto ./cli       0  2292
19.3  4.8 ./cli mmap images/4096x4096   0 394596
19.3  4.8 ./cli mmap images/4096x4096   0 394612
19.7  4.8 ./cli mmap images/4096x4096   0 394572
19.7  4.8 ./cli mmap images/4096x4096   0 394616
19.8  4.8 ./cli mmap images/4096x4096   1 394676
  PID User     Command                         Swap      USS      PSS      RSS 
106819 codespace /usr/bin/python3 /usr/bin/s        0    12100    12332    14572 
103649 codespace ./cli mmap images/4096x4096        0   196708   236065   394572 
103645 codespace ./cli mmap images/4096x4096        0   196708   236067   394596 
103647 codespace ./cli mmap images/4096x4096        0   196708   236067   394612 
103643 codespace ./cli mmap images/4096x4096        0   196708   236070   394676 
103641 codespace ./cli mmap images/4096x4096        0   196712   236072   394616 
%CPU %MEM ARGS Sun Oct  4 21:04:47 UTC 2026
 0.0  0.0 grep --color=auto ./cli       1  2308
19.3  4.8 ./cli mmap images/4096x4096   1 394612
19.3  4.8 ./cli mmap images/4096x4096   1 394596
19.7  4.8 ./cli mmap images/4096x4096   1 394572
19.7  4.8 ./cli mmap images/4096x4096   0 394616
19.8  4.8 ./cli mmap images/4096x4096   1 394676
  PID User     Command                         Swap      USS      PSS      RSS 
106825 codespace /usr/bin/python3 /usr/bin/s        0    12096    12329    14544 
103649 codespace ./cli mmap images/4096x4096        0   196708   236064   394572 
103645 codespace ./cli mmap images/4096x4096        0   196708   236067   394596 
103647 codespace ./cli mmap images/4096x4096        0   196708   236068   394612 
103643 codespace ./cli mmap images/4096x4096        0   196708   236070   394676 
103641 codespace ./cli mmap images/4096x4096        0   196712   236072   394616 
%CPU %MEM ARGS Sun Oct  4 21:04:48 UTC 2026
 0.0  0.0 grep --color=auto ./cli       1  2248
19.3  4.8 ./cli mmap images/4096x4096   0 394612
19.3  4.8 ./cli mmap images/4096x4096   1 394596
19.6  4.8 ./cli mmap images/4096x4096   1 394572
19.7  4.8 ./cli mmap images/4096x4096   1 394616
19.8  4.8 ./cli mmap images/4096x4096   1 394676
  PID User     Command                         Swap      USS      PSS      RSS 
106837 codespace /usr/bin/python3 /usr/bin/s        0    12100    12317    14536 
103649 codespace ./cli mmap images/4096x4096        0   196708   236065   394572 
103645 codespace ./cli mmap images/4096x4096        0   196708   236067   394596 
103647 codespace ./cli mmap images/4096x4096        0   196708   236067   394612 
103643 codespace ./cli mmap images/4096x4096        0   196708   236070   394676 
103641 codespace ./cli mmap images/4096x4096        0   196712   236071   394616 
%CPU %MEM ARGS Sun Oct  4 21:04:49 UTC 2026
 0.0  0.0 grep --color=auto ./cli       1  2184
19.3  4.8 ./cli mmap images/4096x4096   0 394596
19.3  4.8 ./cli mmap images/4096x4096   1 394612
19.6  4.8 ./cli mmap images/4096x4096   1 394572
19.7  4.8 ./cli mmap images/4096x4096   1 394616
19.7  4.8 ./cli mmap images/4096x4096   1 394676
  PID User     Command                         Swap      USS      PSS      RSS 
106843 codespace /usr/bin/python3 /usr/bin/s        0    12096    12273    14564 
103649 codespace ./cli mmap images/4096x4096        0   196708   236062   394572 
103645 codespace ./cli mmap images/4096x4096        0   196708   236067   394596 
103647 codespace ./cli mmap images/4096x4096        0   196708   236067   394612 
103643 codespace ./cli mmap images/4096x4096        0   196708   236068   394676 
103641 codespace ./cli mmap images/4096x4096        0   196712   236069   394616 
%CPU %MEM ARGS Sun Oct  4 21:04:50 UTC 2026
 0.0  0.0 grep --color=auto ./cli       0  2292
19.3  4.8 ./cli mmap images/4096x4096   1 394596
19.3  4.8 ./cli mmap images/4096x4096   0 394612
19.6  4.8 ./cli mmap images/4096x4096   0 394572
19.7  4.8 ./cli mmap images/4096x4096   0 394616
19.7  4.8 ./cli mmap images/4096x4096   0 394676
  PID User     Command                         Swap      USS      PSS      RSS 
106870 codespace /usr/bin/python3 /usr/bin/s        0    12076    12311    14492 
103649 codespace ./cli mmap images/4096x4096        0   196708   236064   394572 
103645 codespace ./cli mmap images/4096x4096        0   196708   236067   394596 
103647 codespace ./cli mmap images/4096x4096        0   196708   236067   394612 
103643 codespace ./cli mmap images/4096x4096        0   196708   236070   394676 
103641 codespace ./cli mmap images/4096x4096        0   196712   236072   394616 
%CPU %MEM ARGS Sun Oct  4 21:04:51 UTC 2026
 0.0  0.0 grep --color=auto ./cli       0  2304
19.3  4.8 ./cli mmap images/4096x4096   1 394612
19.3  4.8 ./cli mmap images/4096x4096   0 394596
19.6  4.8 ./cli mmap images/4096x4096   0 394572
19.7  4.8 ./cli mmap images/4096x4096   0 394616
19.7  4.8 ./cli mmap images/4096x4096   0 394676
  PID User     Command                         Swap      USS      PSS      RSS 
106876 codespace /usr/bin/python3 /usr/bin/s        0    12128    12353    14648 
103649 codespace ./cli mmap images/4096x4096        0   196708   236065   394572 
103645 codespace ./cli mmap images/4096x4096        0   196708   236067   394596 
103647 codespace ./cli mmap images/4096x4096        0   196708   236068   394612 
103643 codespace ./cli mmap images/4096x4096        0   196708   236070   394676 
103641 codespace ./cli mmap images/4096x4096        0   196712   236072   394616 
%CPU %MEM ARGS Sun Oct  4 21:04:52 UTC 2026
 0.0  0.0 grep --color=auto ./cli       0  2240
19.3  4.8 ./cli mmap images/4096x4096   0 394596
19.3  4.8 ./cli mmap images/4096x4096   1 394612
19.6  4.8 ./cli mmap images/4096x4096   0 394572
19.7  4.8 ./cli mmap images/4096x4096   0 394616
19.7  4.8 ./cli mmap images/4096x4096   0 394676
  PID User     Command                         Swap      USS      PSS      RSS 
106882 codespace /usr/bin/python3 /usr/bin/s        0    12136    12369    14616 
103649 codespace ./cli mmap images/4096x4096        0   196708   236064   394572 
103645 codespace ./cli mmap images/4096x4096        0   196708   236067   394596 
103647 codespace ./cli mmap images/4096x4096        0   196708   236068   394612 
103643 codespace ./cli mmap images/4096x4096        0   196708   236070   394676 
103641 codespace ./cli mmap images/4096x4096        0   196712   236072   394616 
%CPU %MEM ARGS Sun Oct  4 21:04:52 UTC 2026
 0.0  0.0 grep --color=auto ./cli       0  2204
19.3  4.8 ./cli mmap images/4096x4096   1 394596
19.4  4.8 ./cli mmap images/4096x4096   1 394612
19.6  4.8 ./cli mmap images/4096x4096   0 394572
19.7  4.8 ./cli mmap images/4096x4096   1 394616
19.7  4.8 ./cli mmap images/4096x4096   1 394676
  PID User     Command                         Swap      USS      PSS      RSS 
106888 codespace /usr/bin/python3 /usr/bin/s        0    12128    12360    14604 
103649 codespace ./cli mmap images/4096x4096        0   196708   236065   394572 
103645 codespace ./cli mmap images/4096x4096        0   196708   236067   394596 
103647 codespace ./cli mmap images/4096x4096        0   196708   236068   394612 
103641 codespace ./cli mmap images/4096x4096        0   196712   236070   394616 
103643 codespace ./cli mmap images/4096x4096        0   196708   236070   394676 
%CPU %MEM ARGS Sun Oct  4 21:04:53 UTC 2026
 0.0  0.0 grep --color=auto ./cli       0  2340
19.3  4.8 ./cli mmap images/4096x4096   1 394596
19.3  4.8 ./cli mmap images/4096x4096   1 394612
19.6  4.8 ./cli mmap images/4096x4096   1 394572
19.7  4.8 ./cli mmap images/4096x4096   1 394616
19.7  4.8 ./cli mmap images/4096x4096   1 394676
  PID User     Command                         Swap      USS      PSS      RSS 
106901 codespace /usr/bin/python3 /usr/bin/s        0    12096    12333    14512 
103649 codespace ./cli mmap images/4096x4096        0   196708   236064   394572 
103645 codespace ./cli mmap images/4096x4096        0   196708   236067   394596 
103647 codespace ./cli mmap images/4096x4096        0   196708   236067   394612 
103643 codespace ./cli mmap images/4096x4096        0   196708   236070   394676 
103641 codespace ./cli mmap images/4096x4096        0   196712   236071   394616 
%CPU %MEM ARGS Sun Oct  4 21:04:54 UTC 2026
 0.0  0.0 grep --color=auto ./cli       1  2208
19.3  4.8 ./cli mmap images/4096x4096   0 394596
19.3  4.8 ./cli mmap images/4096x4096   1 394612
19.6  4.8 ./cli mmap images/4096x4096   1 394572
19.7  4.8 ./cli mmap images/4096x4096   1 394616
19.7  4.8 ./cli mmap images/4096x4096   1 394676
  PID User     Command                         Swap      USS      PSS      RSS 
106907 codespace /usr/bin/python3 /usr/bin/s        0    12088    12323    14504 
103649 codespace ./cli mmap images/4096x4096        0   196708   236064   394572 
103645 codespace ./cli mmap images/4096x4096        0   196708   236067   394596 
103647 codespace ./cli mmap images/4096x4096        0   196708   236067   394612 
103643 codespace ./cli mmap images/4096x4096        0   196708   236070   394676 
103641 codespace ./cli mmap images/4096x4096        0   196712   236072   394616 
%CPU %MEM ARGS Sun Oct  4 21:04:55 UTC 2026
 0.0  0.0 grep --color=auto ./cli       1  2172
19.3  4.8 ./cli mmap images/4096x4096   1 394596
19.3  4.8 ./cli mmap images/4096x4096   1 394612
19.6  4.8 ./cli mmap images/4096x4096   0 394572
19.6  4.8 ./cli mmap images/4096x4096   1 394616
19.7  4.8 ./cli mmap images/4096x4096   1 394676
  PID User     Command                         Swap      USS      PSS      RSS 
106914 codespace /usr/bin/python3 /usr/bin/s        0    12104    12344    14600 
103647 codespace ./cli mmap images/4096x4096        0   196708   236064   394612 
103649 codespace ./cli mmap images/4096x4096        0   196708   236065   394572 
103645 codespace ./cli mmap images/4096x4096        0   196708   236066   394596 
103643 codespace ./cli mmap images/4096x4096        0   196708   236070   394676 
103641 codespace ./cli mmap images/4096x4096        0   196712   236072   394616 
%CPU %MEM ARGS Sun Oct  4 21:04:56 UTC 2026
 0.0  0.0 grep --color=auto ./cli       1  2180
19.3  4.8 ./cli mmap images/4096x4096   1 394596
19.3  4.8 ./cli mmap images/4096x4096   1 394612
19.6  4.8 ./cli mmap images/4096x4096   1 394616
19.7  4.8 ./cli mmap images/4096x4096   0 394572
19.7  4.8 ./cli mmap images/4096x4096   1 394676
  PID User     Command                         Swap      USS      PSS      RSS 
106928 codespace /usr/bin/python3 /usr/bin/s        0    12100    12333    14636 
103649 codespace ./cli mmap images/4096x4096        0   196708   236064   394572 
103645 codespace ./cli mmap images/4096x4096        0   196708   236067   394596 
103647 codespace ./cli mmap images/4096x4096        0   196708   236067   394612 
103643 codespace ./cli mmap images/4096x4096        0   196708   236070   394676 
103641 codespace ./cli mmap images/4096x4096        0   196712   236072   394616 
%CPU %MEM ARGS Sun Oct  4 21:04:57 UTC 2026
 0.0  0.0 grep --color=auto ./cli       1  2212
19.3  4.8 ./cli mmap images/4096x4096   1 394596
19.3  4.8 ./cli mmap images/4096x4096   1 394612
19.6  4.8 ./cli mmap images/4096x4096   0 394616
19.7  4.8 ./cli mmap images/4096x4096   1 394572
19.7  4.8 ./cli mmap images/4096x4096   1 394676
  PID User     Command                         Swap      USS      PSS      RSS 
106934 codespace /usr/bin/python3 /usr/bin/s        0    12096    12330    14540 
103649 codespace ./cli mmap images/4096x4096        0   196708   236064   394572 
103645 codespace ./cli mmap images/4096x4096        0   196708   236067   394596 
103647 codespace ./cli mmap images/4096x4096        0   196708   236067   394612 
103643 codespace ./cli mmap images/4096x4096        0   196708   236070   394676 
103641 codespace ./cli mmap images/4096x4096        0   196712   236072   394616 
%CPU %MEM ARGS Sun Oct  4 21:04:58 UTC 2026
 0.0  0.0 grep --color=auto ./cli       0  2208
19.3  4.8 ./cli mmap images/4096x4096   0 394596
19.3  4.8 ./cli mmap images/4096x4096   1 394612
19.7  4.8 ./cli mmap images/4096x4096   0 394616
19.7  4.8 ./cli mmap images/4096x4096   0 394572
19.7  4.8 ./cli mmap images/4096x4096   0 394676
  PID User     Command                         Swap      USS      PSS      RSS 
106946 codespace /usr/bin/python3 /usr/bin/s        0    12120    12351    14648 
103649 codespace ./cli mmap images/4096x4096        0   196708   236065   394572 
103645 codespace ./cli mmap images/4096x4096        0   196708   236067   394596 
103647 codespace ./cli mmap images/4096x4096        0   196708   236068   394612 
103643 codespace ./cli mmap images/4096x4096        0   196708   236070   394676 
103641 codespace ./cli mmap images/4096x4096        0   196712   236072   394616 
%CPU %MEM ARGS Sun Oct  4 21:04:59 UTC 2026
 0.0  0.0 grep --color=auto ./cli       0  2136
19.3  4.8 ./cli mmap images/4096x4096   0 394596
19.3  4.8 ./cli mmap images/4096x4096   0 394612
19.7  4.8 ./cli mmap images/4096x4096   0 394616
19.7  4.8 ./cli mmap images/4096x4096   0 394572
19.7  4.8 ./cli mmap images/4096x4096   1 394676
  PID User     Command                         Swap      USS      PSS      RSS 
106952 codespace /usr/bin/python3 /usr/bin/s        0    12096    12330    14512 
103649 codespace ./cli mmap images/4096x4096        0   196708   236064   394572 
103645 codespace ./cli mmap images/4096x4096        0   196708   236067   394596 
103647 codespace ./cli mmap images/4096x4096        0   196708   236067   394612 
103643 codespace ./cli mmap images/4096x4096        0   196708   236070   394676 
103641 codespace ./cli mmap images/4096x4096        0   196712   236072   394616 
%CPU %MEM ARGS Sun Oct  4 21:05:01 UTC 2026
 0.0  0.0 grep --color=auto ./cli       1  2176
19.3  4.8 ./cli mmap images/4096x4096   0 394596
19.3  4.8 ./cli mmap images/4096x4096   0 394612
19.6  4.8 ./cli mmap images/4096x4096   1 394616
19.7  4.8 ./cli mmap images/4096x4096   1 394572
19.7  4.8 ./cli mmap images/4096x4096   1 394676
  PID User     Command                         Swap      USS      PSS      RSS 
106977 codespace /usr/bin/python3 /usr/bin/s        0    12092    12332    14572 
103649 codespace ./cli mmap images/4096x4096        0   196708   236065   394572 
103645 codespace ./cli mmap images/4096x4096        0   196708   236067   394596 
103647 codespace ./cli mmap images/4096x4096        0   196708   236067   394612 
103643 codespace ./cli mmap images/4096x4096        0   196708   236070   394676 
103641 codespace ./cli mmap images/4096x4096        0   196712   236072   394616 
%CPU %MEM ARGS Sun Oct  4 21:05:02 UTC 2026
 0.0  0.0 grep --color=auto ./cli       1  2204
19.2  4.8 ./cli mmap images/4096x4096   1 394596
19.3  4.8 ./cli mmap images/4096x4096   1 394612
19.6  4.8 ./cli mmap images/4096x4096   1 394572
19.7  4.8 ./cli mmap images/4096x4096   0 394616
19.7  4.8 ./cli mmap images/4096x4096   1 394676
  PID User     Command                         Swap      USS      PSS      RSS 
106983 codespace /usr/bin/python3 /usr/bin/s        0    12088    12327    14504 
103649 codespace ./cli mmap images/4096x4096        0   196708   236065   394572 
103645 codespace ./cli mmap images/4096x4096        0   196708   236067   394596 
103647 codespace ./cli mmap images/4096x4096        0   196708   236067   394612 
103643 codespace ./cli mmap images/4096x4096        0   196708   236070   394676 
103641 codespace ./cli mmap images/4096x4096        0   196712   236071   394616 
%CPU %MEM ARGS Sun Oct  4 21:05:02 UTC 2026
 0.0  0.0 grep --color=auto ./cli       1  2176
19.3  4.8 ./cli mmap images/4096x4096   1 394596
19.3  4.8 ./cli mmap images/4096x4096   1 394612
19.6  4.8 ./cli mmap images/4096x4096   0 394572
19.7  4.8 ./cli mmap images/4096x4096   1 394616
19.7  4.8 ./cli mmap images/4096x4096   1 394676
  PID User     Command                         Swap      USS      PSS      RSS 
106989 codespace /usr/bin/python3 /usr/bin/s        0    12088    12324    14504 
103649 codespace ./cli mmap images/4096x4096        0   196708   236064   394572 
103645 codespace ./cli mmap images/4096x4096        0   196708   236067   394596 
103647 codespace ./cli mmap images/4096x4096        0   196708   236067   394612 
103643 codespace ./cli mmap images/4096x4096        0   196708   236070   394676 
103641 codespace ./cli mmap images/4096x4096        0   196712   236071   394616 
%CPU %MEM ARGS Sun Oct  4 21:05:03 UTC 2026
 0.0  0.0 grep --color=auto ./cli       1  2340
19.2  4.8 ./cli mmap images/4096x4096   1 394596
19.3  4.8 ./cli mmap images/4096x4096   1 394612
19.6  4.8 ./cli mmap images/4096x4096   1 394572
19.7  4.8 ./cli mmap images/4096x4096   0 394616
19.7  4.8 ./cli mmap images/4096x4096   1 394676
  PID User     Command                         Swap      USS      PSS      RSS 
107001 codespace /usr/bin/python3 /usr/bin/s        0    12104    12333    14552 
103649 codespace ./cli mmap images/4096x4096        0   196708   236065   394572 
103645 codespace ./cli mmap images/4096x4096        0   196708   236067   394596 
103647 codespace ./cli mmap images/4096x4096        0   196708   236068   394612 
103643 codespace ./cli mmap images/4096x4096        0   196708   236070   394676 
103641 codespace ./cli mmap images/4096x4096        0   196712   236072   394616 
%CPU %MEM ARGS Sun Oct  4 21:05:04 UTC 2026
 0.0  0.0 grep --color=auto ./cli       1  2288
19.2  4.8 ./cli mmap images/4096x4096   0 394596
19.3  4.8 ./cli mmap images/4096x4096   0 394612
19.6  4.8 ./cli mmap images/4096x4096   1 394572
19.7  4.8 ./cli mmap images/4096x4096   1 394676
19.7  4.8 ./cli mmap images/4096x4096   1 394616
  PID User     Command                         Swap      USS      PSS      RSS 
107013 codespace /usr/bin/python3 /usr/bin/s        0    12088    12322    14504 
103649 codespace ./cli mmap images/4096x4096        0   196708   236064   394572 
103645 codespace ./cli mmap images/4096x4096        0   196708   236067   394596 
103647 codespace ./cli mmap images/4096x4096        0   196708   236067   394612 
103643 codespace ./cli mmap images/4096x4096        0   196708   236070   394676 
103641 codespace ./cli mmap images/4096x4096        0   196712   236072   394616 
%CPU %MEM ARGS Sun Oct  4 21:05:05 UTC 2026
 0.0  0.0 grep --color=auto ./cli       0  2160
19.2  4.8 ./cli mmap images/4096x4096   1 394596
19.3  4.8 ./cli mmap images/4096x4096   1 394612
19.6  4.8 ./cli mmap images/4096x4096   0 394572
19.7  4.8 ./cli mmap images/4096x4096   1 394676
19.7  4.8 ./cli mmap images/4096x4096   0 394616
  PID User     Command                         Swap      USS      PSS      RSS 
107019 codespace /usr/bin/python3 /usr/bin/s        0    12092    12325    14504 
103649 codespace ./cli mmap images/4096x4096        0   196708   236064   394572 
103645 codespace ./cli mmap images/4096x4096        0   196708   236067   394596 
103647 codespace ./cli mmap images/4096x4096        0   196708   236067   394612 
103643 codespace ./cli mmap images/4096x4096        0   196708   236070   394676 
103641 codespace ./cli mmap images/4096x4096        0   196712   236072   394616 
%CPU %MEM ARGS Sun Oct  4 21:05:06 UTC 2026
 0.0  0.0 grep --color=auto ./cli       1  2180
19.2  4.8 ./cli mmap images/4096x4096   0 394596
19.3  4.8 ./cli mmap images/4096x4096   0 394612
19.6  4.8 ./cli mmap images/4096x4096   0 394572
19.7  4.8 ./cli mmap images/4096x4096   0 394676
19.7  4.8 ./cli mmap images/4096x4096   0 394616
  PID User     Command                         Swap      USS      PSS      RSS 
107025 codespace /usr/bin/python3 /usr/bin/s        0    12084    12325    14552 
103649 codespace ./cli mmap images/4096x4096        0   196708   236065   394572 
103645 codespace ./cli mmap images/4096x4096        0   196708   236067   394596 
103647 codespace ./cli mmap images/4096x4096        0   196708   236067   394612 
103643 codespace ./cli mmap images/4096x4096        0   196708   236070   394676 
103641 codespace ./cli mmap images/4096x4096        0   196712   236072   394616 
%CPU %MEM ARGS Sun Oct  4 21:05:07 UTC 2026
 0.0  0.0 grep --color=auto ./cli       0  2200
19.2  4.8 ./cli mmap images/4096x4096   0 394596
19.3  4.8 ./cli mmap images/4096x4096   0 394612
19.6  4.8 ./cli mmap images/4096x4096   0 394572
19.6  4.8 ./cli mmap images/4096x4096   0 394676
19.7  4.8 ./cli mmap images/4096x4096   0 394616
  PID User     Command                         Swap      USS      PSS      RSS 
107030 codespace /usr/bin/python3 /usr/bin/s        0    12092    12331    14572 
103649 codespace ./cli mmap images/4096x4096        0   196708   236065   394572 
103645 codespace ./cli mmap images/4096x4096        0   196708   236067   394596 
103647 codespace ./cli mmap images/4096x4096        0   196708   236067   394612 
103643 codespace ./cli mmap images/4096x4096        0   196708   236070   394676 
103641 codespace ./cli mmap images/4096x4096        0   196712   236071   394616 
%CPU %MEM ARGS Sun Oct  4 21:05:08 UTC 2026
 0.0  0.0 grep --color=auto ./cli       0  2288
19.2  4.8 ./cli mmap images/4096x4096   1 394596
19.3  4.8 ./cli mmap images/4096x4096   0 394612
19.6  4.8 ./cli mmap images/4096x4096   0 394572
19.6  4.8 ./cli mmap images/4096x4096   0 394676
19.6  4.8 ./cli mmap images/4096x4096   0 394616
  PID User     Command                         Swap      USS      PSS      RSS 
107036 codespace /usr/bin/python3 /usr/bin/s        0    12108    12338    14568 
103649 codespace ./cli mmap images/4096x4096        0   196708   236065   394572 
103645 codespace ./cli mmap images/4096x4096        0   196708   236067   394596 
103647 codespace ./cli mmap images/4096x4096        0   196708   236067   394612 
103643 codespace ./cli mmap images/4096x4096        0   196708   236070   394676 
103641 codespace ./cli mmap images/4096x4096        0   196712   236072   394616 
%CPU %MEM ARGS Sun Oct  4 21:05:09 UTC 2026
 0.0  0.0 grep --color=auto ./cli       0  2180
19.3  4.8 ./cli mmap images/4096x4096   1 394596
19.3  4.8 ./cli mmap images/4096x4096   0 394612
19.6  4.8 ./cli mmap images/4096x4096   0 394572
19.6  4.8 ./cli mmap images/4096x4096   0 394676
19.6  4.8 ./cli mmap images/4096x4096   0 394616
  PID User     Command                         Swap      USS      PSS      RSS 
107042 codespace /usr/bin/python3 /usr/bin/s        0    12096    12334    14620 
103649 codespace ./cli mmap images/4096x4096        0   196708   236065   394572 
103645 codespace ./cli mmap images/4096x4096        0   196708   236067   394596 
103647 codespace ./cli mmap images/4096x4096        0   196708   236067   394612 
103643 codespace ./cli mmap images/4096x4096        0   196708   236070   394676 
103641 codespace ./cli mmap images/4096x4096        0   196712   236072   394616 
%CPU %MEM ARGS Sun Oct  4 21:05:09 UTC 2026
 0.0  0.0 grep --color=auto ./cli       0  2152
19.3  4.8 ./cli mmap images/4096x4096   1 394596
19.3  4.8 ./cli mmap images/4096x4096   1 394612
19.6  4.8 ./cli mmap images/4096x4096   1 394572
19.6  4.8 ./cli mmap images/4096x4096   1 394616
19.6  4.8 ./cli mmap images/4096x4096   0 394676
  PID User     Command                         Swap      USS      PSS      RSS 
107048 codespace /usr/bin/python3 /usr/bin/s        0    12112    12336    14540 
103649 codespace ./cli mmap images/4096x4096        0   196708   236065   394572 
103643 codespace ./cli mmap images/4096x4096        0   196708   236066   394676 
103645 codespace ./cli mmap images/4096x4096        0   196708   236066   394596 
103647 codespace ./cli mmap images/4096x4096        0   196708   236068   394612 
103641 codespace ./cli mmap images/4096x4096        0   196712   236070   394616 
%CPU %MEM ARGS Sun Oct  4 21:05:10 UTC 2026
 0.0  0.0 grep --color=auto ./cli       0  2300
19.3  4.8 ./cli mmap images/4096x4096   0 394596
19.3  4.8 ./cli mmap images/4096x4096   1 394612
19.6  4.8 ./cli mmap images/4096x4096   0 394572
19.6  4.8 ./cli mmap images/4096x4096   1 394616
19.7  4.8 ./cli mmap images/4096x4096   1 394676
  PID User     Command                         Swap      USS      PSS      RSS 
107080 codespace /usr/bin/python3 /usr/bin/s        0    12108    12341    14580 
103649 codespace ./cli mmap images/4096x4096        0   196708   236064   394572 
103645 codespace ./cli mmap images/4096x4096        0   196708   236067   394596 
103647 codespace ./cli mmap images/4096x4096        0   196708   236067   394612 
103643 codespace ./cli mmap images/4096x4096        0   196708   236070   394676 
103641 codespace ./cli mmap images/4096x4096        0   196712   236072   394616 
%CPU %MEM ARGS Sun Oct  4 21:05:11 UTC 2026
 0.0  0.0 grep --color=auto ./cli       1  2304
19.3  4.8 ./cli mmap images/4096x4096   1 394596
19.3  4.8 ./cli mmap images/4096x4096   1 394612
19.6  4.8 ./cli mmap images/4096x4096   1 394572
19.6  4.8 ./cli mmap images/4096x4096   1 394616
19.6  4.8 ./cli mmap images/4096x4096   1 394676
  PID User     Command                         Swap      USS      PSS      RSS 
107090 codespace /usr/bin/python3 /usr/bin/s        0    12092    12323    14504 
103649 codespace ./cli mmap images/4096x4096        0   196708   236064   394572 
103645 codespace ./cli mmap images/4096x4096        0   196708   236067   394596 
103647 codespace ./cli mmap images/4096x4096        0   196708   236067   394612 
103643 codespace ./cli mmap images/4096x4096        0   196708   236070   394676 
103641 codespace ./cli mmap images/4096x4096        0   196712   236072   394616 
%CPU %MEM ARGS Sun Oct  4 21:05:12 UTC 2026
 0.0  0.0 grep --color=auto ./cli       0  2156
19.3  4.8 ./cli mmap images/4096x4096   1 394596
19.3  4.8 ./cli mmap images/4096x4096   1 394612
19.6  4.8 ./cli mmap images/4096x4096   1 394572
19.6  4.8 ./cli mmap images/4096x4096   1 394616
19.6  4.8 ./cli mmap images/4096x4096   1 394676
  PID User     Command                         Swap      USS      PSS      RSS 
107096 codespace /usr/bin/python3 /usr/bin/s        0    12112    12346    14600 
103649 codespace ./cli mmap images/4096x4096        0   196708   236065   394572 
103645 codespace ./cli mmap images/4096x4096        0   196708   236067   394596 
103647 codespace ./cli mmap images/4096x4096        0   196708   236067   394612 
103643 codespace ./cli mmap images/4096x4096        0   196708   236070   394676 
103641 codespace ./cli mmap images/4096x4096        0   196712   236071   394616 
%CPU %MEM ARGS Sun Oct  4 21:05:13 UTC 2026
 0.0  0.0 grep --color=auto ./cli       0  2192
19.3  4.8 ./cli mmap images/4096x4096   1 394596
19.3  4.8 ./cli mmap images/4096x4096   1 394612
19.6  4.8 ./cli mmap images/4096x4096   0 394572
19.6  4.8 ./cli mmap images/4096x4096   1 394616
19.7  4.8 ./cli mmap images/4096x4096   0 394676
  PID User     Command                         Swap      USS      PSS      RSS 
107101 codespace /usr/bin/python3 /usr/bin/s        0    12112    12345    14540 
103649 codespace ./cli mmap images/4096x4096        0   196708   236065   394572 
103645 codespace ./cli mmap images/4096x4096        0   196708   236067   394596 
103647 codespace ./cli mmap images/4096x4096        0   196708   236068   394612 
103643 codespace ./cli mmap images/4096x4096        0   196708   236070   394676 
103641 codespace ./cli mmap images/4096x4096        0   196712   236072   394616 
%CPU %MEM ARGS Sun Oct  4 21:05:14 UTC 2026
 0.0  0.0 grep --color=auto ./cli       1  2180
19.3  4.8 ./cli mmap images/4096x4096   1 394596
19.3  4.8 ./cli mmap images/4096x4096   1 394612
19.6  4.8 ./cli mmap images/4096x4096   1 394572
19.6  4.8 ./cli mmap images/4096x4096   0 394616
19.7  4.8 ./cli mmap images/4096x4096   0 394676
  PID User     Command                         Swap      USS      PSS      RSS 
107107 codespace /usr/bin/python3 /usr/bin/s        0    12120    12351    14648 
103649 codespace ./cli mmap images/4096x4096        0   196708   236065   394572 
103645 codespace ./cli mmap images/4096x4096        0   196708   236067   394596 
103647 codespace ./cli mmap images/4096x4096        0   196708   236068   394612 
103643 codespace ./cli mmap images/4096x4096        0   196708   236070   394676 
103641 codespace ./cli mmap images/4096x4096        0   196712   236072   394616 
%CPU %MEM ARGS Sun Oct  4 21:05:15 UTC 2026
 0.0  0.0 grep --color=auto ./cli       1  2156
19.3  4.8 ./cli mmap images/4096x4096   1 394596
19.3  4.8 ./cli mmap images/4096x4096   1 394612
19.6  4.8 ./cli mmap images/4096x4096   1 394572
19.6  4.8 ./cli mmap images/4096x4096   0 394616
19.7  4.8 ./cli mmap images/4096x4096   1 394676
  PID User     Command                         Swap      USS      PSS      RSS 
107113 codespace /usr/bin/python3 /usr/bin/s        0    12088    12323    14540 
103649 codespace ./cli mmap images/4096x4096        0   196708   236065   394572 
103645 codespace ./cli mmap images/4096x4096        0   196708   236067   394596 
103647 codespace ./cli mmap images/4096x4096        0   196708   236067   394612 
103643 codespace ./cli mmap images/4096x4096        0   196708   236070   394676 
103641 codespace ./cli mmap images/4096x4096        0   196712   236072   394616 
%CPU %MEM ARGS Sun Oct  4 21:05:16 UTC 2026
 0.0  0.0 grep --color=auto ./cli       1  2176
19.3  4.8 ./cli mmap images/4096x4096   1 394596
19.3  4.8 ./cli mmap images/4096x4096   1 394612
19.6  4.8 ./cli mmap images/4096x4096   0 394572
19.6  4.8 ./cli mmap images/4096x4096   0 394676
19.7  4.8 ./cli mmap images/4096x4096   1 394616
  PID User     Command                         Swap      USS      PSS      RSS 
107125 codespace /usr/bin/python3 /usr/bin/s        0    12100    12331    14552 
103649 codespace ./cli mmap images/4096x4096        0   196708   236065   394572 
103645 codespace ./cli mmap images/4096x4096        0   196708   236067   394596 
103647 codespace ./cli mmap images/4096x4096        0   196708   236068   394612 
103643 codespace ./cli mmap images/4096x4096        0   196708   236070   394676 
103641 codespace ./cli mmap images/4096x4096        0   196712   236072   394616 
%CPU %MEM ARGS Sun Oct  4 21:05:17 UTC 2026
 0.0  0.0 grep --color=auto ./cli       0  2200
19.2  4.8 ./cli mmap images/4096x4096   0 394596
19.3  4.8 ./cli mmap images/4096x4096   1 394612
19.6  4.8 ./cli mmap images/4096x4096   1 394572
19.6  4.8 ./cli mmap images/4096x4096   0 394676
19.7  4.8 ./cli mmap images/4096x4096   0 394616
  PID User     Command                         Swap      USS      PSS      RSS 
107134 codespace /usr/bin/python3 /usr/bin/s        0    12096    12327    14508 
103649 codespace ./cli mmap images/4096x4096        0   196708   236065   394572 
103645 codespace ./cli mmap images/4096x4096        0   196708   236067   394596 
103647 codespace ./cli mmap images/4096x4096        0   196708   236067   394612 
103643 codespace ./cli mmap images/4096x4096        0   196708   236070   394676 
103641 codespace ./cli mmap images/4096x4096        0   196712   236071   394616 
%CPU %MEM ARGS Sun Oct  4 21:05:18 UTC 2026
 0.0  0.0 grep --color=auto ./cli       0  2200
19.2  4.8 ./cli mmap images/4096x4096   0 394596
19.3  4.8 ./cli mmap images/4096x4096   0 394612
19.6  4.8 ./cli mmap images/4096x4096   1 394572
19.6  4.8 ./cli mmap images/4096x4096   0 394676
19.6  4.8 ./cli mmap images/4096x4096   1 394616
  PID User     Command                         Swap      USS      PSS      RSS 
107143 codespace /usr/bin/python3 /usr/bin/s        0    12100    12333    14572 
103649 codespace ./cli mmap images/4096x4096        0   196708   236065   394572 
103645 codespace ./cli mmap images/4096x4096        0   196708   236067   394596 
103647 codespace ./cli mmap images/4096x4096        0   196708   236067   394612 
103643 codespace ./cli mmap images/4096x4096        0   196708   236070   394676 
103641 codespace ./cli mmap images/4096x4096        0   196712   236072   394616 
%CPU %MEM ARGS Sun Oct  4 21:05:19 UTC 2026
 0.0  0.0 grep --color=auto ./cli       1  2156
19.2  4.8 ./cli mmap images/4096x4096   0 394596
19.3  4.8 ./cli mmap images/4096x4096   1 394612
19.6  4.8 ./cli mmap images/4096x4096   0 394572
19.6  4.8 ./cli mmap images/4096x4096   0 394676
19.6  4.8 ./cli mmap images/4096x4096   0 394616
  PID User     Command                         Swap      USS      PSS      RSS 
107149 codespace /usr/bin/python3 /usr/bin/s        0    12088    12323    14504 
103649 codespace ./cli mmap images/4096x4096        0   196708   236064   394572 
103645 codespace ./cli mmap images/4096x4096        0   196708   236067   394596 
103647 codespace ./cli mmap images/4096x4096        0   196708   236068   394612 
103643 codespace ./cli mmap images/4096x4096        0   196708   236070   394676 
103641 codespace ./cli mmap images/4096x4096        0   196712   236072   394616 
%CPU %MEM ARGS Sun Oct  4 21:05:20 UTC 2026
 0.0  0.0 grep --color=auto ./cli       1  2212
19.2  4.8 ./cli mmap images/4096x4096   1 394596
19.3  4.8 ./cli mmap images/4096x4096   1 394612
19.6  4.8 ./cli mmap images/4096x4096   1 394676
19.6  4.8 ./cli mmap images/4096x4096   0 394572
19.6  4.8 ./cli mmap images/4096x4096   1 394616
  PID User     Command                         Swap      USS      PSS      RSS 
107155 codespace /usr/bin/python3 /usr/bin/s        0    12128    12365    14616 
103649 codespace ./cli mmap images/4096x4096        0   196708   236064   394572 
103645 codespace ./cli mmap images/4096x4096        0   196708   236067   394596 
103647 codespace ./cli mmap images/4096x4096        0   196708   236068   394612 
103643 codespace ./cli mmap images/4096x4096        0   196708   236070   394676 
103641 codespace ./cli mmap images/4096x4096        0   196712   236072   394616 
%CPU %MEM ARGS Sun Oct  4 21:05:20 UTC 2026
 0.0  0.0 grep --color=auto ./cli       1  2176
19.2  4.8 ./cli mmap images/4096x4096   0 394596
19.3  4.8 ./cli mmap images/4096x4096   1 394612
19.6  4.8 ./cli mmap images/4096x4096   1 394676
19.6  4.8 ./cli mmap images/4096x4096   1 394572
19.6  4.8 ./cli mmap images/4096x4096   1 394616
  PID User     Command                         Swap      USS      PSS      RSS 
107161 codespace /usr/bin/python3 /usr/bin/s        0    12096    12336    14544 
103649 codespace ./cli mmap images/4096x4096        0   196708   236065   394572 
103645 codespace ./cli mmap images/4096x4096        0   196708   236067   394596 
103647 codespace ./cli mmap images/4096x4096        0   196708   236068   394612 
103643 codespace ./cli mmap images/4096x4096        0   196708   236070   394676 
103641 codespace ./cli mmap images/4096x4096        0   196712   236072   394616 
%CPU %MEM ARGS Sun Oct  4 21:05:21 UTC 2026
 0.0  0.0 grep --color=auto ./cli       1  2208
19.2  4.8 ./cli mmap images/4096x4096   0 394596
19.3  4.8 ./cli mmap images/4096x4096   0 394612
19.6  4.8 ./cli mmap images/4096x4096   0 394676
19.6  4.8 ./cli mmap images/4096x4096   0 394572
19.6  4.8 ./cli mmap images/4096x4096   0 394616
  PID User     Command                         Swap      USS      PSS      RSS 
107178 codespace /usr/bin/python3 /usr/bin/s        0    12092    12297    14508 
103649 codespace ./cli mmap images/4096x4096        0   196708   236063   394572 
103645 codespace ./cli mmap images/4096x4096        0   196708   236065   394596 
103647 codespace ./cli mmap images/4096x4096        0   196708   236066   394612 
103643 codespace ./cli mmap images/4096x4096        0   196708   236068   394676 
103641 codespace ./cli mmap images/4096x4096        0   196712   236072   394616 
%CPU %MEM ARGS Sun Oct  4 21:05:22 UTC 2026
 0.0  0.0 grep --color=auto ./cli       1  2164
19.2  4.8 ./cli mmap images/4096x4096   0 394596
19.3  4.8 ./cli mmap images/4096x4096   1 394612
19.6  4.8 ./cli mmap images/4096x4096   1 394572
19.6  4.8 ./cli mmap images/4096x4096   1 394676
19.6  4.8 ./cli mmap images/4096x4096   0 394616
  PID User     Command                         Swap      USS      PSS      RSS 
107196 codespace /usr/bin/python3 /usr/bin/s        0    12092    12324    14516 
103649 codespace ./cli mmap images/4096x4096        0   196708   236065   394572 
103645 codespace ./cli mmap images/4096x4096        0   196708   236067   394596 
103647 codespace ./cli mmap images/4096x4096        0   196708   236067   394612 
103643 codespace ./cli mmap images/4096x4096        0   196708   236070   394676 
103641 codespace ./cli mmap images/4096x4096        0   196712   236071   394616 
%CPU %MEM ARGS Sun Oct  4 21:05:23 UTC 2026
 0.0  0.0 grep --color=auto ./cli       0  2308
19.2  4.8 ./cli mmap images/4096x4096   1 394596
19.3  4.8 ./cli mmap images/4096x4096   0 394612
19.6  4.8 ./cli mmap images/4096x4096   1 394572
19.6  4.8 ./cli mmap images/4096x4096   1 394616
19.6  4.8 ./cli mmap images/4096x4096   0 394676
  PID User     Command                         Swap      USS      PSS      RSS 
107202 codespace /usr/bin/python3 /usr/bin/s        0    12104    12338    14576 
103649 codespace ./cli mmap images/4096x4096        0   196708   236065   394572 
103645 codespace ./cli mmap images/4096x4096        0   196708   236067   394596 
103647 codespace ./cli mmap images/4096x4096        0   196708   236067   394612 
103643 codespace ./cli mmap images/4096x4096        0   196708   236070   394676 
103641 codespace ./cli mmap images/4096x4096        0   196712   236071   394616 
%CPU %MEM ARGS Sun Oct  4 21:05:24 UTC 2026
 0.0  0.0 grep --color=auto ./cli       0  2160
19.2  4.8 ./cli mmap images/4096x4096   0 394596
19.3  4.8 ./cli mmap images/4096x4096   0 394612
19.6  4.8 ./cli mmap images/4096x4096   0 394572
19.6  4.8 ./cli mmap images/4096x4096   1 394616
19.6  4.8 ./cli mmap images/4096x4096   0 394676
  PID User     Command                         Swap      USS      PSS      RSS 
107214 codespace /usr/bin/python3 /usr/bin/s        0    12088    12327    14548 
103649 codespace ./cli mmap images/4096x4096        0   196708   236065   394572 
103645 codespace ./cli mmap images/4096x4096        0   196708   236067   394596 
103647 codespace ./cli mmap images/4096x4096        0   196708   236067   394612 
103643 codespace ./cli mmap images/4096x4096        0   196708   236070   394676 
103641 codespace ./cli mmap images/4096x4096        0   196712   236072   394616 
%CPU %MEM ARGS Sun Oct  4 21:05:25 UTC 2026
 0.0  0.0 grep --color=auto ./cli       0  2192
19.2  4.8 ./cli mmap images/4096x4096   0 394596
19.3  4.8 ./cli mmap images/4096x4096   0 394612
19.6  4.8 ./cli mmap images/4096x4096   0 394572
19.6  4.8 ./cli mmap images/4096x4096   0 394676
19.6  4.8 ./cli mmap images/4096x4096   1 394616
  PID User     Command                         Swap      USS      PSS      RSS 
107220 codespace /usr/bin/python3 /usr/bin/s        0    12100    12332    14544 
103649 codespace ./cli mmap images/4096x4096        0   196708   236064   394572 
103645 codespace ./cli mmap images/4096x4096        0   196708   236067   394596 
103647 codespace ./cli mmap images/4096x4096        0   196708   236068   394612 
103643 codespace ./cli mmap images/4096x4096        0   196708   236070   394676 
103641 codespace ./cli mmap images/4096x4096        0   196712   236072   394616 
%CPU %MEM ARGS Sun Oct  4 21:05:26 UTC 2026
 0.0  0.0 grep --color=auto ./cli       1  2172
19.2  4.8 ./cli mmap images/4096x4096   0 394596
19.3  4.8 ./cli mmap images/4096x4096   0 394612
19.6  4.8 ./cli mmap images/4096x4096   0 394572
19.6  4.8 ./cli mmap images/4096x4096   0 394676
19.6  4.8 ./cli mmap images/4096x4096   1 394616
  PID User     Command                         Swap      USS      PSS      RSS 
107226 codespace /usr/bin/python3 /usr/bin/s        0    12092    12329    14508 
103649 codespace ./cli mmap images/4096x4096        0   196708   236065   394572 
103645 codespace ./cli mmap images/4096x4096        0   196708   236067   394596 
103647 codespace ./cli mmap images/4096x4096        0   196708   236067   394612 
103643 codespace ./cli mmap images/4096x4096        0   196708   236070   394676 
103641 codespace ./cli mmap images/4096x4096        0   196712   236071   394616 
%CPU %MEM ARGS Sun Oct  4 21:05:27 UTC 2026
 0.0  0.0 grep --color=auto ./cli       0  2344
19.2  4.8 ./cli mmap images/4096x4096   1 394596
19.3  4.8 ./cli mmap images/4096x4096   1 394612
19.6  4.8 ./cli mmap images/4096x4096   1 394572
19.6  4.8 ./cli mmap images/4096x4096   1 394676
19.6  4.8 ./cli mmap images/4096x4096   1 394616
  PID User     Command                         Swap      USS      PSS      RSS 
107232 codespace /usr/bin/python3 /usr/bin/s        0    12100    12332    14572 
103649 codespace ./cli mmap images/4096x4096        0   196708   236064   394572 
103645 codespace ./cli mmap images/4096x4096        0   196708   236067   394596 
103647 codespace ./cli mmap images/4096x4096        0   196708   236067   394612 
103643 codespace ./cli mmap images/4096x4096        0   196708   236068   394676 
103641 codespace ./cli mmap images/4096x4096        0   196712   236070   394616 
%CPU %MEM ARGS Sun Oct  4 21:05:28 UTC 2026
 0.0  0.0 grep --color=auto ./cli       1  2340
19.2  4.8 ./cli mmap images/4096x4096   1 394596
19.3  4.8 ./cli mmap images/4096x4096   1 394612
19.6  4.8 ./cli mmap images/4096x4096   1 394572
19.6  4.8 ./cli mmap images/4096x4096   1 394676
19.6  4.8 ./cli mmap images/4096x4096   0 394616
  PID User     Command                         Swap      USS      PSS      RSS 
107244 codespace /usr/bin/python3 /usr/bin/s        0    12108    12344    14524 
103649 codespace ./cli mmap images/4096x4096        0   196708   236065   394572 
103645 codespace ./cli mmap images/4096x4096        0   196708   236067   394596 
103647 codespace ./cli mmap images/4096x4096        0   196708   236067   394612 
103643 codespace ./cli mmap images/4096x4096        0   196708   236070   394676 
103641 codespace ./cli mmap images/4096x4096        0   196712   236072   394616 
%CPU %MEM ARGS Sun Oct  4 21:05:29 UTC 2026
 0.0  0.0 grep --color=auto ./cli       0  2180
19.2  4.8 ./cli mmap images/4096x4096   1 394596
19.3  4.8 ./cli mmap images/4096x4096   1 394612
19.6  4.8 ./cli mmap images/4096x4096   1 394572
19.6  4.8 ./cli mmap images/4096x4096   1 394676
19.7  4.8 ./cli mmap images/4096x4096   0 394616
  PID User     Command                         Swap      USS      PSS      RSS 
107250 codespace /usr/bin/python3 /usr/bin/s        0    12088    12320    14504 
103649 codespace ./cli mmap images/4096x4096        0   196708   236064   394572 
103645 codespace ./cli mmap images/4096x4096        0   196708   236067   394596 
103647 codespace ./cli mmap images/4096x4096        0   196708   236067   394612 
103643 codespace ./cli mmap images/4096x4096        0   196708   236070   394676 
103641 codespace ./cli mmap images/4096x4096        0   196712   236071   394616 
%CPU %MEM ARGS Sun Oct  4 21:05:30 UTC 2026
 0.0  0.0 grep --color=auto ./cli       0  2340
19.2  4.8 ./cli mmap images/4096x4096   0 394596
19.3  4.8 ./cli mmap images/4096x4096   0 394612
19.6  4.8 ./cli mmap images/4096x4096   1 394572
19.6  4.8 ./cli mmap images/4096x4096   0 394676
19.7  4.8 ./cli mmap images/4096x4096   0 394616
  PID User     Command                         Swap      USS      PSS      RSS 
107256 codespace /usr/bin/python3 /usr/bin/s        0    12108    12312    14620 
103649 codespace ./cli mmap images/4096x4096        0   196708   236062   394572 
103645 codespace ./cli mmap images/4096x4096        0   196708   236067   394596 
103647 codespace ./cli mmap images/4096x4096        0   196708   236067   394612 
103641 codespace ./cli mmap images/4096x4096        0   196712   236069   394616 
103643 codespace ./cli mmap images/4096x4096        0   196708   236070   394676 
%CPU %MEM ARGS Sun Oct  4 21:05:31 UTC 2026
 0.0  0.0 grep --color=auto ./cli       0  2192
19.2  4.8 ./cli mmap images/4096x4096   0 394596
19.3  4.8 ./cli mmap images/4096x4096   0 394612
19.6  4.8 ./cli mmap images/4096x4096   1 394572
19.6  4.8 ./cli mmap images/4096x4096   0 394676
19.7  4.8 ./cli mmap images/4096x4096   0 394616
  PID User     Command                         Swap      USS      PSS      RSS 
107268 codespace /usr/bin/python3 /usr/bin/s        0    12084    12293    14504 
103649 codespace ./cli mmap images/4096x4096        0   196708   236063   394572 
103645 codespace ./cli mmap images/4096x4096        0   196708   236067   394596 
103647 codespace ./cli mmap images/4096x4096        0   196708   236067   394612 
103643 codespace ./cli mmap images/4096x4096        0   196708   236068   394676 
103641 codespace ./cli mmap images/4096x4096        0   196712   236072   394616 
%CPU %MEM ARGS Sun Oct  4 21:05:32 UTC 2026
 0.0  0.0 grep --color=auto ./cli       1  2176
19.2  4.8 ./cli mmap images/4096x4096   0 394596
19.3  4.8 ./cli mmap images/4096x4096   0 394612
19.6  4.8 ./cli mmap images/4096x4096   1 394572
19.6  4.8 ./cli mmap images/4096x4096   1 394676
19.7  4.8 ./cli mmap images/4096x4096   0 394616
  PID User     Command                         Swap      USS      PSS      RSS 
107293 codespace /usr/bin/python3 /usr/bin/s        0    12104    12335    14568 
103649 codespace ./cli mmap images/4096x4096        0   196708   236065   394572 
103645 codespace ./cli mmap images/4096x4096        0   196708   236067   394596 
103647 codespace ./cli mmap images/4096x4096        0   196708   236067   394612 
103643 codespace ./cli mmap images/4096x4096        0   196708   236070   394676 
103641 codespace ./cli mmap images/4096x4096        0   196712   236071   394616 
%CPU %MEM ARGS Sun Oct  4 21:05:33 UTC 2026
 0.0  0.0 grep --color=auto ./cli       1  2180
19.2  4.8 ./cli mmap images/4096x4096   0 394596
19.3  4.8 ./cli mmap images/4096x4096   0 394612
19.6  4.8 ./cli mmap images/4096x4096   0 394572
19.6  4.8 ./cli mmap images/4096x4096   0 394676
19.7  4.8 ./cli mmap images/4096x4096   1 394616
  PID User     Command                         Swap      USS      PSS      RSS 
107304 codespace /usr/bin/python3 /usr/bin/s        0    12088    12328    14556 
103649 codespace ./cli mmap images/4096x4096        0   196708   236065   394572 
103645 codespace ./cli mmap images/4096x4096        0   196708   236067   394596 
103647 codespace ./cli mmap images/4096x4096        0   196708   236067   394612 
103643 codespace ./cli mmap images/4096x4096        0   196708   236070   394676 
103641 codespace ./cli mmap images/4096x4096        0   196712   236072   394616 
%CPU %MEM ARGS Sun Oct  4 21:05:34 UTC 2026
 0.0  0.0 grep --color=auto ./cli       0  2184
19.2  4.8 ./cli mmap images/4096x4096   0 394596
19.3  4.8 ./cli mmap images/4096x4096   1 394612
19.6  4.8 ./cli mmap images/4096x4096   0 394572
19.6  4.8 ./cli mmap images/4096x4096   0 394676
19.7  4.8 ./cli mmap images/4096x4096   0 394616
  PID User     Command                         Swap      USS      PSS      RSS 
107310 codespace /usr/bin/python3 /usr/bin/s        0    12100    12335    14572 
103649 codespace ./cli mmap images/4096x4096        0   196708   236065   394572 
103645 codespace ./cli mmap images/4096x4096        0   196708   236067   394596 
103647 codespace ./cli mmap images/4096x4096        0   196708   236067   394612 
103643 codespace ./cli mmap images/4096x4096        0   196708   236070   394676 
103641 codespace ./cli mmap images/4096x4096        0   196712   236071   394616 
%CPU %MEM ARGS Sun Oct  4 21:05:35 UTC 2026
 0.0  0.0 grep --color=auto ./cli       0  2164
19.2  4.8 ./cli mmap images/4096x4096   0 394596
19.3  4.8 ./cli mmap images/4096x4096   1 394612
19.6  4.8 ./cli mmap images/4096x4096   0 394572
19.6  4.8 ./cli mmap images/4096x4096   0 394676
19.7  4.8 ./cli mmap images/4096x4096   0 394616
  PID User     Command                         Swap      USS      PSS      RSS 
107316 codespace /usr/bin/python3 /usr/bin/s        0    12080    12305    14508 
103649 codespace ./cli mmap images/4096x4096        0   196708   236065   394572 
103645 codespace ./cli mmap images/4096x4096        0   196708   236067   394596 
103647 codespace ./cli mmap images/4096x4096        0   196708   236068   394612 
103643 codespace ./cli mmap images/4096x4096        0   196708   236070   394676 
103641 codespace ./cli mmap images/4096x4096        0   196712   236072   394616 
%CPU %MEM ARGS Sun Oct  4 21:05:36 UTC 2026
 0.0  0.0 grep --color=auto ./cli       1  2200
19.2  4.8 ./cli mmap images/4096x4096   0 394596
19.3  4.8 ./cli mmap images/4096x4096   0 394612
19.5  4.8 ./cli mmap images/4096x4096   0 394572
19.6  4.8 ./cli mmap images/4096x4096   0 394676
19.7  4.8 ./cli mmap images/4096x4096   1 394616
  PID User     Command                         Swap      USS      PSS      RSS 
107322 codespace /usr/bin/python3 /usr/bin/s        0    12100    12335    14556 
103649 codespace ./cli mmap images/4096x4096        0   196708   236064   394572 
103645 codespace ./cli mmap images/4096x4096        0   196708   236067   394596 
103647 codespace ./cli mmap images/4096x4096        0   196708   236068   394612 
103643 codespace ./cli mmap images/4096x4096        0   196708   236070   394676 
103641 codespace ./cli mmap images/4096x4096        0   196712   236072   394616 
%CPU %MEM ARGS Sun Oct  4 21:05:37 UTC 2026
 0.0  0.0 grep --color=auto ./cli       1  2176
19.2  4.8 ./cli mmap images/4096x4096   0 394596
19.3  4.8 ./cli mmap images/4096x4096   1 394612
19.5  4.8 ./cli mmap images/4096x4096   1 394572
19.6  4.8 ./cli mmap images/4096x4096   1 394676
19.7  4.8 ./cli mmap images/4096x4096   1 394616
  PID User     Command                         Swap      USS      PSS      RSS 
107328 codespace /usr/bin/python3 /usr/bin/s        0    12128    12350    14620 
103649 codespace ./cli mmap images/4096x4096        0   196708   236065   394572 
103643 codespace ./cli mmap images/4096x4096        0   196708   236067   394676 
103645 codespace ./cli mmap images/4096x4096        0   196708   236067   394596 
103647 codespace ./cli mmap images/4096x4096        0   196708   236068   394612 
103641 codespace ./cli mmap images/4096x4096        0   196712   236069   394616 
%CPU %MEM ARGS Sun Oct  4 21:05:38 UTC 2026
 0.0  0.0 grep --color=auto ./cli       0  2180
19.2  4.8 ./cli mmap images/4096x4096   1 394596
19.3  4.8 ./cli mmap images/4096x4096   1 394612
19.5  4.8 ./cli mmap images/4096x4096   1 394572
19.6  4.8 ./cli mmap images/4096x4096   0 394676
19.7  4.8 ./cli mmap images/4096x4096   1 394616
  PID User     Command                         Swap      USS      PSS      RSS 
107340 codespace /usr/bin/python3 /usr/bin/s        0    12072    12282    14556 
103649 codespace ./cli mmap images/4096x4096        0   196708   236063   394572 
103645 codespace ./cli mmap images/4096x4096        0   196708   236067   394596 
103647 codespace ./cli mmap images/4096x4096        0   196708   236067   394612 
103643 codespace ./cli mmap images/4096x4096        0   196708   236070   394676 
103641 codespace ./cli mmap images/4096x4096        0   196712   236072   394616 
%CPU %MEM ARGS Sun Oct  4 21:05:39 UTC 2026
 0.0  0.0 grep --color=auto ./cli       1  2252
19.2  4.8 ./cli mmap images/4096x4096   1 394596
19.3  4.8 ./cli mmap images/4096x4096   1 394612
19.5  4.8 ./cli mmap images/4096x4096   1 394572
19.5  4.8 ./cli mmap images/4096x4096   1 394676
19.7  4.8 ./cli mmap images/4096x4096   1 394616
  PID User     Command                         Swap      USS      PSS      RSS 
107352 codespace /usr/bin/python3 /usr/bin/s        0    12104    12332    14544 
103649 codespace ./cli mmap images/4096x4096        0   196708   236065   394572 
103645 codespace ./cli mmap images/4096x4096        0   196708   236067   394596 
103647 codespace ./cli mmap images/4096x4096        0   196708   236067   394612 
103643 codespace ./cli mmap images/4096x4096        0   196708   236070   394676 
103641 codespace ./cli mmap images/4096x4096        0   196712   236072   394616 
%CPU %MEM ARGS Sun Oct  4 21:05:39 UTC 2026
 0.0  0.0 grep --color=auto ./cli       1  2168
19.2  4.8 ./cli mmap images/4096x4096   1 394596
19.3  4.8 ./cli mmap images/4096x4096   1 394612
19.5  4.8 ./cli mmap images/4096x4096   1 394572
19.5  4.8 ./cli mmap images/4096x4096   1 394676
19.7  4.8 ./cli mmap images/4096x4096   1 394616
  PID User     Command                         Swap      USS      PSS      RSS 
107357 codespace /usr/bin/python3 /usr/bin/s        0    12100    12334    14572 
103649 codespace ./cli mmap images/4096x4096        0   196708   236065   394572 
103645 codespace ./cli mmap images/4096x4096        0   196708   236067   394596 
103647 codespace ./cli mmap images/4096x4096        0   196708   236067   394612 
103643 codespace ./cli mmap images/4096x4096        0   196708   236070   394676 
103641 codespace ./cli mmap images/4096x4096        0   196712   236071   394616 
%CPU %MEM ARGS Sun Oct  4 21:05:41 UTC 2026
 0.0  0.0 grep --color=auto ./cli       0  2128
19.2  4.8 ./cli mmap images/4096x4096   0 394596
19.3  4.8 ./cli mmap images/4096x4096   0 394612
19.5  4.8 ./cli mmap images/4096x4096   0 394676
19.6  4.8 ./cli mmap images/4096x4096   1 394572
19.7  4.8 ./cli mmap images/4096x4096   0 394616
  PID User     Command                         Swap      USS      PSS      RSS 
107363 codespace /usr/bin/python3 /usr/bin/s        0    12092    12328    14556 
103649 codespace ./cli mmap images/4096x4096        0   196708   236065   394572 
103645 codespace ./cli mmap images/4096x4096        0   196708   236067   394596 
103647 codespace ./cli mmap images/4096x4096        0   196708   236067   394612 
103643 codespace ./cli mmap images/4096x4096        0   196708   236070   394676 
103641 codespace ./cli mmap images/4096x4096        0   196712   236071   394616 
%CPU %MEM ARGS Sun Oct  4 21:05:41 UTC 2026
 0.0  0.0 grep --color=auto ./cli       0  2304
19.2  4.8 ./cli mmap images/4096x4096   0 394596
19.3  4.8 ./cli mmap images/4096x4096   0 394612
19.5  4.8 ./cli mmap images/4096x4096   0 394676
19.6  4.8 ./cli mmap images/4096x4096   1 394572
19.7  4.8 ./cli mmap images/4096x4096   0 394616
  PID User     Command                         Swap      USS      PSS      RSS 
107369 codespace /usr/bin/python3 /usr/bin/s        0    12084    12310    14604 
103649 codespace ./cli mmap images/4096x4096        0   196708   236063   394572 
103645 codespace ./cli mmap images/4096x4096        0   196708   236067   394596 
103647 codespace ./cli mmap images/4096x4096        0   196708   236068   394612 
103641 codespace ./cli mmap images/4096x4096        0   196712   236070   394616 
103643 codespace ./cli mmap images/4096x4096        0   196708   236070   394676 
%CPU %MEM ARGS Sun Oct  4 21:05:43 UTC 2026
 0.0  0.0 grep --color=auto ./cli       0  2308
19.2  4.8 ./cli mmap images/4096x4096   0 394596
19.3  4.8 ./cli mmap images/4096x4096   0 394612
19.5  4.8 ./cli mmap images/4096x4096   0 394676
19.6  4.8 ./cli mmap images/4096x4096   0 394572
19.7  4.8 ./cli mmap images/4096x4096   0 394616
  PID User     Command                         Swap      USS      PSS      RSS 
107393 codespace /usr/bin/python3 /usr/bin/s        0    12084    12324    14552 
103649 codespace ./cli mmap images/4096x4096        0   196708   236065   394572 
103645 codespace ./cli mmap images/4096x4096        0   196708   236067   394596 
103647 codespace ./cli mmap images/4096x4096        0   196708   236067   394612 
103643 codespace ./cli mmap images/4096x4096        0   196708   236070   394676 
103641 codespace ./cli mmap images/4096x4096        0   196712   236072   394616 
%CPU %MEM ARGS Sun Oct  4 21:05:44 UTC 2026
 0.0  0.0 grep --color=auto ./cli       0  2168
19.2  4.8 ./cli mmap images/4096x4096   0 394596
19.3  4.8 ./cli mmap images/4096x4096   0 394612
19.5  4.8 ./cli mmap images/4096x4096   1 394676
19.6  4.8 ./cli mmap images/4096x4096   0 394572
19.6  4.8 ./cli mmap images/4096x4096   0 394616
  PID User     Command                         Swap      USS      PSS      RSS 
107399 codespace /usr/bin/python3 /usr/bin/s        0    12088    12298    14508 
103649 codespace ./cli mmap images/4096x4096        0   196708   236063   394572 
103645 codespace ./cli mmap images/4096x4096        0   196708   236067   394596 
103647 codespace ./cli mmap images/4096x4096        0   196708   236067   394612 
103643 codespace ./cli mmap images/4096x4096        0   196708   236070   394676 
103641 codespace ./cli mmap images/4096x4096        0   196712   236071   394616 
%CPU %MEM ARGS Sun Oct  4 21:05:45 UTC 2026
 0.0  0.0 grep --color=auto ./cli       1  2172
19.1  4.8 ./cli mmap images/4096x4096   0 394596
19.3  4.8 ./cli mmap images/4096x4096   1 394612
19.5  4.8 ./cli mmap images/4096x4096   1 394676
19.6  4.8 ./cli mmap images/4096x4096   1 394572
19.6  4.8 ./cli mmap images/4096x4096   1 394616
  PID User     Command                         Swap      USS      PSS      RSS 
107417 codespace /usr/bin/python3 /usr/bin/s        0    12088    12324    14500 
103649 codespace ./cli mmap images/4096x4096        0   196708   236065   394572 
103645 codespace ./cli mmap images/4096x4096        0   196708   236067   394596 
103647 codespace ./cli mmap images/4096x4096        0   196708   236067   394612 
103643 codespace ./cli mmap images/4096x4096        0   196708   236070   394676 
103641 codespace ./cli mmap images/4096x4096        0   196712   236071   394616 
%CPU %MEM ARGS Sun Oct  4 21:05:46 UTC 2026
 0.0  0.0 grep --color=auto ./cli       1  2252
19.1  4.8 ./cli mmap images/4096x4096   1 394596
19.3  4.8 ./cli mmap images/4096x4096   1 394612
19.5  4.8 ./cli mmap images/4096x4096   1 394676
19.6  4.8 ./cli mmap images/4096x4096   1 394572
19.7  4.8 ./cli mmap images/4096x4096   0 394616
  PID User     Command                         Swap      USS      PSS      RSS 
107423 codespace /usr/bin/python3 /usr/bin/s        0    12076    12314    14556 
103649 codespace ./cli mmap images/4096x4096        0   196708   236065   394572 
103645 codespace ./cli mmap images/4096x4096        0   196708   236067   394596 
103647 codespace ./cli mmap images/4096x4096        0   196708   236067   394612 
103643 codespace ./cli mmap images/4096x4096        0   196708   236070   394676 
103641 codespace ./cli mmap images/4096x4096        0   196712   236071   394616 
%CPU %MEM ARGS Sun Oct  4 21:05:46 UTC 2026
 0.0  0.0 grep --color=auto ./cli       0  2156
19.1  4.8 ./cli mmap images/4096x4096   1 394596
19.3  4.8 ./cli mmap images/4096x4096   1 394612
19.5  4.8 ./cli mmap images/4096x4096   1 394676
19.6  4.8 ./cli mmap images/4096x4096   1 394572
19.7  4.8 ./cli mmap images/4096x4096   1 394616
  PID User     Command                         Swap      USS      PSS      RSS 
107429 codespace /usr/bin/python3 /usr/bin/s        0    12096    12333    14512 
103649 codespace ./cli mmap images/4096x4096        0   196708   236064   394572 
103645 codespace ./cli mmap images/4096x4096        0   196708   236067   394596 
103647 codespace ./cli mmap images/4096x4096        0   196708   236067   394612 
103643 codespace ./cli mmap images/4096x4096        0   196708   236070   394676 
103641 codespace ./cli mmap images/4096x4096        0   196712   236071   394616 
%CPU %MEM ARGS Sun Oct  4 21:05:47 UTC 2026
 0.0  0.0 grep --color=auto ./cli       0  2304
19.1  4.8 ./cli mmap images/4096x4096   0 394596
19.3  4.8 ./cli mmap images/4096x4096   0 394612
19.5  4.8 ./cli mmap images/4096x4096   0 394676
19.6  4.8 ./cli mmap images/4096x4096   0 394572
19.7  4.8 ./cli mmap images/4096x4096   1 394616
  PID User     Command                         Swap      USS      PSS      RSS 
107435 codespace /usr/bin/python3 /usr/bin/s        0    12072    12309    14556 
103649 codespace ./cli mmap images/4096x4096        0   196708   236064   394572 
103645 codespace ./cli mmap images/4096x4096        0   196708   236067   394596 
103647 codespace ./cli mmap images/4096x4096        0   196708   236067   394612 
103643 codespace ./cli mmap images/4096x4096        0   196708   236070   394676 
103641 codespace ./cli mmap images/4096x4096        0   196712   236071   394616 
%CPU %MEM ARGS Sun Oct  4 21:05:48 UTC 2026
 0.0  0.0 grep --color=auto ./cli       0  2172
19.1  4.8 ./cli mmap images/4096x4096   0 394596
19.3  4.8 ./cli mmap images/4096x4096   0 394612
19.5  4.8 ./cli mmap images/4096x4096   1 394676
19.6  4.8 ./cli mmap images/4096x4096   0 394572
19.7  4.8 ./cli mmap images/4096x4096   0 394616
  PID User     Command                         Swap      USS      PSS      RSS 
107441 codespace /usr/bin/python3 /usr/bin/s        0    12092    12326    14508 
103649 codespace ./cli mmap images/4096x4096        0   196708   236064   394572 
103645 codespace ./cli mmap images/4096x4096        0   196708   236067   394596 
103647 codespace ./cli mmap images/4096x4096        0   196708   236067   394612 
103643 codespace ./cli mmap images/4096x4096        0   196708   236070   394676 
103641 codespace ./cli mmap images/4096x4096        0   196712   236071   394616 
%CPU %MEM ARGS Sun Oct  4 21:05:49 UTC 2026
 0.0  0.0 grep --color=auto ./cli       1  2308
19.1  4.8 ./cli mmap images/4096x4096   1 394596
19.3  4.8 ./cli mmap images/4096x4096   0 394612
19.6  4.8 ./cli mmap images/4096x4096   1 394676
19.6  4.8 ./cli mmap images/4096x4096   0 394572
19.7  4.8 ./cli mmap images/4096x4096   1 394616
  PID User     Command                         Swap      USS      PSS      RSS 
107447 codespace /usr/bin/python3 /usr/bin/s        0    12084    12295    14572 
103649 codespace ./cli mmap images/4096x4096        0   196708   236063   394572 
103645 codespace ./cli mmap images/4096x4096        0   196708   236067   394596 
103647 codespace ./cli mmap images/4096x4096        0   196708   236067   394612 
103643 codespace ./cli mmap images/4096x4096        0   196708   236070   394676 
103641 codespace ./cli mmap images/4096x4096        0   196712   236071   394616 
%CPU %MEM ARGS Sun Oct  4 21:05:50 UTC 2026
 0.0  0.0 grep --color=auto ./cli       0  2008
19.1  4.8 ./cli mmap images/4096x4096   1 394596
19.3  4.8 ./cli mmap images/4096x4096   0 394612
19.6  4.8 ./cli mmap images/4096x4096   0 394676
19.6  4.8 ./cli mmap images/4096x4096   0 394572
19.7  4.8 ./cli mmap images/4096x4096   0 394616
  PID User     Command                         Swap      USS      PSS      RSS 
107459 codespace /usr/bin/python3 /usr/bin/s        0    12088    12323    14504 
103649 codespace ./cli mmap images/4096x4096        0   196708   236064   394572 
103645 codespace ./cli mmap images/4096x4096        0   196708   236067   394596 
103647 codespace ./cli mmap images/4096x4096        0   196708   236067   394612 
103643 codespace ./cli mmap images/4096x4096        0   196708   236070   394676 
103641 codespace ./cli mmap images/4096x4096        0   196712   236071   394616 
%CPU %MEM ARGS Sun Oct  4 21:05:51 UTC 2026
 0.0  0.0 grep --color=auto ./cli       1  2156
19.1  4.8 ./cli mmap images/4096x4096   1 394596
19.3  4.8 ./cli mmap images/4096x4096   1 394612
19.6  4.8 ./cli mmap images/4096x4096   1 394676
19.6  4.8 ./cli mmap images/4096x4096   0 394572
19.7  4.8 ./cli mmap images/4096x4096   1 394616
  PID User     Command                         Swap      USS      PSS      RSS 
107468 codespace /usr/bin/python3 /usr/bin/s        0    12148    12391    14648 
103649 codespace ./cli mmap images/4096x4096        0   196708   236065   394572 
103645 codespace ./cli mmap images/4096x4096        0   196708   236067   394596 
103647 codespace ./cli mmap images/4096x4096        0   196708   236067   394612 
103643 codespace ./cli mmap images/4096x4096        0   196708   236070   394676 
103641 codespace ./cli mmap images/4096x4096        0   196712   236072   394616 
%CPU %MEM ARGS Sun Oct  4 21:05:52 UTC 2026
 0.0  0.0 grep --color=auto ./cli       0  2128
19.1  4.8 ./cli mmap images/4096x4096   1 394596
19.3  4.8 ./cli mmap images/4096x4096   1 394612
19.6  4.8 ./cli mmap images/4096x4096   1 394676
19.6  4.8 ./cli mmap images/4096x4096   0 394572
19.7  4.8 ./cli mmap images/4096x4096   1 394616
  PID User     Command                         Swap      USS      PSS      RSS 
107477 codespace /usr/bin/python3 /usr/bin/s        0    12088    12296    14572 
103649 codespace ./cli mmap images/4096x4096        0   196708   236063   394572 
103645 codespace ./cli mmap images/4096x4096        0   196708   236067   394596 
103647 codespace ./cli mmap images/4096x4096        0   196708   236067   394612 
103641 codespace ./cli mmap images/4096x4096        0   196712   236069   394616 
103643 codespace ./cli mmap images/4096x4096        0   196708   236070   394676 
%CPU %MEM ARGS Sun Oct  4 21:05:53 UTC 2026
 0.0  0.0 grep --color=auto ./cli       1  2172
19.1  4.8 ./cli mmap images/4096x4096   0 394596
19.3  4.8 ./cli mmap images/4096x4096   0 394612
19.6  4.8 ./cli mmap images/4096x4096   0 394676
19.6  4.8 ./cli mmap images/4096x4096   0 394572
19.7  4.8 ./cli mmap images/4096x4096   0 394616
  PID User     Command                         Swap      USS      PSS      RSS 
107500 codespace /usr/bin/python3 /usr/bin/s        0    12096    12333    14512 
103649 codespace ./cli mmap images/4096x4096        0   196708   236065   394572 
103645 codespace ./cli mmap images/4096x4096        0   196708   236067   394596 
103647 codespace ./cli mmap images/4096x4096        0   196708   236067   394612 
103643 codespace ./cli mmap images/4096x4096        0   196708   236070   394676 
103641 codespace ./cli mmap images/4096x4096        0   196712   236071   394616 
%CPU %MEM ARGS Sun Oct  4 21:05:54 UTC 2026
 0.0  0.0 grep --color=auto ./cli       1  2204
19.1  4.8 ./cli mmap images/4096x4096   0 394596
19.3  4.8 ./cli mmap images/4096x4096   1 394612
19.6  4.8 ./cli mmap images/4096x4096   0 394676
19.6  4.8 ./cli mmap images/4096x4096   0 394572
19.6  4.8 ./cli mmap images/4096x4096   0 394616
  PID User     Command                         Swap      USS      PSS      RSS 
107505 codespace /usr/bin/python3 /usr/bin/s        0    12092    12331    14508 
103649 codespace ./cli mmap images/4096x4096        0   196708   236065   394572 
103645 codespace ./cli mmap images/4096x4096        0   196708   236067   394596 
103647 codespace ./cli mmap images/4096x4096        0   196708   236067   394612 
103643 codespace ./cli mmap images/4096x4096        0   196708   236070   394676 
103641 codespace ./cli mmap images/4096x4096        0   196712   236071   394616 
%CPU %MEM ARGS Sun Oct  4 21:05:55 UTC 2026
 0.0  0.0 grep --color=auto ./cli       0  2296
19.1  4.8 ./cli mmap images/4096x4096   0 394596
19.3  4.8 ./cli mmap images/4096x4096   0 394612
19.6  4.8 ./cli mmap images/4096x4096   1 394676
19.6  4.8 ./cli mmap images/4096x4096   0 394572
19.6  4.8 ./cli mmap images/4096x4096   0 394616
  PID User     Command                         Swap      USS      PSS      RSS 
107511 codespace /usr/bin/python3 /usr/bin/s        0    12104    12334    14552 
103649 codespace ./cli mmap images/4096x4096        0   196708   236065   394572 
103645 codespace ./cli mmap images/4096x4096        0   196708   236067   394596 
103647 codespace ./cli mmap images/4096x4096        0   196708   236068   394612 
103643 codespace ./cli mmap images/4096x4096        0   196708   236070   394676 
103641 codespace ./cli mmap images/4096x4096        0   196712   236072   394616 
%CPU %MEM ARGS Sun Oct  4 21:05:56 UTC 2026
 0.0  0.0 grep --color=auto ./cli       1  2172
19.1  4.8 ./cli mmap images/4096x4096   1 394596
19.3  4.8 ./cli mmap images/4096x4096   1 394612
19.6  4.8 ./cli mmap images/4096x4096   1 394572
19.6  4.8 ./cli mmap images/4096x4096   1 394676
19.6  4.8 ./cli mmap images/4096x4096   0 394616
  PID User     Command                         Swap      USS      PSS      RSS 
107522 codespace /usr/bin/python3 /usr/bin/s        0    12092    12332    14504 
103649 codespace ./cli mmap images/4096x4096        0   196708   236065   394572 
103645 codespace ./cli mmap images/4096x4096        0   196708   236067   394596 
103647 codespace ./cli mmap images/4096x4096        0   196708   236067   394612 
103643 codespace ./cli mmap images/4096x4096        0   196708   236070   394676 
103641 codespace ./cli mmap images/4096x4096        0   196712   236072   394616 
%CPU %MEM ARGS Sun Oct  4 21:05:56 UTC 2026
 0.0  0.0 grep --color=auto ./cli       0  2340
19.1  4.8 ./cli mmap images/4096x4096   1 394596
19.3  4.8 ./cli mmap images/4096x4096   1 394612
19.6  4.8 ./cli mmap images/4096x4096   1 394572
19.6  4.8 ./cli mmap images/4096x4096   1 394676
19.6  4.8 ./cli mmap images/4096x4096   0 394616
  PID User     Command                         Swap      USS      PSS      RSS 
107528 codespace /usr/bin/python3 /usr/bin/s        0    12100    12351    14616 
103649 codespace ./cli mmap images/4096x4096        0   196708   236065   394572 
103645 codespace ./cli mmap images/4096x4096        0   196708   236067   394596 
103647 codespace ./cli mmap images/4096x4096        0   196708   236068   394612 
103643 codespace ./cli mmap images/4096x4096        0   196708   236070   394676 
103641 codespace ./cli mmap images/4096x4096        0   196712   236072   394616 
%CPU %MEM ARGS Sun Oct  4 21:05:57 UTC 2026
 0.0  0.0 grep --color=auto ./cli       0  2180
19.1  4.8 ./cli mmap images/4096x4096   0 394596
19.3  4.8 ./cli mmap images/4096x4096   1 394612
19.6  4.8 ./cli mmap images/4096x4096   1 394572
19.6  4.8 ./cli mmap images/4096x4096   1 394676
19.6  4.8 ./cli mmap images/4096x4096   0 394616
  PID User     Command                         Swap      USS      PSS      RSS 
107534 codespace /usr/bin/python3 /usr/bin/s        0    12108    12323    14568 
103649 codespace ./cli mmap images/4096x4096        0   196708   236063   394572 
103645 codespace ./cli mmap images/4096x4096        0   196708   236067   394596 
103647 codespace ./cli mmap images/4096x4096        0   196708   236067   394612 
103643 codespace ./cli mmap images/4096x4096        0   196708   236070   394676 
103641 codespace ./cli mmap images/4096x4096        0   196712   236072   394616 
%CPU %MEM ARGS Sun Oct  4 21:05:58 UTC 2026
 0.0  0.0 grep --color=auto ./cli       0  2172
19.1  4.8 ./cli mmap images/4096x4096   0 394596
19.3  4.8 ./cli mmap images/4096x4096   0 394612
19.6  4.8 ./cli mmap images/4096x4096   0 394572
19.6  4.8 ./cli mmap images/4096x4096   1 394676
19.6  4.8 ./cli mmap images/4096x4096   0 394616
  PID User     Command                         Swap      USS      PSS      RSS 
107546 codespace /usr/bin/python3 /usr/bin/s        0    12100    12340    14596 
103649 codespace ./cli mmap images/4096x4096        0   196708   236065   394572 
103645 codespace ./cli mmap images/4096x4096        0   196708   236067   394596 
103647 codespace ./cli mmap images/4096x4096        0   196708   236067   394612 
103643 codespace ./cli mmap images/4096x4096        0   196708   236070   394676 
103641 codespace ./cli mmap images/4096x4096        0   196712   236072   394616 
%CPU %MEM ARGS Sun Oct  4 21:05:59 UTC 2026
 0.0  0.0 grep --color=auto ./cli       0  2168
19.1  4.8 ./cli mmap images/4096x4096   0 394596
19.3  4.8 ./cli mmap images/4096x4096   0 394612
19.6  4.8 ./cli mmap images/4096x4096   0 394572
19.6  4.8 ./cli mmap images/4096x4096   0 394616
19.6  4.8 ./cli mmap images/4096x4096   1 394676
  PID User     Command                         Swap      USS      PSS      RSS 
107552 codespace /usr/bin/python3 /usr/bin/s        0    12088    12323    14540 
103649 codespace ./cli mmap images/4096x4096        0   196708   236065   394572 
103645 codespace ./cli mmap images/4096x4096        0   196708   236067   394596 
103647 codespace ./cli mmap images/4096x4096        0   196708   236067   394612 
103643 codespace ./cli mmap images/4096x4096        0   196708   236070   394676 
103641 codespace ./cli mmap images/4096x4096        0   196712   236072   394616 
%CPU %MEM ARGS Sun Oct  4 21:06:00 UTC 2026
 0.0  0.0 grep --color=auto ./cli       1  2176
19.1  4.8 ./cli mmap images/4096x4096   0 394596
19.3  4.8 ./cli mmap images/4096x4096   1 394612
19.6  4.8 ./cli mmap images/4096x4096   1 394572
19.6  4.8 ./cli mmap images/4096x4096   1 394616
19.6  4.8 ./cli mmap images/4096x4096   1 394676
  PID User     Command                         Swap      USS      PSS      RSS 
107558 codespace /usr/bin/python3 /usr/bin/s        0    12096    12343    14604 
103649 codespace ./cli mmap images/4096x4096        0   196708   236065   394572 
103645 codespace ./cli mmap images/4096x4096        0   196708   236067   394596 
103647 codespace ./cli mmap images/4096x4096        0   196708   236067   394612 
103643 codespace ./cli mmap images/4096x4096        0   196708   236070   394676 
103641 codespace ./cli mmap images/4096x4096        0   196712   236072   394616 
%CPU %MEM ARGS Sun Oct  4 21:06:01 UTC 2026
 0.0  0.0 grep --color=auto ./cli       0  2292
19.1  4.8 ./cli mmap images/4096x4096   0 394596
19.3  4.8 ./cli mmap images/4096x4096   0 394612
19.5  4.8 ./cli mmap images/4096x4096   0 394572
19.6  4.8 ./cli mmap images/4096x4096   1 394616
19.6  4.8 ./cli mmap images/4096x4096   0 394676
  PID User     Command                         Swap      USS      PSS      RSS 
107564 codespace /usr/bin/python3 /usr/bin/s        0    12092    12332    14540 
103649 codespace ./cli mmap images/4096x4096        0   196708   236065   394572 
103645 codespace ./cli mmap images/4096x4096        0   196708   236067   394596 
103647 codespace ./cli mmap images/4096x4096        0   196708   236068   394612 
103643 codespace ./cli mmap images/4096x4096        0   196708   236070   394676 
103641 codespace ./cli mmap images/4096x4096        0   196712   236072   394616 
%CPU %MEM ARGS Sun Oct  4 21:06:02 UTC 2026
 0.0  0.0 grep --color=auto ./cli       1  2200
19.1  4.8 ./cli mmap images/4096x4096   1 394596
19.3  4.8 ./cli mmap images/4096x4096   0 394612
19.5  4.8 ./cli mmap images/4096x4096   1 394572
19.6  4.8 ./cli mmap images/4096x4096   0 394616
19.6  4.8 ./cli mmap images/4096x4096   1 394676
  PID User     Command                         Swap      USS      PSS      RSS 
107576 codespace /usr/bin/python3 /usr/bin/s        0    12084    12323    14552 
103649 codespace ./cli mmap images/4096x4096        0   196708   236065   394572 
103647 codespace ./cli mmap images/4096x4096        0   196708   236066   394612 
103645 codespace ./cli mmap images/4096x4096        0   196708   236067   394596 
103643 codespace ./cli mmap images/4096x4096        0   196708   236070   394676 
103641 codespace ./cli mmap images/4096x4096        0   196712   236072   394616 
%CPU %MEM ARGS Sun Oct  4 21:06:03 UTC 2026
 0.0  0.0 grep --color=auto ./cli       0  2300
19.1  4.8 ./cli mmap images/4096x4096   0 394596
19.3  4.8 ./cli mmap images/4096x4096   0 394612
19.5  4.8 ./cli mmap images/4096x4096   0 394572
19.6  4.8 ./cli mmap images/4096x4096   0 394616
19.6  4.8 ./cli mmap images/4096x4096   1 394676
  PID User     Command                         Swap      USS      PSS      RSS 
107598 codespace /usr/bin/python3 /usr/bin/s        0    12088    12329    14572 
103649 codespace ./cli mmap images/4096x4096        0   196708   236065   394572 
103645 codespace ./cli mmap images/4096x4096        0   196708   236067   394596 
103647 codespace ./cli mmap images/4096x4096        0   196708   236067   394612 
103643 codespace ./cli mmap images/4096x4096        0   196708   236070   394676 
103641 codespace ./cli mmap images/4096x4096        0   196712   236071   394616 
%CPU %MEM ARGS Sun Oct  4 21:06:04 UTC 2026
 0.0  0.0 grep --color=auto ./cli       0  2340
19.1  4.8 ./cli mmap images/4096x4096   0 394596
19.3  4.8 ./cli mmap images/4096x4096   0 394612
19.5  4.8 ./cli mmap images/4096x4096   1 394572
19.6  4.8 ./cli mmap images/4096x4096   0 394616
19.6  4.8 ./cli mmap images/4096x4096   0 394676
  PID User     Command                         Swap      USS      PSS      RSS 
107604 codespace /usr/bin/python3 /usr/bin/s        0    12088    12327    14504 
103649 codespace ./cli mmap images/4096x4096        0   196708   236065   394572 
103645 codespace ./cli mmap images/4096x4096        0   196708   236067   394596 
103647 codespace ./cli mmap images/4096x4096        0   196708   236067   394612 
103643 codespace ./cli mmap images/4096x4096        0   196708   236070   394676 
103641 codespace ./cli mmap images/4096x4096        0   196712   236071   394616 
%CPU %MEM ARGS Sun Oct  4 21:06:05 UTC 2026
 0.0  0.0 grep --color=auto ./cli       0  2160
19.1  4.8 ./cli mmap images/4096x4096   0 394596
19.3  4.8 ./cli mmap images/4096x4096   0 394612
19.5  4.8 ./cli mmap images/4096x4096   0 394572
19.6  4.8 ./cli mmap images/4096x4096   0 394616
19.6  4.8 ./cli mmap images/4096x4096   0 394676
  PID User     Command                         Swap      USS      PSS      RSS 
107610 codespace /usr/bin/python3 /usr/bin/s        0    12100    12333    14512 
103649 codespace ./cli mmap images/4096x4096        0   196708   236064   394572 
103645 codespace ./cli mmap images/4096x4096        0   196708   236067   394596 
103647 codespace ./cli mmap images/4096x4096        0   196708   236067   394612 
103643 codespace ./cli mmap images/4096x4096        0   196708   236070   394676 
103641 codespace ./cli mmap images/4096x4096        0   196712   236072   394616 
%CPU %MEM ARGS Sun Oct  4 21:06:06 UTC 2026
 0.0  0.0 grep --color=auto ./cli       0  2180
19.1  4.8 ./cli mmap images/4096x4096   1 394596
19.3  4.8 ./cli mmap images/4096x4096   0 394612
19.5  4.8 ./cli mmap images/4096x4096   1 394572
19.6  4.8 ./cli mmap images/4096x4096   0 394616
19.6  4.8 ./cli mmap images/4096x4096   1 394676
  PID User     Command                         Swap      USS      PSS      RSS 
107622 codespace /usr/bin/python3 /usr/bin/s        0    12092    12313    14468 
103649 codespace ./cli mmap images/4096x4096        0   196708   236064   394572 
103645 codespace ./cli mmap images/4096x4096        0   196708   236067   394596 
103647 codespace ./cli mmap images/4096x4096        0   196708   236067   394612 
103643 codespace ./cli mmap images/4096x4096        0   196708   236070   394676 
103641 codespace ./cli mmap images/4096x4096        0   196712   236072   394616 
%CPU %MEM ARGS Sun Oct  4 21:06:07 UTC 2026
 0.0  0.0 grep --color=auto ./cli       0  2192
19.1  4.8 ./cli mmap images/4096x4096   0 394596
19.3  4.8 ./cli mmap images/4096x4096   0 394612
19.5  4.8 ./cli mmap images/4096x4096   0 394572
19.6  4.8 ./cli mmap images/4096x4096   1 394616
19.6  4.8 ./cli mmap images/4096x4096   0 394676
  PID User     Command                         Swap      USS      PSS      RSS 
107628 codespace /usr/bin/python3 /usr/bin/s        0    12092    12328    14508 
103649 codespace ./cli mmap images/4096x4096        0   196708   236064   394572 
103645 codespace ./cli mmap images/4096x4096        0   196708   236067   394596 
103647 codespace ./cli mmap images/4096x4096        0   196708   236067   394612 
103643 codespace ./cli mmap images/4096x4096        0   196708   236070   394676 
103641 codespace ./cli mmap images/4096x4096        0   196712   236071   394616 
%CPU %MEM ARGS Sun Oct  4 21:06:08 UTC 2026
 0.0  0.0 grep --color=auto ./cli       1  2304
19.1  4.8 ./cli mmap images/4096x4096   0 394596
19.3  4.8 ./cli mmap images/4096x4096   0 394612
19.5  4.8 ./cli mmap images/4096x4096   0 394572
19.6  4.8 ./cli mmap images/4096x4096   1 394616
19.6  4.8 ./cli mmap images/4096x4096   0 394676
  PID User     Command                         Swap      USS      PSS      RSS 
107640 codespace /usr/bin/python3 /usr/bin/s        0    12116    12345    14528 
103649 codespace ./cli mmap images/4096x4096        0   196708   236064   394572 
103645 codespace ./cli mmap images/4096x4096        0   196708   236067   394596 
103647 codespace ./cli mmap images/4096x4096        0   196708   236068   394612 
103643 codespace ./cli mmap images/4096x4096        0   196708   236070   394676 
103641 codespace ./cli mmap images/4096x4096        0   196712   236072   394616 
%CPU %MEM ARGS Sun Oct  4 21:06:09 UTC 2026
 0.0  0.0 grep --color=auto ./cli       0  2172
19.1  4.8 ./cli mmap images/4096x4096   0 394596
19.3  4.8 ./cli mmap images/4096x4096   0 394612
19.5  4.8 ./cli mmap images/4096x4096   0 394572
19.6  4.8 ./cli mmap images/4096x4096   0 394676
19.6  4.8 ./cli mmap images/4096x4096   1 394616
  PID User     Command                         Swap      USS      PSS      RSS 
107645 codespace /usr/bin/python3 /usr/bin/s        0    12092    12334    14576 
103649 codespace ./cli mmap images/4096x4096        0   196708   236065   394572 
103645 codespace ./cli mmap images/4096x4096        0   196708   236067   394596 
103647 codespace ./cli mmap images/4096x4096        0   196708   236067   394612 
103643 codespace ./cli mmap images/4096x4096        0   196708   236070   394676 
103641 codespace ./cli mmap images/4096x4096        0   196712   236071   394616 
%CPU %MEM ARGS Sun Oct  4 21:06:10 UTC 2026
 0.0  0.0 grep --color=auto ./cli       0  2168
19.1  4.8 ./cli mmap images/4096x4096   0 394596
19.3  4.8 ./cli mmap images/4096x4096   0 394612
19.5  4.8 ./cli mmap images/4096x4096   0 394572
19.6  4.8 ./cli mmap images/4096x4096   0 394676
19.6  4.8 ./cli mmap images/4096x4096   0 394616
  PID User     Command                         Swap      USS      PSS      RSS 
107652 codespace /usr/bin/python3 /usr/bin/s        0    12096    12330    14544 
103649 codespace ./cli mmap images/4096x4096        0   196708   236064   394572 
103645 codespace ./cli mmap images/4096x4096        0   196708   236067   394596 
103647 codespace ./cli mmap images/4096x4096        0   196708   236068   394612 
103643 codespace ./cli mmap images/4096x4096        0   196708   236070   394676 
103641 codespace ./cli mmap images/4096x4096        0   196712   236072   394616 
%CPU %MEM ARGS Sun Oct  4 21:06:11 UTC 2026
 0.0  0.0 grep --color=auto ./cli       0  2300
19.1  4.8 ./cli mmap images/4096x4096   0 394596
19.3  4.8 ./cli mmap images/4096x4096   0 394612
19.5  4.8 ./cli mmap images/4096x4096   0 394572
19.6  4.8 ./cli mmap images/4096x4096   0 394676
19.6  4.8 ./cli mmap images/4096x4096   1 394616
  PID User     Command                         Swap      USS      PSS      RSS 
107657 codespace /usr/bin/python3 /usr/bin/s        0    12096    12332    14548 
103649 codespace ./cli mmap images/4096x4096        0   196708   236065   394572 
103645 codespace ./cli mmap images/4096x4096        0   196708   236067   394596 
103647 codespace ./cli mmap images/4096x4096        0   196708   236067   394612 
103643 codespace ./cli mmap images/4096x4096        0   196708   236070   394676 
103641 codespace ./cli mmap images/4096x4096        0   196712   236072   394616 
%CPU %MEM ARGS Sun Oct  4 21:06:12 UTC 2026
 0.0  0.0 grep --color=auto ./cli       0  2172
19.1  4.8 ./cli mmap images/4096x4096   1 394596
19.2  4.8 ./cli mmap images/4096x4096   0 394612
19.5  4.8 ./cli mmap images/4096x4096   0 394572
19.6  4.8 ./cli mmap images/4096x4096   0 394676
19.6  4.8 ./cli mmap images/4096x4096   0 394616
  PID User     Command                         Swap      USS      PSS      RSS 
107663 codespace /usr/bin/python3 /usr/bin/s        0    12092    12330    14508 
103649 codespace ./cli mmap images/4096x4096        0   196708   236064   394572 
103643 codespace ./cli mmap images/4096x4096        0   196708   236067   394676 
103645 codespace ./cli mmap images/4096x4096        0   196708   236067   394596 
103647 codespace ./cli mmap images/4096x4096        0   196708   236067   394612 
103641 codespace ./cli mmap images/4096x4096        0   196712   236070   394616 
%CPU %MEM ARGS Sun Oct  4 21:06:13 UTC 2026
 0.0  0.0 grep --color=auto ./cli       0  2300
19.1  4.8 ./cli mmap images/4096x4096   0 394596
19.2  4.8 ./cli mmap images/4096x4096   0 394612
19.5  4.8 ./cli mmap images/4096x4096   1 394572
19.6  4.8 ./cli mmap images/4096x4096   0 394676
19.6  4.8 ./cli mmap images/4096x4096   0 394616
  PID User     Command                         Swap      USS      PSS      RSS 
107677 codespace /usr/bin/python3 /usr/bin/s        0    12100    12312    14540 
103649 codespace ./cli mmap images/4096x4096        0   196708   236062   394572 
103645 codespace ./cli mmap images/4096x4096        0   196708   236064   394596 
103647 codespace ./cli mmap images/4096x4096        0   196708   236065   394612 
103643 codespace ./cli mmap images/4096x4096        0   196708   236067   394676 
103641 codespace ./cli mmap images/4096x4096        0   196712   236070   394616 
%CPU %MEM ARGS Sun Oct  4 21:06:14 UTC 2026
 0.0  0.0 grep --color=auto ./cli       1  2136
19.1  4.8 ./cli mmap images/4096x4096   1 394596
19.2  4.8 ./cli mmap images/4096x4096   1 394612
19.5  4.8 ./cli mmap images/4096x4096   1 394572
19.5  4.8 ./cli mmap images/4096x4096   1 394676
19.6  4.8 ./cli mmap images/4096x4096   1 394616
  PID User     Command                         Swap      USS      PSS      RSS 
107736 codespace /usr/bin/python3 /usr/bin/s        0    12112    12306    14556 
103649 codespace ./cli mmap images/4096x4096        0   196708   236060   394572 
103645 codespace ./cli mmap images/4096x4096        0   196708   236063   394596 
103647 codespace ./cli mmap images/4096x4096        0   196708   236064   394612 
103641 codespace ./cli mmap images/4096x4096        0   196712   236066   394616 
103643 codespace ./cli mmap images/4096x4096        0   196708   236066   394676 
%CPU %MEM ARGS Sun Oct  4 21:06:15 UTC 2026
 0.0  0.0 grep --color=auto ./cli       1  2168
19.1  4.8 ./cli mmap images/4096x4096   0 394596
19.2  4.8 ./cli mmap images/4096x4096   0 394612
19.5  4.8 ./cli mmap images/4096x4096   1 394572
19.5  4.8 ./cli mmap images/4096x4096   1 394676
19.6  4.8 ./cli mmap images/4096x4096   0 394616
  PID User     Command                         Swap      USS      PSS      RSS 
107825 codespace /usr/bin/python3 /usr/bin/s        0    12100    12290    14548 
103649 codespace ./cli mmap images/4096x4096        0   196708   236061   394572 
103645 codespace ./cli mmap images/4096x4096        0   196708   236063   394596 
103647 codespace ./cli mmap images/4096x4096        0   196708   236064   394612 
103643 codespace ./cli mmap images/4096x4096        0   196708   236066   394676 
103641 codespace ./cli mmap images/4096x4096        0   196712   236067   394616 
%CPU %MEM ARGS Sun Oct  4 21:06:16 UTC 2026
 0.0  0.0 grep --color=auto ./cli       0  2172
19.1  4.8 ./cli mmap images/4096x4096   1 394596
19.2  4.8 ./cli mmap images/4096x4096   1 394612
19.5  4.8 ./cli mmap images/4096x4096   0 394572
19.5  4.8 ./cli mmap images/4096x4096   1 394676
19.6  4.8 ./cli mmap images/4096x4096   1 394616
  PID User     Command                         Swap      USS      PSS      RSS 
107939 codespace /usr/bin/python3 /usr/bin/s        0    12088    12286    14456 
103649 codespace ./cli mmap images/4096x4096        0   196708   236062   394572 
103645 codespace ./cli mmap images/4096x4096        0   196708   236064   394596 
103647 codespace ./cli mmap images/4096x4096        0   196708   236065   394612 
103643 codespace ./cli mmap images/4096x4096        0   196708   236067   394676 
103641 codespace ./cli mmap images/4096x4096        0   196712   236069   394616 
%CPU %MEM ARGS Sun Oct  4 21:06:17 UTC 2026
 0.0  0.0 grep --color=auto ./cli       1  2264
19.1  4.8 ./cli mmap images/4096x4096   0 394596
19.2  4.8 ./cli mmap images/4096x4096   0 394612
19.5  4.8 ./cli mmap images/4096x4096   0 394572
19.5  4.8 ./cli mmap images/4096x4096   1 394676
19.6  4.8 ./cli mmap images/4096x4096   0 394616
  PID User     Command                         Swap      USS      PSS      RSS 
107964 codespace /usr/bin/python3 /usr/bin/s        0    12088    12308    14572 
103649 codespace ./cli mmap images/4096x4096        0   196708   236063   394572 
103645 codespace ./cli mmap images/4096x4096        0   196708   236065   394596 
103647 codespace ./cli mmap images/4096x4096        0   196708   236065   394612 
103643 codespace ./cli mmap images/4096x4096        0   196708   236068   394676 
103641 codespace ./cli mmap images/4096x4096        0   196712   236070   394616 
%CPU %MEM ARGS Sun Oct  4 21:06:18 UTC 2026
 0.0  0.0 grep --color=auto ./cli       0  2160
19.1  4.8 ./cli mmap images/4096x4096   1 394596
19.2  4.8 ./cli mmap images/4096x4096   1 394612
19.5  4.8 ./cli mmap images/4096x4096   0 394572
19.5  4.8 ./cli mmap images/4096x4096   1 394676
19.6  4.8 ./cli mmap images/4096x4096   1 394616
  PID User     Command                         Swap      USS      PSS      RSS 
107998 codespace /usr/bin/python3 /usr/bin/s        0    12092    12300    14504 
103649 codespace ./cli mmap images/4096x4096        0   196708   236063   394572 
103645 codespace ./cli mmap images/4096x4096        0   196708   236065   394596 
103647 codespace ./cli mmap images/4096x4096        0   196708   236066   394612 
103643 codespace ./cli mmap images/4096x4096        0   196708   236068   394676 
103641 codespace ./cli mmap images/4096x4096        0   196712   236070   394616 
%CPU %MEM ARGS Sun Oct  4 21:06:18 UTC 2026
 0.0  0.0 grep --color=auto ./cli       0  2164
19.1  4.8 ./cli mmap images/4096x4096   0 394596
19.2  4.8 ./cli mmap images/4096x4096   1 394612
19.5  4.8 ./cli mmap images/4096x4096   1 394572
19.5  4.8 ./cli mmap images/4096x4096   0 394676
19.6  4.8 ./cli mmap images/4096x4096   1 394616
  PID User     Command                         Swap      USS      PSS      RSS 
108010 codespace /usr/bin/python3 /usr/bin/s        0    12108    12300    14540 
103649 codespace ./cli mmap images/4096x4096        0   196708   236061   394572 
103645 codespace ./cli mmap images/4096x4096        0   196708   236063   394596 
103647 codespace ./cli mmap images/4096x4096        0   196708   236064   394612 
103643 codespace ./cli mmap images/4096x4096        0   196708   236066   394676 
103641 codespace ./cli mmap images/4096x4096        0   196712   236068   394616 
%CPU %MEM ARGS Sun Oct  4 21:06:19 UTC 2026
 0.0  0.0 grep --color=auto ./cli       1  2180
19.1  4.8 ./cli mmap images/4096x4096   1 394596
19.2  4.8 ./cli mmap images/4096x4096   1 394612
19.5  4.8 ./cli mmap images/4096x4096   1 394572
19.5  4.8 ./cli mmap images/4096x4096   0 394676
19.6  4.8 ./cli mmap images/4096x4096   1 394616
  PID User     Command                         Swap      USS      PSS      RSS 
108028 codespace /usr/bin/python3 /usr/bin/s        0    12116    12332    14580 
103649 codespace ./cli mmap images/4096x4096        0   196708   236063   394572 
103645 codespace ./cli mmap images/4096x4096        0   196708   236065   394596 
103647 codespace ./cli mmap images/4096x4096        0   196708   236066   394612 
103643 codespace ./cli mmap images/4096x4096        0   196708   236068   394676 
103641 codespace ./cli mmap images/4096x4096        0   196712   236070   394616 
%CPU %MEM ARGS Sun Oct  4 21:06:20 UTC 2026
 0.0  0.0 grep --color=auto ./cli       0  2248
19.1  4.8 ./cli mmap images/4096x4096   1 394596
19.2  4.8 ./cli mmap images/4096x4096   1 394612
19.4  4.8 ./cli mmap images/4096x4096   1 394572
19.6  4.8 ./cli mmap images/4096x4096   1 394616
19.6  4.8 ./cli mmap images/4096x4096   0 394676
  PID User     Command                         Swap      USS      PSS      RSS 
108040 codespace /usr/bin/python3 /usr/bin/s        0    12108    12329    14648 
103649 codespace ./cli mmap images/4096x4096        0   196708   236063   394572 
103645 codespace ./cli mmap images/4096x4096        0   196708   236065   394596 
103647 codespace ./cli mmap images/4096x4096        0   196708   236066   394612 
103643 codespace ./cli mmap images/4096x4096        0   196708   236068   394676 
103641 codespace ./cli mmap images/4096x4096        0   196712   236070   394616 
%CPU %MEM ARGS Sun Oct  4 21:06:21 UTC 2026
 0.0  0.0 grep --color=auto ./cli       1  2252
19.1  4.8 ./cli mmap images/4096x4096   1 394596
19.2  4.8 ./cli mmap images/4096x4096   1 394612
19.4  4.8 ./cli mmap images/4096x4096   0 394572
19.6  4.8 ./cli mmap images/4096x4096   1 394616
19.6  4.8 ./cli mmap images/4096x4096   0 394676
  PID User     Command                         Swap      USS      PSS      RSS 
108046 codespace /usr/bin/python3 /usr/bin/s        0    12092    12297    14480 
103649 codespace ./cli mmap images/4096x4096        0   196708   236063   394572 
103645 codespace ./cli mmap images/4096x4096        0   196708   236065   394596 
103647 codespace ./cli mmap images/4096x4096        0   196708   236066   394612 
103643 codespace ./cli mmap images/4096x4096        0   196708   236068   394676 
103641 codespace ./cli mmap images/4096x4096        0   196712   236070   394616 
%CPU %MEM ARGS Sun Oct  4 21:06:22 UTC 2026
 0.0  0.0 grep --color=auto ./cli       1  2168
19.1  4.8 ./cli mmap images/4096x4096   1 394596
19.2  4.8 ./cli mmap images/4096x4096   1 394612
19.5  4.8 ./cli mmap images/4096x4096   0 394572
19.5  4.8 ./cli mmap images/4096x4096   1 394616
19.6  4.8 ./cli mmap images/4096x4096   0 394676
  PID User     Command                         Swap      USS      PSS      RSS 
108052 codespace /usr/bin/python3 /usr/bin/s        0    12108    12319    14540 
103649 codespace ./cli mmap images/4096x4096        0   196708   236063   394572 
103645 codespace ./cli mmap images/4096x4096        0   196708   236065   394596 
103647 codespace ./cli mmap images/4096x4096        0   196708   236066   394612 
103643 codespace ./cli mmap images/4096x4096        0   196708   236068   394676 
103641 codespace ./cli mmap images/4096x4096        0   196712   236070   394616 
%CPU %MEM ARGS Sun Oct  4 21:06:23 UTC 2026
 0.0  0.0 grep --color=auto ./cli       0  2156
19.1  4.8 ./cli mmap images/4096x4096   0 394596
19.2  4.8 ./cli mmap images/4096x4096   1 394612
19.5  4.8 ./cli mmap images/4096x4096   0 394572
19.5  4.8 ./cli mmap images/4096x4096   0 394616
19.6  4.8 ./cli mmap images/4096x4096   0 394676
  PID User     Command                         Swap      USS      PSS      RSS 
108057 codespace /usr/bin/python3 /usr/bin/s        0    12100    12312    14544 
103649 codespace ./cli mmap images/4096x4096        0   196708   236063   394572 
103645 codespace ./cli mmap images/4096x4096        0   196708   236065   394596 
103647 codespace ./cli mmap images/4096x4096        0   196708   236066   394612 
103643 codespace ./cli mmap images/4096x4096        0   196708   236068   394676 
103641 codespace ./cli mmap images/4096x4096        0   196712   236070   394616 
%CPU %MEM ARGS Sun Oct  4 21:06:24 UTC 2026
 0.0  0.0 grep --color=auto ./cli       1  2252
19.0  4.8 ./cli mmap images/4096x4096   1 394596
19.2  4.8 ./cli mmap images/4096x4096   1 394612
19.5  4.8 ./cli mmap images/4096x4096   1 394572
19.5  4.8 ./cli mmap images/4096x4096   1 394616
19.6  4.8 ./cli mmap images/4096x4096   0 394676
  PID User     Command                         Swap      USS      PSS      RSS 
108072 codespace /usr/bin/python3 /usr/bin/s        0    12088    12285    14540 
103649 codespace ./cli mmap images/4096x4096        0   196708   236061   394572 
103647 codespace ./cli mmap images/4096x4096        0   196708   236062   394612 
103645 codespace ./cli mmap images/4096x4096        0   196708   236063   394596 
103643 codespace ./cli mmap images/4096x4096        0   196708   236065   394676 
103641 codespace ./cli mmap images/4096x4096        0   196712   236066   394616 
%CPU %MEM ARGS Sun Oct  4 21:06:25 UTC 2026
 0.0  0.0 grep --color=auto ./cli       1  2312
19.0  4.8 ./cli mmap images/4096x4096   1 394596
19.2  4.8 ./cli mmap images/4096x4096   1 394612
19.5  4.8 ./cli mmap images/4096x4096   1 394572
19.5  4.8 ./cli mmap images/4096x4096   1 394616
19.6  4.8 ./cli mmap images/4096x4096   0 394676
  PID User     Command                         Swap      USS      PSS      RSS 
108104 codespace /usr/bin/python3 /usr/bin/s        0    12088    12304    14504 
103649 codespace ./cli mmap images/4096x4096        0   196708   236063   394572 
103645 codespace ./cli mmap images/4096x4096        0   196708   236065   394596 
103647 codespace ./cli mmap images/4096x4096        0   196708   236066   394612 
103643 codespace ./cli mmap images/4096x4096        0   196708   236068   394676 
103641 codespace ./cli mmap images/4096x4096        0   196712   236070   394616 
%CPU %MEM ARGS Sun Oct  4 21:06:26 UTC 2026
 0.0  0.0 grep --color=auto ./cli       1  2196
19.0  4.8 ./cli mmap images/4096x4096   0 394596
19.2  4.8 ./cli mmap images/4096x4096   1 394612
19.4  4.8 ./cli mmap images/4096x4096   0 394572
19.5  4.8 ./cli mmap images/4096x4096   1 394616
19.6  4.8 ./cli mmap images/4096x4096   1 394676
  PID User     Command                         Swap      USS      PSS      RSS 
108110 codespace /usr/bin/python3 /usr/bin/s        0    12080    12298    14496 
103645 codespace ./cli mmap images/4096x4096        0   196708   236063   394596 
103649 codespace ./cli mmap images/4096x4096        0   196708   236063   394572 
103647 codespace ./cli mmap images/4096x4096        0   196708   236066   394612 
103643 codespace ./cli mmap images/4096x4096        0   196708   236068   394676 
103641 codespace ./cli mmap images/4096x4096        0   196712   236070   394616 
%CPU %MEM ARGS Sun Oct  4 21:06:27 UTC 2026
 0.0  0.0 grep --color=auto ./cli       0  2248
19.0  4.8 ./cli mmap images/4096x4096   0 394596
19.2  4.8 ./cli mmap images/4096x4096   1 394612
19.4  4.8 ./cli mmap images/4096x4096   1 394572
19.5  4.8 ./cli mmap images/4096x4096   0 394616
19.6  4.8 ./cli mmap images/4096x4096   0 394676
  PID User     Command                         Swap      USS      PSS      RSS 
108122 codespace /usr/bin/python3 /usr/bin/s        0    12116    12334    14600 
103649 codespace ./cli mmap images/4096x4096        0   196708   236063   394572 
103647 codespace ./cli mmap images/4096x4096        0   196708   236066   394612 
103645 codespace ./cli mmap images/4096x4096        0   196708   236067   394596 
103643 codespace ./cli mmap images/4096x4096        0   196708   236068   394676 
103641 codespace ./cli mmap images/4096x4096        0   196712   236070   394616 
%CPU %MEM ARGS Sun Oct  4 21:06:28 UTC 2026
 0.0  0.0 grep --color=auto ./cli       0  2180
19.0  4.8 ./cli mmap images/4096x4096   1 394596
19.2  4.8 ./cli mmap images/4096x4096   0 394612
19.4  4.8 ./cli mmap images/4096x4096   0 394572
19.5  4.8 ./cli mmap images/4096x4096   0 394616
19.6  4.8 ./cli mmap images/4096x4096   0 394676
  PID User     Command                         Swap      USS      PSS      RSS 
108128 codespace /usr/bin/python3 /usr/bin/s        0    12108    12327    14644 
103649 codespace ./cli mmap images/4096x4096        0   196708   236063   394572 
103645 codespace ./cli mmap images/4096x4096        0   196708   236065   394596 
103647 codespace ./cli mmap images/4096x4096        0   196708   236066   394612 
103643 codespace ./cli mmap images/4096x4096        0   196708   236068   394676 
103641 codespace ./cli mmap images/4096x4096        0   196712   236070   394616 
%CPU %MEM ARGS Sun Oct  4 21:06:29 UTC 2026
 0.0  0.0 grep --color=auto ./cli       0  2192
19.0  4.8 ./cli mmap images/4096x4096   1 394596
19.2  4.8 ./cli mmap images/4096x4096   0 394612
19.4  4.8 ./cli mmap images/4096x4096   1 394572
19.5  4.8 ./cli mmap images/4096x4096   1 394616
19.6  4.8 ./cli mmap images/4096x4096   1 394676
  PID User     Command                         Swap      USS      PSS      RSS 
108134 codespace /usr/bin/python3 /usr/bin/s        0    12088    12307    14504 
103649 codespace ./cli mmap images/4096x4096        0   196708   236063   394572 
103645 codespace ./cli mmap images/4096x4096        0   196708   236065   394596 
103647 codespace ./cli mmap images/4096x4096        0   196708   236066   394612 
103643 codespace ./cli mmap images/4096x4096        0   196708   236068   394676 
103641 codespace ./cli mmap images/4096x4096        0   196712   236070   394616 
%CPU %MEM ARGS Sun Oct  4 21:06:30 UTC 2026
 0.0  0.0 grep --color=auto ./cli       1  2160
19.0  4.8 ./cli mmap images/4096x4096   1 394596
19.2  4.8 ./cli mmap images/4096x4096   0 394612
19.4  4.8 ./cli mmap images/4096x4096   1 394572
19.5  4.8 ./cli mmap images/4096x4096   1 394616
19.6  4.8 ./cli mmap images/4096x4096   1 394676
  PID User     Command                         Swap      USS      PSS      RSS 
108140 codespace /usr/bin/python3 /usr/bin/s        0    12100    12309    14616 
103649 codespace ./cli mmap images/4096x4096        0   196708   236062   394572 
103645 codespace ./cli mmap images/4096x4096        0   196708   236064   394596 
103647 codespace ./cli mmap images/4096x4096        0   196708   236065   394612 
103643 codespace ./cli mmap images/4096x4096        0   196708   236067   394676 
103641 codespace ./cli mmap images/4096x4096        0   196712   236069   394616 
%CPU %MEM ARGS Sun Oct  4 21:06:30 UTC 2026
 0.0  0.0 grep --color=auto ./cli       1  2164
19.0  4.8 ./cli mmap images/4096x4096   1 394596
19.2  4.8 ./cli mmap images/4096x4096   1 394612
19.4  4.8 ./cli mmap images/4096x4096   1 394572
19.5  4.8 ./cli mmap images/4096x4096   0 394616
19.6  4.8 ./cli mmap images/4096x4096   1 394676
  PID User     Command                         Swap      USS      PSS      RSS 
108150 codespace /usr/bin/python3 /usr/bin/s        0    12096    12312    14508 
103649 codespace ./cli mmap images/4096x4096        0   196708   236063   394572 
103645 codespace ./cli mmap images/4096x4096        0   196708   236065   394596 
103647 codespace ./cli mmap images/4096x4096        0   196708   236066   394612 
103643 codespace ./cli mmap images/4096x4096        0   196708   236068   394676 
103641 codespace ./cli mmap images/4096x4096        0   196712   236070   394616 
%CPU %MEM ARGS Sun Oct  4 21:06:31 UTC 2026
 0.0  0.0 grep --color=auto ./cli       1  2176
19.0  4.8 ./cli mmap images/4096x4096   1 394596
19.2  4.8 ./cli mmap images/4096x4096   1 394612
19.4  4.8 ./cli mmap images/4096x4096   1 394572
19.5  4.8 ./cli mmap images/4096x4096   1 394616
19.6  4.8 ./cli mmap images/4096x4096   0 394676
  PID User     Command                         Swap      USS      PSS      RSS 
108156 codespace /usr/bin/python3 /usr/bin/s        0    12080    12293    14528 
103649 codespace ./cli mmap images/4096x4096        0   196708   236063   394572 
103645 codespace ./cli mmap images/4096x4096        0   196708   236065   394596 
103647 codespace ./cli mmap images/4096x4096        0   196708   236066   394612 
103643 codespace ./cli mmap images/4096x4096        0   196708   236068   394676 
103641 codespace ./cli mmap images/4096x4096        0   196712   236070   394616 
%CPU %MEM ARGS Sun Oct  4 21:06:32 UTC 2026
 0.0  0.0 grep --color=auto ./cli       0  2152
19.0  4.8 ./cli mmap images/4096x4096   1 394596
19.2  4.8 ./cli mmap images/4096x4096   1 394612
19.4  4.8 ./cli mmap images/4096x4096   0 394572
19.5  4.8 ./cli mmap images/4096x4096   1 394616
19.6  4.8 ./cli mmap images/4096x4096   1 394676
  PID User     Command                         Swap      USS      PSS      RSS 
108162 codespace /usr/bin/python3 /usr/bin/s        0    12088    12306    14504 
103649 codespace ./cli mmap images/4096x4096        0   196708   236063   394572 
103645 codespace ./cli mmap images/4096x4096        0   196708   236065   394596 
103647 codespace ./cli mmap images/4096x4096        0   196708   236066   394612 
103643 codespace ./cli mmap images/4096x4096        0   196708   236068   394676 
103641 codespace ./cli mmap images/4096x4096        0   196712   236070   394616 
%CPU %MEM ARGS Sun Oct  4 21:06:33 UTC 2026
 0.0  0.0 grep --color=auto ./cli       1  2208
19.0  4.8 ./cli mmap images/4096x4096   0 394596
19.2  4.8 ./cli mmap images/4096x4096   0 394612
19.4  4.8 ./cli mmap images/4096x4096   1 394572
19.5  4.8 ./cli mmap images/4096x4096   1 394616
19.6  4.8 ./cli mmap images/4096x4096   1 394676
  PID User     Command                         Swap      USS      PSS      RSS 
108170 codespace /usr/bin/python3 /usr/bin/s        0    12100    12322    14580 
103649 codespace ./cli mmap images/4096x4096        0   196708   236063   394572 
103645 codespace ./cli mmap images/4096x4096        0   196708   236065   394596 
103647 codespace ./cli mmap images/4096x4096        0   196708   236065   394612 
103643 codespace ./cli mmap images/4096x4096        0   196708   236068   394676 
103641 codespace ./cli mmap images/4096x4096        0   196712   236070   394616 
%CPU %MEM ARGS Sun Oct  4 21:06:34 UTC 2026
 0.0  0.0 grep --color=auto ./cli       0  2176
19.0  4.8 ./cli mmap images/4096x4096   1 394596
19.2  4.8 ./cli mmap images/4096x4096   0 394612
19.5  4.8 ./cli mmap images/4096x4096   1 394572
19.5  4.8 ./cli mmap images/4096x4096   0 394616
19.6  4.8 ./cli mmap images/4096x4096   0 394676
  PID User     Command                         Swap      USS      PSS      RSS 
108180 codespace /usr/bin/python3 /usr/bin/s        0    12112    12321    14540 
103649 codespace ./cli mmap images/4096x4096        0   196708   236063   394572 
103645 codespace ./cli mmap images/4096x4096        0   196708   236065   394596 
103647 codespace ./cli mmap images/4096x4096        0   196708   236066   394612 
103643 codespace ./cli mmap images/4096x4096        0   196708   236068   394676 
103641 codespace ./cli mmap images/4096x4096        0   196712   236069   394616 
%CPU %MEM ARGS Sun Oct  4 21:06:35 UTC 2026
 0.0  0.0 grep --color=auto ./cli       0  2172
19.0  4.8 ./cli mmap images/4096x4096   0 394596
19.2  4.8 ./cli mmap images/4096x4096   1 394612
19.5  4.8 ./cli mmap images/4096x4096   0 394572
19.5  4.8 ./cli mmap images/4096x4096   0 394616
19.6  4.8 ./cli mmap images/4096x4096   0 394676
  PID User     Command                         Swap      USS      PSS      RSS 
108204 codespace /usr/bin/python3 /usr/bin/s        0    12108    12331    14652 
103649 codespace ./cli mmap images/4096x4096        0   196708   236063   394572 
103645 codespace ./cli mmap images/4096x4096        0   196708   236065   394596 
103647 codespace ./cli mmap images/4096x4096        0   196708   236066   394612 
103643 codespace ./cli mmap images/4096x4096        0   196708   236067   394676 
103641 codespace ./cli mmap images/4096x4096        0   196712   236069   394616 
%CPU %MEM ARGS Sun Oct  4 21:06:36 UTC 2026
 0.0  0.0 grep --color=auto ./cli       0  2248
19.0  4.8 ./cli mmap images/4096x4096   0 394596
19.2  4.8 ./cli mmap images/4096x4096   0 394612
19.5  4.8 ./cli mmap images/4096x4096   0 394572
19.5  4.8 ./cli mmap images/4096x4096   0 394616
19.6  4.8 ./cli mmap images/4096x4096   1 394676
  PID User     Command                         Swap      USS      PSS      RSS 
108216 codespace /usr/bin/python3 /usr/bin/s        0    12116    12333    14648 
103649 codespace ./cli mmap images/4096x4096        0   196708   236063   394572 
103645 codespace ./cli mmap images/4096x4096        0   196708   236065   394596 
103647 codespace ./cli mmap images/4096x4096        0   196708   236066   394612 
103643 codespace ./cli mmap images/4096x4096        0   196708   236068   394676 
103641 codespace ./cli mmap images/4096x4096        0   196712   236070   394616 
%CPU %MEM ARGS Sun Oct  4 21:06:37 UTC 2026
 0.0  0.0 grep --color=auto ./cli       0  2252
19.0  4.8 ./cli mmap images/4096x4096   0 394596
19.2  4.8 ./cli mmap images/4096x4096   0 394612
19.4  4.8 ./cli mmap images/4096x4096   0 394572
19.5  4.8 ./cli mmap images/4096x4096   0 394616
19.6  4.8 ./cli mmap images/4096x4096   1 394676
  PID User     Command                         Swap      USS      PSS      RSS 
108222 codespace /usr/bin/python3 /usr/bin/s        0    12088    12304    14504 
103649 codespace ./cli mmap images/4096x4096        0   196708   236063   394572 
103645 codespace ./cli mmap images/4096x4096        0   196708   236065   394596 
103647 codespace ./cli mmap images/4096x4096        0   196708   236066   394612 
103643 codespace ./cli mmap images/4096x4096        0   196708   236068   394676 
103641 codespace ./cli mmap images/4096x4096        0   196712   236070   394616 
%CPU %MEM ARGS Sun Oct  4 21:06:38 UTC 2026
 0.0  0.0 grep --color=auto ./cli       1  2152
19.0  4.8 ./cli mmap images/4096x4096   0 394596
19.2  4.8 ./cli mmap images/4096x4096   1 394612
19.4  4.8 ./cli mmap images/4096x4096   1 394572
19.5  4.8 ./cli mmap images/4096x4096   1 394616
19.6  4.8 ./cli mmap images/4096x4096   0 394676
  PID User     Command                         Swap      USS      PSS      RSS 
108228 codespace /usr/bin/python3 /usr/bin/s        0    12100    12321    14580 
103649 codespace ./cli mmap images/4096x4096        0   196708   236063   394572 
103645 codespace ./cli mmap images/4096x4096        0   196708   236065   394596 
103647 codespace ./cli mmap images/4096x4096        0   196708   236066   394612 
103643 codespace ./cli mmap images/4096x4096        0   196708   236068   394676 
103641 codespace ./cli mmap images/4096x4096        0   196712   236070   394616 
%CPU %MEM ARGS Sun Oct  4 21:06:39 UTC 2026
 0.0  0.0 grep --color=auto ./cli       0  2252
19.0  4.8 ./cli mmap images/4096x4096   1 394596
19.2  4.8 ./cli mmap images/4096x4096   1 394612
19.4  4.8 ./cli mmap images/4096x4096   1 394572
19.5  4.8 ./cli mmap images/4096x4096   0 394616
19.6  4.8 ./cli mmap images/4096x4096   1 394676
  PID User     Command                         Swap      USS      PSS      RSS 
108234 codespace /usr/bin/python3 /usr/bin/s        0    12084    12306    14568 
103649 codespace ./cli mmap images/4096x4096        0   196708   236063   394572 
103645 codespace ./cli mmap images/4096x4096        0   196708   236065   394596 
103647 codespace ./cli mmap images/4096x4096        0   196708   236066   394612 
103643 codespace ./cli mmap images/4096x4096        0   196708   236068   394676 
103641 codespace ./cli mmap images/4096x4096        0   196712   236070   394616 
%CPU %MEM ARGS Sun Oct  4 21:06:40 UTC 2026
 0.0  0.0 grep --color=auto ./cli       0  2292
19.0  4.8 ./cli mmap images/4096x4096   0 394596
19.2  4.8 ./cli mmap images/4096x4096   0 394612
19.4  4.8 ./cli mmap images/4096x4096   0 394572
19.5  4.8 ./cli mmap images/4096x4096   0 394616
19.6  4.8 ./cli mmap images/4096x4096   0 394676
  PID User     Command                         Swap      USS      PSS      RSS 
108240 codespace /usr/bin/python3 /usr/bin/s        0    12128    12329    14552 
103649 codespace ./cli mmap images/4096x4096        0   196708   236063   394572 
103645 codespace ./cli mmap images/4096x4096        0   196708   236065   394596 
103647 codespace ./cli mmap images/4096x4096        0   196708   236066   394612 
103643 codespace ./cli mmap images/4096x4096        0   196708   236068   394676 
103641 codespace ./cli mmap images/4096x4096        0   196712   236070   394616 
%CPU %MEM ARGS Sun Oct  4 21:06:40 UTC 2026
 0.0  0.0 grep --color=auto ./cli       0  2288
19.0  4.8 ./cli mmap images/4096x4096   0 394596
19.2  4.8 ./cli mmap images/4096x4096   1 394612
19.4  4.8 ./cli mmap images/4096x4096   0 394572
19.5  4.8 ./cli mmap images/4096x4096   0 394616
19.6  4.8 ./cli mmap images/4096x4096   0 394676
  PID User     Command                         Swap      USS      PSS      RSS 
108245 codespace /usr/bin/python3 /usr/bin/s        0    12120    12335    14648 
103649 codespace ./cli mmap images/4096x4096        0   196708   236063   394572 
103645 codespace ./cli mmap images/4096x4096        0   196708   236065   394596 
103647 codespace ./cli mmap images/4096x4096        0   196708   236066   394612 
103643 codespace ./cli mmap images/4096x4096        0   196708   236068   394676 
103641 codespace ./cli mmap images/4096x4096        0   196712   236069   394616 
%CPU %MEM ARGS Sun Oct  4 21:06:41 UTC 2026
 0.0  0.0 grep --color=auto ./cli       1  2348
19.0  4.8 ./cli mmap images/4096x4096   1 394596
19.2  4.8 ./cli mmap images/4096x4096   1 394612
19.4  4.8 ./cli mmap images/4096x4096   1 394572
19.4  4.8 ./cli mmap images/4096x4096   1 394616
19.6  4.8 ./cli mmap images/4096x4096   0 394676
  PID User     Command                         Swap      USS      PSS      RSS 
108263 codespace /usr/bin/python3 /usr/bin/s        0    12096    12305    14456 
103649 codespace ./cli mmap images/4096x4096        0   196708   236063   394572 
103645 codespace ./cli mmap images/4096x4096        0   196708   236065   394596 
103647 codespace ./cli mmap images/4096x4096        0   196708   236066   394612 
103643 codespace ./cli mmap images/4096x4096        0   196708   236068   394676 
103641 codespace ./cli mmap images/4096x4096        0   196712   236070   394616 
%CPU %MEM ARGS Sun Oct  4 21:06:42 UTC 2026
 0.0  0.0 grep --color=auto ./cli       1  2160
19.0  4.8 ./cli mmap images/4096x4096   1 394596
19.2  4.8 ./cli mmap images/4096x4096   1 394612
19.4  4.8 ./cli mmap images/4096x4096   1 394572
19.4  4.8 ./cli mmap images/4096x4096   1 394616
19.6  4.8 ./cli mmap images/4096x4096   0 394676
  PID User     Command                         Swap      USS      PSS      RSS 
108269 codespace /usr/bin/python3 /usr/bin/s        0    12100    12319    14572 
103649 codespace ./cli mmap images/4096x4096        0   196708   236063   394572 
103645 codespace ./cli mmap images/4096x4096        0   196708   236065   394596 
103647 codespace ./cli mmap images/4096x4096        0   196708   236066   394612 
103643 codespace ./cli mmap images/4096x4096        0   196708   236068   394676 
103641 codespace ./cli mmap images/4096x4096        0   196712   236070   394616 
%CPU %MEM ARGS Sun Oct  4 21:06:43 UTC 2026
 0.0  0.0 grep --color=auto ./cli       1  2288
19.0  4.8 ./cli mmap images/4096x4096   0 394596
19.2  4.8 ./cli mmap images/4096x4096   0 394612
19.4  4.8 ./cli mmap images/4096x4096   1 394572
19.4  4.8 ./cli mmap images/4096x4096   0 394616
19.6  4.8 ./cli mmap images/4096x4096   0 394676
  PID User     Command                         Swap      USS      PSS      RSS 
108275 codespace /usr/bin/python3 /usr/bin/s        0    12088    12318    14648 
103649 codespace ./cli mmap images/4096x4096        0   196708   236063   394572 
103645 codespace ./cli mmap images/4096x4096        0   196708   236065   394596 
103647 codespace ./cli mmap images/4096x4096        0   196708   236066   394612 
103643 codespace ./cli mmap images/4096x4096        0   196708   236068   394676 
103641 codespace ./cli mmap images/4096x4096        0   196712   236070   394616 
%CPU %MEM ARGS Sun Oct  4 21:06:44 UTC 2026
 0.0  0.0 grep --color=auto ./cli       1  2252
19.0  4.8 ./cli mmap images/4096x4096   0 394596
19.2  4.8 ./cli mmap images/4096x4096   0 394612
19.4  4.8 ./cli mmap images/4096x4096   0 394616
19.5  4.8 ./cli mmap images/4096x4096   1 394572
19.6  4.8 ./cli mmap images/4096x4096   0 394676
  PID User     Command                         Swap      USS      PSS      RSS 
108281 codespace /usr/bin/python3 /usr/bin/s        0    12124    12338    14600 
103649 codespace ./cli mmap images/4096x4096        0   196708   236063   394572 
103645 codespace ./cli mmap images/4096x4096        0   196708   236065   394596 
103647 codespace ./cli mmap images/4096x4096        0   196708   236066   394612 
103643 codespace ./cli mmap images/4096x4096        0   196708   236068   394676 
103641 codespace ./cli mmap images/4096x4096        0   196712   236070   394616 
%CPU %MEM ARGS Sun Oct  4 21:06:45 UTC 2026
 0.0  0.0 grep --color=auto ./cli       0  2180
19.0  4.8 ./cli mmap images/4096x4096   1 394596
19.2  4.8 ./cli mmap images/4096x4096   0 394612
19.4  4.8 ./cli mmap images/4096x4096   0 394616
19.5  4.8 ./cli mmap images/4096x4096   0 394572
19.6  4.8 ./cli mmap images/4096x4096   0 394676
  PID User     Command                         Swap      USS      PSS      RSS 
108299 codespace /usr/bin/python3 /usr/bin/s        0    12092    12315    14572 
103649 codespace ./cli mmap images/4096x4096        0   196708   236063   394572 
103645 codespace ./cli mmap images/4096x4096        0   196708   236065   394596 
103647 codespace ./cli mmap images/4096x4096        0   196708   236066   394612 
103643 codespace ./cli mmap images/4096x4096        0   196708   236068   394676 
103641 codespace ./cli mmap images/4096x4096        0   196712   236070   394616 
%CPU %MEM ARGS Sun Oct  4 21:06:46 UTC 2026
 0.0  0.0 grep --color=auto ./cli       0  2196
19.0  4.8 ./cli mmap images/4096x4096   1 394596
19.2  4.8 ./cli mmap images/4096x4096   1 394612
19.4  4.8 ./cli mmap images/4096x4096   1 394616
19.5  4.8 ./cli mmap images/4096x4096   1 394572
19.6  4.8 ./cli mmap images/4096x4096   0 394676
  PID User     Command                         Swap      USS      PSS      RSS 
108311 codespace /usr/bin/python3 /usr/bin/s        0    12088    12281    14504 
103649 codespace ./cli mmap images/4096x4096        0   196708   236062   394572 
103645 codespace ./cli mmap images/4096x4096        0   196708   236064   394596 
103647 codespace ./cli mmap images/4096x4096        0   196708   236065   394612 
103643 codespace ./cli mmap images/4096x4096        0   196708   236067   394676 
103641 codespace ./cli mmap images/4096x4096        0   196712   236070   394616 
%CPU %MEM ARGS Sun Oct  4 21:06:47 UTC 2026
 0.0  0.0 grep --color=auto ./cli       0  2164
19.0  4.8 ./cli mmap images/4096x4096   0 394596
19.2  4.8 ./cli mmap images/4096x4096   0 394612
19.4  4.8 ./cli mmap images/4096x4096   0 394616
19.5  4.8 ./cli mmap images/4096x4096   0 394572
19.7  4.8 ./cli mmap images/4096x4096   0 394676
  PID User     Command                         Swap      USS      PSS      RSS 
108323 codespace /usr/bin/python3 /usr/bin/s        0    12100    12312    14544 
103645 codespace ./cli mmap images/4096x4096        0   196708   236063   394596 
103649 codespace ./cli mmap images/4096x4096        0   196708   236063   394572 
103647 codespace ./cli mmap images/4096x4096        0   196708   236065   394612 
103643 codespace ./cli mmap images/4096x4096        0   196708   236067   394676 
103641 codespace ./cli mmap images/4096x4096        0   196712   236070   394616 
%CPU %MEM ARGS Sun Oct  4 21:06:48 UTC 2026
 0.0  0.0 grep --color=auto ./cli       0  2248
19.0  4.8 ./cli mmap images/4096x4096   1 394596
19.2  4.8 ./cli mmap images/4096x4096   1 394612
19.4  4.8 ./cli mmap images/4096x4096   0 394616
19.5  4.8 ./cli mmap images/4096x4096   1 394572
19.7  4.8 ./cli mmap images/4096x4096   1 394676
  PID User     Command                         Swap      USS      PSS      RSS 
108335 codespace /usr/bin/python3 /usr/bin/s        0    12096    12316    14512 
103649 codespace ./cli mmap images/4096x4096        0   196708   236063   394572 
103645 codespace ./cli mmap images/4096x4096        0   196708   236065   394596 
103647 codespace ./cli mmap images/4096x4096        0   196708   236066   394612 
103643 codespace ./cli mmap images/4096x4096        0   196708   236068   394676 
103641 codespace ./cli mmap images/4096x4096        0   196712   236070   394616 
%CPU %MEM ARGS Sun Oct  4 21:06:49 UTC 2026
 0.0  0.0 grep --color=auto ./cli       1  2160
19.0  4.8 ./cli mmap images/4096x4096   1 394596
19.2  4.8 ./cli mmap images/4096x4096   1 394612
19.4  4.8 ./cli mmap images/4096x4096   0 394616
19.4  4.8 ./cli mmap images/4096x4096   1 394572
19.7  4.8 ./cli mmap images/4096x4096   1 394676
  PID User     Command                         Swap      USS      PSS      RSS 
108341 codespace /usr/bin/python3 /usr/bin/s        0    12108    12320    14552 
103649 codespace ./cli mmap images/4096x4096        0   196708   236063   394572 
103647 codespace ./cli mmap images/4096x4096        0   196708   236066   394612 
103645 codespace ./cli mmap images/4096x4096        0   196708   236067   394596 
103643 codespace ./cli mmap images/4096x4096        0   196708   236068   394676 
103641 codespace ./cli mmap images/4096x4096        0   196712   236070   394616 
%CPU %MEM ARGS Sun Oct  4 21:06:50 UTC 2026
 0.0  0.0 grep --color=auto ./cli       1  2180
19.0  4.8 ./cli mmap images/4096x4096   0 394596
19.2  4.8 ./cli mmap images/4096x4096   1 394612
19.4  4.8 ./cli mmap images/4096x4096   1 394572
19.4  4.8 ./cli mmap images/4096x4096   1 394616
19.7  4.8 ./cli mmap images/4096x4096   1 394676
  PID User     Command                         Swap      USS      PSS      RSS 
108347 codespace /usr/bin/python3 /usr/bin/s        0    12120    12335    14648 
103649 codespace ./cli mmap images/4096x4096        0   196708   236063   394572 
103645 codespace ./cli mmap images/4096x4096        0   196708   236065   394596 
103647 codespace ./cli mmap images/4096x4096        0   196708   236066   394612 
103643 codespace ./cli mmap images/4096x4096        0   196708   236068   394676 
103641 codespace ./cli mmap images/4096x4096        0   196712   236070   394616 
%CPU %MEM ARGS Sun Oct  4 21:06:51 UTC 2026
 0.0  0.0 grep --color=auto ./cli       1  2172
19.0  4.8 ./cli mmap images/4096x4096   1 394596
19.2  4.8 ./cli mmap images/4096x4096   1 394612
19.4  4.8 ./cli mmap images/4096x4096   1 394572
19.4  4.8 ./cli mmap images/4096x4096   0 394616
19.6  4.8 ./cli mmap images/4096x4096   1 394676
  PID User     Command                         Swap      USS      PSS      RSS 
108352 codespace /usr/bin/python3 /usr/bin/s        0    12104    12298    14520 
103649 codespace ./cli mmap images/4096x4096        0   196708   236063   394572 
103645 codespace ./cli mmap images/4096x4096        0   196708   236065   394596 
103647 codespace ./cli mmap images/4096x4096        0   196708   236066   394612 
103643 codespace ./cli mmap images/4096x4096        0   196708   236068   394676 
103641 codespace ./cli mmap images/4096x4096        0   196712   236070   394616 
%CPU %MEM ARGS Sun Oct  4 21:06:52 UTC 2026
 0.0  0.0 grep --color=auto ./cli       0  2252
19.0  4.8 ./cli mmap images/4096x4096   1 394596
19.2  4.8 ./cli mmap images/4096x4096   1 394612
19.4  4.8 ./cli mmap images/4096x4096   0 394572
19.5  4.8 ./cli mmap images/4096x4096   1 394616
19.6  4.8 ./cli mmap images/4096x4096   1 394676
  PID User     Command                         Swap      USS      PSS      RSS 
108358 codespace /usr/bin/python3 /usr/bin/s        0    12104    12327    14648 
103649 codespace ./cli mmap images/4096x4096        0   196708   236063   394572 
103645 codespace ./cli mmap images/4096x4096        0   196708   236065   394596 
103647 codespace ./cli mmap images/4096x4096        0   196708   236066   394612 
103643 codespace ./cli mmap images/4096x4096        0   196708   236068   394676 
103641 codespace ./cli mmap images/4096x4096        0   196712   236070   394616 
%CPU %MEM ARGS Sun Oct  4 21:06:53 UTC 2026
 0.0  0.0 grep --color=auto ./cli       1  2248
19.0  4.8 ./cli mmap images/4096x4096   1 394596
19.2  4.8 ./cli mmap images/4096x4096   1 394612
19.5  4.8 ./cli mmap images/4096x4096   1 394616
19.5  4.8 ./cli mmap images/4096x4096   0 394572
19.6  4.8 ./cli mmap images/4096x4096   1 394676
  PID User     Command                         Swap      USS      PSS      RSS 
108370 codespace /usr/bin/python3 /usr/bin/s        0    12116    12326    14544 
103649 codespace ./cli mmap images/4096x4096        0   196708   236063   394572 
103645 codespace ./cli mmap images/4096x4096        0   196708   236065   394596 
103647 codespace ./cli mmap images/4096x4096        0   196708   236066   394612 
103643 codespace ./cli mmap images/4096x4096        0   196708   236068   394676 
103641 codespace ./cli mmap images/4096x4096        0   196712   236070   394616 
%CPU %MEM ARGS Sun Oct  4 21:06:54 UTC 2026
 0.0  0.0 grep --color=auto ./cli       1  2192
19.0  4.8 ./cli mmap images/4096x4096   1 394596
19.2  4.8 ./cli mmap images/4096x4096   1 394612
19.5  4.8 ./cli mmap images/4096x4096   1 394572
19.5  4.8 ./cli mmap images/4096x4096   0 394616
19.6  4.8 ./cli mmap images/4096x4096   1 394676
  PID User     Command                         Swap      USS      PSS      RSS 
108376 codespace /usr/bin/python3 /usr/bin/s        0    12096    12312    14544 
103649 codespace ./cli mmap images/4096x4096        0   196708   236063   394572 
103645 codespace ./cli mmap images/4096x4096        0   196708   236065   394596 
103647 codespace ./cli mmap images/4096x4096        0   196708   236066   394612 
103643 codespace ./cli mmap images/4096x4096        0   196708   236068   394676 
103641 codespace ./cli mmap images/4096x4096        0   196712   236070   394616 
%CPU %MEM ARGS Sun Oct  4 21:06:55 UTC 2026
 0.0  0.0 grep --color=auto ./cli       1  2180
18.9  4.8 ./cli mmap images/4096x4096   1 394596
19.2  4.8 ./cli mmap images/4096x4096   1 394612
19.5  4.8 ./cli mmap images/4096x4096   1 394572
19.5  4.8 ./cli mmap images/4096x4096   1 394616
19.6  4.8 ./cli mmap images/4096x4096   0 394676
  PID User     Command                         Swap      USS      PSS      RSS 
108382 codespace /usr/bin/python3 /usr/bin/s        0    12096    12312    14512 
103649 codespace ./cli mmap images/4096x4096        0   196708   236063   394572 
103645 codespace ./cli mmap images/4096x4096        0   196708   236065   394596 
103647 codespace ./cli mmap images/4096x4096        0   196708   236066   394612 
103641 codespace ./cli mmap images/4096x4096        0   196712   236068   394616 
103643 codespace ./cli mmap images/4096x4096        0   196708   236068   394676 
%CPU %MEM ARGS Sun Oct  4 21:06:56 UTC 2026
 0.0  0.0 grep --color=auto ./cli       0  2308
18.9  4.8 ./cli mmap images/4096x4096   1 394596
19.2  4.8 ./cli mmap images/4096x4096   1 394612
19.5  4.8 ./cli mmap images/4096x4096   0 394572
19.5  4.8 ./cli mmap images/4096x4096   1 394616
19.6  4.8 ./cli mmap images/4096x4096   1 394676
  PID User     Command                         Swap      USS      PSS      RSS 
108400 codespace /usr/bin/python3 /usr/bin/s        0    12088    12306    14504 
103649 codespace ./cli mmap images/4096x4096        0   196708   236063   394572 
103645 codespace ./cli mmap images/4096x4096        0   196708   236065   394596 
103647 codespace ./cli mmap images/4096x4096        0   196708   236066   394612 
103643 codespace ./cli mmap images/4096x4096        0   196708   236068   394676 
103641 codespace ./cli mmap images/4096x4096        0   196712   236070   394616 
%CPU %MEM ARGS Sun Oct  4 21:06:57 UTC 2026
 0.0  0.0 grep --color=auto ./cli       0  2248
18.9  4.8 ./cli mmap images/4096x4096   1 394596
19.2  4.8 ./cli mmap images/4096x4096   1 394612
19.5  4.8 ./cli mmap images/4096x4096   1 394572
19.5  4.8 ./cli mmap images/4096x4096   1 394616
19.6  4.8 ./cli mmap images/4096x4096   1 394676
  PID User     Command                         Swap      USS      PSS      RSS 
108418 codespace /usr/bin/python3 /usr/bin/s        0    12044    12272    14576 
103649 codespace ./cli mmap images/4096x4096        0   196708   236063   394572 
103645 codespace ./cli mmap images/4096x4096        0   196708   236065   394596 
103647 codespace ./cli mmap images/4096x4096        0   196708   236066   394612 
103643 codespace ./cli mmap images/4096x4096        0   196708   236068   394676 
103641 codespace ./cli mmap images/4096x4096        0   196712   236070   394616 
%CPU %MEM ARGS Sun Oct  4 21:06:57 UTC 2026
 0.0  0.0 grep --color=auto ./cli       1  2180
18.9  4.8 ./cli mmap images/4096x4096   0 394596
19.2  4.8 ./cli mmap images/4096x4096   1 394612
19.5  4.8 ./cli mmap images/4096x4096   1 394572
19.5  4.8 ./cli mmap images/4096x4096   1 394616
19.6  4.8 ./cli mmap images/4096x4096   1 394676
  PID User     Command                         Swap      USS      PSS      RSS 
108424 codespace /usr/bin/python3 /usr/bin/s        0    12084    12308    14552 
103649 codespace ./cli mmap images/4096x4096        0   196708   236063   394572 
103645 codespace ./cli mmap images/4096x4096        0   196708   236065   394596 
103647 codespace ./cli mmap images/4096x4096        0   196708   236066   394612 
103643 codespace ./cli mmap images/4096x4096        0   196708   236068   394676 
103641 codespace ./cli mmap images/4096x4096        0   196712   236070   394616 
%CPU %MEM ARGS Sun Oct  4 21:06:58 UTC 2026
 0.0  0.0 grep --color=auto ./cli       0  2128
18.9  4.8 ./cli mmap images/4096x4096   1 394596
19.2  4.8 ./cli mmap images/4096x4096   1 394612
19.5  4.8 ./cli mmap images/4096x4096   1 394616
19.5  4.8 ./cli mmap images/4096x4096   0 394572
19.6  4.8 ./cli mmap images/4096x4096   1 394676
  PID User     Command                         Swap      USS      PSS      RSS 
108430 codespace /usr/bin/python3 /usr/bin/s        0    12088    12316    14620 
103649 codespace ./cli mmap images/4096x4096        0   196708   236063   394572 
103645 codespace ./cli mmap images/4096x4096        0   196708   236065   394596 
103647 codespace ./cli mmap images/4096x4096        0   196708   236066   394612 
103643 codespace ./cli mmap images/4096x4096        0   196708   236068   394676 
103641 codespace ./cli mmap images/4096x4096        0   196712   236069   394616 
%CPU %MEM ARGS Sun Oct  4 21:06:59 UTC 2026
 0.0  0.0 grep --color=auto ./cli       0  2152
18.9  4.8 ./cli mmap images/4096x4096   1 394596
19.2  4.8 ./cli mmap images/4096x4096   1 394612
19.5  4.8 ./cli mmap images/4096x4096   1 394616
19.5  4.8 ./cli mmap images/4096x4096   1 394572
19.6  4.8 ./cli mmap images/4096x4096   0 394676
  PID User     Command                         Swap      USS      PSS      RSS 
108442 codespace /usr/bin/python3 /usr/bin/s        0    12108    12319    14540 
103649 codespace ./cli mmap images/4096x4096        0   196708   236063   394572 
103645 codespace ./cli mmap images/4096x4096        0   196708   236065   394596 
103647 codespace ./cli mmap images/4096x4096        0   196708   236066   394612 
103643 codespace ./cli mmap images/4096x4096        0   196708   236068   394676 
103641 codespace ./cli mmap images/4096x4096        0   196712   236070   394616 
%CPU %MEM ARGS Sun Oct  4 21:07:00 UTC 2026
 0.0  0.0 grep --color=auto ./cli       1  2176
18.9  4.8 ./cli mmap images/4096x4096   1 394596
19.2  4.8 ./cli mmap images/4096x4096   0 394612
19.5  4.8 ./cli mmap images/4096x4096   1 394616
19.5  4.8 ./cli mmap images/4096x4096   1 394572
19.6  4.8 ./cli mmap images/4096x4096   1 394676
  PID User     Command                         Swap      USS      PSS      RSS 
108448 codespace /usr/bin/python3 /usr/bin/s        0    12100    12321    14580 
103649 codespace ./cli mmap images/4096x4096        0   196708   236063   394572 
103645 codespace ./cli mmap images/4096x4096        0   196708   236065   394596 
103647 codespace ./cli mmap images/4096x4096        0   196708   236066   394612 
103643 codespace ./cli mmap images/4096x4096        0   196708   236068   394676 
103641 codespace ./cli mmap images/4096x4096        0   196712   236070   394616 
%CPU %MEM ARGS Sun Oct  4 21:07:01 UTC 2026
 0.0  0.0 grep --color=auto ./cli       1  2192
18.9  4.8 ./cli mmap images/4096x4096   1 394596
19.2  4.8 ./cli mmap images/4096x4096   0 394612
19.5  4.8 ./cli mmap images/4096x4096   1 394616
19.5  4.8 ./cli mmap images/4096x4096   1 394572
19.6  4.8 ./cli mmap images/4096x4096   1 394676
  PID User     Command                         Swap      USS      PSS      RSS 
108454 codespace /usr/bin/python3 /usr/bin/s        0    12088    12316    14592 
103649 codespace ./cli mmap images/4096x4096        0   196708   236063   394572 
103645 codespace ./cli mmap images/4096x4096        0   196708   236065   394596 
103647 codespace ./cli mmap images/4096x4096        0   196708   236066   394612 
103643 codespace ./cli mmap images/4096x4096        0   196708   236068   394676 
103641 codespace ./cli mmap images/4096x4096        0   196712   236070   394616 
%CPU %MEM ARGS Sun Oct  4 21:07:02 UTC 2026
 0.0  0.0 grep --color=auto ./cli       1  2252
18.9  4.8 ./cli mmap images/4096x4096   1 394596
19.2  4.8 ./cli mmap images/4096x4096   1 394612
19.5  4.8 ./cli mmap images/4096x4096   1 394616
19.5  4.8 ./cli mmap images/4096x4096   0 394572
19.6  4.8 ./cli mmap images/4096x4096   1 394676
  PID User     Command                         Swap      USS      PSS      RSS 
108460 codespace /usr/bin/python3 /usr/bin/s        0    12092    12303    14504 
103649 codespace ./cli mmap images/4096x4096        0   196708   236063   394572 
103645 codespace ./cli mmap images/4096x4096        0   196708   236065   394596 
103647 codespace ./cli mmap images/4096x4096        0   196708   236066   394612 
103643 codespace ./cli mmap images/4096x4096        0   196708   236068   394676 
103641 codespace ./cli mmap images/4096x4096        0   196712   236070   394616 
%CPU %MEM ARGS Sun Oct  4 21:07:03 UTC 2026
 0.0  0.0 grep --color=auto ./cli       0  2156
18.9  4.8 ./cli mmap images/4096x4096   1 394596
19.2  4.8 ./cli mmap images/4096x4096   0 394612
19.4  4.8 ./cli mmap images/4096x4096   1 394616
19.5  4.8 ./cli mmap images/4096x4096   1 394572
19.6  4.8 ./cli mmap images/4096x4096   1 394676
  PID User     Command                         Swap      USS      PSS      RSS 
108472 codespace /usr/bin/python3 /usr/bin/s        0    12092    12295    14468 
103649 codespace ./cli mmap images/4096x4096        0   196708   236063   394572 
103645 codespace ./cli mmap images/4096x4096        0   196708   236065   394596 
103647 codespace ./cli mmap images/4096x4096        0   196708   236066   394612 
103643 codespace ./cli mmap images/4096x4096        0   196708   236068   394676 
103641 codespace ./cli mmap images/4096x4096        0   196712   236070   394616 
%CPU %MEM ARGS Sun Oct  4 21:07:04 UTC 2026
 0.0  0.0 grep --color=auto ./cli       0  2168
18.9  4.8 ./cli mmap images/4096x4096   0 394596
19.2  4.8 ./cli mmap images/4096x4096   0 394612
19.4  4.8 ./cli mmap images/4096x4096   0 394616
19.5  4.8 ./cli mmap images/4096x4096   0 394572
19.6  4.8 ./cli mmap images/4096x4096   0 394676
  PID User     Command                         Swap      USS      PSS      RSS 
108485 codespace /usr/bin/python3 /usr/bin/s        0    12092    12308    14504 
103649 codespace ./cli mmap images/4096x4096        0   196708   236063   394572 
103645 codespace ./cli mmap images/4096x4096        0   196708   236065   394596 
103647 codespace ./cli mmap images/4096x4096        0   196708   236066   394612 
103643 codespace ./cli mmap images/4096x4096        0   196708   236068   394676 
103641 codespace ./cli mmap images/4096x4096        0   196712   236070   394616 
%CPU %MEM ARGS Sun Oct  4 21:07:05 UTC 2026
 0.0  0.0 grep --color=auto ./cli       1  2248
18.9  4.8 ./cli mmap images/4096x4096   1 394596
19.2  4.8 ./cli mmap images/4096x4096   1 394612
19.5  4.8 ./cli mmap images/4096x4096   0 394616
19.5  4.8 ./cli mmap images/4096x4096   1 394572
19.6  4.8 ./cli mmap images/4096x4096   1 394676
  PID User     Command                         Swap      USS      PSS      RSS 
108490 codespace /usr/bin/python3 /usr/bin/s        0    12100    12317    14572 
103649 codespace ./cli mmap images/4096x4096        0   196708   236063   394572 
103645 codespace ./cli mmap images/4096x4096        0   196708   236065   394596 
103647 codespace ./cli mmap images/4096x4096        0   196708   236066   394612 
103643 codespace ./cli mmap images/4096x4096        0   196708   236068   394676 
103641 codespace ./cli mmap images/4096x4096        0   196712   236070   394616 
%CPU %MEM ARGS Sun Oct  4 21:07:06 UTC 2026
 0.0  0.0 grep --color=auto ./cli       0  2168
18.9  4.8 ./cli mmap images/4096x4096   1 394596
19.2  4.8 ./cli mmap images/4096x4096   1 394612
19.5  4.8 ./cli mmap images/4096x4096   0 394616
19.5  4.8 ./cli mmap images/4096x4096   1 394572
19.6  4.8 ./cli mmap images/4096x4096   1 394676
  PID User     Command                         Swap      USS      PSS      RSS 
108496 codespace /usr/bin/python3 /usr/bin/s        0    12092    12314    14572 
103649 codespace ./cli mmap images/4096x4096        0   196708   236063   394572 
103645 codespace ./cli mmap images/4096x4096        0   196708   236065   394596 
103647 codespace ./cli mmap images/4096x4096        0   196708   236066   394612 
103643 codespace ./cli mmap images/4096x4096        0   196708   236067   394676 
103641 codespace ./cli mmap images/4096x4096        0   196712   236070   394616 
%CPU %MEM ARGS Sun Oct  4 21:07:07 UTC 2026
 0.0  0.0 grep --color=auto ./cli       1  2308
18.9  4.8 ./cli mmap images/4096x4096   1 394596
19.2  4.8 ./cli mmap images/4096x4096   1 394612
19.5  4.8 ./cli mmap images/4096x4096   1 394572
19.5  4.8 ./cli mmap images/4096x4096   1 394616
19.6  4.8 ./cli mmap images/4096x4096   1 394676
  PID User     Command                         Swap      USS      PSS      RSS 
108522 codespace /usr/bin/python3 /usr/bin/s        0    12092    12300    14504 
103649 codespace ./cli mmap images/4096x4096        0   196708   236063   394572 
103645 codespace ./cli mmap images/4096x4096        0   196708   236065   394596 
103647 codespace ./cli mmap images/4096x4096        0   196708   236066   394612 
103643 codespace ./cli mmap images/4096x4096        0   196708   236068   394676 
103641 codespace ./cli mmap images/4096x4096        0   196712   236070   394616 
%CPU %MEM ARGS Sun Oct  4 21:07:08 UTC 2026
 0.0  0.0 grep --color=auto ./cli       1  2304
18.9  4.8 ./cli mmap images/4096x4096   0 394596
19.2  4.8 ./cli mmap images/4096x4096   1 394612
19.5  4.8 ./cli mmap images/4096x4096   0 394572
19.5  4.8 ./cli mmap images/4096x4096   0 394616
19.6  4.8 ./cli mmap images/4096x4096   0 394676
  PID User     Command                         Swap      USS      PSS      RSS 
108527 codespace /usr/bin/python3 /usr/bin/s        0    12088    12304    14500 
103649 codespace ./cli mmap images/4096x4096        0   196708   236063   394572 
103645 codespace ./cli mmap images/4096x4096        0   196708   236065   394596 
103647 codespace ./cli mmap images/4096x4096        0   196708   236066   394612 
103643 codespace ./cli mmap images/4096x4096        0   196708   236068   394676 
103641 codespace ./cli mmap images/4096x4096        0   196712   236070   394616 
%CPU %MEM ARGS Sun Oct  4 21:07:08 UTC 2026
 0.0  0.0 grep --color=auto ./cli       0  2152
18.9  4.8 ./cli mmap images/4096x4096   0 394596
19.2  4.8 ./cli mmap images/4096x4096   1 394612
19.5  4.8 ./cli mmap images/4096x4096   0 394572
19.5  4.8 ./cli mmap images/4096x4096   0 394616
19.6  4.8 ./cli mmap images/4096x4096   0 394676
  PID User     Command                         Swap      USS      PSS      RSS 
108533 codespace /usr/bin/python3 /usr/bin/s        0    12116    12332    14576 
103649 codespace ./cli mmap images/4096x4096        0   196708   236063   394572 
103645 codespace ./cli mmap images/4096x4096        0   196708   236065   394596 
103647 codespace ./cli mmap images/4096x4096        0   196708   236066   394612 
103643 codespace ./cli mmap images/4096x4096        0   196708   236068   394676 
103641 codespace ./cli mmap images/4096x4096        0   196712   236070   394616 
%CPU %MEM ARGS Sun Oct  4 21:07:09 UTC 2026
 0.0  0.0 grep --color=auto ./cli       0  2168
18.9  4.8 ./cli mmap images/4096x4096   0 394596
19.2  4.8 ./cli mmap images/4096x4096   0 394612
19.5  4.8 ./cli mmap images/4096x4096   0 394572
19.5  4.8 ./cli mmap images/4096x4096   1 394616
19.6  4.8 ./cli mmap images/4096x4096   0 394676
  PID User     Command                         Swap      USS      PSS      RSS 
108539 codespace /usr/bin/python3 /usr/bin/s        0    12100    12318    14548 
103649 codespace ./cli mmap images/4096x4096        0   196708   236063   394572 
103645 codespace ./cli mmap images/4096x4096        0   196708   236064   394596 
103647 codespace ./cli mmap images/4096x4096        0   196708   236066   394612 
103643 codespace ./cli mmap images/4096x4096        0   196708   236067   394676 
103641 codespace ./cli mmap images/4096x4096        0   196712   236069   394616 
%CPU %MEM ARGS Sun Oct  4 21:07:10 UTC 2026
 0.0  0.0 grep --color=auto ./cli       1  2308
18.9  4.8 ./cli mmap images/4096x4096   1 394596
19.2  4.8 ./cli mmap images/4096x4096   1 394612
19.5  4.8 ./cli mmap images/4096x4096   1 394572
19.5  4.8 ./cli mmap images/4096x4096   0 394616
19.6  4.8 ./cli mmap images/4096x4096   1 394676
  PID User     Command                         Swap      USS      PSS      RSS 
108557 codespace /usr/bin/python3 /usr/bin/s        0    12080    12308    14576 
103649 codespace ./cli mmap images/4096x4096        0   196708   236063   394572 
103645 codespace ./cli mmap images/4096x4096        0   196708   236065   394596 
103647 codespace ./cli mmap images/4096x4096        0   196708   236066   394612 
103643 codespace ./cli mmap images/4096x4096        0   196708   236068   394676 
103641 codespace ./cli mmap images/4096x4096        0   196712   236070   394616 
%CPU %MEM ARGS Sun Oct  4 21:07:11 UTC 2026
 0.0  0.0 grep --color=auto ./cli       0  2212
18.9  4.8 ./cli mmap images/4096x4096   1 394596
19.2  4.8 ./cli mmap images/4096x4096   0 394612
19.5  4.8 ./cli mmap images/4096x4096   1 394572
19.5  4.8 ./cli mmap images/4096x4096   1 394616
19.5  4.8 ./cli mmap images/4096x4096   1 394676
  PID User     Command                         Swap      USS      PSS      RSS 
108563 codespace /usr/bin/python3 /usr/bin/s        0    12108    12345    14624 
103649 codespace ./cli mmap images/4096x4096        0   196708   236063   394572 
103645 codespace ./cli mmap images/4096x4096        0   196708   236065   394596 
103647 codespace ./cli mmap images/4096x4096        0   196708   236066   394612 
103643 codespace ./cli mmap images/4096x4096        0   196708   236068   394676 
103641 codespace ./cli mmap images/4096x4096        0   196712   236070   394616 
%CPU %MEM ARGS Sun Oct  4 21:07:12 UTC 2026
 0.0  0.0 grep --color=auto ./cli       0  2304
18.9  4.8 ./cli mmap images/4096x4096   1 394596
19.3  4.8 ./cli mmap images/4096x4096   0 394612
19.5  4.8 ./cli mmap images/4096x4096   1 394572
19.5  4.8 ./cli mmap images/4096x4096   1 394616
19.5  4.8 ./cli mmap images/4096x4096   1 394676
  PID User     Command                         Swap      USS      PSS      RSS 
108569 codespace /usr/bin/python3 /usr/bin/s        0    12092    12310    14508 
103649 codespace ./cli mmap images/4096x4096        0   196708   236063   394572 
103645 codespace ./cli mmap images/4096x4096        0   196708   236065   394596 
103647 codespace ./cli mmap images/4096x4096        0   196708   236066   394612 
103643 codespace ./cli mmap images/4096x4096        0   196708   236068   394676 
103641 codespace ./cli mmap images/4096x4096        0   196712   236070   394616 
%CPU %MEM ARGS Sun Oct  4 21:07:13 UTC 2026
 0.0  0.0 grep --color=auto ./cli       1  2180
18.9  4.8 ./cli mmap images/4096x4096   1 394596
19.3  4.8 ./cli mmap images/4096x4096   0 394612
19.5  4.8 ./cli mmap images/4096x4096   1 394572
19.5  4.8 ./cli mmap images/4096x4096   1 394616
19.5  4.8 ./cli mmap images/4096x4096   1 394676
  PID User     Command                         Swap      USS      PSS      RSS 
108575 codespace /usr/bin/python3 /usr/bin/s        0    12096    12309    14536 
103649 codespace ./cli mmap images/4096x4096        0   196708   236063   394572 
103645 codespace ./cli mmap images/4096x4096        0   196708   236065   394596 
103647 codespace ./cli mmap images/4096x4096        0   196708   236066   394612 
103643 codespace ./cli mmap images/4096x4096        0   196708   236068   394676 
103641 codespace ./cli mmap images/4096x4096        0   196712   236070   394616 
%CPU %MEM ARGS Sun Oct  4 21:07:14 UTC 2026
 0.0  0.0 grep --color=auto ./cli       0  2176
18.9  4.8 ./cli mmap images/4096x4096   1 394596
19.3  4.8 ./cli mmap images/4096x4096   1 394612
19.4  4.8 ./cli mmap images/4096x4096   1 394572
19.5  4.8 ./cli mmap images/4096x4096   1 394616
19.5  4.8 ./cli mmap images/4096x4096   1 394676
  PID User     Command                         Swap      USS      PSS      RSS 
108581 codespace /usr/bin/python3 /usr/bin/s        0    12104    12319    14552 
103649 codespace ./cli mmap images/4096x4096        0   196708   236063   394572 
103645 codespace ./cli mmap images/4096x4096        0   196708   236065   394596 
103647 codespace ./cli mmap images/4096x4096        0   196708   236066   394612 
103643 codespace ./cli mmap images/4096x4096        0   196708   236068   394676 
103641 codespace ./cli mmap images/4096x4096        0   196712   236070   394616 
%CPU %MEM ARGS Sun Oct  4 21:07:15 UTC 2026
 0.0  0.0 grep --color=auto ./cli       0  2292
18.9  4.8 ./cli mmap images/4096x4096   0 394596
19.3  4.8 ./cli mmap images/4096x4096   0 394612
19.5  4.8 ./cli mmap images/4096x4096   0 394572
19.5  4.8 ./cli mmap images/4096x4096   0 394616
19.5  4.8 ./cli mmap images/4096x4096   1 394676
  PID User     Command                         Swap      USS      PSS      RSS 
108587 codespace /usr/bin/python3 /usr/bin/s        0    12100    12315    14512 
103649 codespace ./cli mmap images/4096x4096        0   196708   236063   394572 
103645 codespace ./cli mmap images/4096x4096        0   196708   236065   394596 
103647 codespace ./cli mmap images/4096x4096        0   196708   236066   394612 
103643 codespace ./cli mmap images/4096x4096        0   196708   236068   394676 
103641 codespace ./cli mmap images/4096x4096        0   196712   236070   394616 
%CPU %MEM ARGS Sun Oct  4 21:07:16 UTC 2026
 0.0  0.0 grep --color=auto ./cli       0  2172
18.9  4.8 ./cli mmap images/4096x4096   1 394596
19.3  4.8 ./cli mmap images/4096x4096   0 394612
19.5  4.8 ./cli mmap images/4096x4096   0 394572
19.5  4.8 ./cli mmap images/4096x4096   0 394616
19.5  4.8 ./cli mmap images/4096x4096   0 394676
  PID User     Command                         Swap      USS      PSS      RSS 
108599 codespace /usr/bin/python3 /usr/bin/s        0    12112    12303    14624 
103649 codespace ./cli mmap images/4096x4096        0   196708   236062   394572 
103645 codespace ./cli mmap images/4096x4096        0   196708   236064   394596 
103647 codespace ./cli mmap images/4096x4096        0   196708   236066   394612 
103643 codespace ./cli mmap images/4096x4096        0   196708   236068   394676 
103641 codespace ./cli mmap images/4096x4096        0   196712   236070   394616 
%CPU %MEM ARGS Sun Oct  4 21:07:17 UTC 2026
 0.0  0.0 grep --color=auto ./cli       1  2292
18.9  4.8 ./cli mmap images/4096x4096   1 394596
19.3  4.8 ./cli mmap images/4096x4096   1 394612
19.5  4.8 ./cli mmap images/4096x4096   0 394572
19.5  4.8 ./cli mmap images/4096x4096   1 394616
19.5  4.8 ./cli mmap images/4096x4096   1 394676
  PID User     Command                         Swap      USS      PSS      RSS 
108628 codespace /usr/bin/python3 /usr/bin/s        0    12092    12303    14504 
103649 codespace ./cli mmap images/4096x4096        0   196708   236063   394572 
103645 codespace ./cli mmap images/4096x4096        0   196708   236065   394596 
103647 codespace ./cli mmap images/4096x4096        0   196708   236066   394612 
103643 codespace ./cli mmap images/4096x4096        0   196708   236068   394676 
103641 codespace ./cli mmap images/4096x4096        0   196712   236070   394616 
%CPU %MEM ARGS Sun Oct  4 21:07:18 UTC 2026
 0.0  0.0 grep --color=auto ./cli       1  2248
18.9  4.8 ./cli mmap images/4096x4096   1 394596
19.3  4.8 ./cli mmap images/4096x4096   0 394612
19.5  4.8 ./cli mmap images/4096x4096   1 394572
19.5  4.8 ./cli mmap images/4096x4096   1 394616
19.5  4.8 ./cli mmap images/4096x4096   1 394676
  PID User     Command                         Swap      USS      PSS      RSS 
108634 codespace /usr/bin/python3 /usr/bin/s        0    12108    12323    14552 
103649 codespace ./cli mmap images/4096x4096        0   196708   236063   394572 
103645 codespace ./cli mmap images/4096x4096        0   196708   236065   394596 
103647 codespace ./cli mmap images/4096x4096        0   196708   236066   394612 
103643 codespace ./cli mmap images/4096x4096        0   196708   236068   394676 
103641 codespace ./cli mmap images/4096x4096        0   196712   236070   394616 
%CPU %MEM ARGS Sun Oct  4 21:07:19 UTC 2026
 0.0  0.0 grep --color=auto ./cli       0  2252
18.9  4.8 ./cli mmap images/4096x4096   0 394596
19.3  4.8 ./cli mmap images/4096x4096   1 394612
19.5  4.8 ./cli mmap images/4096x4096   1 394572
19.5  4.8 ./cli mmap images/4096x4096   1 394616
19.5  4.8 ./cli mmap images/4096x4096   1 394676
  PID User     Command                         Swap      USS      PSS      RSS 
108640 codespace /usr/bin/python3 /usr/bin/s        0    12100    12324    14624 
103649 codespace ./cli mmap images/4096x4096        0   196708   236063   394572 
103645 codespace ./cli mmap images/4096x4096        0   196708   236065   394596 
103647 codespace ./cli mmap images/4096x4096        0   196708   236066   394612 
103643 codespace ./cli mmap images/4096x4096        0   196708   236068   394676 
103641 codespace ./cli mmap images/4096x4096        0   196712   236070   394616 
%CPU %MEM ARGS Sun Oct  4 21:07:20 UTC 2026
 0.0  0.0 grep --color=auto ./cli       1  2304
18.9  4.8 ./cli mmap images/4096x4096   0 394596
19.3  4.8 ./cli mmap images/4096x4096   0 394612
19.5  4.8 ./cli mmap images/4096x4096   0 394572
19.5  4.8 ./cli mmap images/4096x4096   0 394616
19.5  4.8 ./cli mmap images/4096x4096   0 394676
  PID User     Command                         Swap      USS      PSS      RSS 
108646 codespace /usr/bin/python3 /usr/bin/s        0    12104    12320    14556 
103649 codespace ./cli mmap images/4096x4096        0   196708   236063   394572 
103645 codespace ./cli mmap images/4096x4096        0   196708   236065   394596 
103647 codespace ./cli mmap images/4096x4096        0   196708   236066   394612 
103643 codespace ./cli mmap images/4096x4096        0   196708   236068   394676 
103641 codespace ./cli mmap images/4096x4096        0   196712   236070   394616 
%CPU %MEM ARGS Sun Oct  4 21:07:21 UTC 2026
 0.0  0.0 grep --color=auto ./cli       0  2172
18.9  4.8 ./cli mmap images/4096x4096   0 394596
19.3  4.8 ./cli mmap images/4096x4096   0 394612
19.5  4.8 ./cli mmap images/4096x4096   0 394572
19.5  4.8 ./cli mmap images/4096x4096   0 394616
19.5  4.8 ./cli mmap images/4096x4096   0 394676
  PID User     Command                         Swap      USS      PSS      RSS 
108651 codespace /usr/bin/python3 /usr/bin/s        0    12100    12316    14552 
103649 codespace ./cli mmap images/4096x4096        0   196708   236063   394572 
103645 codespace ./cli mmap images/4096x4096        0   196708   236065   394596 
103647 codespace ./cli mmap images/4096x4096        0   196708   236066   394612 
103643 codespace ./cli mmap images/4096x4096        0   196708   236068   394676 
103641 codespace ./cli mmap images/4096x4096        0   196712   236070   394616 
%CPU %MEM ARGS Sun Oct  4 21:07:21 UTC 2026
 0.0  0.0 grep --color=auto ./cli       0  2340
18.9  4.8 ./cli mmap images/4096x4096   1 394596
19.3  4.8 ./cli mmap images/4096x4096   1 394612
19.5  4.8 ./cli mmap images/4096x4096   0 394572
19.5  4.8 ./cli mmap images/4096x4096   0 394616
19.5  4.8 ./cli mmap images/4096x4096   1 394676
  PID User     Command                         Swap      USS      PSS      RSS 
108663 codespace /usr/bin/python3 /usr/bin/s        0    12084    12305    14548 
103649 codespace ./cli mmap images/4096x4096        0   196708   236063   394572 
103645 codespace ./cli mmap images/4096x4096        0   196708   236065   394596 
103647 codespace ./cli mmap images/4096x4096        0   196708   236066   394612 
103643 codespace ./cli mmap images/4096x4096        0   196708   236068   394676 
103641 codespace ./cli mmap images/4096x4096        0   196712   236070   394616 
%CPU %MEM ARGS Sun Oct  4 21:07:22 UTC 2026
 0.0  0.0 grep --color=auto ./cli       1  2208
18.9  4.8 ./cli mmap images/4096x4096   1 394596
19.3  4.8 ./cli mmap images/4096x4096   1 394612
19.5  4.8 ./cli mmap images/4096x4096   1 394572
19.5  4.8 ./cli mmap images/4096x4096   0 394676
19.5  4.8 ./cli mmap images/4096x4096   1 394616
  PID User     Command                         Swap      USS      PSS      RSS 
108669 codespace /usr/bin/python3 /usr/bin/s        0    12136    12359    14624 
103649 codespace ./cli mmap images/4096x4096        0   196708   236063   394572 
103645 codespace ./cli mmap images/4096x4096        0   196708   236065   394596 
103647 codespace ./cli mmap images/4096x4096        0   196708   236066   394612 
103643 codespace ./cli mmap images/4096x4096        0   196708   236068   394676 
103641 codespace ./cli mmap images/4096x4096        0   196712   236070   394616 
%CPU %MEM ARGS Sun Oct  4 21:07:23 UTC 2026
 0.0  0.0 grep --color=auto ./cli       1  2292
18.9  4.8 ./cli mmap images/4096x4096   1 394596
19.3  4.8 ./cli mmap images/4096x4096   1 394612
19.5  4.8 ./cli mmap images/4096x4096   1 394572
19.5  4.8 ./cli mmap images/4096x4096   1 394616
19.5  4.8 ./cli mmap images/4096x4096   0 394676
  PID User     Command                         Swap      USS      PSS      RSS 
108675 codespace /usr/bin/python3 /usr/bin/s        0    12104    12321    14576 
103649 codespace ./cli mmap images/4096x4096        0   196708   236063   394572 
103645 codespace ./cli mmap images/4096x4096        0   196708   236065   394596 
103647 codespace ./cli mmap images/4096x4096        0   196708   236066   394612 
103643 codespace ./cli mmap images/4096x4096        0   196708   236068   394676 
103641 codespace ./cli mmap images/4096x4096        0   196712   236070   394616 
%CPU %MEM ARGS Sun Oct  4 21:07:24 UTC 2026
 0.0  0.0 grep --color=auto ./cli       1  2248
18.9  4.8 ./cli mmap images/4096x4096   1 394596
19.3  4.8 ./cli mmap images/4096x4096   1 394612
19.5  4.8 ./cli mmap images/4096x4096   0 394572
19.5  4.8 ./cli mmap images/4096x4096   0 394616
19.5  4.8 ./cli mmap images/4096x4096   0 394676
  PID User     Command                         Swap      USS      PSS      RSS 
108684 codespace /usr/bin/python3 /usr/bin/s        0    12112    12328    14620 
103649 codespace ./cli mmap images/4096x4096        0   196708   236063   394572 
103645 codespace ./cli mmap images/4096x4096        0   196708   236065   394596 
103647 codespace ./cli mmap images/4096x4096        0   196708   236066   394612 
103643 codespace ./cli mmap images/4096x4096        0   196708   236068   394676 
103641 codespace ./cli mmap images/4096x4096        0   196712   236070   394616 
%CPU %MEM ARGS Sun Oct  4 21:07:25 UTC 2026
 0.0  0.0 grep --color=auto ./cli       0  2300
18.9  4.8 ./cli mmap images/4096x4096   0 394596
19.3  4.8 ./cli mmap images/4096x4096   1 394612
19.5  4.8 ./cli mmap images/4096x4096   1 394572
19.5  4.8 ./cli mmap images/4096x4096   1 394616
19.5  4.8 ./cli mmap images/4096x4096   1 394676
  PID User     Command                         Swap      USS      PSS      RSS 
108692 codespace /usr/bin/python3 /usr/bin/s        0    12096    12323    14648 
103649 codespace ./cli mmap images/4096x4096        0   196708   236063   394572 
103645 codespace ./cli mmap images/4096x4096        0   196708   236065   394596 
103647 codespace ./cli mmap images/4096x4096        0   196708   236066   394612 
103643 codespace ./cli mmap images/4096x4096        0   196708   236068   394676 
103641 codespace ./cli mmap images/4096x4096        0   196712   236070   394616 
%CPU %MEM ARGS Sun Oct  4 21:07:26 UTC 2026
 0.0  0.0 grep --color=auto ./cli       1  2264
18.9  4.8 ./cli mmap images/4096x4096   1 394596
19.3  4.8 ./cli mmap images/4096x4096   0 394612
19.5  4.8 ./cli mmap images/4096x4096   0 394572
19.5  4.8 ./cli mmap images/4096x4096   0 394616
19.5  4.8 ./cli mmap images/4096x4096   0 394676
  PID User     Command                         Swap      USS      PSS      RSS 
108698 codespace /usr/bin/python3 /usr/bin/s        0    12088    12318    14648 
103649 codespace ./cli mmap images/4096x4096        0   196708   236063   394572 
103645 codespace ./cli mmap images/4096x4096        0   196708   236065   394596 
103647 codespace ./cli mmap images/4096x4096        0   196708   236066   394612 
103643 codespace ./cli mmap images/4096x4096        0   196708   236068   394676 
103641 codespace ./cli mmap images/4096x4096        0   196712   236070   394616 
%CPU %MEM ARGS Sun Oct  4 21:07:27 UTC 2026
 0.0  0.0 grep --color=auto ./cli       0  2176
18.9  4.8 ./cli mmap images/4096x4096   1 394596
19.3  4.8 ./cli mmap images/4096x4096   1 394612
19.5  4.8 ./cli mmap images/4096x4096   1 394572
19.5  4.8 ./cli mmap images/4096x4096   0 394616
19.5  4.8 ./cli mmap images/4096x4096   1 394676
  PID User     Command                         Swap      USS      PSS      RSS 
108709 codespace /usr/bin/python3 /usr/bin/s        0    12084    12307    14568 
103649 codespace ./cli mmap images/4096x4096        0   196708   236063   394572 
103645 codespace ./cli mmap images/4096x4096        0   196708   236064   394596 
103647 codespace ./cli mmap images/4096x4096        0   196708   236065   394612 
103643 codespace ./cli mmap images/4096x4096        0   196708   236068   394676 
103641 codespace ./cli mmap images/4096x4096        0   196712   236070   394616 
%CPU %MEM ARGS Sun Oct  4 21:07:28 UTC 2026
 0.0  0.0 grep --color=auto ./cli       1  2304
18.9  4.8 ./cli mmap images/4096x4096   1 394596
19.3  4.8 ./cli mmap images/4096x4096   0 394612
19.5  4.8 ./cli mmap images/4096x4096   1 394572
19.5  4.8 ./cli mmap images/4096x4096   1 394616
19.5  4.8 ./cli mmap images/4096x4096   1 394676
  PID User     Command                         Swap      USS      PSS      RSS 
108732 codespace /usr/bin/python3 /usr/bin/s        0    12100    12313    14536 
103649 codespace ./cli mmap images/4096x4096        0   196708   236063   394572 
103645 codespace ./cli mmap images/4096x4096        0   196708   236065   394596 
103647 codespace ./cli mmap images/4096x4096        0   196708   236066   394612 
103643 codespace ./cli mmap images/4096x4096        0   196708   236068   394676 
103641 codespace ./cli mmap images/4096x4096        0   196712   236070   394616 
%CPU %MEM ARGS Sun Oct  4 21:07:29 UTC 2026
 0.0  0.0 grep --color=auto ./cli       1  2184
18.9  4.8 ./cli mmap images/4096x4096   1 394596
19.3  4.8 ./cli mmap images/4096x4096   1 394612
19.4  4.8 ./cli mmap images/4096x4096   1 394572
19.5  4.8 ./cli mmap images/4096x4096   1 394616
19.5  4.8 ./cli mmap images/4096x4096   1 394676
  PID User     Command                         Swap      USS      PSS      RSS 
108738 codespace /usr/bin/python3 /usr/bin/s        0    12100    12321    14580 
103649 codespace ./cli mmap images/4096x4096        0   196708   236063   394572 
103645 codespace ./cli mmap images/4096x4096        0   196708   236065   394596 
103647 codespace ./cli mmap images/4096x4096        0   196708   236066   394612 
103643 codespace ./cli mmap images/4096x4096        0   196708   236069   394676 
103641 codespace ./cli mmap images/4096x4096        0   196712   236070   394616 
%CPU %MEM ARGS Sun Oct  4 21:07:30 UTC 2026
 0.0  0.0 grep --color=auto ./cli       0  2168
18.9  4.8 ./cli mmap images/4096x4096   1 394596
19.3  4.8 ./cli mmap images/4096x4096   0 394612
19.4  4.8 ./cli mmap images/4096x4096   0 394572
19.5  4.8 ./cli mmap images/4096x4096   0 394616
19.5  4.8 ./cli mmap images/4096x4096   0 394676
  PID User     Command                         Swap      USS      PSS      RSS 
108744 codespace /usr/bin/python3 /usr/bin/s        0    12104    12315    14536 
103649 codespace ./cli mmap images/4096x4096        0   196708   236063   394572 
103645 codespace ./cli mmap images/4096x4096        0   196708   236065   394596 
103647 codespace ./cli mmap images/4096x4096        0   196708   236066   394612 
103643 codespace ./cli mmap images/4096x4096        0   196708   236068   394676 
103641 codespace ./cli mmap images/4096x4096        0   196712   236070   394616 
%CPU %MEM ARGS Sun Oct  4 21:07:31 UTC 2026
 0.0  0.0 grep --color=auto ./cli       0  2248
18.9  4.8 ./cli mmap images/4096x4096   0 394596
19.3  4.8 ./cli mmap images/4096x4096   0 394612
19.4  4.8 ./cli mmap images/4096x4096   1 394572
19.5  4.8 ./cli mmap images/4096x4096   0 394616
19.5  4.8 ./cli mmap images/4096x4096   0 394676
  PID User     Command                         Swap      USS      PSS      RSS 
108750 codespace /usr/bin/python3 /usr/bin/s        0    12088    12312    14556 
103649 codespace ./cli mmap images/4096x4096        0   196708   236063   394572 
103645 codespace ./cli mmap images/4096x4096        0   196708   236065   394596 
103647 codespace ./cli mmap images/4096x4096        0   196708   236066   394612 
103643 codespace ./cli mmap images/4096x4096        0   196708   236068   394676 
103641 codespace ./cli mmap images/4096x4096        0   196712   236070   394616 
%CPU %MEM ARGS Sun Oct  4 21:07:32 UTC 2026
 0.0  0.0 grep --color=auto ./cli       0  2156
18.9  4.8 ./cli mmap images/4096x4096   1 394596
19.3  4.8 ./cli mmap images/4096x4096   0 394612
19.5  4.8 ./cli mmap images/4096x4096   1 394572
19.5  4.8 ./cli mmap images/4096x4096   1 394616
19.5  4.8 ./cli mmap images/4096x4096   1 394676
  PID User     Command                         Swap      USS      PSS      RSS 
108760 codespace /usr/bin/python3 /usr/bin/s        0    12088    12306    14504 
103649 codespace ./cli mmap images/4096x4096        0   196708   236063   394572 
103645 codespace ./cli mmap images/4096x4096        0   196708   236065   394596 
103647 codespace ./cli mmap images/4096x4096        0   196708   236066   394612 
103643 codespace ./cli mmap images/4096x4096        0   196708   236068   394676 
103641 codespace ./cli mmap images/4096x4096        0   196712   236070   394616 
%CPU %MEM ARGS Sun Oct  4 21:07:33 UTC 2026
 0.0  0.0 grep --color=auto ./cli       0  2176
18.9  4.8 ./cli mmap images/4096x4096   0 394596
19.3  4.8 ./cli mmap images/4096x4096   0 394612
19.5  4.8 ./cli mmap images/4096x4096   1 394572
19.5  4.8 ./cli mmap images/4096x4096   0 394616
19.5  4.8 ./cli mmap images/4096x4096   0 394676
  PID User     Command                         Swap      USS      PSS      RSS 
108775 codespace /usr/bin/python3 /usr/bin/s        0    12092    12293    14476 
103649 codespace ./cli mmap images/4096x4096        0   196708   236063   394572 
103645 codespace ./cli mmap images/4096x4096        0   196708   236065   394596 
103647 codespace ./cli mmap images/4096x4096        0   196708   236066   394612 
103643 codespace ./cli mmap images/4096x4096        0   196708   236068   394676 
103641 codespace ./cli mmap images/4096x4096        0   196712   236070   394616 
%CPU %MEM ARGS Sun Oct  4 21:07:34 UTC 2026
 0.0  0.0 grep --color=auto ./cli       0  2160
18.9  4.8 ./cli mmap images/4096x4096   0 394596
19.3  4.8 ./cli mmap images/4096x4096   0 394612
19.4  4.8 ./cli mmap images/4096x4096   0 394616
19.5  4.8 ./cli mmap images/4096x4096   0 394572
19.5  4.8 ./cli mmap images/4096x4096   1 394676
  PID User     Command                         Swap      USS      PSS      RSS 
108781 codespace /usr/bin/python3 /usr/bin/s        0    12092    12311    14508 
103649 codespace ./cli mmap images/4096x4096        0   196708   236063   394572 
103645 codespace ./cli mmap images/4096x4096        0   196708   236065   394596 
103647 codespace ./cli mmap images/4096x4096        0   196708   236066   394612 
103643 codespace ./cli mmap images/4096x4096        0   196708   236068   394676 
103641 codespace ./cli mmap images/4096x4096        0   196712   236070   394616 
%CPU %MEM ARGS Sun Oct  4 21:07:35 UTC 2026
 0.0  0.0 grep --color=auto ./cli       0  2160
18.9  4.8 ./cli mmap images/4096x4096   1 394596
19.3  4.8 ./cli mmap images/4096x4096   0 394612
19.4  4.8 ./cli mmap images/4096x4096   0 394616
19.5  4.8 ./cli mmap images/4096x4096   0 394572
19.5  4.8 ./cli mmap images/4096x4096   0 394676
  PID User     Command                         Swap      USS      PSS      RSS 
108787 codespace /usr/bin/python3 /usr/bin/s        0    11992    12233    14572 
103649 codespace ./cli mmap images/4096x4096        0   196708   236061   394572 
103645 codespace ./cli mmap images/4096x4096        0   196708   236063   394596 
103647 codespace ./cli mmap images/4096x4096        0   196708   236064   394612 
103643 codespace ./cli mmap images/4096x4096        0   196708   236066   394676 
103641 codespace ./cli mmap images/4096x4096        0   196712   236068   394616 
%CPU %MEM ARGS Sun Oct  4 21:07:36 UTC 2026
 0.0  0.0 grep --color=auto ./cli       1  2164
18.9  4.8 ./cli mmap images/4096x4096   1 394596
19.3  4.8 ./cli mmap images/4096x4096   0 394612
19.4  4.8 ./cli mmap images/4096x4096   1 394616
19.4  4.8 ./cli mmap images/4096x4096   0 394572
19.5  4.8 ./cli mmap images/4096x4096   1 394676
  PID User     Command                         Swap      USS      PSS      RSS 
108802 codespace /usr/bin/python3 /usr/bin/s        0    12096    12312    14512 
103649 codespace ./cli mmap images/4096x4096        0   196708   236063   394572 
103645 codespace ./cli mmap images/4096x4096        0   196708   236065   394596 
103647 codespace ./cli mmap images/4096x4096        0   196708   236066   394612 
103643 codespace ./cli mmap images/4096x4096        0   196708   236067   394676 
103641 codespace ./cli mmap images/4096x4096        0   196712   236070   394616 
%CPU %MEM ARGS Sun Oct  4 21:07:37 UTC 2026
 0.0  0.0 grep --color=auto ./cli       1  2152
18.9  4.8 ./cli mmap images/4096x4096   1 394596
19.3  4.8 ./cli mmap images/4096x4096   1 394612
19.4  4.8 ./cli mmap images/4096x4096   0 394616
19.4  4.8 ./cli mmap images/4096x4096   1 394572
19.5  4.8 ./cli mmap images/4096x4096   1 394676
  PID User     Command                         Swap      USS      PSS      RSS 
108815 codespace /usr/bin/python3 /usr/bin/s        0    12032    12286    14580 
103649 codespace ./cli mmap images/4096x4096        0   196708   236062   394572 
103645 codespace ./cli mmap images/4096x4096        0   196708   236065   394596 
103647 codespace ./cli mmap images/4096x4096        0   196708   236066   394612 
103643 codespace ./cli mmap images/4096x4096        0   196708   236068   394676 
103641 codespace ./cli mmap images/4096x4096        0   196712   236070   394616 
%CPU %MEM ARGS Sun Oct  4 21:07:38 UTC 2026
 0.0  0.0 grep --color=auto ./cli       1  1956
18.9  4.8 ./cli mmap images/4096x4096   1 394596
19.3  4.8 ./cli mmap images/4096x4096   1 394612
19.4  4.8 ./cli mmap images/4096x4096   1 394616
19.5  4.8 ./cli mmap images/4096x4096   1 394572
19.5  4.8 ./cli mmap images/4096x4096   1 394676
  PID User     Command                         Swap      USS      PSS      RSS 
108830 codespace /usr/bin/python3 /usr/bin/s        0    12088    12309    14568 
103649 codespace ./cli mmap images/4096x4096        0   196708   236063   394572 
103645 codespace ./cli mmap images/4096x4096        0   196708   236064   394596 
103647 codespace ./cli mmap images/4096x4096        0   196708   236066   394612 
103643 codespace ./cli mmap images/4096x4096        0   196708   236067   394676 
103641 codespace ./cli mmap images/4096x4096        0   196712   236069   394616 
%CPU %MEM ARGS Sun Oct  4 21:07:39 UTC 2026
 0.0  0.0 grep --color=auto ./cli       1  2200
18.9  4.8 ./cli mmap images/4096x4096   1 394596
19.3  4.8 ./cli mmap images/4096x4096   0 394612
19.4  4.8 ./cli mmap images/4096x4096   0 394616
19.5  4.8 ./cli mmap images/4096x4096   1 394572
19.5  4.8 ./cli mmap images/4096x4096   0 394676
  PID User     Command                         Swap      USS      PSS      RSS 
108857 codespace /usr/bin/python3 /usr/bin/s        0    12084    12302    14500 
103649 codespace ./cli mmap images/4096x4096        0   196708   236063   394572 
103645 codespace ./cli mmap images/4096x4096        0   196708   236065   394596 
103647 codespace ./cli mmap images/4096x4096        0   196708   236066   394612 
103643 codespace ./cli mmap images/4096x4096        0   196708   236068   394676 
103641 codespace ./cli mmap images/4096x4096        0   196712   236070   394616 
%CPU %MEM ARGS Sun Oct  4 21:07:40 UTC 2026
 0.0  0.0 grep --color=auto ./cli       0  2212
18.9  4.8 ./cli mmap images/4096x4096   1 394596
19.3  4.8 ./cli mmap images/4096x4096   1 394612
19.4  4.8 ./cli mmap images/4096x4096   1 394616
19.5  4.8 ./cli mmap images/4096x4096   1 394572
19.5  4.8 ./cli mmap images/4096x4096   0 394676
  PID User     Command                         Swap      USS      PSS      RSS 
108866 codespace /usr/bin/python3 /usr/bin/s        0    12112    12326    14556 
103649 codespace ./cli mmap images/4096x4096        0   196708   236063   394572 
103645 codespace ./cli mmap images/4096x4096        0   196708   236065   394596 
103647 codespace ./cli mmap images/4096x4096        0   196708   236066   394612 
103643 codespace ./cli mmap images/4096x4096        0   196708   236068   394676 
103641 codespace ./cli mmap images/4096x4096        0   196712   236070   394616 
%CPU %MEM ARGS Sun Oct  4 21:07:41 UTC 2026
 0.0  0.0 grep --color=auto ./cli       0  2332
18.9  4.8 ./cli mmap images/4096x4096   0 394596
19.3  4.8 ./cli mmap images/4096x4096   1 394612
19.4  4.8 ./cli mmap images/4096x4096   0 394616
19.4  4.8 ./cli mmap images/4096x4096   0 394572
19.5  4.8 ./cli mmap images/4096x4096   0 394676
  PID User     Command                         Swap      USS      PSS      RSS 
108872 codespace /usr/bin/python3 /usr/bin/s        0    12112    12330    14624 
103649 codespace ./cli mmap images/4096x4096        0   196708   236063   394572 
103645 codespace ./cli mmap images/4096x4096        0   196708   236065   394596 
103647 codespace ./cli mmap images/4096x4096        0   196708   236066   394612 
103643 codespace ./cli mmap images/4096x4096        0   196708   236068   394676 
103641 codespace ./cli mmap images/4096x4096        0   196712   236070   394616 
%CPU %MEM ARGS Sun Oct  4 21:07:42 UTC 2026
 0.0  0.0 grep --color=auto ./cli       0  2252
18.9  4.8 ./cli mmap images/4096x4096   0 394596
19.3  4.8 ./cli mmap images/4096x4096   1 394612
19.4  4.8 ./cli mmap images/4096x4096   0 394616
19.4  4.8 ./cli mmap images/4096x4096   0 394572
19.5  4.8 ./cli mmap images/4096x4096   0 394676
  PID User     Command                         Swap      USS      PSS      RSS 
108878 codespace /usr/bin/python3 /usr/bin/s        0    12136    12348    14580 
103649 codespace ./cli mmap images/4096x4096        0   196708   236063   394572 
103645 codespace ./cli mmap images/4096x4096        0   196708   236065   394596 
103647 codespace ./cli mmap images/4096x4096        0   196708   236066   394612 
103643 codespace ./cli mmap images/4096x4096        0   196708   236068   394676 
103641 codespace ./cli mmap images/4096x4096        0   196712   236070   394616 
%CPU %MEM ARGS Sun Oct  4 21:07:43 UTC 2026
 0.0  0.0 grep --color=auto ./cli       0  2180
18.9  4.8 ./cli mmap images/4096x4096   0 394596
19.3  4.8 ./cli mmap images/4096x4096   0 394612
19.4  4.8 ./cli mmap images/4096x4096   1 394616
19.4  4.8 ./cli mmap images/4096x4096   0 394572
19.5  4.8 ./cli mmap images/4096x4096   1 394676
  PID User     Command                         Swap      USS      PSS      RSS 
108884 codespace /usr/bin/python3 /usr/bin/s        0    12088    12274    14484 
103649 codespace ./cli mmap images/4096x4096        0   196708   236062   394572 
103645 codespace ./cli mmap images/4096x4096        0   196708   236064   394596 
103647 codespace ./cli mmap images/4096x4096        0   196708   236065   394612 
103643 codespace ./cli mmap images/4096x4096        0   196708   236068   394676 
103641 codespace ./cli mmap images/4096x4096        0   196712   236070   394616 
%CPU %MEM ARGS Sun Oct  4 21:07:44 UTC 2026
 0.0  0.0 grep --color=auto ./cli       1  2180
18.9  4.8 ./cli mmap images/4096x4096   1 394596
19.3  4.8 ./cli mmap images/4096x4096   1 394612
19.4  4.8 ./cli mmap images/4096x4096   1 394616
19.4  4.8 ./cli mmap images/4096x4096   1 394572
19.5  4.8 ./cli mmap images/4096x4096   0 394676
  PID User     Command                         Swap      USS      PSS      RSS 
108892 codespace /usr/bin/python3 /usr/bin/s        0    12084    12265    14572 
103649 codespace ./cli mmap images/4096x4096        0   196708   236061   394572 
103645 codespace ./cli mmap images/4096x4096        0   196708   236062   394596 
103647 codespace ./cli mmap images/4096x4096        0   196708   236064   394612 
103643 codespace ./cli mmap images/4096x4096        0   196708   236067   394676 
103641 codespace ./cli mmap images/4096x4096        0   196712   236069   394616 
%CPU %MEM ARGS Sun Oct  4 21:07:45 UTC 2026
 0.0  0.0 grep --color=auto ./cli       1  2160
18.9  4.8 ./cli mmap images/4096x4096   1 394596
19.3  4.8 ./cli mmap images/4096x4096   0 394612
19.4  4.8 ./cli mmap images/4096x4096   1 394616
19.4  4.8 ./cli mmap images/4096x4096   0 394572
19.5  4.8 ./cli mmap images/4096x4096   1 394676
  PID User     Command                         Swap      USS      PSS      RSS 
108914 codespace /usr/bin/python3 /usr/bin/s        0    12100    12276    14552 
103649 codespace ./cli mmap images/4096x4096        0   196708   236061   394572 
103645 codespace ./cli mmap images/4096x4096        0   196708   236063   394596 
103647 codespace ./cli mmap images/4096x4096        0   196708   236063   394612 
103643 codespace ./cli mmap images/4096x4096        0   196708   236065   394676 
103641 codespace ./cli mmap images/4096x4096        0   196712   236067   394616 
%CPU %MEM ARGS Sun Oct  4 21:07:45 UTC 2026
 0.0  0.0 grep --color=auto ./cli       0  2176
18.9  4.8 ./cli mmap images/4096x4096   1 394596
19.3  4.8 ./cli mmap images/4096x4096   0 394612
19.4  4.8 ./cli mmap images/4096x4096   1 394616
19.4  4.8 ./cli mmap images/4096x4096   1 394572
19.5  4.8 ./cli mmap images/4096x4096   1 394676
  PID User     Command                         Swap      USS      PSS      RSS 
108919 codespace /usr/bin/python3 /usr/bin/s        0    12084    12279    14540 
103649 codespace ./cli mmap images/4096x4096        0   196708   236062   394572 
103645 codespace ./cli mmap images/4096x4096        0   196708   236064   394596 
103647 codespace ./cli mmap images/4096x4096        0   196708   236065   394612 
103643 codespace ./cli mmap images/4096x4096        0   196708   236067   394676 
103641 codespace ./cli mmap images/4096x4096        0   196712   236069   394616 
%CPU %MEM ARGS Sun Oct  4 21:07:46 UTC 2026
 0.0  0.0 grep --color=auto ./cli       0  2160
18.9  4.8 ./cli mmap images/4096x4096   1 394596
19.3  4.8 ./cli mmap images/4096x4096   1 394612
19.4  4.8 ./cli mmap images/4096x4096   1 394616
19.4  4.8 ./cli mmap images/4096x4096   1 394572
19.4  4.8 ./cli mmap images/4096x4096   1 394676
  PID User     Command                         Swap      USS      PSS      RSS 
108933 codespace /usr/bin/python3 /usr/bin/s        0    12084    12280    14568 
103649 codespace ./cli mmap images/4096x4096        0   196708   236062   394572 
103645 codespace ./cli mmap images/4096x4096        0   196708   236064   394596 
103647 codespace ./cli mmap images/4096x4096        0   196708   236065   394612 
103643 codespace ./cli mmap images/4096x4096        0   196708   236067   394676 
103641 codespace ./cli mmap images/4096x4096        0   196712   236069   394616 
%CPU %MEM ARGS Sun Oct  4 21:07:47 UTC 2026
 0.0  0.0 grep --color=auto ./cli       0  2156
18.9  4.8 ./cli mmap images/4096x4096   1 394596
19.3  4.8 ./cli mmap images/4096x4096   1 394612
19.4  4.8 ./cli mmap images/4096x4096   1 394616
19.4  4.8 ./cli mmap images/4096x4096   1 394572
19.4  4.8 ./cli mmap images/4096x4096   1 394676
  PID User     Command                         Swap      USS      PSS      RSS 
108942 codespace /usr/bin/python3 /usr/bin/s        0    12128    12325    14616 
103649 codespace ./cli mmap images/4096x4096        0   196708   236062   394572 
103645 codespace ./cli mmap images/4096x4096        0   196708   236064   394596 
103647 codespace ./cli mmap images/4096x4096        0   196708   236065   394612 
103643 codespace ./cli mmap images/4096x4096        0   196708   236068   394676 
103641 codespace ./cli mmap images/4096x4096        0   196712   236069   394616 
%CPU %MEM ARGS Sun Oct  4 21:07:48 UTC 2026
 0.0  0.0 grep --color=auto ./cli       1  2180
18.9  4.8 ./cli mmap images/4096x4096   1 394596
19.3  4.8 ./cli mmap images/4096x4096   1 394612
19.4  4.8 ./cli mmap images/4096x4096   0 394616
19.4  4.8 ./cli mmap images/4096x4096   1 394572
19.4  4.8 ./cli mmap images/4096x4096   1 394676
  PID User     Command                         Swap      USS      PSS      RSS 
108952 codespace /usr/bin/python3 /usr/bin/s        0    12096    12263    14548 
103649 codespace ./cli mmap images/4096x4096        0   196708   236059   394572 
103645 codespace ./cli mmap images/4096x4096        0   196708   236061   394596 
103647 codespace ./cli mmap images/4096x4096        0   196708   236063   394612 
103643 codespace ./cli mmap images/4096x4096        0   196708   236064   394676 
103641 codespace ./cli mmap images/4096x4096        0   196712   236066   394616 
%CPU %MEM ARGS Sun Oct  4 21:07:49 UTC 2026
 0.0  0.0 grep --color=auto ./cli       0  2192
18.9  4.8 ./cli mmap images/4096x4096   1 394596
19.3  4.8 ./cli mmap images/4096x4096   0 394612
19.4  4.8 ./cli mmap images/4096x4096   1 394616
19.4  4.8 ./cli mmap images/4096x4096   0 394572
19.4  4.8 ./cli mmap images/4096x4096   0 394676
  PID User     Command                         Swap      USS      PSS      RSS 
108984 codespace /usr/bin/python3 /usr/bin/s        0    12116    12308    14604 
103649 codespace ./cli mmap images/4096x4096        0   196708   236062   394572 
103645 codespace ./cli mmap images/4096x4096        0   196708   236064   394596 
103647 codespace ./cli mmap images/4096x4096        0   196708   236065   394612 
103643 codespace ./cli mmap images/4096x4096        0   196708   236067   394676 
103641 codespace ./cli mmap images/4096x4096        0   196712   236069   394616 
%CPU %MEM ARGS Sun Oct  4 21:07:50 UTC 2026
 0.0  0.0 grep --color=auto ./cli       1  2212
18.9  4.8 ./cli mmap images/4096x4096   0 394596
19.3  4.8 ./cli mmap images/4096x4096   0 394612
19.4  4.8 ./cli mmap images/4096x4096   0 394572
19.4  4.8 ./cli mmap images/4096x4096   1 394616
19.4  4.8 ./cli mmap images/4096x4096   0 394676
  PID User     Command                         Swap      USS      PSS      RSS 
109003 codespace /usr/bin/python3 /usr/bin/s        0    12088    12279    14508 
103649 codespace ./cli mmap images/4096x4096        0   196708   236062   394572 
103645 codespace ./cli mmap images/4096x4096        0   196708   236064   394596 
103647 codespace ./cli mmap images/4096x4096        0   196708   236065   394612 
103643 codespace ./cli mmap images/4096x4096        0   196708   236067   394676 
103641 codespace ./cli mmap images/4096x4096        0   196712   236069   394616 
%CPU %MEM ARGS Sun Oct  4 21:07:51 UTC 2026
 0.0  0.0 grep --color=auto ./cli       0  2248
18.9  4.8 ./cli mmap images/4096x4096   0 394596
19.3  4.8 ./cli mmap images/4096x4096   0 394612
19.4  4.8 ./cli mmap images/4096x4096   0 394572
19.4  4.8 ./cli mmap images/4096x4096   0 394616
19.4  4.8 ./cli mmap images/4096x4096   0 394676
  PID User     Command                         Swap      USS      PSS      RSS 
109009 codespace /usr/bin/python3 /usr/bin/s        0    12088    12281    14508 
103649 codespace ./cli mmap images/4096x4096        0   196708   236062   394572 
103645 codespace ./cli mmap images/4096x4096        0   196708   236064   394596 
103647 codespace ./cli mmap images/4096x4096        0   196708   236065   394612 
103643 codespace ./cli mmap images/4096x4096        0   196708   236067   394676 
103641 codespace ./cli mmap images/4096x4096        0   196712   236069   394616 
%CPU %MEM ARGS Sun Oct  4 21:07:51 UTC 2026
 0.0  0.0 grep --color=auto ./cli       1  2252
18.9  4.8 ./cli mmap images/4096x4096   1 394596
19.3  4.8 ./cli mmap images/4096x4096   0 394612
19.4  4.8 ./cli mmap images/4096x4096   0 394572
19.4  4.8 ./cli mmap images/4096x4096   0 394616
19.4  4.8 ./cli mmap images/4096x4096   0 394676
  PID User     Command                         Swap      USS      PSS      RSS 
109014 codespace /usr/bin/python3 /usr/bin/s        0    12088    12282    14508 
103649 codespace ./cli mmap images/4096x4096        0   196708   236062   394572 
103645 codespace ./cli mmap images/4096x4096        0   196708   236064   394596 
103647 codespace ./cli mmap images/4096x4096        0   196708   236065   394612 
103643 codespace ./cli mmap images/4096x4096        0   196708   236067   394676 
103641 codespace ./cli mmap images/4096x4096        0   196712   236069   394616 
%CPU %MEM ARGS Sun Oct  4 21:07:52 UTC 2026
 0.0  0.0 grep --color=auto ./cli       0  2160
18.9  4.8 ./cli mmap images/4096x4096   1 394596
19.3  4.8 ./cli mmap images/4096x4096   0 394612
19.4  4.8 ./cli mmap images/4096x4096   0 394572
19.4  4.8 ./cli mmap images/4096x4096   0 394616
19.4  4.8 ./cli mmap images/4096x4096   0 394676
  PID User     Command                         Swap      USS      PSS      RSS 
109020 codespace /usr/bin/python3 /usr/bin/s        0    12096    12287    14544 
103649 codespace ./cli mmap images/4096x4096        0   196708   236062   394572 
103645 codespace ./cli mmap images/4096x4096        0   196708   236064   394596 
103647 codespace ./cli mmap images/4096x4096        0   196708   236065   394612 
103643 codespace ./cli mmap images/4096x4096        0   196708   236067   394676 
103641 codespace ./cli mmap images/4096x4096        0   196712   236069   394616 
%CPU %MEM ARGS Sun Oct  4 21:07:53 UTC 2026
 0.0  0.0 grep --color=auto ./cli       0  2296
18.9  4.8 ./cli mmap images/4096x4096   1 394596
19.3  4.8 ./cli mmap images/4096x4096   0 394612
19.4  4.8 ./cli mmap images/4096x4096   0 394572
19.4  4.8 ./cli mmap images/4096x4096   0 394616
19.4  4.8 ./cli mmap images/4096x4096   0 394676
  PID User     Command                         Swap      USS      PSS      RSS 
109036 codespace /usr/bin/python3 /usr/bin/s        0    12084    12263    14504 
103649 codespace ./cli mmap images/4096x4096        0   196708   236061   394572 
103645 codespace ./cli mmap images/4096x4096        0   196708   236062   394596 
103647 codespace ./cli mmap images/4096x4096        0   196708   236063   394612 
103643 codespace ./cli mmap images/4096x4096        0   196708   236065   394676 
103641 codespace ./cli mmap images/4096x4096        0   196712   236067   394616 
%CPU %MEM ARGS Sun Oct  4 21:07:54 UTC 2026
 0.0  0.0 grep --color=auto ./cli       1  2160
18.9  4.8 ./cli mmap images/4096x4096   1 394596
19.3  4.8 ./cli mmap images/4096x4096   1 394612
19.4  4.8 ./cli mmap images/4096x4096   1 394616
19.4  4.8 ./cli mmap images/4096x4096   1 394676
19.4  4.8 ./cli mmap images/4096x4096   0 394572
  PID User     Command                         Swap      USS      PSS      RSS 
109053 codespace /usr/bin/python3 /usr/bin/s        0    12100    12287    14528 
103649 codespace ./cli mmap images/4096x4096        0   196708   236062   394572 
103645 codespace ./cli mmap images/4096x4096        0   196708   236064   394596 
103647 codespace ./cli mmap images/4096x4096        0   196708   236065   394612 
103643 codespace ./cli mmap images/4096x4096        0   196708   236067   394676 
103641 codespace ./cli mmap images/4096x4096        0   196712   236069   394616 
%CPU %MEM ARGS Sun Oct  4 21:07:55 UTC 2026
 0.0  0.0 grep --color=auto ./cli       1  2176
18.9  4.8 ./cli mmap images/4096x4096   1 394596
19.3  4.8 ./cli mmap images/4096x4096   1 394612
19.4  4.8 ./cli mmap images/4096x4096   1 394616
19.4  4.8 ./cli mmap images/4096x4096   1 394676
19.4  4.8 ./cli mmap images/4096x4096   0 394572
  PID User     Command                         Swap      USS      PSS      RSS 
109059 codespace /usr/bin/python3 /usr/bin/s        0    12084    12266    14552 
103649 codespace ./cli mmap images/4096x4096        0   196708   236062   394572 
103645 codespace ./cli mmap images/4096x4096        0   196708   236064   394596 
103647 codespace ./cli mmap images/4096x4096        0   196708   236065   394612 
103643 codespace ./cli mmap images/4096x4096        0   196708   236067   394676 
103641 codespace ./cli mmap images/4096x4096        0   196712   236069   394616 
%CPU %MEM ARGS Sun Oct  4 21:07:56 UTC 2026
 0.0  0.0 grep --color=auto ./cli       1  2184
18.9  4.8 ./cli mmap images/4096x4096   1 394596
19.3  4.8 ./cli mmap images/4096x4096   0 394612
19.4  4.8 ./cli mmap images/4096x4096   0 394616
19.4  4.8 ./cli mmap images/4096x4096   1 394676
19.4  4.8 ./cli mmap images/4096x4096   0 394572
  PID User     Command                         Swap      USS      PSS      RSS 
109071 codespace /usr/bin/python3 /usr/bin/s        0    12096    12287    14544 
103649 codespace ./cli mmap images/4096x4096        0   196708   236062   394572 
103645 codespace ./cli mmap images/4096x4096        0   196708   236064   394596 
103647 codespace ./cli mmap images/4096x4096        0   196708   236065   394612 
103643 codespace ./cli mmap images/4096x4096        0   196708   236067   394676 
103641 codespace ./cli mmap images/4096x4096        0   196712   236069   394616 
%CPU %MEM ARGS Sun Oct  4 21:07:57 UTC 2026
 0.0  0.0 grep --color=auto ./cli       1  2300
18.9  4.8 ./cli mmap images/4096x4096   0 394596
19.3  4.8 ./cli mmap images/4096x4096   1 394612
19.4  4.8 ./cli mmap images/4096x4096   1 394676
19.4  4.8 ./cli mmap images/4096x4096   1 394616
19.4  4.8 ./cli mmap images/4096x4096   1 394572
  PID User     Command                         Swap      USS      PSS      RSS 
109077 codespace /usr/bin/python3 /usr/bin/s        0    12080    12276    14552 
103649 codespace ./cli mmap images/4096x4096        0   196708   236062   394572 
103645 codespace ./cli mmap images/4096x4096        0   196708   236064   394596 
103647 codespace ./cli mmap images/4096x4096        0   196708   236065   394612 
103643 codespace ./cli mmap images/4096x4096        0   196708   236067   394676 
103641 codespace ./cli mmap images/4096x4096        0   196712   236069   394616 
%CPU %MEM ARGS Sun Oct  4 21:07:58 UTC 2026
 0.0  0.0 grep --color=auto ./cli       1  2196
18.9  4.8 ./cli mmap images/4096x4096   0 394596
19.3  4.8 ./cli mmap images/4096x4096   0 394612
19.4  4.8 ./cli mmap images/4096x4096   0 394616
19.4  4.8 ./cli mmap images/4096x4096   0 394676
19.4  4.8 ./cli mmap images/4096x4096   0 394572
  PID User     Command                         Swap      USS      PSS      RSS 
109083 codespace /usr/bin/python3 /usr/bin/s        0    12100    12282    14584 
103649 codespace ./cli mmap images/4096x4096        0   196708   236061   394572 
103645 codespace ./cli mmap images/4096x4096        0   196708   236062   394596 
103647 codespace ./cli mmap images/4096x4096        0   196708   236063   394612 
103643 codespace ./cli mmap images/4096x4096        0   196708   236066   394676 
103641 codespace ./cli mmap images/4096x4096        0   196712   236068   394616 
%CPU %MEM ARGS Sun Oct  4 21:07:58 UTC 2026
 0.0  0.0 grep --color=auto ./cli       1  2176
18.9  4.8 ./cli mmap images/4096x4096   0 394596
19.3  4.8 ./cli mmap images/4096x4096   1 394612
19.4  4.8 ./cli mmap images/4096x4096   1 394616
19.4  4.8 ./cli mmap images/4096x4096   1 394676
19.4  4.8 ./cli mmap images/4096x4096   0 394572
  PID User     Command                         Swap      USS      PSS      RSS 
109099 codespace /usr/bin/python3 /usr/bin/s        0    12092    12275    14508 
103649 codespace ./cli mmap images/4096x4096        0   196708   236062   394572 
103645 codespace ./cli mmap images/4096x4096        0   196708   236064   394596 
103647 codespace ./cli mmap images/4096x4096        0   196708   236065   394612 
103643 codespace ./cli mmap images/4096x4096        0   196708   236066   394676 
103641 codespace ./cli mmap images/4096x4096        0   196712   236068   394616 
%CPU %MEM ARGS Sun Oct  4 21:08:00 UTC 2026
 0.0  0.0 grep --color=auto ./cli       1  2296
18.9  4.8 ./cli mmap images/4096x4096   0 394596
19.3  4.8 ./cli mmap images/4096x4096   1 394612
19.4  4.8 ./cli mmap images/4096x4096   1 394616
19.4  4.8 ./cli mmap images/4096x4096   1 394676
19.4  4.8 ./cli mmap images/4096x4096   0 394572
  PID User     Command                         Swap      USS      PSS      RSS 
109128 codespace /usr/bin/python3 /usr/bin/s        0    12116    12305    14624 
103649 codespace ./cli mmap images/4096x4096        0   196708   236062   394572 
103645 codespace ./cli mmap images/4096x4096        0   196708   236064   394596 
103647 codespace ./cli mmap images/4096x4096        0   196708   236065   394612 
103643 codespace ./cli mmap images/4096x4096        0   196708   236067   394676 
103641 codespace ./cli mmap images/4096x4096        0   196712   236069   394616 
%CPU %MEM ARGS Sun Oct  4 21:08:01 UTC 2026
 0.0  0.0 grep --color=auto ./cli       0  2156
18.9  4.8 ./cli mmap images/4096x4096   0 394596
19.3  4.8 ./cli mmap images/4096x4096   1 394612
19.4  4.8 ./cli mmap images/4096x4096   1 394616
19.4  4.8 ./cli mmap images/4096x4096   0 394676
19.5  4.8 ./cli mmap images/4096x4096   0 394572
  PID User     Command                         Swap      USS      PSS      RSS 
109137 codespace /usr/bin/python3 /usr/bin/s        0    12084    12279    14544 
103649 codespace ./cli mmap images/4096x4096        0   196708   236062   394572 
103645 codespace ./cli mmap images/4096x4096        0   196708   236064   394596 
103647 codespace ./cli mmap images/4096x4096        0   196708   236064   394612 
103643 codespace ./cli mmap images/4096x4096        0   196708   236067   394676 
103641 codespace ./cli mmap images/4096x4096        0   196712   236069   394616 
%CPU %MEM ARGS Sun Oct  4 21:08:02 UTC 2026
 0.0  0.0 grep --color=auto ./cli       0  2200
18.9  4.8 ./cli mmap images/4096x4096   0 394596
19.3  4.8 ./cli mmap images/4096x4096   1 394612
19.4  4.8 ./cli mmap images/4096x4096   1 394616
19.4  4.8 ./cli mmap images/4096x4096   0 394676
19.5  4.8 ./cli mmap images/4096x4096   0 394572
  PID User     Command                         Swap      USS      PSS      RSS 
109153 codespace /usr/bin/python3 /usr/bin/s        0    12088    12280    14508 
103649 codespace ./cli mmap images/4096x4096        0   196708   236062   394572 
103645 codespace ./cli mmap images/4096x4096        0   196708   236064   394596 
103647 codespace ./cli mmap images/4096x4096        0   196708   236065   394612 
103643 codespace ./cli mmap images/4096x4096        0   196708   236067   394676 
103641 codespace ./cli mmap images/4096x4096        0   196712   236069   394616 
%CPU %MEM ARGS Sun Oct  4 21:08:03 UTC 2026
 0.0  0.0 grep --color=auto ./cli       0  2340
18.9  4.8 ./cli mmap images/4096x4096   1 394596
19.3  4.8 ./cli mmap images/4096x4096   0 394612
19.4  4.8 ./cli mmap images/4096x4096   0 394616
19.4  4.8 ./cli mmap images/4096x4096   1 394676
19.4  4.8 ./cli mmap images/4096x4096   0 394572
  PID User     Command                         Swap      USS      PSS      RSS 
109159 codespace /usr/bin/python3 /usr/bin/s        0    12100    12278    14580 
103649 codespace ./cli mmap images/4096x4096        0   196708   236061   394572 
103645 codespace ./cli mmap images/4096x4096        0   196708   236063   394596 
103647 codespace ./cli mmap images/4096x4096        0   196708   236063   394612 
103643 codespace ./cli mmap images/4096x4096        0   196708   236065   394676 
103641 codespace ./cli mmap images/4096x4096        0   196712   236067   394616 
%CPU %MEM ARGS Sun Oct  4 21:08:04 UTC 2026
 0.0  0.0 grep --color=auto ./cli       0  2168
18.9  4.8 ./cli mmap images/4096x4096   0 394596
19.3  4.8 ./cli mmap images/4096x4096   0 394612
19.4  4.8 ./cli mmap images/4096x4096   0 394616
19.4  4.8 ./cli mmap images/4096x4096   1 394676
19.4  4.8 ./cli mmap images/4096x4096   0 394572
  PID User     Command                         Swap      USS      PSS      RSS 
109175 codespace /usr/bin/python3 /usr/bin/s        0    12096    12286    14544 
103649 codespace ./cli mmap images/4096x4096        0   196708   236062   394572 
103645 codespace ./cli mmap images/4096x4096        0   196708   236064   394596 
103647 codespace ./cli mmap images/4096x4096        0   196708   236065   394612 
103643 codespace ./cli mmap images/4096x4096        0   196708   236068   394676 
103641 codespace ./cli mmap images/4096x4096        0   196712   236069   394616 
%CPU %MEM ARGS Sun Oct  4 21:08:05 UTC 2026
 0.0  0.0 grep --color=auto ./cli       1  2160
18.9  4.8 ./cli mmap images/4096x4096   1 394596
19.3  4.8 ./cli mmap images/4096x4096   1 394612
19.3  4.8 ./cli mmap images/4096x4096   1 394616
19.4  4.8 ./cli mmap images/4096x4096   0 394676
19.4  4.8 ./cli mmap images/4096x4096   0 394572
  PID User     Command                         Swap      USS      PSS      RSS 
109185 codespace /usr/bin/python3 /usr/bin/s        0    12092    12287    14576 
103649 codespace ./cli mmap images/4096x4096        0   196708   236062   394572 
103645 codespace ./cli mmap images/4096x4096        0   196708   236064   394596 
103647 codespace ./cli mmap images/4096x4096        0   196708   236065   394612 
103643 codespace ./cli mmap images/4096x4096        0   196708   236067   394676 
103641 codespace ./cli mmap images/4096x4096        0   196712   236069   394616 
%CPU %MEM ARGS Sun Oct  4 21:08:06 UTC 2026
 0.0  0.0 grep --color=auto ./cli       1  2172
18.9  4.8 ./cli mmap images/4096x4096   1 394596
19.3  4.8 ./cli mmap images/4096x4096   1 394612
19.3  4.8 ./cli mmap images/4096x4096   0 394616
19.4  4.8 ./cli mmap images/4096x4096   1 394676
19.5  4.8 ./cli mmap images/4096x4096   1 394572
  PID User     Command                         Swap      USS      PSS      RSS 
109191 codespace /usr/bin/python3 /usr/bin/s        0    12088    12280    14508 
103649 codespace ./cli mmap images/4096x4096        0   196708   236062   394572 
103645 codespace ./cli mmap images/4096x4096        0   196708   236064   394596 
103647 codespace ./cli mmap images/4096x4096        0   196708   236065   394612 
103643 codespace ./cli mmap images/4096x4096        0   196708   236067   394676 
103641 codespace ./cli mmap images/4096x4096        0   196712   236069   394616 
%CPU %MEM ARGS Sun Oct  4 21:08:07 UTC 2026
 0.0  0.0 grep --color=auto ./cli       0  2156
18.9  4.8 ./cli mmap images/4096x4096   0 394596
19.3  4.8 ./cli mmap images/4096x4096   0 394612
19.3  4.8 ./cli mmap images/4096x4096   0 394616
19.4  4.8 ./cli mmap images/4096x4096   1 394676
19.5  4.8 ./cli mmap images/4096x4096   0 394572
  PID User     Command                         Swap      USS      PSS      RSS 
109197 codespace /usr/bin/python3 /usr/bin/s        0    12096    12293    14624 
103649 codespace ./cli mmap images/4096x4096        0   196708   236062   394572 
103645 codespace ./cli mmap images/4096x4096        0   196708   236064   394596 
103647 codespace ./cli mmap images/4096x4096        0   196708   236065   394612 
103643 codespace ./cli mmap images/4096x4096        0   196708   236067   394676 
103641 codespace ./cli mmap images/4096x4096        0   196712   236069   394616 
%CPU %MEM ARGS Sun Oct  4 21:08:08 UTC 2026
 0.0  0.0 grep --color=auto ./cli       1  2252
18.9  4.8 ./cli mmap images/4096x4096   1 394596
19.2  4.8 ./cli mmap images/4096x4096   1 394612
19.3  4.8 ./cli mmap images/4096x4096   1 394616
19.4  4.8 ./cli mmap images/4096x4096   0 394676
19.5  4.8 ./cli mmap images/4096x4096   1 394572
  PID User     Command                         Swap      USS      PSS      RSS 
109209 codespace /usr/bin/python3 /usr/bin/s        0    12096    12268    14544 
103649 codespace ./cli mmap images/4096x4096        0   196708   236061   394572 
103645 codespace ./cli mmap images/4096x4096        0   196708   236064   394596 
103647 codespace ./cli mmap images/4096x4096        0   196708   236064   394612 
103643 codespace ./cli mmap images/4096x4096        0   196708   236068   394676 
103641 codespace ./cli mmap images/4096x4096        0   196712   236069   394616 
%CPU %MEM ARGS Sun Oct  4 21:08:08 UTC 2026
 0.0  0.0 grep --color=auto ./cli       0  2188
18.9  4.8 ./cli mmap images/4096x4096   0 394596
19.2  4.8 ./cli mmap images/4096x4096   0 394612
19.3  4.8 ./cli mmap images/4096x4096   0 394616
19.4  4.8 ./cli mmap images/4096x4096   1 394676
19.5  4.8 ./cli mmap images/4096x4096   0 394572
  PID User     Command                         Swap      USS      PSS      RSS 
109231 codespace /usr/bin/python3 /usr/bin/s        0    12124    12309    14612 
103649 codespace ./cli mmap images/4096x4096        0   196708   236061   394572 
103645 codespace ./cli mmap images/4096x4096        0   196708   236062   394596 
103647 codespace ./cli mmap images/4096x4096        0   196708   236063   394612 
103643 codespace ./cli mmap images/4096x4096        0   196708   236066   394676 
103641 codespace ./cli mmap images/4096x4096        0   196712   236068   394616 
%CPU %MEM ARGS Sun Oct  4 21:08:09 UTC 2026
 0.0  0.0 grep --color=auto ./cli       0  2180
18.9  4.8 ./cli mmap images/4096x4096   1 394596
19.2  4.8 ./cli mmap images/4096x4096   1 394612
19.3  4.8 ./cli mmap images/4096x4096   1 394616
19.4  4.8 ./cli mmap images/4096x4096   0 394676
19.5  4.8 ./cli mmap images/4096x4096   1 394572
  PID User     Command                         Swap      USS      PSS      RSS 
109247 codespace /usr/bin/python3 /usr/bin/s        0    12092    12282    14544 
103649 codespace ./cli mmap images/4096x4096        0   196708   236062   394572 
103645 codespace ./cli mmap images/4096x4096        0   196708   236064   394596 
103647 codespace ./cli mmap images/4096x4096        0   196708   236065   394612 
103643 codespace ./cli mmap images/4096x4096        0   196708   236068   394676 
103641 codespace ./cli mmap images/4096x4096        0   196712   236069   394616 
%CPU %MEM ARGS Sun Oct  4 21:08:10 UTC 2026
 0.0  0.0 grep --color=auto ./cli       1  2204
18.9  4.8 ./cli mmap images/4096x4096   0 394596
19.2  4.8 ./cli mmap images/4096x4096   0 394612
19.3  4.8 ./cli mmap images/4096x4096   0 394616
19.4  4.8 ./cli mmap images/4096x4096   0 394676
19.5  4.8 ./cli mmap images/4096x4096   0 394572
  PID User     Command                         Swap      USS      PSS      RSS 
109266 codespace /usr/bin/python3 /usr/bin/s        0    12092    12277    14508 
103649 codespace ./cli mmap images/4096x4096        0   196708   236063   394572 
103645 codespace ./cli mmap images/4096x4096        0   196708   236064   394596 
103647 codespace ./cli mmap images/4096x4096        0   196708   236065   394612 
103643 codespace ./cli mmap images/4096x4096        0   196708   236067   394676 
103641 codespace ./cli mmap images/4096x4096        0   196712   236069   394616 
%CPU %MEM ARGS Sun Oct  4 21:08:11 UTC 2026
 0.0  0.0 grep --color=auto ./cli       1  2172
18.9  4.8 ./cli mmap images/4096x4096   1 394596
19.2  4.8 ./cli mmap images/4096x4096   1 394612
19.3  4.8 ./cli mmap images/4096x4096   1 394616
19.4  4.8 ./cli mmap images/4096x4096   1 394676
19.5  4.8 ./cli mmap images/4096x4096   0 394572
  PID User     Command                         Swap      USS      PSS      RSS 
109272 codespace /usr/bin/python3 /usr/bin/s        0    12112    12305    14528 
103649 codespace ./cli mmap images/4096x4096        0   196708   236062   394572 
103645 codespace ./cli mmap images/4096x4096        0   196708   236064   394596 
103647 codespace ./cli mmap images/4096x4096        0   196708   236065   394612 
103643 codespace ./cli mmap images/4096x4096        0   196708   236067   394676 
103641 codespace ./cli mmap images/4096x4096        0   196712   236069   394616 
%CPU %MEM ARGS Sun Oct  4 21:08:12 UTC 2026
 0.0  0.0 grep --color=auto ./cli       0  2196
18.9  4.8 ./cli mmap images/4096x4096   0 394596
19.2  4.8 ./cli mmap images/4096x4096   0 394612
19.3  4.8 ./cli mmap images/4096x4096   1 394616
19.4  4.8 ./cli mmap images/4096x4096   1 394676
19.5  4.8 ./cli mmap images/4096x4096   0 394572
  PID User     Command                         Swap      USS      PSS      RSS 
109278 codespace /usr/bin/python3 /usr/bin/s        0    12096    12293    14644 
103649 codespace ./cli mmap images/4096x4096        0   196708   236062   394572 
103645 codespace ./cli mmap images/4096x4096        0   196708   236064   394596 
103647 codespace ./cli mmap images/4096x4096        0   196708   236064   394612 
103643 codespace ./cli mmap images/4096x4096        0   196708   236067   394676 
103641 codespace ./cli mmap images/4096x4096        0   196712   236069   394616 
%CPU %MEM ARGS Sun Oct  4 21:08:13 UTC 2026
 0.0  0.0 grep --color=auto ./cli       0  2200
18.9  4.8 ./cli mmap images/4096x4096   0 394596
19.2  4.8 ./cli mmap images/4096x4096   0 394612
19.3  4.8 ./cli mmap images/4096x4096   0 394616
19.4  4.8 ./cli mmap images/4096x4096   0 394676
19.5  4.8 ./cli mmap images/4096x4096   1 394572
  PID User     Command                         Swap      USS      PSS      RSS 
109300 codespace /usr/bin/python3 /usr/bin/s        0    12108    12292    14580 
103649 codespace ./cli mmap images/4096x4096        0   196708   236061   394572 
103645 codespace ./cli mmap images/4096x4096        0   196708   236063   394596 
103647 codespace ./cli mmap images/4096x4096        0   196708   236063   394612 
103643 codespace ./cli mmap images/4096x4096        0   196708   236065   394676 
103641 codespace ./cli mmap images/4096x4096        0   196712   236067   394616 
%CPU %MEM ARGS Sun Oct  4 21:08:14 UTC 2026
 0.0  0.0 grep --color=auto ./cli       1  2304
18.9  4.8 ./cli mmap images/4096x4096   0 394596
19.2  4.8 ./cli mmap images/4096x4096   0 394612
19.3  4.8 ./cli mmap images/4096x4096   0 394616
19.4  4.8 ./cli mmap images/4096x4096   0 394676
19.5  4.8 ./cli mmap images/4096x4096   0 394572
  PID User     Command                         Swap      USS      PSS      RSS 
109311 codespace /usr/bin/python3 /usr/bin/s        0    12096    12289    14516 
103649 codespace ./cli mmap images/4096x4096        0   196708   236062   394572 
103645 codespace ./cli mmap images/4096x4096        0   196708   236064   394596 
103647 codespace ./cli mmap images/4096x4096        0   196708   236065   394612 
103643 codespace ./cli mmap images/4096x4096        0   196708   236067   394676 
103641 codespace ./cli mmap images/4096x4096        0   196712   236069   394616 
%CPU %MEM ARGS Sun Oct  4 21:08:15 UTC 2026
 0.0  0.0 grep --color=auto ./cli       1  2248
18.9  4.8 ./cli mmap images/4096x4096   1 394596
19.2  4.8 ./cli mmap images/4096x4096   1 394612
19.3  4.8 ./cli mmap images/4096x4096   1 394616
19.4  4.8 ./cli mmap images/4096x4096   0 394676
19.5  4.8 ./cli mmap images/4096x4096   1 394572
  PID User     Command                         Swap      USS      PSS      RSS 
109316 codespace /usr/bin/python3 /usr/bin/s        0    12092    12264    14552 
103649 codespace ./cli mmap images/4096x4096        0   196708   236061   394572 
103645 codespace ./cli mmap images/4096x4096        0   196708   236064   394596 
103647 codespace ./cli mmap images/4096x4096        0   196708   236065   394612 
103643 codespace ./cli mmap images/4096x4096        0   196708   236068   394676 
103641 codespace ./cli mmap images/4096x4096        0   196712   236069   394616 
%CPU %MEM ARGS Sun Oct  4 21:08:16 UTC 2026
 0.0  0.0 grep --color=auto ./cli       1  2156
18.9  4.8 ./cli mmap images/4096x4096   0 394596
19.2  4.8 ./cli mmap images/4096x4096   1 394612
19.3  4.8 ./cli mmap images/4096x4096   1 394616
19.4  4.8 ./cli mmap images/4096x4096   1 394676
19.5  4.8 ./cli mmap images/4096x4096   1 394572
  PID User     Command                         Swap      USS      PSS      RSS 
109328 codespace /usr/bin/python3 /usr/bin/s        0    12084    12280    14540 
103649 codespace ./cli mmap images/4096x4096        0   196708   236062   394572 
103645 codespace ./cli mmap images/4096x4096        0   196708   236064   394596 
103647 codespace ./cli mmap images/4096x4096        0   196708   236065   394612 
103643 codespace ./cli mmap images/4096x4096        0   196708   236067   394676 
103641 codespace ./cli mmap images/4096x4096        0   196712   236069   394616 
%CPU %MEM ARGS Sun Oct  4 21:08:17 UTC 2026
 0.0  0.0 grep --color=auto ./cli       1  2240
18.9  4.8 ./cli mmap images/4096x4096   0 394596
19.2  4.8 ./cli mmap images/4096x4096   1 394612
19.3  4.8 ./cli mmap images/4096x4096   1 394616
19.4  4.8 ./cli mmap images/4096x4096   1 394676
19.5  4.8 ./cli mmap images/4096x4096   1 394572
  PID User     Command                         Swap      USS      PSS      RSS 
109334 codespace /usr/bin/python3 /usr/bin/s        0    12088    12280    14508 
103649 codespace ./cli mmap images/4096x4096        0   196708   236062   394572 
103645 codespace ./cli mmap images/4096x4096        0   196708   236064   394596 
103647 codespace ./cli mmap images/4096x4096        0   196708   236065   394612 
103643 codespace ./cli mmap images/4096x4096        0   196708   236067   394676 
103641 codespace ./cli mmap images/4096x4096        0   196712   236069   394616 
%CPU %MEM ARGS Sun Oct  4 21:08:18 UTC 2026
 0.0  0.0 grep --color=auto ./cli       1  2252
18.9  4.8 ./cli mmap images/4096x4096   0 394596
19.2  4.8 ./cli mmap images/4096x4096   1 394612
19.3  4.8 ./cli mmap images/4096x4096   1 394616
19.4  4.8 ./cli mmap images/4096x4096   1 394676
19.5  4.8 ./cli mmap images/4096x4096   1 394572
  PID User     Command                         Swap      USS      PSS      RSS 
109340 codespace /usr/bin/python3 /usr/bin/s        0    12088    12265    14540 
103649 codespace ./cli mmap images/4096x4096        0   196708   236061   394572 
103645 codespace ./cli mmap images/4096x4096        0   196708   236064   394596 
103647 codespace ./cli mmap images/4096x4096        0   196708   236064   394612 
103643 codespace ./cli mmap images/4096x4096        0   196708   236067   394676 
103641 codespace ./cli mmap images/4096x4096        0   196712   236069   394616 
%CPU %MEM ARGS Sun Oct  4 21:08:18 UTC 2026
 0.0  0.0 grep --color=auto ./cli       1  2160
18.9  4.8 ./cli mmap images/4096x4096   0 394596
19.2  4.8 ./cli mmap images/4096x4096   0 394612
19.3  4.8 ./cli mmap images/4096x4096   0 394616
19.4  4.8 ./cli mmap images/4096x4096   0 394676
19.5  4.8 ./cli mmap images/4096x4096   1 394572
  PID User     Command                         Swap      USS      PSS      RSS 
109362 codespace /usr/bin/python3 /usr/bin/s        0    12108    12284    14556 
103649 codespace ./cli mmap images/4096x4096        0   196708   236061   394572 
103645 codespace ./cli mmap images/4096x4096        0   196708   236063   394596 
103647 codespace ./cli mmap images/4096x4096        0   196708   236064   394612 
103643 codespace ./cli mmap images/4096x4096        0   196708   236065   394676 
103641 codespace ./cli mmap images/4096x4096        0   196712   236068   394616 
%CPU %MEM ARGS Sun Oct  4 21:08:19 UTC 2026
 0.0  0.0 grep --color=auto ./cli       0  2176
18.9  4.8 ./cli mmap images/4096x4096   1 394596
19.2  4.8 ./cli mmap images/4096x4096   0 394612
19.3  4.8 ./cli mmap images/4096x4096   1 394616
19.4  4.8 ./cli mmap images/4096x4096   1 394676
19.5  4.8 ./cli mmap images/4096x4096   1 394572
  PID User     Command                         Swap      USS      PSS      RSS 
109373 codespace /usr/bin/python3 /usr/bin/s        0    12080    12277    14536 
103649 codespace ./cli mmap images/4096x4096        0   196708   236062   394572 
103645 codespace ./cli mmap images/4096x4096        0   196708   236063   394596 
103647 codespace ./cli mmap images/4096x4096        0   196708   236065   394612 
103643 codespace ./cli mmap images/4096x4096        0   196708   236067   394676 
103641 codespace ./cli mmap images/4096x4096        0   196712   236069   394616 
%CPU %MEM ARGS Sun Oct  4 21:08:21 UTC 2026
 0.0  0.0 grep --color=auto ./cli       0  2172
18.9  4.8 ./cli mmap images/4096x4096   1 394596
19.2  4.8 ./cli mmap images/4096x4096   0 394612
19.3  4.8 ./cli mmap images/4096x4096   1 394616
19.4  4.8 ./cli mmap images/4096x4096   1 394676
19.5  4.8 ./cli mmap images/4096x4096   1 394572
  PID User     Command                         Swap      USS      PSS      RSS 
109396 codespace /usr/bin/python3 /usr/bin/s        0    12088    12279    14508 
103649 codespace ./cli mmap images/4096x4096        0   196708   236062   394572 
103645 codespace ./cli mmap images/4096x4096        0   196708   236064   394596 
103647 codespace ./cli mmap images/4096x4096        0   196708   236065   394612 
103643 codespace ./cli mmap images/4096x4096        0   196708   236067   394676 
103641 codespace ./cli mmap images/4096x4096        0   196712   236069   394616 
%CPU %MEM ARGS Sun Oct  4 21:08:22 UTC 2026
 0.0  0.0 grep --color=auto ./cli       0  2212
18.9  4.8 ./cli mmap images/4096x4096   1 394596
19.2  4.8 ./cli mmap images/4096x4096   0 394612
19.3  4.8 ./cli mmap images/4096x4096   0 394616
19.4  4.8 ./cli mmap images/4096x4096   1 394676
19.5  4.8 ./cli mmap images/4096x4096   0 394572
  PID User     Command                         Swap      USS      PSS      RSS 
109402 codespace /usr/bin/python3 /usr/bin/s        0    12088    12283    14508 
103649 codespace ./cli mmap images/4096x4096        0   196708   236062   394572 
103645 codespace ./cli mmap images/4096x4096        0   196708   236064   394596 
103647 codespace ./cli mmap images/4096x4096        0   196708   236065   394612 
103643 codespace ./cli mmap images/4096x4096        0   196708   236067   394676 
103641 codespace ./cli mmap images/4096x4096        0   196712   236069   394616 
%CPU %MEM ARGS Sun Oct  4 21:08:23 UTC 2026
 0.0  0.0 grep --color=auto ./cli       1  2176
19.0  4.8 ./cli mmap images/4096x4096   1 394596
19.2  4.8 ./cli mmap images/4096x4096   0 394612
19.3  4.8 ./cli mmap images/4096x4096   0 394616
19.4  4.8 ./cli mmap images/4096x4096   0 394676
19.4  4.8 ./cli mmap images/4096x4096   0 394572
  PID User     Command                         Swap      USS      PSS      RSS 
109408 codespace /usr/bin/python3 /usr/bin/s        0    12084    12263    14504 
103649 codespace ./cli mmap images/4096x4096        0   196708   236061   394572 
103645 codespace ./cli mmap images/4096x4096        0   196708   236063   394596 
103647 codespace ./cli mmap images/4096x4096        0   196708   236063   394612 
103643 codespace ./cli mmap images/4096x4096        0   196708   236066   394676 
103641 codespace ./cli mmap images/4096x4096        0   196712   236068   394616 
%CPU %MEM ARGS Sun Oct  4 21:08:23 UTC 2026
 0.0  0.0 grep --color=auto ./cli       1  2344
19.0  4.8 ./cli mmap images/4096x4096   0 394596
19.2  4.8 ./cli mmap images/4096x4096   1 394612
19.3  4.8 ./cli mmap images/4096x4096   0 394616
19.4  4.8 ./cli mmap images/4096x4096   0 394676
19.4  4.8 ./cli mmap images/4096x4096   0 394572
  PID User     Command                         Swap      USS      PSS      RSS 
109430 codespace /usr/bin/python3 /usr/bin/s        0    12096    12289    14516 
103649 codespace ./cli mmap images/4096x4096        0   196708   236062   394572 
103643 codespace ./cli mmap images/4096x4096        0   196708   236063   394676 
103645 codespace ./cli mmap images/4096x4096        0   196708   236064   394596 
103647 codespace ./cli mmap images/4096x4096        0   196708   236065   394612 
103641 codespace ./cli mmap images/4096x4096        0   196712   236067   394616 
%CPU %MEM ARGS Sun Oct  4 21:08:25 UTC 2026
 0.0  0.0 grep --color=auto ./cli       1  2308
19.0  4.8 ./cli mmap images/4096x4096   1 394596
19.2  4.8 ./cli mmap images/4096x4096   0 394612
19.2  4.8 ./cli mmap images/4096x4096   0 394616
19.4  4.8 ./cli mmap images/4096x4096   0 394676
19.4  4.8 ./cli mmap images/4096x4096   0 394572
  PID User     Command                         Swap      USS      PSS      RSS 
109458 codespace /usr/bin/python3 /usr/bin/s        0    12136    12359    14624 
103649 codespace ./cli mmap images/4096x4096        0   196708   236063   394572 
103645 codespace ./cli mmap images/4096x4096        0   196708   236065   394596 
103647 codespace ./cli mmap images/4096x4096        0   196708   236066   394612 
103643 codespace ./cli mmap images/4096x4096        0   196708   236068   394676 
103641 codespace ./cli mmap images/4096x4096        0   196712   236070   394616 
%CPU %MEM ARGS Sun Oct  4 21:08:25 UTC 2026
 0.0  0.0 grep --color=auto ./cli       1  2320
19.0  4.8 ./cli mmap images/4096x4096   1 394596
19.2  4.8 ./cli mmap images/4096x4096   1 394612
19.2  4.8 ./cli mmap images/4096x4096   0 394616
19.4  4.8 ./cli mmap images/4096x4096   1 394676
19.4  4.8 ./cli mmap images/4096x4096   1 394572
  PID User     Command                         Swap      USS      PSS      RSS 
109473 codespace /usr/bin/python3 /usr/bin/s        0    12116    12327    14628 
103649 codespace ./cli mmap images/4096x4096        0   196708   236061   394572 
103645 codespace ./cli mmap images/4096x4096        0   196708   236063   394596 
103647 codespace ./cli mmap images/4096x4096        0   196708   236064   394612 
103643 codespace ./cli mmap images/4096x4096        0   196708   236066   394676 
103641 codespace ./cli mmap images/4096x4096        0   196712   236068   394616 
%CPU %MEM ARGS Sun Oct  4 21:08:26 UTC 2026
 0.0  0.0 grep --color=auto ./cli       0  2172
18.9  4.8 ./cli mmap images/4096x4096   1 394596
19.2  4.8 ./cli mmap images/4096x4096   1 394612
19.2  4.8 ./cli mmap images/4096x4096   1 394616
19.4  4.8 ./cli mmap images/4096x4096   1 394676
19.4  4.8 ./cli mmap images/4096x4096   0 394572
  PID User     Command                         Swap      USS      PSS      RSS 
109482 codespace /usr/bin/python3 /usr/bin/s        0    12084    12304    14524 
103649 codespace ./cli mmap images/4096x4096        0   196708   236063   394572 
103645 codespace ./cli mmap images/4096x4096        0   196708   236065   394596 
103647 codespace ./cli mmap images/4096x4096        0   196708   236066   394612 
103643 codespace ./cli mmap images/4096x4096        0   196708   236068   394676 
103641 codespace ./cli mmap images/4096x4096        0   196712   236070   394616 
%CPU %MEM ARGS Sun Oct  4 21:08:27 UTC 2026
 0.0  0.0 grep --color=auto ./cli       0  2212
18.9  4.8 ./cli mmap images/4096x4096   0 394596
19.2  4.8 ./cli mmap images/4096x4096   0 394616
19.3  4.8 ./cli mmap images/4096x4096   1 394612
19.4  4.8 ./cli mmap images/4096x4096   0 394676
19.4  4.8 ./cli mmap images/4096x4096   0 394572
  PID User     Command                         Swap      USS      PSS      RSS 
109487 codespace /usr/bin/python3 /usr/bin/s        0    12092    12302    14480 
103649 codespace ./cli mmap images/4096x4096        0   196708   236063   394572 
103645 codespace ./cli mmap images/4096x4096        0   196708   236065   394596 
103647 codespace ./cli mmap images/4096x4096        0   196708   236066   394612 
103643 codespace ./cli mmap images/4096x4096        0   196708   236068   394676 
103641 codespace ./cli mmap images/4096x4096        0   196712   236070   394616 
%CPU %MEM ARGS Sun Oct  4 21:08:28 UTC 2026
 0.0  0.0 grep --color=auto ./cli       1  2176
18.9  4.8 ./cli mmap images/4096x4096   1 394596
19.2  4.8 ./cli mmap images/4096x4096   1 394616
19.3  4.8 ./cli mmap images/4096x4096   0 394612
19.4  4.8 ./cli mmap images/4096x4096   1 394676
19.4  4.8 ./cli mmap images/4096x4096   0 394572
  PID User     Command                         Swap      USS      PSS      RSS 
109501 codespace /usr/bin/python3 /usr/bin/s        0    12092    12297    14508 
103649 codespace ./cli mmap images/4096x4096        0   196708   236062   394572 
103645 codespace ./cli mmap images/4096x4096        0   196708   236064   394596 
103647 codespace ./cli mmap images/4096x4096        0   196708   236064   394612 
103643 codespace ./cli mmap images/4096x4096        0   196708   236067   394676 
103641 codespace ./cli mmap images/4096x4096        0   196712   236068   394616 
%CPU %MEM ARGS Sun Oct  4 21:08:29 UTC 2026
 0.0  0.0 grep --color=auto ./cli       1  2184
18.9  4.8 ./cli mmap images/4096x4096   1 394596
19.2  4.8 ./cli mmap images/4096x4096   1 394616
19.3  4.8 ./cli mmap images/4096x4096   0 394612
19.4  4.8 ./cli mmap images/4096x4096   1 394676
19.4  4.8 ./cli mmap images/4096x4096   1 394572
  PID User     Command                         Swap      USS      PSS      RSS 
109508 codespace /usr/bin/python3 /usr/bin/s        0    12140    12370    14616 
103649 codespace ./cli mmap images/4096x4096        0   196708   236064   394572 
103645 codespace ./cli mmap images/4096x4096        0   196708   236067   394596 
103647 codespace ./cli mmap images/4096x4096        0   196708   236068   394612 
103643 codespace ./cli mmap images/4096x4096        0   196708   236070   394676 
103641 codespace ./cli mmap images/4096x4096        0   196712   236072   394616 
%CPU %MEM ARGS Sun Oct  4 21:08:30 UTC 2026
 0.0  0.0 grep --color=auto ./cli       0  2304
18.9  4.8 ./cli mmap images/4096x4096   0 394596
19.2  4.8 ./cli mmap images/4096x4096   0 394616
19.3  4.8 ./cli mmap images/4096x4096   0 394612
19.4  4.8 ./cli mmap images/4096x4096   0 394676
19.4  4.8 ./cli mmap images/4096x4096   1 394572
  PID User     Command                         Swap      USS      PSS      RSS 
109524 codespace /usr/bin/python3 /usr/bin/s        0    12116    12339    14544 
103645 codespace ./cli mmap images/4096x4096        0   196708   236065   394596 
103649 codespace ./cli mmap images/4096x4096        0   196708   236065   394572 
103647 codespace ./cli mmap images/4096x4096        0   196708   236068   394612 
103643 codespace ./cli mmap images/4096x4096        0   196708   236070   394676 
103641 codespace ./cli mmap images/4096x4096        0   196712   236072   394616 
%CPU %MEM ARGS Sun Oct  4 21:08:31 UTC 2026
 0.0  0.0 grep --color=auto ./cli       0  2184
18.9  4.8 ./cli mmap images/4096x4096   1 394596
19.2  4.8 ./cli mmap images/4096x4096   1 394616
19.3  4.8 ./cli mmap images/4096x4096   1 394612
19.3  4.8 ./cli mmap images/4096x4096   1 394676
19.4  4.8 ./cli mmap images/4096x4096   1 394572
  PID User     Command                         Swap      USS      PSS      RSS 
109551 codespace /usr/bin/python3 /usr/bin/s        0    12104    12334    14548 
103649 codespace ./cli mmap images/4096x4096        0   196708   236064   394572 
103645 codespace ./cli mmap images/4096x4096        0   196708   236067   394596 
103647 codespace ./cli mmap images/4096x4096        0   196708   236068   394612 
103643 codespace ./cli mmap images/4096x4096        0   196708   236070   394676 
103641 codespace ./cli mmap images/4096x4096        0   196712   236072   394616 
%CPU %MEM ARGS Sun Oct  4 21:08:32 UTC 2026
 0.0  0.0 grep --color=auto ./cli       0  2160
18.9  4.8 ./cli mmap images/4096x4096   1 394596
19.2  4.8 ./cli mmap images/4096x4096   1 394616
19.3  4.8 ./cli mmap images/4096x4096   1 394612
19.3  4.8 ./cli mmap images/4096x4096   1 394676
19.4  4.8 ./cli mmap images/4096x4096   1 394572
  PID User     Command                         Swap      USS      PSS      RSS 
109557 codespace /usr/bin/python3 /usr/bin/s        0    12100    12332    14572 
103649 codespace ./cli mmap images/4096x4096        0   196708   236064   394572 
103645 codespace ./cli mmap images/4096x4096        0   196708   236067   394596 
103647 codespace ./cli mmap images/4096x4096        0   196708   236067   394612 
103643 codespace ./cli mmap images/4096x4096        0   196708   236070   394676 
103641 codespace ./cli mmap images/4096x4096        0   196712   236072   394616 
%CPU %MEM ARGS Sun Oct  4 21:08:33 UTC 2026
 0.0  0.0 grep --color=auto ./cli       1  2184
18.9  4.8 ./cli mmap images/4096x4096   1 394596
19.2  4.8 ./cli mmap images/4096x4096   1 394616
19.2  4.8 ./cli mmap images/4096x4096   1 394612
19.3  4.8 ./cli mmap images/4096x4096   1 394676
19.4  4.8 ./cli mmap images/4096x4096   0 394572
  PID User     Command                         Swap      USS      PSS      RSS 
109563 codespace /usr/bin/python3 /usr/bin/s        0    12096    12328    14544 
103649 codespace ./cli mmap images/4096x4096        0   196708   236065   394572 
103645 codespace ./cli mmap images/4096x4096        0   196708   236067   394596 
103647 codespace ./cli mmap images/4096x4096        0   196708   236068   394612 
103643 codespace ./cli mmap images/4096x4096        0   196708   236070   394676 
103641 codespace ./cli mmap images/4096x4096        0   196712   236072   394616 
%CPU %MEM ARGS Sun Oct  4 21:08:34 UTC 2026
 0.0  0.0 grep --color=auto ./cli       0  2152
18.9  4.8 ./cli mmap images/4096x4096   1 394596
19.2  4.8 ./cli mmap images/4096x4096   1 394616
19.2  4.8 ./cli mmap images/4096x4096   0 394612
19.3  4.8 ./cli mmap images/4096x4096   1 394676
19.4  4.8 ./cli mmap images/4096x4096   1 394572
  PID User     Command                         Swap      USS      PSS      RSS 
109569 codespace /usr/bin/python3 /usr/bin/s        0    12092    12323    14504 
103649 codespace ./cli mmap images/4096x4096        0   196708   236064   394572 
103645 codespace ./cli mmap images/4096x4096        0   196708   236067   394596 
103647 codespace ./cli mmap images/4096x4096        0   196708   236067   394612 
103643 codespace ./cli mmap images/4096x4096        0   196708   236070   394676 
103641 codespace ./cli mmap images/4096x4096        0   196712   236072   394616 
%CPU %MEM ARGS Sun Oct  4 21:08:34 UTC 2026
 0.0  0.0 grep --color=auto ./cli       1  2152
18.9  4.8 ./cli mmap images/4096x4096   0 394596
19.2  4.8 ./cli mmap images/4096x4096   0 394616
19.2  4.8 ./cli mmap images/4096x4096   1 394612
19.3  4.8 ./cli mmap images/4096x4096   1 394676
19.4  4.8 ./cli mmap images/4096x4096   1 394572
  PID User     Command                         Swap      USS      PSS      RSS 
109574 codespace /usr/bin/python3 /usr/bin/s        0    12088    12329    14556 
103649 codespace ./cli mmap images/4096x4096        0   196708   236065   394572 
103645 codespace ./cli mmap images/4096x4096        0   196708   236067   394596 
103647 codespace ./cli mmap images/4096x4096        0   196708   236067   394612 
103643 codespace ./cli mmap images/4096x4096        0   196708   236070   394676 
103641 codespace ./cli mmap images/4096x4096        0   196712   236072   394616 
%CPU %MEM ARGS Sun Oct  4 21:08:35 UTC 2026
 0.0  0.0 grep --color=auto ./cli       0  2160
18.9  4.8 ./cli mmap images/4096x4096   0 394596
19.2  4.8 ./cli mmap images/4096x4096   0 394616
19.2  4.8 ./cli mmap images/4096x4096   0 394612
19.3  4.8 ./cli mmap images/4096x4096   1 394676
19.4  4.8 ./cli mmap images/4096x4096   0 394572
  PID User     Command                         Swap      USS      PSS      RSS 
109580 codespace /usr/bin/python3 /usr/bin/s        0    12092    12303    14544 
103649 codespace ./cli mmap images/4096x4096        0   196708   236063   394572 
103647 codespace ./cli mmap images/4096x4096        0   196708   236066   394612 
103645 codespace ./cli mmap images/4096x4096        0   196708   236067   394596 
103643 codespace ./cli mmap images/4096x4096        0   196708   236070   394676 
103641 codespace ./cli mmap images/4096x4096        0   196712   236072   394616 
%CPU %MEM ARGS Sun Oct  4 21:08:36 UTC 2026
 0.0  0.0 grep --color=auto ./cli       1  2196
19.0  4.8 ./cli mmap images/4096x4096   0 394596
19.2  4.8 ./cli mmap images/4096x4096   1 394616
19.2  4.8 ./cli mmap images/4096x4096   0 394612
19.3  4.8 ./cli mmap images/4096x4096   1 394676
19.4  4.8 ./cli mmap images/4096x4096   1 394572
  PID User     Command                         Swap      USS      PSS      RSS 
109592 codespace /usr/bin/python3 /usr/bin/s        0    12092    12329    14508 
103649 codespace ./cli mmap images/4096x4096        0   196708   236065   394572 
103645 codespace ./cli mmap images/4096x4096        0   196708   236067   394596 
103647 codespace ./cli mmap images/4096x4096        0   196708   236067   394612 
103643 codespace ./cli mmap images/4096x4096        0   196708   236070   394676 
103641 codespace ./cli mmap images/4096x4096        0   196712   236071   394616 
%CPU %MEM ARGS Sun Oct  4 21:08:37 UTC 2026
 0.0  0.0 grep --color=auto ./cli       0  2172
19.0  4.8 ./cli mmap images/4096x4096   1 394596
19.2  4.8 ./cli mmap images/4096x4096   0 394616
19.2  4.8 ./cli mmap images/4096x4096   1 394612
19.3  4.8 ./cli mmap images/4096x4096   0 394676
19.4  4.8 ./cli mmap images/4096x4096   0 394572
  PID User     Command                         Swap      USS      PSS      RSS 
109598 codespace /usr/bin/python3 /usr/bin/s        0    12096    12335    14544 
103649 codespace ./cli mmap images/4096x4096        0   196708   236065   394572 
103645 codespace ./cli mmap images/4096x4096        0   196708   236067   394596 
103647 codespace ./cli mmap images/4096x4096        0   196708   236068   394612 
103643 codespace ./cli mmap images/4096x4096        0   196708   236070   394676 
103641 codespace ./cli mmap images/4096x4096        0   196712   236072   394616 
%CPU %MEM ARGS Sun Oct  4 21:08:38 UTC 2026
 0.0  0.0 grep --color=auto ./cli       0  2164
19.0  4.8 ./cli mmap images/4096x4096   0 394596
19.2  4.8 ./cli mmap images/4096x4096   0 394616
19.2  4.8 ./cli mmap images/4096x4096   0 394612
19.3  4.8 ./cli mmap images/4096x4096   0 394676
19.4  4.8 ./cli mmap images/4096x4096   1 394572
  PID User     Command                         Swap      USS      PSS      RSS 
109607 codespace /usr/bin/python3 /usr/bin/s        0    12112    12359    14620 
103649 codespace ./cli mmap images/4096x4096        0   196708   236065   394572 
103645 codespace ./cli mmap images/4096x4096        0   196708   236067   394596 
103647 codespace ./cli mmap images/4096x4096        0   196708   236068   394612 
103643 codespace ./cli mmap images/4096x4096        0   196708   236070   394676 
103641 codespace ./cli mmap images/4096x4096        0   196712   236072   394616 
%CPU %MEM ARGS Sun Oct  4 21:08:39 UTC 2026
 0.0  0.0 grep --color=auto ./cli       0  2212
18.9  4.8 ./cli mmap images/4096x4096   0 394596
19.2  4.8 ./cli mmap images/4096x4096   1 394616
19.2  4.8 ./cli mmap images/4096x4096   0 394612
19.3  4.8 ./cli mmap images/4096x4096   0 394676
19.4  4.8 ./cli mmap images/4096x4096   0 394572
  PID User     Command                         Swap      USS      PSS      RSS 
109616 codespace /usr/bin/python3 /usr/bin/s        0    12092    12320    14484 
103649 codespace ./cli mmap images/4096x4096        0   196708   236064   394572 
103645 codespace ./cli mmap images/4096x4096        0   196708   236067   394596 
103647 codespace ./cli mmap images/4096x4096        0   196708   236067   394612 
103643 codespace ./cli mmap images/4096x4096        0   196708   236070   394676 
103641 codespace ./cli mmap images/4096x4096        0   196712   236071   394616 
%CPU %MEM ARGS Sun Oct  4 21:08:40 UTC 2026
 0.0  0.0 grep --color=auto ./cli       0  2152
18.9  4.8 ./cli mmap images/4096x4096   0 394596
19.2  4.8 ./cli mmap images/4096x4096   0 394616
19.2  4.8 ./cli mmap images/4096x4096   0 394612
19.3  4.8 ./cli mmap images/4096x4096   0 394676
19.4  4.8 ./cli mmap images/4096x4096   0 394572
  PID User     Command                         Swap      USS      PSS      RSS 
109622 codespace /usr/bin/python3 /usr/bin/s        0    12108    12353    14612 
103649 codespace ./cli mmap images/4096x4096        0   196708   236065   394572 
103645 codespace ./cli mmap images/4096x4096        0   196708   236067   394596 
103647 codespace ./cli mmap images/4096x4096        0   196708   236067   394612 
103643 codespace ./cli mmap images/4096x4096        0   196708   236070   394676 
103641 codespace ./cli mmap images/4096x4096        0   196712   236072   394616 
%CPU %MEM ARGS Sun Oct  4 21:08:40 UTC 2026
 0.0  0.0 grep --color=auto ./cli       1  2252
18.9  4.8 ./cli mmap images/4096x4096   0 394596
19.2  4.8 ./cli mmap images/4096x4096   0 394616
19.3  4.8 ./cli mmap images/4096x4096   1 394612
19.3  4.8 ./cli mmap images/4096x4096   0 394676
19.4  4.8 ./cli mmap images/4096x4096   0 394572
  PID User     Command                         Swap      USS      PSS      RSS 
109627 codespace /usr/bin/python3 /usr/bin/s        0    12092    12329    14508 
103649 codespace ./cli mmap images/4096x4096        0   196708   236065   394572 
103645 codespace ./cli mmap images/4096x4096        0   196708   236067   394596 
103647 codespace ./cli mmap images/4096x4096        0   196708   236067   394612 
103643 codespace ./cli mmap images/4096x4096        0   196708   236070   394676 
103641 codespace ./cli mmap images/4096x4096        0   196712   236071   394616 
%CPU %MEM ARGS Sun Oct  4 21:08:41 UTC 2026
 0.0  0.0 grep --color=auto ./cli       0  2180
18.9  4.8 ./cli mmap images/4096x4096   0 394596
19.2  4.8 ./cli mmap images/4096x4096   1 394616
19.3  4.8 ./cli mmap images/4096x4096   1 394612
19.3  4.8 ./cli mmap images/4096x4096   1 394676
19.4  4.8 ./cli mmap images/4096x4096   1 394572
  PID User     Command                         Swap      USS      PSS      RSS 
109645 codespace /usr/bin/python3 /usr/bin/s        0    12120    12351    14648 
103649 codespace ./cli mmap images/4096x4096        0   196708   236064   394572 
103645 codespace ./cli mmap images/4096x4096        0   196708   236067   394596 
103647 codespace ./cli mmap images/4096x4096        0   196708   236068   394612 
103643 codespace ./cli mmap images/4096x4096        0   196708   236070   394676 
103641 codespace ./cli mmap images/4096x4096        0   196712   236072   394616 
%CPU %MEM ARGS Sun Oct  4 21:08:42 UTC 2026
 0.0  0.0 grep --color=auto ./cli       0  2172
18.9  4.8 ./cli mmap images/4096x4096   0 394596
19.2  4.8 ./cli mmap images/4096x4096   1 394616
19.3  4.8 ./cli mmap images/4096x4096   0 394612
19.3  4.8 ./cli mmap images/4096x4096   0 394676
19.4  4.8 ./cli mmap images/4096x4096   0 394572
  PID User     Command                         Swap      USS      PSS      RSS 
109663 codespace /usr/bin/python3 /usr/bin/s        0    12096    12330    14568 
103649 codespace ./cli mmap images/4096x4096        0   196708   236064   394572 
103645 codespace ./cli mmap images/4096x4096        0   196708   236067   394596 
103647 codespace ./cli mmap images/4096x4096        0   196708   236067   394612 
103643 codespace ./cli mmap images/4096x4096        0   196708   236070   394676 
103641 codespace ./cli mmap images/4096x4096        0   196712   236072   394616 
%CPU %MEM ARGS Sun Oct  4 21:08:43 UTC 2026
 0.0  0.0 grep --color=auto ./cli       0  2208
18.9  4.8 ./cli mmap images/4096x4096   1 394596
19.2  4.8 ./cli mmap images/4096x4096   0 394616
19.3  4.8 ./cli mmap images/4096x4096   1 394612
19.3  4.8 ./cli mmap images/4096x4096   0 394676
19.4  4.8 ./cli mmap images/4096x4096   0 394572
  PID User     Command                         Swap      USS      PSS      RSS 
109669 codespace /usr/bin/python3 /usr/bin/s        0    12140    12370    14616 
103649 codespace ./cli mmap images/4096x4096        0   196708   236064   394572 
103645 codespace ./cli mmap images/4096x4096        0   196708   236067   394596 
103647 codespace ./cli mmap images/4096x4096        0   196708   236068   394612 
103643 codespace ./cli mmap images/4096x4096        0   196708   236070   394676 
103641 codespace ./cli mmap images/4096x4096        0   196712   236072   394616 
%CPU %MEM ARGS Sun Oct  4 21:08:44 UTC 2026
 0.0  0.0 grep --color=auto ./cli       0  2156
19.0  4.8 ./cli mmap images/4096x4096   1 394596
19.2  4.8 ./cli mmap images/4096x4096   0 394616
19.3  4.8 ./cli mmap images/4096x4096   0 394612
19.3  4.8 ./cli mmap images/4096x4096   0 394676
19.4  4.8 ./cli mmap images/4096x4096   0 394572
  PID User     Command                         Swap      USS      PSS      RSS 
109675 codespace /usr/bin/python3 /usr/bin/s        0    12084    12330    14552 
103647 codespace ./cli mmap images/4096x4096        0   196708   236064   394612 
103649 codespace ./cli mmap images/4096x4096        0   196708   236065   394572 
103645 codespace ./cli mmap images/4096x4096        0   196708   236066   394596 
103643 codespace ./cli mmap images/4096x4096        0   196708   236070   394676 
103641 codespace ./cli mmap images/4096x4096        0   196712   236072   394616 
%CPU %MEM ARGS Sun Oct  4 21:08:45 UTC 2026
 0.0  0.0 grep --color=auto ./cli       0  2344
19.0  4.8 ./cli mmap images/4096x4096   1 394596
19.2  4.8 ./cli mmap images/4096x4096   1 394616
19.2  4.8 ./cli mmap images/4096x4096   1 394612
19.3  4.8 ./cli mmap images/4096x4096   1 394676
19.4  4.8 ./cli mmap images/4096x4096   1 394572
  PID User     Command                         Swap      USS      PSS      RSS 
109687 codespace /usr/bin/python3 /usr/bin/s        0    12092    12323    14568 
103649 codespace ./cli mmap images/4096x4096        0   196708   236065   394572 
103645 codespace ./cli mmap images/4096x4096        0   196708   236067   394596 
103647 codespace ./cli mmap images/4096x4096        0   196708   236068   394612 
103643 codespace ./cli mmap images/4096x4096        0   196708   236070   394676 
103641 codespace ./cli mmap images/4096x4096        0   196712   236072   394616 
%CPU %MEM ARGS Sun Oct  4 21:08:46 UTC 2026
 0.0  0.0 grep --color=auto ./cli       0  2200
19.0  4.8 ./cli mmap images/4096x4096   1 394596
19.2  4.8 ./cli mmap images/4096x4096   0 394616
19.2  4.8 ./cli mmap images/4096x4096   1 394612
19.3  4.8 ./cli mmap images/4096x4096   1 394676
19.4  4.8 ./cli mmap images/4096x4096   1 394572
  PID User     Command                         Swap      USS      PSS      RSS 
109693 codespace /usr/bin/python3 /usr/bin/s        0    12092    12323    14504 
103649 codespace ./cli mmap images/4096x4096        0   196708   236064   394572 
103645 codespace ./cli mmap images/4096x4096        0   196708   236067   394596 
103647 codespace ./cli mmap images/4096x4096        0   196708   236067   394612 
103643 codespace ./cli mmap images/4096x4096        0   196708   236070   394676 
103641 codespace ./cli mmap images/4096x4096        0   196712   236072   394616 
%CPU %MEM ARGS Sun Oct  4 21:08:46 UTC 2026
 0.0  0.0 grep --color=auto ./cli       1  2168
19.0  4.8 ./cli mmap images/4096x4096   1 394596
19.2  4.8 ./cli mmap images/4096x4096   0 394616
19.2  4.8 ./cli mmap images/4096x4096   1 394612
19.3  4.8 ./cli mmap images/4096x4096   1 394676
19.4  4.8 ./cli mmap images/4096x4096   1 394572
  PID User     Command                         Swap      USS      PSS      RSS 
109699 codespace /usr/bin/python3 /usr/bin/s        0    12132    12353    14624 
103649 codespace ./cli mmap images/4096x4096        0   196708   236064   394572 
103645 codespace ./cli mmap images/4096x4096        0   196708   236065   394596 
103643 codespace ./cli mmap images/4096x4096        0   196708   236068   394676 
103647 codespace ./cli mmap images/4096x4096        0   196708   236068   394612 
103641 codespace ./cli mmap images/4096x4096        0   196712   236070   394616 
%CPU %MEM ARGS Sun Oct  4 21:08:48 UTC 2026
 0.0  0.0 grep --color=auto ./cli       1  2308
19.0  4.8 ./cli mmap images/4096x4096   0 394596
19.2  4.8 ./cli mmap images/4096x4096   0 394612
19.2  4.8 ./cli mmap images/4096x4096   1 394616
19.3  4.8 ./cli mmap images/4096x4096   0 394676
19.4  4.8 ./cli mmap images/4096x4096   0 394572
  PID User     Command                         Swap      USS      PSS      RSS 
109711 codespace /usr/bin/python3 /usr/bin/s        0    12092    12331    14568 
103649 codespace ./cli mmap images/4096x4096        0   196708   236065   394572 
103645 codespace ./cli mmap images/4096x4096        0   196708   236067   394596 
103647 codespace ./cli mmap images/4096x4096        0   196708   236067   394612 
103643 codespace ./cli mmap images/4096x4096        0   196708   236070   394676 
103641 codespace ./cli mmap images/4096x4096        0   196712   236072   394616 
%CPU %MEM ARGS Sun Oct  4 21:08:49 UTC 2026
 0.0  0.0 grep --color=auto ./cli       1  2304
19.0  4.8 ./cli mmap images/4096x4096   0 394596
19.2  4.8 ./cli mmap images/4096x4096   0 394616
19.3  4.8 ./cli mmap images/4096x4096   1 394612
19.3  4.8 ./cli mmap images/4096x4096   0 394676
19.4  4.8 ./cli mmap images/4096x4096   0 394572
  PID User     Command                         Swap      USS      PSS      RSS 
109717 codespace /usr/bin/python3 /usr/bin/s        0    12088    12323    14504 
103649 codespace ./cli mmap images/4096x4096        0   196708   236065   394572 
103645 codespace ./cli mmap images/4096x4096        0   196708   236067   394596 
103647 codespace ./cli mmap images/4096x4096        0   196708   236067   394612 
103643 codespace ./cli mmap images/4096x4096        0   196708   236070   394676 
103641 codespace ./cli mmap images/4096x4096        0   196712   236071   394616 
%CPU %MEM ARGS Sun Oct  4 21:08:50 UTC 2026
 0.0  0.0 grep --color=auto ./cli       1  2212
19.0  4.8 ./cli mmap images/4096x4096   0 394596
19.2  4.8 ./cli mmap images/4096x4096   0 394616
19.3  4.8 ./cli mmap images/4096x4096   0 394676
19.3  4.8 ./cli mmap images/4096x4096   1 394612
19.4  4.8 ./cli mmap images/4096x4096   0 394572
  PID User     Command                         Swap      USS      PSS      RSS 
109723 codespace /usr/bin/python3 /usr/bin/s        0    12096    12328    14552 
103649 codespace ./cli mmap images/4096x4096        0   196708   236065   394572 
103645 codespace ./cli mmap images/4096x4096        0   196708   236067   394596 
103647 codespace ./cli mmap images/4096x4096        0   196708   236068   394612 
103643 codespace ./cli mmap images/4096x4096        0   196708   236070   394676 
103641 codespace ./cli mmap images/4096x4096        0   196712   236072   394616 
%CPU %MEM ARGS Sun Oct  4 21:08:50 UTC 2026
 0.0  0.0 grep --color=auto ./cli       1  2252
19.0  4.8 ./cli mmap images/4096x4096   1 394596
19.2  4.8 ./cli mmap images/4096x4096   0 394616
19.3  4.8 ./cli mmap images/4096x4096   1 394676
19.3  4.8 ./cli mmap images/4096x4096   1 394612
19.4  4.8 ./cli mmap images/4096x4096   0 394572
  PID User     Command                         Swap      USS      PSS      RSS 
109729 codespace /usr/bin/python3 /usr/bin/s        0    12100    12338    14544 
103649 codespace ./cli mmap images/4096x4096        0   196708   236065   394572 
103645 codespace ./cli mmap images/4096x4096        0   196708   236067   394596 
103647 codespace ./cli mmap images/4096x4096        0   196708   236068   394612 
103643 codespace ./cli mmap images/4096x4096        0   196708   236070   394676 
103641 codespace ./cli mmap images/4096x4096        0   196712   236072   394616 
%CPU %MEM ARGS Sun Oct  4 21:08:52 UTC 2026
 0.0  0.0 grep --color=auto ./cli       1  2340
19.0  4.8 ./cli mmap images/4096x4096   1 394596
19.2  4.8 ./cli mmap images/4096x4096   0 394616
19.3  4.8 ./cli mmap images/4096x4096   1 394676
19.3  4.8 ./cli mmap images/4096x4096   1 394612
19.4  4.8 ./cli mmap images/4096x4096   1 394572
  PID User     Command                         Swap      USS      PSS      RSS 
109735 codespace /usr/bin/python3 /usr/bin/s        0    12100    12313    14600 
103649 codespace ./cli mmap images/4096x4096        0   196708   236063   394572 
103647 codespace ./cli mmap images/4096x4096        0   196708   236066   394612 
103645 codespace ./cli mmap images/4096x4096        0   196708   236067   394596 
103643 codespace ./cli mmap images/4096x4096        0   196708   236070   394676 
103641 codespace ./cli mmap images/4096x4096        0   196712   236072   394616 
%CPU %MEM ARGS Sun Oct  4 21:08:52 UTC 2026
 0.0  0.0 grep --color=auto ./cli       0  2300
19.0  4.8 ./cli mmap images/4096x4096   1 394596
19.2  4.8 ./cli mmap images/4096x4096   0 394616
19.3  4.8 ./cli mmap images/4096x4096   1 394676
19.3  4.8 ./cli mmap images/4096x4096   1 394612
19.4  4.8 ./cli mmap images/4096x4096   0 394572
  PID User     Command                         Swap      USS      PSS      RSS 
109761 codespace /usr/bin/python3 /usr/bin/s        0    12100    12328    14540 
103645 codespace ./cli mmap images/4096x4096        0   196708   236065   394596 
103647 codespace ./cli mmap images/4096x4096        0   196708   236065   394612 
103649 codespace ./cli mmap images/4096x4096        0   196708   236065   394572 
103643 codespace ./cli mmap images/4096x4096        0   196708   236070   394676 
103641 codespace ./cli mmap images/4096x4096        0   196712   236072   394616 
%CPU %MEM ARGS Sun Oct  4 21:08:54 UTC 2026
 0.0  0.0 grep --color=auto ./cli       0  2176
19.0  4.8 ./cli mmap images/4096x4096   1 394596
19.2  4.8 ./cli mmap images/4096x4096   0 394616
19.2  4.8 ./cli mmap images/4096x4096   0 394676
19.3  4.8 ./cli mmap images/4096x4096   0 394612
19.4  4.8 ./cli mmap images/4096x4096   0 394572
  PID User     Command                         Swap      USS      PSS      RSS 
109777 codespace /usr/bin/python3 /usr/bin/s        0    12124    12349    14620 
103649 codespace ./cli mmap images/4096x4096        0   196708   236065   394572 
103645 codespace ./cli mmap images/4096x4096        0   196708   236067   394596 
103647 codespace ./cli mmap images/4096x4096        0   196708   236068   394612 
103643 codespace ./cli mmap images/4096x4096        0   196708   236070   394676 
103641 codespace ./cli mmap images/4096x4096        0   196712   236072   394616 
%CPU %MEM ARGS Sun Oct  4 21:08:55 UTC 2026
 0.0  0.0 grep --color=auto ./cli       0  2156
19.0  4.8 ./cli mmap images/4096x4096   0 394596
19.2  4.8 ./cli mmap images/4096x4096   1 394616
19.2  4.8 ./cli mmap images/4096x4096   0 394676
19.3  4.8 ./cli mmap images/4096x4096   0 394612
19.4  4.8 ./cli mmap images/4096x4096   0 394572
  PID User     Command                         Swap      USS      PSS      RSS 
109783 codespace /usr/bin/python3 /usr/bin/s        0    12104    12333    14552 
103649 codespace ./cli mmap images/4096x4096        0   196708   236065   394572 
103645 codespace ./cli mmap images/4096x4096        0   196708   236067   394596 
103647 codespace ./cli mmap images/4096x4096        0   196708   236068   394612 
103643 codespace ./cli mmap images/4096x4096        0   196708   236070   394676 
103641 codespace ./cli mmap images/4096x4096        0   196712   236072   394616 
%CPU %MEM ARGS Sun Oct  4 21:08:56 UTC 2026
 0.0  0.0 grep --color=auto ./cli       0  2156
19.0  4.8 ./cli mmap images/4096x4096   1 394596
19.2  4.8 ./cli mmap images/4096x4096   1 394676
19.2  4.8 ./cli mmap images/4096x4096   1 394616
19.3  4.8 ./cli mmap images/4096x4096   1 394612
19.4  4.8 ./cli mmap images/4096x4096   1 394572
  PID User     Command                         Swap      USS      PSS      RSS 
109789 codespace /usr/bin/python3 /usr/bin/s        0    12112    12343    14592 
103649 codespace ./cli mmap images/4096x4096        0   196708   236065   394572 
103645 codespace ./cli mmap images/4096x4096        0   196708   236067   394596 
103647 codespace ./cli mmap images/4096x4096        0   196708   236068   394612 
103643 codespace ./cli mmap images/4096x4096        0   196708   236070   394676 
103641 codespace ./cli mmap images/4096x4096        0   196712   236072   394616 
%CPU %MEM ARGS Sun Oct  4 21:08:56 UTC 2026
 0.0  0.0 grep --color=auto ./cli       1  2204
19.0  4.8 ./cli mmap images/4096x4096   1 394596
19.2  4.8 ./cli mmap images/4096x4096   1 394616
19.3  4.8 ./cli mmap images/4096x4096   0 394676
19.3  4.8 ./cli mmap images/4096x4096   1 394612
19.4  4.8 ./cli mmap images/4096x4096   0 394572
  PID User     Command                         Swap      USS      PSS      RSS 
109794 codespace /usr/bin/python3 /usr/bin/s        0    12080    12319    14496 
103649 codespace ./cli mmap images/4096x4096        0   196708   236065   394572 
103645 codespace ./cli mmap images/4096x4096        0   196708   236067   394596 
103647 codespace ./cli mmap images/4096x4096        0   196708   236067   394612 
103643 codespace ./cli mmap images/4096x4096        0   196708   236070   394676 
103641 codespace ./cli mmap images/4096x4096        0   196712   236071   394616 
%CPU %MEM ARGS Sun Oct  4 21:08:57 UTC 2026
 0.0  0.0 grep --color=auto ./cli       0  2296
19.0  4.8 ./cli mmap images/4096x4096   0 394596
19.2  4.8 ./cli mmap images/4096x4096   1 394616
19.3  4.8 ./cli mmap images/4096x4096   1 394676
19.3  4.8 ./cli mmap images/4096x4096   1 394612
19.4  4.8 ./cli mmap images/4096x4096   0 394572
  PID User     Command                         Swap      USS      PSS      RSS 
109800 codespace /usr/bin/python3 /usr/bin/s        0    12172    12402    14648 
103649 codespace ./cli mmap images/4096x4096        0   196708   236064   394572 
103645 codespace ./cli mmap images/4096x4096        0   196708   236067   394596 
103647 codespace ./cli mmap images/4096x4096        0   196708   236068   394612 
103643 codespace ./cli mmap images/4096x4096        0   196708   236070   394676 
103641 codespace ./cli mmap images/4096x4096        0   196712   236072   394616 
%CPU %MEM ARGS Sun Oct  4 21:08:58 UTC 2026
 0.0  0.0 grep --color=auto ./cli       0  2184
19.0  4.8 ./cli mmap images/4096x4096   0 394596
19.2  4.8 ./cli mmap images/4096x4096   1 394616
19.2  4.8 ./cli mmap images/4096x4096   1 394676
19.3  4.8 ./cli mmap images/4096x4096   1 394612
19.4  4.8 ./cli mmap images/4096x4096   1 394572
  PID User     Command                         Swap      USS      PSS      RSS 
109812 codespace /usr/bin/python3 /usr/bin/s        0    12028    12262    14480 
103649 codespace ./cli mmap images/4096x4096        0   196708   236065   394572 
103645 codespace ./cli mmap images/4096x4096        0   196708   236067   394596 
103647 codespace ./cli mmap images/4096x4096        0   196708   236067   394612 
103643 codespace ./cli mmap images/4096x4096        0   196708   236070   394676 
103641 codespace ./cli mmap images/4096x4096        0   196712   236072   394616 
%CPU %MEM ARGS Sun Oct  4 21:08:59 UTC 2026
 0.0  0.0 grep --color=auto ./cli       0  2164
19.0  4.8 ./cli mmap images/4096x4096   0 394596
19.2  4.8 ./cli mmap images/4096x4096   0 394616
19.2  4.8 ./cli mmap images/4096x4096   0 394676
19.3  4.8 ./cli mmap images/4096x4096   0 394612
19.4  4.8 ./cli mmap images/4096x4096   0 394572
  PID User     Command                         Swap      USS      PSS      RSS 
109818 codespace /usr/bin/python3 /usr/bin/s        0    12124    12355    14652 
103649 codespace ./cli mmap images/4096x4096        0   196708   236065   394572 
103645 codespace ./cli mmap images/4096x4096        0   196708   236067   394596 
103647 codespace ./cli mmap images/4096x4096        0   196708   236068   394612 
103643 codespace ./cli mmap images/4096x4096        0   196708   236070   394676 
103641 codespace ./cli mmap images/4096x4096        0   196712   236072   394616 
%CPU %MEM ARGS Sun Oct  4 21:09:00 UTC 2026
 0.0  0.0 grep --color=auto ./cli       1  2192
19.0  4.8 ./cli mmap images/4096x4096   0 394596
19.2  4.8 ./cli mmap images/4096x4096   0 394616
19.2  4.8 ./cli mmap images/4096x4096   0 394676
19.3  4.8 ./cli mmap images/4096x4096   0 394612
19.4  4.8 ./cli mmap images/4096x4096   0 394572
  PID User     Command                         Swap      USS      PSS      RSS 
109824 codespace /usr/bin/python3 /usr/bin/s        0    12092    12325    14560 
103647 codespace ./cli mmap images/4096x4096        0   196708   236065   394612 
103649 codespace ./cli mmap images/4096x4096        0   196708   236065   394572 
103645 codespace ./cli mmap images/4096x4096        0   196708   236066   394596 
103643 codespace ./cli mmap images/4096x4096        0   196708   236070   394676 
103641 codespace ./cli mmap images/4096x4096        0   196712   236072   394616 
%CPU %MEM ARGS Sun Oct  4 21:09:01 UTC 2026
 0.0  0.0 grep --color=auto ./cli       0  2292
19.0  4.8 ./cli mmap images/4096x4096   1 394596
19.2  4.8 ./cli mmap images/4096x4096   1 394616
19.2  4.8 ./cli mmap images/4096x4096   1 394676
19.3  4.8 ./cli mmap images/4096x4096   1 394612
19.4  4.8 ./cli mmap images/4096x4096   1 394572
  PID User     Command                         Swap      USS      PSS      RSS 
109836 codespace /usr/bin/python3 /usr/bin/s        0    12116    12347    14648 
103649 codespace ./cli mmap images/4096x4096        0   196708   236064   394572 
103645 codespace ./cli mmap images/4096x4096        0   196708   236067   394596 
103647 codespace ./cli mmap images/4096x4096        0   196708   236068   394612 
103643 codespace ./cli mmap images/4096x4096        0   196708   236070   394676 
103641 codespace ./cli mmap images/4096x4096        0   196712   236072   394616 
%CPU %MEM ARGS Sun Oct  4 21:09:01 UTC 2026
 0.0  0.0 grep --color=auto ./cli       1  2248
19.0  4.8 ./cli mmap images/4096x4096   0 394596
19.2  4.8 ./cli mmap images/4096x4096   1 394616
19.2  4.8 ./cli mmap images/4096x4096   0 394676
19.3  4.8 ./cli mmap images/4096x4096   1 394612
19.4  4.8 ./cli mmap images/4096x4096   0 394572
  PID User     Command                         Swap      USS      PSS      RSS 
109841 codespace /usr/bin/python3 /usr/bin/s        0    12096    12323    14508 
103649 codespace ./cli mmap images/4096x4096        0   196708   236064   394572 
103645 codespace ./cli mmap images/4096x4096        0   196708   236067   394596 
103647 codespace ./cli mmap images/4096x4096        0   196708   236067   394612 
103643 codespace ./cli mmap images/4096x4096        0   196708   236070   394676 
103641 codespace ./cli mmap images/4096x4096        0   196712   236072   394616 
%CPU %MEM ARGS Sun Oct  4 21:09:02 UTC 2026
 0.0  0.0 grep --color=auto ./cli       0  2204
19.0  4.8 ./cli mmap images/4096x4096   1 394596
19.2  4.8 ./cli mmap images/4096x4096   0 394616
19.2  4.8 ./cli mmap images/4096x4096   0 394676
19.3  4.8 ./cli mmap images/4096x4096   0 394612
19.4  4.8 ./cli mmap images/4096x4096   0 394572
  PID User     Command                         Swap      USS      PSS      RSS 
109859 codespace /usr/bin/python3 /usr/bin/s        0    12100    12335    14516 
103649 codespace ./cli mmap images/4096x4096        0   196708   236064   394572 
103645 codespace ./cli mmap images/4096x4096        0   196708   236067   394596 
103647 codespace ./cli mmap images/4096x4096        0   196708   236067   394612 
103643 codespace ./cli mmap images/4096x4096        0   196708   236070   394676 
103641 codespace ./cli mmap images/4096x4096        0   196712   236072   394616 
%CPU %MEM ARGS Sun Oct  4 21:09:03 UTC 2026
 0.0  0.0 grep --color=auto ./cli       1  2292
19.0  4.8 ./cli mmap images/4096x4096   1 394596
19.2  4.8 ./cli mmap images/4096x4096   0 394616
19.2  4.8 ./cli mmap images/4096x4096   1 394676
19.3  4.8 ./cli mmap images/4096x4096   1 394612
19.4  4.8 ./cli mmap images/4096x4096   0 394572
  PID User     Command                         Swap      USS      PSS      RSS 
109871 codespace /usr/bin/python3 /usr/bin/s        0    12068    12281    14568 
103649 codespace ./cli mmap images/4096x4096        0   196708   236063   394572 
103645 codespace ./cli mmap images/4096x4096        0   196708   236065   394596 
103647 codespace ./cli mmap images/4096x4096        0   196708   236066   394612 
103643 codespace ./cli mmap images/4096x4096        0   196708   236070   394676 
103641 codespace ./cli mmap images/4096x4096        0   196712   236072   394616 
%CPU %MEM ARGS Sun Oct  4 21:09:04 UTC 2026
 0.0  0.0 grep --color=auto ./cli       1  2300
19.0  4.8 ./cli mmap images/4096x4096   1 394596
19.2  4.8 ./cli mmap images/4096x4096   0 394616
19.2  4.8 ./cli mmap images/4096x4096   1 394676
19.3  4.8 ./cli mmap images/4096x4096   1 394612
19.4  4.8 ./cli mmap images/4096x4096   1 394572
  PID User     Command                         Swap      USS      PSS      RSS 
109883 codespace /usr/bin/python3 /usr/bin/s        0    12088    12328    14556 
103649 codespace ./cli mmap images/4096x4096        0   196708   236065   394572 
103645 codespace ./cli mmap images/4096x4096        0   196708   236067   394596 
103647 codespace ./cli mmap images/4096x4096        0   196708   236067   394612 
103643 codespace ./cli mmap images/4096x4096        0   196708   236070   394676 
103641 codespace ./cli mmap images/4096x4096        0   196712   236072   394616 
%CPU %MEM ARGS Sun Oct  4 21:09:05 UTC 2026
 0.0  0.0 grep --color=auto ./cli       1  2200
19.0  4.8 ./cli mmap images/4096x4096   0 394596
19.2  4.8 ./cli mmap images/4096x4096   0 394616
19.2  4.8 ./cli mmap images/4096x4096   0 394676
19.3  4.8 ./cli mmap images/4096x4096   0 394612
19.4  4.8 ./cli mmap images/4096x4096   1 394572
  PID User     Command                         Swap      USS      PSS      RSS 
109889 codespace /usr/bin/python3 /usr/bin/s        0    12124    12365    14620 
103649 codespace ./cli mmap images/4096x4096        0   196708   236065   394572 
103645 codespace ./cli mmap images/4096x4096        0   196708   236067   394596 
103647 codespace ./cli mmap images/4096x4096        0   196708   236067   394612 
103643 codespace ./cli mmap images/4096x4096        0   196708   236070   394676 
103641 codespace ./cli mmap images/4096x4096        0   196712   236072   394616 
%CPU %MEM ARGS Sun Oct  4 21:09:06 UTC 2026
 0.0  0.0 grep --color=auto ./cli       0  2264
19.0  4.8 ./cli mmap images/4096x4096   0 394596
19.2  4.8 ./cli mmap images/4096x4096   0 394616
19.2  4.8 ./cli mmap images/4096x4096   0 394676
19.3  4.8 ./cli mmap images/4096x4096   0 394612
19.4  4.8 ./cli mmap images/4096x4096   1 394572
  PID User     Command                         Swap      USS      PSS      RSS 
109895 codespace /usr/bin/python3 /usr/bin/s        0    12092    12322    14528 
103649 codespace ./cli mmap images/4096x4096        0   196708   236065   394572 
103645 codespace ./cli mmap images/4096x4096        0   196708   236067   394596 
103647 codespace ./cli mmap images/4096x4096        0   196708   236067   394612 
103643 codespace ./cli mmap images/4096x4096        0   196708   236070   394676 
103641 codespace ./cli mmap images/4096x4096        0   196712   236071   394616 
%CPU %MEM ARGS Sun Oct  4 21:09:07 UTC 2026
 0.0  0.0 grep --color=auto ./cli       0  2288
19.0  4.8 ./cli mmap images/4096x4096   0 394596
19.2  4.8 ./cli mmap images/4096x4096   0 394616
19.2  4.8 ./cli mmap images/4096x4096   0 394676
19.3  4.8 ./cli mmap images/4096x4096   0 394612
19.5  4.8 ./cli mmap images/4096x4096   1 394572
  PID User     Command                         Swap      USS      PSS      RSS 
109901 codespace /usr/bin/python3 /usr/bin/s        0    12092    12325    14504 
103649 codespace ./cli mmap images/4096x4096        0   196708   236064   394572 
103645 codespace ./cli mmap images/4096x4096        0   196708   236067   394596 
103647 codespace ./cli mmap images/4096x4096        0   196708   236067   394612 
103643 codespace ./cli mmap images/4096x4096        0   196708   236070   394676 
103641 codespace ./cli mmap images/4096x4096        0   196712   236072   394616 
%CPU %MEM ARGS Sun Oct  4 21:09:08 UTC 2026
 0.0  0.0 grep --color=auto ./cli       0  2200
19.0  4.8 ./cli mmap images/4096x4096   1 394596
19.2  4.8 ./cli mmap images/4096x4096   0 394616
19.2  4.8 ./cli mmap images/4096x4096   0 394676
19.3  4.8 ./cli mmap images/4096x4096   0 394612
19.5  4.8 ./cli mmap images/4096x4096   0 394572
  PID User     Command                         Swap      USS      PSS      RSS 
109906 codespace /usr/bin/python3 /usr/bin/s        0    12124    12350    14648 
103649 codespace ./cli mmap images/4096x4096        0   196708   236064   394572 
103645 codespace ./cli mmap images/4096x4096        0   196708   236067   394596 
103647 codespace ./cli mmap images/4096x4096        0   196708   236068   394612 
103641 codespace ./cli mmap images/4096x4096        0   196712   236069   394616 
103643 codespace ./cli mmap images/4096x4096        0   196708   236070   394676 
%CPU %MEM ARGS Sun Oct  4 21:09:09 UTC 2026
 0.0  0.0 grep --color=auto ./cli       0  2160
19.0  4.8 ./cli mmap images/4096x4096   0 394596
19.2  4.8 ./cli mmap images/4096x4096   0 394616
19.2  4.8 ./cli mmap images/4096x4096   0 394676
19.3  4.8 ./cli mmap images/4096x4096   1 394612
19.4  4.8 ./cli mmap images/4096x4096   0 394572
  PID User     Command                         Swap      USS      PSS      RSS 
109918 codespace /usr/bin/python3 /usr/bin/s        0    12140    12371    14616 
103649 codespace ./cli mmap images/4096x4096        0   196708   236065   394572 
103645 codespace ./cli mmap images/4096x4096        0   196708   236067   394596 
103647 codespace ./cli mmap images/4096x4096        0   196708   236068   394612 
103643 codespace ./cli mmap images/4096x4096        0   196708   236070   394676 
103641 codespace ./cli mmap images/4096x4096        0   196712   236072   394616 
%CPU %MEM ARGS Sun Oct  4 21:09:10 UTC 2026
 0.0  0.0 grep --color=auto ./cli       1  2172
19.0  4.8 ./cli mmap images/4096x4096   0 394596
19.2  4.8 ./cli mmap images/4096x4096   0 394616
19.2  4.8 ./cli mmap images/4096x4096   0 394676
19.3  4.8 ./cli mmap images/4096x4096   1 394612
19.4  4.8 ./cli mmap images/4096x4096   0 394572
  PID User     Command                         Swap      USS      PSS      RSS 
109930 codespace /usr/bin/python3 /usr/bin/s        0    12088    12325    14504 
103649 codespace ./cli mmap images/4096x4096        0   196708   236065   394572 
103645 codespace ./cli mmap images/4096x4096        0   196708   236067   394596 
103647 codespace ./cli mmap images/4096x4096        0   196708   236067   394612 
103643 codespace ./cli mmap images/4096x4096        0   196708   236070   394676 
103641 codespace ./cli mmap images/4096x4096        0   196712   236072   394616 
%CPU %MEM ARGS Sun Oct  4 21:09:11 UTC 2026
 0.0  0.0 grep --color=auto ./cli       1  2208
19.0  4.8 ./cli mmap images/4096x4096   1 394596
19.2  4.8 ./cli mmap images/4096x4096   1 394616
19.2  4.8 ./cli mmap images/4096x4096   0 394676
19.3  4.8 ./cli mmap images/4096x4096   1 394612
19.4  4.8 ./cli mmap images/4096x4096   1 394572
  PID User     Command                         Swap      USS      PSS      RSS 
109936 codespace /usr/bin/python3 /usr/bin/s        0    12100    12334    14544 
103649 codespace ./cli mmap images/4096x4096        0   196708   236064   394572 
103645 codespace ./cli mmap images/4096x4096        0   196708   236067   394596 
103647 codespace ./cli mmap images/4096x4096        0   196708   236067   394612 
103643 codespace ./cli mmap images/4096x4096        0   196708   236070   394676 
103641 codespace ./cli mmap images/4096x4096        0   196712   236072   394616 
%CPU %MEM ARGS Sun Oct  4 21:09:11 UTC 2026
 0.0  0.0 grep --color=auto ./cli       1  2280
19.0  4.8 ./cli mmap images/4096x4096   0 394596
19.2  4.8 ./cli mmap images/4096x4096   0 394616
19.2  4.8 ./cli mmap images/4096x4096   0 394676
19.3  4.8 ./cli mmap images/4096x4096   0 394612
19.5  4.8 ./cli mmap images/4096x4096   1 394572
  PID User     Command                         Swap      USS      PSS      RSS 
109942 codespace /usr/bin/python3 /usr/bin/s        0    12056    12292    14508 
103649 codespace ./cli mmap images/4096x4096        0   196708   236065   394572 
103645 codespace ./cli mmap images/4096x4096        0   196708   236067   394596 
103647 codespace ./cli mmap images/4096x4096        0   196708   236067   394612 
103643 codespace ./cli mmap images/4096x4096        0   196708   236070   394676 
103641 codespace ./cli mmap images/4096x4096        0   196712   236072   394616 
%CPU %MEM ARGS Sun Oct  4 21:09:12 UTC 2026
 0.0  0.0 grep --color=auto ./cli       0  2248
19.0  4.8 ./cli mmap images/4096x4096   0 394596
19.2  4.8 ./cli mmap images/4096x4096   0 394616
19.2  4.8 ./cli mmap images/4096x4096   0 394676
19.3  4.8 ./cli mmap images/4096x4096   0 394612
19.5  4.8 ./cli mmap images/4096x4096   1 394572
  PID User     Command                         Swap      USS      PSS      RSS 
109948 codespace /usr/bin/python3 /usr/bin/s        0    12084    12321    14568 
103649 codespace ./cli mmap images/4096x4096        0   196708   236064   394572 
103645 codespace ./cli mmap images/4096x4096        0   196708   236065   394596 
103647 codespace ./cli mmap images/4096x4096        0   196708   236067   394612 
103643 codespace ./cli mmap images/4096x4096        0   196708   236070   394676 
103641 codespace ./cli mmap images/4096x4096        0   196712   236071   394616 
%CPU %MEM ARGS Sun Oct  4 21:09:13 UTC 2026
 0.0  0.0 grep --color=auto ./cli       0  2168
18.9  4.8 ./cli mmap images/4096x4096   1 394596
19.2  4.8 ./cli mmap images/4096x4096   0 394616
19.2  4.8 ./cli mmap images/4096x4096   1 394676
19.3  4.8 ./cli mmap images/4096x4096   1 394612
19.5  4.8 ./cli mmap images/4096x4096   1 394572
  PID User     Command                         Swap      USS      PSS      RSS 
109971 codespace /usr/bin/python3 /usr/bin/s        0    12084    12322    14552 
103649 codespace ./cli mmap images/4096x4096        0   196708   236065   394572 
103645 codespace ./cli mmap images/4096x4096        0   196708   236067   394596 
103647 codespace ./cli mmap images/4096x4096        0   196708   236067   394612 
103643 codespace ./cli mmap images/4096x4096        0   196708   236070   394676 
103641 codespace ./cli mmap images/4096x4096        0   196712   236071   394616 
%CPU %MEM ARGS Sun Oct  4 21:09:14 UTC 2026
 0.0  0.0 grep --color=auto ./cli       0  2160
18.9  4.8 ./cli mmap images/4096x4096   1 394596
19.2  4.8 ./cli mmap images/4096x4096   1 394676
19.2  4.8 ./cli mmap images/4096x4096   1 394616
19.3  4.8 ./cli mmap images/4096x4096   1 394612
19.5  4.8 ./cli mmap images/4096x4096   1 394572
  PID User     Command                         Swap      USS      PSS      RSS 
109977 codespace /usr/bin/python3 /usr/bin/s        0    12092    12327    14504 
103649 codespace ./cli mmap images/4096x4096        0   196708   236064   394572 
103645 codespace ./cli mmap images/4096x4096        0   196708   236067   394596 
103647 codespace ./cli mmap images/4096x4096        0   196708   236067   394612 
103643 codespace ./cli mmap images/4096x4096        0   196708   236070   394676 
103641 codespace ./cli mmap images/4096x4096        0   196712   236071   394616 
%CPU %MEM ARGS Sun Oct  4 21:09:15 UTC 2026
 0.0  0.0 grep --color=auto ./cli       1  2252
18.9  4.8 ./cli mmap images/4096x4096   1 394596
19.2  4.8 ./cli mmap images/4096x4096   1 394676
19.2  4.8 ./cli mmap images/4096x4096   1 394616
19.3  4.8 ./cli mmap images/4096x4096   0 394612
19.5  4.8 ./cli mmap images/4096x4096   1 394572
  PID User     Command                         Swap      USS      PSS      RSS 
109983 codespace /usr/bin/python3 /usr/bin/s        0    12084    12289    14504 
103649 codespace ./cli mmap images/4096x4096        0   196708   236063   394572 
103645 codespace ./cli mmap images/4096x4096        0   196708   236065   394596 
103647 codespace ./cli mmap images/4096x4096        0   196708   236066   394612 
103643 codespace ./cli mmap images/4096x4096        0   196708   236070   394676 
103641 codespace ./cli mmap images/4096x4096        0   196712   236071   394616 
%CPU %MEM ARGS Sun Oct  4 21:09:16 UTC 2026
 0.0  0.0 grep --color=auto ./cli       1  2160
18.9  4.8 ./cli mmap images/4096x4096   0 394596
19.2  4.8 ./cli mmap images/4096x4096   1 394676
19.2  4.8 ./cli mmap images/4096x4096   0 394616
19.3  4.8 ./cli mmap images/4096x4096   1 394612
19.5  4.8 ./cli mmap images/4096x4096   1 394572
  PID User     Command                         Swap      USS      PSS      RSS 
109997 codespace /usr/bin/python3 /usr/bin/s        0    12092    12318    14488 
103649 codespace ./cli mmap images/4096x4096        0   196708   236064   394572 
103645 codespace ./cli mmap images/4096x4096        0   196708   236067   394596 
103647 codespace ./cli mmap images/4096x4096        0   196708   236067   394612 
103643 codespace ./cli mmap images/4096x4096        0   196708   236070   394676 
103641 codespace ./cli mmap images/4096x4096        0   196712   236072   394616 
%CPU %MEM ARGS Sun Oct  4 21:09:17 UTC 2026
 0.0  0.0 grep --color=auto ./cli       1  2172
18.9  4.8 ./cli mmap images/4096x4096   1 394596
19.2  4.8 ./cli mmap images/4096x4096   1 394676
19.2  4.8 ./cli mmap images/4096x4096   1 394616
19.3  4.8 ./cli mmap images/4096x4096   0 394612
19.5  4.8 ./cli mmap images/4096x4096   1 394572
  PID User     Command                         Swap      USS      PSS      RSS 
110006 codespace /usr/bin/python3 /usr/bin/s        0    12092    12329    14576 
103649 codespace ./cli mmap images/4096x4096        0   196708   236064   394572 
103645 codespace ./cli mmap images/4096x4096        0   196708   236067   394596 
103647 codespace ./cli mmap images/4096x4096        0   196708   236067   394612 
103643 codespace ./cli mmap images/4096x4096        0   196708   236070   394676 
103641 codespace ./cli mmap images/4096x4096        0   196712   236072   394616 
%CPU %MEM ARGS Sun Oct  4 21:09:18 UTC 2026
 0.0  0.0 grep --color=auto ./cli       1  2300
18.9  4.8 ./cli mmap images/4096x4096   1 394596
19.2  4.8 ./cli mmap images/4096x4096   1 394676
19.2  4.8 ./cli mmap images/4096x4096   1 394616
19.3  4.8 ./cli mmap images/4096x4096   0 394612
19.5  4.8 ./cli mmap images/4096x4096   0 394572
  PID User     Command                         Swap      USS      PSS      RSS 
110012 codespace /usr/bin/python3 /usr/bin/s        0    12092    12321    14504 
103649 codespace ./cli mmap images/4096x4096        0   196708   236065   394572 
103645 codespace ./cli mmap images/4096x4096        0   196708   236067   394596 
103647 codespace ./cli mmap images/4096x4096        0   196708   236067   394612 
103643 codespace ./cli mmap images/4096x4096        0   196708   236070   394676 
103641 codespace ./cli mmap images/4096x4096        0   196712   236071   394616 
%CPU %MEM ARGS Sun Oct  4 21:09:19 UTC 2026
 0.0  0.0 grep --color=auto ./cli       1  2200
18.9  4.8 ./cli mmap images/4096x4096   1 394596
19.2  4.8 ./cli mmap images/4096x4096   1 394676
19.2  4.8 ./cli mmap images/4096x4096   1 394616
19.3  4.8 ./cli mmap images/4096x4096   0 394612
19.5  4.8 ./cli mmap images/4096x4096   1 394572
  PID User     Command                         Swap      USS      PSS      RSS 
110018 codespace /usr/bin/python3 /usr/bin/s        0    12092    12321    14504 
103649 codespace ./cli mmap images/4096x4096        0   196708   236064   394572 
103645 codespace ./cli mmap images/4096x4096        0   196708   236067   394596 
103647 codespace ./cli mmap images/4096x4096        0   196708   236068   394612 
103643 codespace ./cli mmap images/4096x4096        0   196708   236070   394676 
103641 codespace ./cli mmap images/4096x4096        0   196712   236072   394616 
%CPU %MEM ARGS Sun Oct  4 21:09:19 UTC 2026
 0.0  0.0 grep --color=auto ./cli       1  2208
18.9  4.8 ./cli mmap images/4096x4096   1 394596
19.2  4.8 ./cli mmap images/4096x4096   1 394676
19.2  4.8 ./cli mmap images/4096x4096   0 394616
19.3  4.8 ./cli mmap images/4096x4096   1 394612
19.5  4.8 ./cli mmap images/4096x4096   1 394572
  PID User     Command                         Swap      USS      PSS      RSS 
110024 codespace /usr/bin/python3 /usr/bin/s        0    12128    12359    14576 
103649 codespace ./cli mmap images/4096x4096        0   196708   236065   394572 
103645 codespace ./cli mmap images/4096x4096        0   196708   236067   394596 
103647 codespace ./cli mmap images/4096x4096        0   196708   236068   394612 
103643 codespace ./cli mmap images/4096x4096        0   196708   236070   394676 
103641 codespace ./cli mmap images/4096x4096        0   196712   236072   394616 
%CPU %MEM ARGS Sun Oct  4 21:09:20 UTC 2026
 0.0  0.0 grep --color=auto ./cli       1  2204
18.9  4.8 ./cli mmap images/4096x4096   1 394596
19.2  4.8 ./cli mmap images/4096x4096   1 394676
19.3  4.8 ./cli mmap images/4096x4096   0 394616
19.3  4.8 ./cli mmap images/4096x4096   1 394612
19.5  4.8 ./cli mmap images/4096x4096   1 394572
  PID User     Command                         Swap      USS      PSS      RSS 
110030 codespace /usr/bin/python3 /usr/bin/s        0    12088    12303    14504 
103649 codespace ./cli mmap images/4096x4096        0   196708   236063   394572 
103645 codespace ./cli mmap images/4096x4096        0   196708   236065   394596 
103647 codespace ./cli mmap images/4096x4096        0   196708   236066   394612 
103643 codespace ./cli mmap images/4096x4096        0   196708   236070   394676 
103641 codespace ./cli mmap images/4096x4096        0   196712   236072   394616 
%CPU %MEM ARGS Sun Oct  4 21:09:21 UTC 2026
 0.0  0.0 grep --color=auto ./cli       0  2156
18.9  4.8 ./cli mmap images/4096x4096   0 394596
19.2  4.8 ./cli mmap images/4096x4096   1 394676
19.3  4.8 ./cli mmap images/4096x4096   1 394616
19.3  4.8 ./cli mmap images/4096x4096   0 394612
19.5  4.8 ./cli mmap images/4096x4096   0 394572
  PID User     Command                         Swap      USS      PSS      RSS 
110042 codespace /usr/bin/python3 /usr/bin/s        0    12092    12321    14504 
103649 codespace ./cli mmap images/4096x4096        0   196708   236064   394572 
103645 codespace ./cli mmap images/4096x4096        0   196708   236067   394596 
103647 codespace ./cli mmap images/4096x4096        0   196708   236068   394612 
103643 codespace ./cli mmap images/4096x4096        0   196708   236070   394676 
103641 codespace ./cli mmap images/4096x4096        0   196712   236072   394616 
%CPU %MEM ARGS Sun Oct  4 21:09:22 UTC 2026
 0.0  0.0 grep --color=auto ./cli       0  2208
18.9  4.8 ./cli mmap images/4096x4096   1 394596
19.2  4.8 ./cli mmap images/4096x4096   0 394676
19.3  4.8 ./cli mmap images/4096x4096   0 394616
19.3  4.8 ./cli mmap images/4096x4096   0 394612
19.5  4.8 ./cli mmap images/4096x4096   0 394572
  PID User     Command                         Swap      USS      PSS      RSS 
110048 codespace /usr/bin/python3 /usr/bin/s        0    12096    12330    14544 
103649 codespace ./cli mmap images/4096x4096        0   196708   236064   394572 
103645 codespace ./cli mmap images/4096x4096        0   196708   236067   394596 
103647 codespace ./cli mmap images/4096x4096        0   196708   236068   394612 
103643 codespace ./cli mmap images/4096x4096        0   196708   236070   394676 
103641 codespace ./cli mmap images/4096x4096        0   196712   236072   394616 
%CPU %MEM ARGS Sun Oct  4 21:09:23 UTC 2026
 0.0  0.0 grep --color=auto ./cli       0  2288
18.9  4.8 ./cli mmap images/4096x4096   0 394596
19.2  4.8 ./cli mmap images/4096x4096   1 394676
19.3  4.8 ./cli mmap images/4096x4096   0 394616
19.3  4.8 ./cli mmap images/4096x4096   0 394612
19.4  4.8 ./cli mmap images/4096x4096   0 394572
  PID User     Command                         Swap      USS      PSS      RSS 
110063 codespace /usr/bin/python3 /usr/bin/s        0    12096    12330    14572 
103649 codespace ./cli mmap images/4096x4096        0   196708   236064   394572 
103645 codespace ./cli mmap images/4096x4096        0   196708   236067   394596 
103647 codespace ./cli mmap images/4096x4096        0   196708   236067   394612 
103643 codespace ./cli mmap images/4096x4096        0   196708   236070   394676 
103641 codespace ./cli mmap images/4096x4096        0   196712   236072   394616 
%CPU %MEM ARGS Sun Oct  4 21:09:24 UTC 2026
 0.0  0.0 grep --color=auto ./cli       0  2300
18.9  4.8 ./cli mmap images/4096x4096   1 394596
19.2  4.8 ./cli mmap images/4096x4096   0 394676
19.2  4.8 ./cli mmap images/4096x4096   1 394616
19.3  4.8 ./cli mmap images/4096x4096   1 394612
19.4  4.8 ./cli mmap images/4096x4096   1 394572
  PID User     Command                         Swap      USS      PSS      RSS 
110084 codespace /usr/bin/python3 /usr/bin/s        0    12096    12326    14544 
103649 codespace ./cli mmap images/4096x4096        0   196708   236065   394572 
103645 codespace ./cli mmap images/4096x4096        0   196708   236067   394596 
103647 codespace ./cli mmap images/4096x4096        0   196708   236068   394612 
103643 codespace ./cli mmap images/4096x4096        0   196708   236070   394676 
103641 codespace ./cli mmap images/4096x4096        0   196712   236072   394616 
%CPU %MEM ARGS Sun Oct  4 21:09:25 UTC 2026
 0.0  0.0 grep --color=auto ./cli       1  2248
18.9  4.8 ./cli mmap images/4096x4096   1 394596
19.2  4.8 ./cli mmap images/4096x4096   1 394676
19.2  4.8 ./cli mmap images/4096x4096   1 394616
19.3  4.8 ./cli mmap images/4096x4096   1 394612
19.4  4.8 ./cli mmap images/4096x4096   1 394572
  PID User     Command                         Swap      USS      PSS      RSS 
110090 codespace /usr/bin/python3 /usr/bin/s        0    12096    12328    14512 
103649 codespace ./cli mmap images/4096x4096        0   196708   236064   394572 
103645 codespace ./cli mmap images/4096x4096        0   196708   236067   394596 
103647 codespace ./cli mmap images/4096x4096        0   196708   236067   394612 
103643 codespace ./cli mmap images/4096x4096        0   196708   236070   394676 
103641 codespace ./cli mmap images/4096x4096        0   196712   236071   394616 
%CPU %MEM ARGS Sun Oct  4 21:09:26 UTC 2026
 0.0  0.0 grep --color=auto ./cli       1  2340
18.9  4.8 ./cli mmap images/4096x4096   0 394596
19.2  4.8 ./cli mmap images/4096x4096   0 394676
19.2  4.8 ./cli mmap images/4096x4096   1 394616
19.3  4.8 ./cli mmap images/4096x4096   0 394612
19.4  4.8 ./cli mmap images/4096x4096   0 394572
  PID User     Command                         Swap      USS      PSS      RSS 
110096 codespace /usr/bin/python3 /usr/bin/s        0    12088    12321    14504 
103649 codespace ./cli mmap images/4096x4096        0   196708   236065   394572 
103645 codespace ./cli mmap images/4096x4096        0   196708   236067   394596 
103647 codespace ./cli mmap images/4096x4096        0   196708   236067   394612 
103643 codespace ./cli mmap images/4096x4096        0   196708   236070   394676 
103641 codespace ./cli mmap images/4096x4096        0   196712   236071   394616 
%CPU %MEM ARGS Sun Oct  4 21:09:27 UTC 2026
 0.0  0.0 grep --color=auto ./cli       0  2192
19.0  4.8 ./cli mmap images/4096x4096   0 394596
19.2  4.8 ./cli mmap images/4096x4096   0 394676
19.2  4.8 ./cli mmap images/4096x4096   1 394616
19.3  4.8 ./cli mmap images/4096x4096   0 394612
19.4  4.8 ./cli mmap images/4096x4096   0 394572
  PID User     Command                         Swap      USS      PSS      RSS 
110109 codespace /usr/bin/python3 /usr/bin/s        0    12092    12326    14508 
103649 codespace ./cli mmap images/4096x4096        0   196708   236064   394572 
103645 codespace ./cli mmap images/4096x4096        0   196708   236067   394596 
103647 codespace ./cli mmap images/4096x4096        0   196708   236067   394612 
103643 codespace ./cli mmap images/4096x4096        0   196708   236070   394676 
103641 codespace ./cli mmap images/4096x4096        0   196712   236072   394616 
%CPU %MEM ARGS Sun Oct  4 21:09:28 UTC 2026
 0.0  0.0 grep --color=auto ./cli       0  2212
19.0  4.8 ./cli mmap images/4096x4096   0 394596
19.2  4.8 ./cli mmap images/4096x4096   1 394676
19.2  4.8 ./cli mmap images/4096x4096   1 394616
19.3  4.8 ./cli mmap images/4096x4096   0 394612
19.4  4.8 ./cli mmap images/4096x4096   1 394572
  PID User     Command                         Swap      USS      PSS      RSS 
110115 codespace /usr/bin/python3 /usr/bin/s        0    12100    12332    14572 
103649 codespace ./cli mmap images/4096x4096        0   196708   236064   394572 
103645 codespace ./cli mmap images/4096x4096        0   196708   236067   394596 
103647 codespace ./cli mmap images/4096x4096        0   196708   236067   394612 
103643 codespace ./cli mmap images/4096x4096        0   196708   236070   394676 
103641 codespace ./cli mmap images/4096x4096        0   196712   236072   394616 
%CPU %MEM ARGS Sun Oct  4 21:09:29 UTC 2026
 0.0  0.0 grep --color=auto ./cli       1  2176
19.0  4.8 ./cli mmap images/4096x4096   0 394596
19.2  4.8 ./cli mmap images/4096x4096   0 394676
19.2  4.8 ./cli mmap images/4096x4096   1 394616
19.2  4.8 ./cli mmap images/4096x4096   0 394612
19.4  4.8 ./cli mmap images/4096x4096   0 394572
  PID User     Command                         Swap      USS      PSS      RSS 
110121 codespace /usr/bin/python3 /usr/bin/s        0    12088    12322    14540 
103649 codespace ./cli mmap images/4096x4096        0   196708   236065   394572 
103645 codespace ./cli mmap images/4096x4096        0   196708   236067   394596 
103647 codespace ./cli mmap images/4096x4096        0   196708   236067   394612 
103643 codespace ./cli mmap images/4096x4096        0   196708   236070   394676 
103641 codespace ./cli mmap images/4096x4096        0   196712   236072   394616 
%CPU %MEM ARGS Sun Oct  4 21:09:30 UTC 2026
 0.0  0.0 grep --color=auto ./cli       0  2248
19.0  4.8 ./cli mmap images/4096x4096   0 394596
19.2  4.8 ./cli mmap images/4096x4096   0 394676
19.2  4.8 ./cli mmap images/4096x4096   0 394612
19.3  4.8 ./cli mmap images/4096x4096   1 394616
19.4  4.8 ./cli mmap images/4096x4096   0 394572
  PID User     Command                         Swap      USS      PSS      RSS 
110127 codespace /usr/bin/python3 /usr/bin/s        0    12104    12341    14648 
103649 codespace ./cli mmap images/4096x4096        0   196708   236065   394572 
103645 codespace ./cli mmap images/4096x4096        0   196708   236067   394596 
103647 codespace ./cli mmap images/4096x4096        0   196708   236067   394612 
103643 codespace ./cli mmap images/4096x4096        0   196708   236070   394676 
103641 codespace ./cli mmap images/4096x4096        0   196712   236071   394616 
%CPU %MEM ARGS Sun Oct  4 21:09:31 UTC 2026
 0.0  0.0 grep --color=auto ./cli       1  2288
19.0  4.8 ./cli mmap images/4096x4096   1 394596
19.2  4.8 ./cli mmap images/4096x4096   1 394676
19.2  4.8 ./cli mmap images/4096x4096   1 394612
19.3  4.8 ./cli mmap images/4096x4096   0 394616
19.4  4.8 ./cli mmap images/4096x4096   1 394572
  PID User     Command                         Swap      USS      PSS      RSS 
110132 codespace /usr/bin/python3 /usr/bin/s        0    12080    12310    14524 
103649 codespace ./cli mmap images/4096x4096        0   196708   236064   394572 
103643 codespace ./cli mmap images/4096x4096        0   196708   236067   394676 
103645 codespace ./cli mmap images/4096x4096        0   196708   236067   394596 
103647 codespace ./cli mmap images/4096x4096        0   196708   236068   394612 
103641 codespace ./cli mmap images/4096x4096        0   196712   236071   394616 
%CPU %MEM ARGS Sun Oct  4 21:09:32 UTC 2026
 0.0  0.0 grep --color=auto ./cli       1  2288
18.9  4.8 ./cli mmap images/4096x4096   1 394596
19.2  4.8 ./cli mmap images/4096x4096   1 394676
19.2  4.8 ./cli mmap images/4096x4096   1 394612
19.3  4.8 ./cli mmap images/4096x4096   0 394616
19.4  4.8 ./cli mmap images/4096x4096   1 394572
  PID User     Command                         Swap      USS      PSS      RSS 
110144 codespace /usr/bin/python3 /usr/bin/s        0    12104    12334    14568 
103649 codespace ./cli mmap images/4096x4096        0   196708   236065   394572 
103645 codespace ./cli mmap images/4096x4096        0   196708   236067   394596 
103647 codespace ./cli mmap images/4096x4096        0   196708   236067   394612 
103643 codespace ./cli mmap images/4096x4096        0   196708   236070   394676 
103641 codespace ./cli mmap images/4096x4096        0   196712   236072   394616 
%CPU %MEM ARGS Sun Oct  4 21:09:33 UTC 2026
 0.0  0.0 grep --color=auto ./cli       1  2248
18.9  4.8 ./cli mmap images/4096x4096   0 394596
19.2  4.8 ./cli mmap images/4096x4096   1 394676
19.2  4.8 ./cli mmap images/4096x4096   0 394612
19.3  4.8 ./cli mmap images/4096x4096   0 394616
19.4  4.8 ./cli mmap images/4096x4096   1 394572
  PID User     Command                         Swap      USS      PSS      RSS 
110156 codespace /usr/bin/python3 /usr/bin/s        0    12132    12353    14624 
103649 codespace ./cli mmap images/4096x4096        0   196708   236065   394572 
103645 codespace ./cli mmap images/4096x4096        0   196708   236067   394596 
103647 codespace ./cli mmap images/4096x4096        0   196708   236068   394612 
103643 codespace ./cli mmap images/4096x4096        0   196708   236070   394676 
103641 codespace ./cli mmap images/4096x4096        0   196712   236072   394616 
%CPU %MEM ARGS Sun Oct  4 21:09:34 UTC 2026
 0.0  0.0 grep --color=auto ./cli       1  2172
18.9  4.8 ./cli mmap images/4096x4096   0 394596
19.2  4.8 ./cli mmap images/4096x4096   0 394676
19.2  4.8 ./cli mmap images/4096x4096   0 394612
19.3  4.8 ./cli mmap images/4096x4096   0 394616
19.4  4.8 ./cli mmap images/4096x4096   0 394572
  PID User     Command                         Swap      USS      PSS      RSS 
110168 codespace /usr/bin/python3 /usr/bin/s        0    12092    12324    14504 
103649 codespace ./cli mmap images/4096x4096        0   196708   236064   394572 
103645 codespace ./cli mmap images/4096x4096        0   196708   236067   394596 
103647 codespace ./cli mmap images/4096x4096        0   196708   236067   394612 
103641 codespace ./cli mmap images/4096x4096        0   196712   236070   394616 
103643 codespace ./cli mmap images/4096x4096        0   196708   236070   394676 
%CPU %MEM ARGS Sun Oct  4 21:09:35 UTC 2026
 0.0  0.0 grep --color=auto ./cli       1  2168
18.9  4.8 ./cli mmap images/4096x4096   1 394596
19.2  4.8 ./cli mmap images/4096x4096   1 394676
19.2  4.8 ./cli mmap images/4096x4096   1 394612
19.3  4.8 ./cli mmap images/4096x4096   1 394616
19.4  4.8 ./cli mmap images/4096x4096   0 394572
  PID User     Command                         Swap      USS      PSS      RSS 
110185 codespace /usr/bin/python3 /usr/bin/s        0    12084    12322    14552 
103649 codespace ./cli mmap images/4096x4096        0   196708   236065   394572 
103645 codespace ./cli mmap images/4096x4096        0   196708   236067   394596 
103647 codespace ./cli mmap images/4096x4096        0   196708   236067   394612 
103643 codespace ./cli mmap images/4096x4096        0   196708   236070   394676 
103641 codespace ./cli mmap images/4096x4096        0   196712   236072   394616 
%CPU %MEM ARGS Sun Oct  4 21:09:36 UTC 2026
 0.0  0.0 grep --color=auto ./cli       1  2188
18.9  4.8 ./cli mmap images/4096x4096   1 394596
19.2  4.8 ./cli mmap images/4096x4096   1 394676
19.2  4.8 ./cli mmap images/4096x4096   1 394612
19.3  4.8 ./cli mmap images/4096x4096   1 394616
19.4  4.8 ./cli mmap images/4096x4096   0 394572
  PID User     Command                         Swap      USS      PSS      RSS 
110191 codespace /usr/bin/python3 /usr/bin/s        0    12128    12350    14620 
103649 codespace ./cli mmap images/4096x4096        0   196708   236065   394572 
103645 codespace ./cli mmap images/4096x4096        0   196708   236067   394596 
103647 codespace ./cli mmap images/4096x4096        0   196708   236068   394612 
103643 codespace ./cli mmap images/4096x4096        0   196708   236070   394676 
103641 codespace ./cli mmap images/4096x4096        0   196712   236072   394616 
%CPU %MEM ARGS Sun Oct  4 21:09:37 UTC 2026
 0.0  0.0 grep --color=auto ./cli       0  2172
18.9  4.8 ./cli mmap images/4096x4096   1 394596
19.2  4.8 ./cli mmap images/4096x4096   1 394676
19.2  4.8 ./cli mmap images/4096x4096   1 394612
19.3  4.8 ./cli mmap images/4096x4096   1 394616
19.4  4.8 ./cli mmap images/4096x4096   1 394572
  PID User     Command                         Swap      USS      PSS      RSS 
110197 codespace /usr/bin/python3 /usr/bin/s        0    12080    12312    14528 
103649 codespace ./cli mmap images/4096x4096        0   196708   236065   394572 
103645 codespace ./cli mmap images/4096x4096        0   196708   236067   394596 
103647 codespace ./cli mmap images/4096x4096        0   196708   236068   394612 
103643 codespace ./cli mmap images/4096x4096        0   196708   236070   394676 
103641 codespace ./cli mmap images/4096x4096        0   196712   236072   394616 
%CPU %MEM ARGS Sun Oct  4 21:09:37 UTC 2026
 0.0  0.0 grep --color=auto ./cli       1  2164
18.9  4.8 ./cli mmap images/4096x4096   1 394596
19.2  4.8 ./cli mmap images/4096x4096   1 394676
19.2  4.8 ./cli mmap images/4096x4096   1 394612
19.3  4.8 ./cli mmap images/4096x4096   0 394616
19.4  4.8 ./cli mmap images/4096x4096   1 394572
  PID User     Command                         Swap      USS      PSS      RSS 
110203 codespace /usr/bin/python3 /usr/bin/s        0    12084    12324    14552 
103649 codespace ./cli mmap images/4096x4096        0   196708   236065   394572 
103645 codespace ./cli mmap images/4096x4096        0   196708   236067   394596 
103647 codespace ./cli mmap images/4096x4096        0   196708   236067   394612 
103643 codespace ./cli mmap images/4096x4096        0   196708   236070   394676 
103641 codespace ./cli mmap images/4096x4096        0   196712   236072   394616 
%CPU %MEM ARGS Sun Oct  4 21:09:38 UTC 2026
 0.0  0.0 grep --color=auto ./cli       0  2176
18.9  4.8 ./cli mmap images/4096x4096   0 394596
19.2  4.8 ./cli mmap images/4096x4096   0 394676
19.2  4.8 ./cli mmap images/4096x4096   1 394612
19.3  4.8 ./cli mmap images/4096x4096   0 394616
19.4  4.8 ./cli mmap images/4096x4096   1 394572
  PID User     Command                         Swap      USS      PSS      RSS 
110215 codespace /usr/bin/python3 /usr/bin/s        0    12088    12321    14600 
103649 codespace ./cli mmap images/4096x4096        0   196708   236065   394572 
103643 codespace ./cli mmap images/4096x4096        0   196708   236067   394676 
103645 codespace ./cli mmap images/4096x4096        0   196708   236067   394596 
103647 codespace ./cli mmap images/4096x4096        0   196708   236067   394612 
103641 codespace ./cli mmap images/4096x4096        0   196712   236071   394616 
%CPU %MEM ARGS Sun Oct  4 21:09:39 UTC 2026
 0.0  0.0 grep --color=auto ./cli       0  2252
18.9  4.8 ./cli mmap images/4096x4096   1 394596
19.2  4.8 ./cli mmap images/4096x4096   0 394676
19.2  4.8 ./cli mmap images/4096x4096   0 394612
19.3  4.8 ./cli mmap images/4096x4096   0 394616
19.4  4.8 ./cli mmap images/4096x4096   0 394572
  PID User     Command                         Swap      USS      PSS      RSS 
110227 codespace /usr/bin/python3 /usr/bin/s        0    12088    12328    14556 
103649 codespace ./cli mmap images/4096x4096        0   196708   236065   394572 
103645 codespace ./cli mmap images/4096x4096        0   196708   236067   394596 
103647 codespace ./cli mmap images/4096x4096        0   196708   236067   394612 
103643 codespace ./cli mmap images/4096x4096        0   196708   236070   394676 
103641 codespace ./cli mmap images/4096x4096        0   196712   236072   394616 
%CPU %MEM ARGS Sun Oct  4 21:09:40 UTC 2026
 0.0  0.0 grep --color=auto ./cli       0  2340
18.9  4.8 ./cli mmap images/4096x4096   0 394596
19.2  4.8 ./cli mmap images/4096x4096   0 394676
19.2  4.8 ./cli mmap images/4096x4096   0 394612
19.3  4.8 ./cli mmap images/4096x4096   0 394616
19.4  4.8 ./cli mmap images/4096x4096   0 394572
  PID User     Command                         Swap      USS      PSS      RSS 
110233 codespace /usr/bin/python3 /usr/bin/s        0    12104    12334    14552 
103649 codespace ./cli mmap images/4096x4096        0   196708   236065   394572 
103645 codespace ./cli mmap images/4096x4096        0   196708   236067   394596 
103647 codespace ./cli mmap images/4096x4096        0   196708   236067   394612 
103643 codespace ./cli mmap images/4096x4096        0   196708   236070   394676 
103641 codespace ./cli mmap images/4096x4096        0   196712   236072   394616 
%CPU %MEM ARGS Sun Oct  4 21:09:41 UTC 2026
 0.0  0.0 grep --color=auto ./cli       1  2172
18.9  4.8 ./cli mmap images/4096x4096   1 394596
19.2  4.8 ./cli mmap images/4096x4096   1 394676
19.2  4.8 ./cli mmap images/4096x4096   1 394612
19.3  4.8 ./cli mmap images/4096x4096   1 394616
19.4  4.8 ./cli mmap images/4096x4096   0 394572
  PID User     Command                         Swap      USS      PSS      RSS 
110239 codespace /usr/bin/python3 /usr/bin/s        0    12104    12339    14620 
103649 codespace ./cli mmap images/4096x4096        0   196708   236065   394572 
103645 codespace ./cli mmap images/4096x4096        0   196708   236067   394596 
103647 codespace ./cli mmap images/4096x4096        0   196708   236067   394612 
103643 codespace ./cli mmap images/4096x4096        0   196708   236070   394676 
103641 codespace ./cli mmap images/4096x4096        0   196712   236072   394616 
%CPU %MEM ARGS Sun Oct  4 21:09:42 UTC 2026
 0.0  0.0 grep --color=auto ./cli       1  2172
18.9  4.8 ./cli mmap images/4096x4096   1 394596
19.2  4.8 ./cli mmap images/4096x4096   0 394676
19.2  4.8 ./cli mmap images/4096x4096   1 394612
19.3  4.8 ./cli mmap images/4096x4096   1 394616
19.4  4.8 ./cli mmap images/4096x4096   1 394572
  PID User     Command                         Swap      USS      PSS      RSS 
110245 codespace /usr/bin/python3 /usr/bin/s        0    12140    12371    14616 
103649 codespace ./cli mmap images/4096x4096        0   196708   236065   394572 
103645 codespace ./cli mmap images/4096x4096        0   196708   236067   394596 
103647 codespace ./cli mmap images/4096x4096        0   196708   236068   394612 
103643 codespace ./cli mmap images/4096x4096        0   196708   236070   394676 
103641 codespace ./cli mmap images/4096x4096        0   196712   236072   394616 
%CPU %MEM ARGS Sun Oct  4 21:09:43 UTC 2026
 0.0  0.0 grep --color=auto ./cli       1  2180
18.9  4.8 ./cli mmap images/4096x4096   1 394596
19.2  4.8 ./cli mmap images/4096x4096   1 394676
19.2  4.8 ./cli mmap images/4096x4096   1 394612
19.3  4.8 ./cli mmap images/4096x4096   1 394616
19.4  4.8 ./cli mmap images/4096x4096   1 394572
  PID User     Command                         Swap      USS      PSS      RSS 
110251 codespace /usr/bin/python3 /usr/bin/s        0    12092    12323    14504 
103649 codespace ./cli mmap images/4096x4096        0   196708   236065   394572 
103645 codespace ./cli mmap images/4096x4096        0   196708   236067   394596 
103647 codespace ./cli mmap images/4096x4096        0   196708   236067   394612 
103643 codespace ./cli mmap images/4096x4096        0   196708   236070   394676 
103641 codespace ./cli mmap images/4096x4096        0   196712   236071   394616 
%CPU %MEM ARGS Sun Oct  4 21:09:44 UTC 2026
 0.0  0.0 grep --color=auto ./cli       1  2160
18.9  4.8 ./cli mmap images/4096x4096   1 394596
19.2  4.8 ./cli mmap images/4096x4096   1 394676
19.2  4.8 ./cli mmap images/4096x4096   1 394612
19.3  4.8 ./cli mmap images/4096x4096   0 394616
19.4  4.8 ./cli mmap images/4096x4096   1 394572
  PID User     Command                         Swap      USS      PSS      RSS 
110262 codespace /usr/bin/python3 /usr/bin/s        0    12100    12351    14616 
103649 codespace ./cli mmap images/4096x4096        0   196708   236064   394572 
103645 codespace ./cli mmap images/4096x4096        0   196708   236067   394596 
103647 codespace ./cli mmap images/4096x4096        0   196708   236068   394612 
103641 codespace ./cli mmap images/4096x4096        0   196712   236070   394616 
103643 codespace ./cli mmap images/4096x4096        0   196708   236070   394676 
%CPU %MEM ARGS Sun Oct  4 21:09:45 UTC 2026
 0.0  0.0 grep --color=auto ./cli       1  2160
18.9  4.8 ./cli mmap images/4096x4096   0 394596
19.2  4.8 ./cli mmap images/4096x4096   0 394676
19.2  4.8 ./cli mmap images/4096x4096   1 394612
19.3  4.8 ./cli mmap images/4096x4096   0 394616
  PID User     Command                         Swap      USS      PSS      RSS 
110286 codespace /usr/bin/python3 /usr/bin/s        0    12104    12336    14564 
103645 codespace ./cli mmap images/4096x4096        0   196708   245901   394596 
103647 codespace ./cli mmap images/4096x4096        0   196708   245902   394612 
103643 codespace ./cli mmap images/4096x4096        0   196708   245904   394676 
103641 codespace ./cli mmap images/4096x4096        0   196712   245908   394616 
%CPU %MEM ARGS Sun Oct  4 21:09:46 UTC 2026
 0.0  0.0 grep --color=auto ./cli       0  2344
18.9  4.8 ./cli mmap images/4096x4096   0 394596
19.2  4.8 ./cli mmap images/4096x4096   0 394676
19.2  4.8 ./cli mmap images/4096x4096   1 394612
19.3  4.8 ./cli mmap images/4096x4096   0 394616
  PID User     Command                         Swap      USS      PSS      RSS 
110292 codespace /usr/bin/python3 /usr/bin/s        0    12088    12296    14568 
103647 codespace ./cli mmap images/4096x4096        0   196708   245900   394612 
103645 codespace ./cli mmap images/4096x4096        0   196708   245901   394596 
103643 codespace ./cli mmap images/4096x4096        0   196708   245905   394676 
103641 codespace ./cli mmap images/4096x4096        0   196712   245906   394616 
%CPU %MEM ARGS Sun Oct  4 21:09:47 UTC 2026
 0.0  0.0 grep --color=auto ./cli       1  2172
18.9  4.8 ./cli mmap images/4096x4096   0 394596
19.2  4.8 ./cli mmap images/4096x4096   0 394676
19.2  4.8 ./cli mmap images/4096x4096   0 394612
19.3  4.8 ./cli mmap images/4096x4096   1 394616
  PID User     Command                         Swap      USS      PSS      RSS 
110304 codespace /usr/bin/python3 /usr/bin/s        0    12112    12341    14540 
103645 codespace ./cli mmap images/4096x4096        0   196708   262287   394596 
103647 codespace ./cli mmap images/4096x4096        0   196708   262288   394612 
103643 codespace ./cli mmap images/4096x4096        0   196708   262291   394676 
%CPU %MEM ARGS Sun Oct  4 21:09:47 UTC 2026
 0.0  0.0 grep --color=auto ./cli       1  2204
18.9  4.8 ./cli mmap images/4096x4096   0 394596
19.2  4.8 ./cli mmap images/4096x4096   1 394676
19.2  4.8 ./cli mmap images/4096x4096   1 394612
  PID User     Command                         Swap      USS      PSS      RSS 
110309 codespace /usr/bin/python3 /usr/bin/s        0    12100    12351    14612 
103645 codespace ./cli mmap images/4096x4096        0   196708   262287   394596 
103647 codespace ./cli mmap images/4096x4096        0   196708   262288   394612 
103643 codespace ./cli mmap images/4096x4096        0   196708   262291   394676 
%CPU %MEM ARGS Sun Oct  4 21:09:48 UTC 2026
 0.0  0.0 grep --color=auto ./cli       0  2156
18.9  4.8 ./cli mmap images/4096x4096   0 394596
19.2  4.8 ./cli mmap images/4096x4096   0 394676
19.2  4.8 ./cli mmap images/4096x4096   1 394612
  PID User     Command                         Swap      USS      PSS      RSS 
110329 codespace /usr/bin/python3 /usr/bin/s        0    12084    12288    14500 
103645 codespace ./cli mmap images/4096x4096        0   196708   262283   394596 
103647 codespace ./cli mmap images/4096x4096        0   196708   262284   394612 
103643 codespace ./cli mmap images/4096x4096        0   196708   262286   394676 
%CPU %MEM ARGS Sun Oct  4 21:09:49 UTC 2026
 0.0  0.0 grep --color=auto ./cli       0  2248
18.9  4.8 ./cli mmap images/4096x4096   1 394596
19.2  4.8 ./cli mmap images/4096x4096   0 394676
19.3  4.8 ./cli mmap images/4096x4096   0 394612
  PID User     Command                         Swap      USS      PSS      RSS 
110335 codespace /usr/bin/python3 /usr/bin/s        0    12096    12333    14572 
103643 codespace ./cli mmap images/4096x4096        0   196708   262287   394676 
103645 codespace ./cli mmap images/4096x4096        0   196708   262287   394596 
103647 codespace ./cli mmap images/4096x4096        0   196708   262288   394612 
%CPU %MEM ARGS Sun Oct  4 21:09:49 UTC 2026
 0.0  0.0 grep --color=auto ./cli       1  2252
19.0  4.8 ./cli mmap images/4096x4096   0 394596
19.2  4.8 ./cli mmap images/4096x4096   0 394676
  PID User     Command                         Swap      USS      PSS      RSS 
110352 codespace /usr/bin/python3 /usr/bin/s        0    12084    12328    14564 
103645 codespace ./cli mmap images/4096x4096        0   196708   295062   394596 
103643 codespace ./cli mmap images/4096x4096        0   196708   295065   394676 
%CPU %MEM ARGS Sun Oct  4 21:09:50 UTC 2026
 0.0  0.0 grep --color=auto ./cli       0  2168
19.0  4.8 ./cli mmap images/4096x4096   0 394596
19.2  4.8 ./cli mmap images/4096x4096   1 394676
  PID User     Command                         Swap      USS      PSS      RSS 
110364 codespace /usr/bin/python3 /usr/bin/s        0    12060    12297    14472 
103645 codespace ./cli mmap images/4096x4096        0   393336   393377   394596 
%CPU %MEM ARGS Sun Oct  4 21:09:50 UTC 2026
 0.0  0.0 grep --color=auto ./cli       1  2196
19.0  4.8 ./cli mmap images/4096x4096   0 394596
  PID User     Command                         Swap      USS      PSS      RSS 
110369 codespace /usr/bin/python3 /usr/bin/s        0    12068    12312    14564 
103645 codespace ./cli mmap images/4096x4096        0   393336   393377   394596 
%CPU %MEM ARGS Sun Oct  4 21:09:51 UTC 2026
 0.0  0.0 grep --color=auto ./cli       0  2212
19.0  4.8 ./cli mmap images/4096x4096   1 394596
  PID User     Command                         Swap      USS      PSS      RSS 
110375 codespace /usr/bin/python3 /usr/bin/s        0    12096    12333    14576 
103645 codespace ./cli mmap images/4096x4096        0   393336   393376   394596 
%CPU %MEM ARGS Sun Oct  4 21:09:51 UTC 2026
 0.0  0.0 grep --color=auto ./cli       0  2300
19.1  4.8 ./cli mmap images/4096x4096   1 394596
  PID User     Command                         Swap      USS      PSS      RSS 
110380 codespace /usr/bin/python3 /usr/bin/s        0    12060    12299    14508 
103645 codespace ./cli mmap images/4096x4096        0   393336   393376   394596 
%CPU %MEM ARGS Sun Oct  4 21:09:51 UTC 2026
 0.0  0.0 grep --color=auto ./cli       0  2248
19.1  4.8 ./cli mmap images/4096x4096   1 394596
  PID User     Command                         Swap      USS      PSS      RSS 
110386 codespace /usr/bin/python3 /usr/bin/s        0    12056    12296    14532 
103645 codespace ./cli mmap images/4096x4096        0   393336   393377   394596 
%CPU %MEM ARGS Sun Oct  4 21:09:52 UTC 2026
 0.0  0.0 grep --color=auto ./cli       1  2152
19.1  4.8 ./cli mmap images/4096x4096   0 394596
  PID User     Command                         Swap      USS      PSS      RSS 
110391 codespace /usr/bin/python3 /usr/bin/s        0    12076    12313    14612 
103645 codespace ./cli mmap images/4096x4096        0   393336   393376   394596 
%CPU %MEM ARGS Sun Oct  4 21:09:52 UTC 2026
 0.0  0.0 grep --color=auto ./cli       0  2300
19.2  4.8 ./cli mmap images/4096x4096   1 394596
  PID User     Command                         Swap      USS      PSS      RSS 
110396 codespace /usr/bin/python3 /usr/bin/s        0    12116    12353    14652 
103645 codespace ./cli mmap images/4096x4096        0   393336   393376   394596 
%CPU %MEM ARGS Sun Oct  4 21:09:52 UTC 2026
 0.0  0.0 grep --color=auto ./cli       0  2172
19.2  4.8 ./cli mmap images/4096x4096   1 394596
  PID User     Command                         Swap      USS      PSS      RSS 
110402 codespace /usr/bin/python3 /usr/bin/s        0    11940    12185    14468 
