%CPU %MEM ARGS Sun Oct  4 19:44:47 UTC 2026
 0.0  0.0 grep --color=auto ./cli       0  2296
 0.0  0.0 ./cli kernel images/4096x40   0  1420
  PID User     Command                         Swap      USS      PSS      RSS 
61798 codespace ./cli kernel images/4096x40        0      660      706     1900 
61792 codespace /usr/bin/python3 /usr/bin/s        0    11928    12153    14344 
%CPU %MEM ARGS Sun Oct  4 19:44:48 UTC 2026
 0.0  0.0 grep --color=auto ./cli       1  2172
80.0  0.0 ./cli kernel images/4096x40   1  3660
  PID User     Command                         Swap      USS      PSS      RSS 
61798 codespace ./cli kernel images/4096x40        0     2784     2836     4024 
61808 codespace /usr/bin/python3 /usr/bin/s        0    12036    12267    14516 
%CPU %MEM ARGS Sun Oct  4 19:44:48 UTC 2026
 0.0  0.0 grep --color=auto ./cli       0  2176
87.5  0.0 ./cli kernel images/4096x40   1  5956
  PID User     Command                         Swap      USS      PSS      RSS 
61798 codespace ./cli kernel images/4096x40        0     5092     5144     6332 
61813 codespace /usr/bin/python3 /usr/bin/s        0    12032    12267    14508 
%CPU %MEM ARGS Sun Oct  4 19:44:48 UTC 2026
 0.0  0.0 grep --color=auto ./cli       0  2164
89.2  0.1 ./cli kernel images/4096x40   0  8272
  PID User     Command                         Swap      USS      PSS      RSS 
61798 codespace ./cli kernel images/4096x40        0     7436     7483     8676 
61818 codespace /usr/bin/python3 /usr/bin/s        0    12032    12217    14452 
%CPU %MEM ARGS Sun Oct  4 19:44:49 UTC 2026
 0.0  0.0 grep --color=auto ./cli       1  2252
90.2  0.1 ./cli kernel images/4096x40   0 10488
  PID User     Command                         Swap      USS      PSS      RSS 
61798 codespace ./cli kernel images/4096x40        0     9596     9641    10836 
61836 codespace /usr/bin/python3 /usr/bin/s        0    12052    12267    14592 
%CPU %MEM ARGS Sun Oct  4 19:44:49 UTC 2026
 0.0  0.0 grep --color=auto ./cli       1  2156
91.4  0.1 ./cli kernel images/4096x40   0 12536
  PID User     Command                         Swap      USS      PSS      RSS 
61798 codespace ./cli kernel images/4096x40        0    11676    11721    12916 
61841 codespace /usr/bin/python3 /usr/bin/s        0    12040    12245    14452 
%CPU %MEM ARGS Sun Oct  4 19:44:49 UTC 2026
 0.0  0.0 grep --color=auto ./cli       0  2176
92.2  0.1 ./cli kernel images/4096x40   1 14848
  PID User     Command                         Swap      USS      PSS      RSS 
61846 codespace /usr/bin/python3 /usr/bin/s        0    12060    12282    14556 
61798 codespace ./cli kernel images/4096x40        0    13980    14025    15220 
%CPU %MEM ARGS Sun Oct  4 19:44:49 UTC 2026
 0.0  0.0 grep --color=auto ./cli       0  2208
92.8  0.2 ./cli kernel images/4096x40   1 16988
  PID User     Command                         Swap      USS      PSS      RSS 
61859 codespace /usr/bin/python3 /usr/bin/s        0    12012    12262    14512 
61798 codespace ./cli kernel images/4096x40        0    16192    16243    17432 
%CPU %MEM ARGS Sun Oct  4 19:44:50 UTC 2026
 0.0  0.0 grep --color=auto ./cli       0  2344
92.1  0.2 ./cli kernel images/4096x40   1 19108
  PID User     Command                         Swap      USS      PSS      RSS 
61871 codespace /usr/bin/python3 /usr/bin/s        0    12032    12258    14448 
61798 codespace ./cli kernel images/4096x40        0    18216    18267    19456 
%CPU %MEM ARGS Sun Oct  4 19:44:50 UTC 2026
 0.0  0.0 grep --color=auto ./cli       1  2156
92.5  0.2 ./cli kernel images/4096x40   1 21300
  PID User     Command                         Swap      USS      PSS      RSS 
61876 codespace /usr/bin/python3 /usr/bin/s        0    12032    12261    14512 
61798 codespace ./cli kernel images/4096x40        0    20440    20491    21680 
%CPU %MEM ARGS Sun Oct  4 19:44:50 UTC 2026
 0.0  0.0 grep --color=auto ./cli       1  2200
93.0  0.2 ./cli kernel images/4096x40   0 23592
  PID User     Command                         Swap      USS      PSS      RSS 
61881 codespace /usr/bin/python3 /usr/bin/s        0    12052    12294    14568 
61798 codespace ./cli kernel images/4096x40        0    22700    22751    23940 
%CPU %MEM ARGS Sun Oct  4 19:44:51 UTC 2026
 0.0  0.0 grep --color=auto ./cli       1  2164
92.9  0.3 ./cli kernel images/4096x40   0 25812
  PID User     Command                         Swap      USS      PSS      RSS 
61887 codespace /usr/bin/python3 /usr/bin/s        0    12036    12269    14500 
61798 codespace ./cli kernel images/4096x40        0    24920    24972    26160 
%CPU %MEM ARGS Sun Oct  4 19:44:51 UTC 2026
 0.0  0.0 grep --color=auto ./cli       1  2300
93.2  0.3 ./cli kernel images/4096x40   1 27880
  PID User     Command                         Swap      USS      PSS      RSS 
61904 codespace /usr/bin/python3 /usr/bin/s        0    12036    12241    14472 
61798 codespace ./cli kernel images/4096x40        0    26996    27042    28236 
%CPU %MEM ARGS Sun Oct  4 19:44:51 UTC 2026
 0.0  0.0 grep --color=auto ./cli       0  2152
93.5  0.3 ./cli kernel images/4096x40   1 30200
  PID User     Command                         Swap      USS      PSS      RSS 
61909 codespace /usr/bin/python3 /usr/bin/s        0    12032    12230    14448 
61798 codespace ./cli kernel images/4096x40        0    29328    29374    30568 
%CPU %MEM ARGS Sun Oct  4 19:44:51 UTC 2026
 0.0  0.0 grep --color=auto ./cli       1  2176
93.7  0.3 ./cli kernel images/4096x40   0 32336
  PID User     Command                         Swap      USS      PSS      RSS 
61921 codespace /usr/bin/python3 /usr/bin/s        0    12040    12244    14452 
61798 codespace ./cli kernel images/4096x40        0    31732    31778    32972 
%CPU %MEM ARGS Sun Oct  4 19:44:52 UTC 2026
 0.0  0.0 grep --color=auto ./cli       0  2168
91.8  0.4 ./cli kernel images/4096x40   1 34420
  PID User     Command                         Swap      USS      PSS      RSS 
61952 codespace /usr/bin/python3 /usr/bin/s        0    12040    12265    14452 
61798 codespace ./cli kernel images/4096x40        0    33536    33587    34776 
%CPU %MEM ARGS Sun Oct  4 19:44:52 UTC 2026
 0.0  0.0 grep --color=auto ./cli       0  2292
91.1  0.4 ./cli kernel images/4096x40   0 36424
  PID User     Command                         Swap      USS      PSS      RSS 
61963 codespace /usr/bin/python3 /usr/bin/s        0    12032    12266    14516 
61798 codespace ./cli kernel images/4096x40        0    35496    35547    36736 
%CPU %MEM ARGS Sun Oct  4 19:44:52 UTC 2026
 0.0  0.0 grep --color=auto ./cli       1  2160
90.6  0.4 ./cli kernel images/4096x40   1 38480
  PID User     Command                         Swap      USS      PSS      RSS 
61969 codespace /usr/bin/python3 /usr/bin/s        0    12032    12256    14448 
61798 codespace ./cli kernel images/4096x40        0    37492    37543    38732 
%CPU %MEM ARGS Sun Oct  4 19:44:53 UTC 2026
 0.0  0.0 grep --color=auto ./cli       0  2344
90.8  0.4 ./cli kernel images/4096x40   0 40660
  PID User     Command                         Swap      USS      PSS      RSS 
61974 codespace /usr/bin/python3 /usr/bin/s        0    12032    12256    14448 
61798 codespace ./cli kernel images/4096x40        0    39836    39887    41076 
%CPU %MEM ARGS Sun Oct  4 19:44:53 UTC 2026
 0.0  0.0 grep --color=auto ./cli       1  2180
91.1  0.5 ./cli kernel images/4096x40   1 43048
  PID User     Command                         Swap      USS      PSS      RSS 
61979 codespace /usr/bin/python3 /usr/bin/s        0    12036    12263    14448 
61798 codespace ./cli kernel images/4096x40        0    42172    42223    43412 
%CPU %MEM ARGS Sun Oct  4 19:44:53 UTC 2026
 0.0  0.0 grep --color=auto ./cli       1  2168
91.3  0.5 ./cli kernel images/4096x40   0 45352
  PID User     Command                         Swap      USS      PSS      RSS 
61984 codespace /usr/bin/python3 /usr/bin/s        0    12032    12256    14448 
61798 codespace ./cli kernel images/4096x40        0    44488    44539    45728 
%CPU %MEM ARGS Sun Oct  4 19:44:54 UTC 2026
 0.0  0.0 grep --color=auto ./cli       0  2168
91.6  0.5 ./cli kernel images/4096x40   0 47584
  PID User     Command                         Swap      USS      PSS      RSS 
61990 codespace /usr/bin/python3 /usr/bin/s        0    12040    12287    14592 
61798 codespace ./cli kernel images/4096x40        0    46724    46776    47964 
%CPU %MEM ARGS Sun Oct  4 19:44:54 UTC 2026
 0.0  0.0 grep --color=auto ./cli       0  2172
91.3  0.6 ./cli kernel images/4096x40   0 49384
  PID User     Command                         Swap      USS      PSS      RSS 
62001 codespace /usr/bin/python3 /usr/bin/s        0    12032    12268    14484 
61798 codespace ./cli kernel images/4096x40        0    48516    48568    49756 
%CPU %MEM ARGS Sun Oct  4 19:44:54 UTC 2026
 0.0  0.0 grep --color=auto ./cli       0  2180
91.7  0.6 ./cli kernel images/4096x40   0 51752
  PID User     Command                         Swap      USS      PSS      RSS 
62006 codespace /usr/bin/python3 /usr/bin/s        0    12036    12264    14448 
61798 codespace ./cli kernel images/4096x40        0    50912    50963    52152 
%CPU %MEM ARGS Sun Oct  4 19:44:55 UTC 2026
 0.0  0.0 grep --color=auto ./cli       0  2296
90.9  0.6 ./cli kernel images/4096x40   1 53756
  PID User     Command                         Swap      USS      PSS      RSS 
62017 codespace /usr/bin/python3 /usr/bin/s        0    12044    12279    14492 
61798 codespace ./cli kernel images/4096x40        0    52852    52903    54092 
%CPU %MEM ARGS Sun Oct  4 19:44:55 UTC 2026
 0.0  0.0 grep --color=auto ./cli       0  2300
91.0  0.6 ./cli kernel images/4096x40   0 55856
  PID User     Command                         Swap      USS      PSS      RSS 
62023 codespace /usr/bin/python3 /usr/bin/s        0    12064    12312    14556 
61798 codespace ./cli kernel images/4096x40        0    54992    55043    56232 
%CPU %MEM ARGS Sun Oct  4 19:44:55 UTC 2026
 0.0  0.0 grep --color=auto ./cli       1  2176
91.2  0.7 ./cli kernel images/4096x40   0 58044
  PID User     Command                         Swap      USS      PSS      RSS 
62029 codespace /usr/bin/python3 /usr/bin/s        0    12028    12263    14512 
61798 codespace ./cli kernel images/4096x40        0    57172    57223    58412 
%CPU %MEM ARGS Sun Oct  4 19:44:55 UTC 2026
 0.0  0.0 grep --color=auto ./cli       0  2296
91.2  0.7 ./cli kernel images/4096x40   1 60344
  PID User     Command                         Swap      USS      PSS      RSS 
62034 codespace /usr/bin/python3 /usr/bin/s        0    12040    12274    14480 
61798 codespace ./cli kernel images/4096x40        0    59484    59535    60724 
%CPU %MEM ARGS Sun Oct  4 19:44:56 UTC 2026
 0.0  0.0 grep --color=auto ./cli       1  2344
91.6  0.7 ./cli kernel images/4096x40   1 62632
  PID User     Command                         Swap      USS      PSS      RSS 
62040 codespace /usr/bin/python3 /usr/bin/s        0    12044    12277    14508 
61798 codespace ./cli kernel images/4096x40        0    61752    61804    62992 
%CPU %MEM ARGS Sun Oct  4 19:44:56 UTC 2026
 0.0  0.0 grep --color=auto ./cli       0  2180
91.7  0.7 ./cli kernel images/4096x40   1 64720
  PID User     Command                         Swap      USS      PSS      RSS 
62051 codespace /usr/bin/python3 /usr/bin/s        0    12036    12269    14500 
61798 codespace ./cli kernel images/4096x40        0    63856    63908    65096 
%CPU %MEM ARGS Sun Oct  4 19:44:56 UTC 2026
 0.0  0.0 grep --color=auto ./cli       0  2296
91.8  0.8 ./cli kernel images/4096x40   0 67008
  PID User     Command                         Swap      USS      PSS      RSS 
62056 codespace /usr/bin/python3 /usr/bin/s        0    12052    12261    14520 
61798 codespace ./cli kernel images/4096x40        0    66144    66195    67384 
%CPU %MEM ARGS Sun Oct  4 19:44:57 UTC 2026
 0.0  0.0 grep --color=auto ./cli       1  2192
92.2  0.8 ./cli kernel images/4096x40   1 69216
  PID User     Command                         Swap      USS      PSS      RSS 
62062 codespace /usr/bin/python3 /usr/bin/s        0    12032    12257    14448 
61798 codespace ./cli kernel images/4096x40        0    68328    68379    69568 
%CPU %MEM ARGS Sun Oct  4 19:44:57 UTC 2026
 0.0  0.0 grep --color=auto ./cli       0  2160
92.2  0.8 ./cli kernel images/4096x40   0 71436
  PID User     Command                         Swap      USS      PSS      RSS 
62067 codespace /usr/bin/python3 /usr/bin/s        0    12056    12297    14592 
61798 codespace ./cli kernel images/4096x40        0    70572    70623    71812 
%CPU %MEM ARGS Sun Oct  4 19:44:57 UTC 2026
 0.0  0.0 grep --color=auto ./cli       0  2304
92.4  0.9 ./cli kernel images/4096x40   1 73744
  PID User     Command                         Swap      USS      PSS      RSS 
62072 codespace /usr/bin/python3 /usr/bin/s        0    12040    12264    14456 
61798 codespace ./cli kernel images/4096x40        0    72868    72919    74108 
%CPU %MEM ARGS Sun Oct  4 19:44:57 UTC 2026
 0.0  0.0 grep --color=auto ./cli       1  2176
92.4  0.9 ./cli kernel images/4096x40   1 75980
  PID User     Command                         Swap      USS      PSS      RSS 
62078 codespace /usr/bin/python3 /usr/bin/s        0    12036    12242    14484 
61798 codespace ./cli kernel images/4096x40        0    75136    75186    76376 
%CPU %MEM ARGS Sun Oct  4 19:44:58 UTC 2026
 0.0  0.0 grep --color=auto ./cli       0  2156
92.1  0.9 ./cli kernel images/4096x40   1 78048
  PID User     Command                         Swap      USS      PSS      RSS 
62088 codespace /usr/bin/python3 /usr/bin/s        0    12032    12267    14476 
61798 codespace ./cli kernel images/4096x40        0    77160    77211    78400 
%CPU %MEM ARGS Sun Oct  4 19:44:58 UTC 2026
 0.0  0.0 grep --color=auto ./cli       0  2168
92.0  0.9 ./cli kernel images/4096x40   1 79944
  PID User     Command                         Swap      USS      PSS      RSS 
62099 codespace /usr/bin/python3 /usr/bin/s        0    12040    12270    14452 
61798 codespace ./cli kernel images/4096x40        0    79060    79111    80300 
%CPU %MEM ARGS Sun Oct  4 19:44:58 UTC 2026
 0.0  0.0 grep --color=auto ./cli       0  2172
92.3  1.0 ./cli kernel images/4096x40   1 82184
  PID User     Command                         Swap      USS      PSS      RSS 
62104 codespace /usr/bin/python3 /usr/bin/s        0    12040    12270    14452 
61798 codespace ./cli kernel images/4096x40        0    81312    81363    82552 
%CPU %MEM ARGS Sun Oct  4 19:44:59 UTC 2026
 0.0  0.0 grep --color=auto ./cli       1  2204
92.3  1.0 ./cli kernel images/4096x40   1 84460
  PID User     Command                         Swap      USS      PSS      RSS 
62110 codespace /usr/bin/python3 /usr/bin/s        0    12036    12271    14512 
61798 codespace ./cli kernel images/4096x40        0    83588    83639    84828 
%CPU %MEM ARGS Sun Oct  4 19:44:59 UTC 2026
 0.0  0.0 grep --color=auto ./cli       0  2168
92.4  1.0 ./cli kernel images/4096x40   0 86680
  PID User     Command                         Swap      USS      PSS      RSS 
62115 codespace /usr/bin/python3 /usr/bin/s        0    12068    12316    14560 
61798 codespace ./cli kernel images/4096x40        0    85912    85963    87152 
%CPU %MEM ARGS Sun Oct  4 19:44:59 UTC 2026
 0.0  0.0 grep --color=auto ./cli       1  2200
92.4  1.0 ./cli kernel images/4096x40   1 89028
  PID User     Command                         Swap      USS      PSS      RSS 
62120 codespace /usr/bin/python3 /usr/bin/s        0    12032    12267    14508 
61798 codespace ./cli kernel images/4096x40        0    88176    88227    89416 
%CPU %MEM ARGS Sun Oct  4 19:45:00 UTC 2026
 0.0  0.0 grep --color=auto ./cli       1  2160
92.5  1.1 ./cli kernel images/4096x40   1 91260
  PID User     Command                         Swap      USS      PSS      RSS 
62126 codespace /usr/bin/python3 /usr/bin/s        0    12032    12257    14444 
61798 codespace ./cli kernel images/4096x40        0    90500    90551    91740 
%CPU %MEM ARGS Sun Oct  4 19:45:00 UTC 2026
 0.0  0.0 grep --color=auto ./cli       0  2168
92.5  1.1 ./cli kernel images/4096x40   1 93536
  PID User     Command                         Swap      USS      PSS      RSS 
62131 codespace /usr/bin/python3 /usr/bin/s        0    12032    12268    14496 
61798 codespace ./cli kernel images/4096x40        0    92644    92696    93884 
%CPU %MEM ARGS Sun Oct  4 19:45:00 UTC 2026
 0.0  0.0 grep --color=auto ./cli       0  2248
92.5  1.1 ./cli kernel images/4096x40   1 95652
  PID User     Command                         Swap      USS      PSS      RSS 
62142 codespace /usr/bin/python3 /usr/bin/s        0    12036    12271    14512 
61798 codespace ./cli kernel images/4096x40        0    94776    94828    96016 
%CPU %MEM ARGS Sun Oct  4 19:45:00 UTC 2026
 0.0  0.0 grep --color=auto ./cli       0  2164
92.6  1.2 ./cli kernel images/4096x40   1 97948
  PID User     Command                         Swap      USS      PSS      RSS 
62147 codespace /usr/bin/python3 /usr/bin/s        0    12040    12272    14452 
61798 codespace ./cli kernel images/4096x40        0    97080    97131    98320 
%CPU %MEM ARGS Sun Oct  4 19:45:01 UTC 2026
 0.0  0.0 grep --color=auto ./cli       1  2288
92.7  1.2 ./cli kernel images/4096x40   1 100256
  PID User     Command                         Swap      USS      PSS      RSS 
62153 codespace /usr/bin/python3 /usr/bin/s        0    12040    12277    14484 
61798 codespace ./cli kernel images/4096x40        0    99404    99455   100644 
%CPU %MEM ARGS Sun Oct  4 19:45:01 UTC 2026
 0.0  0.0 grep --color=auto ./cli       1  2180
92.8  1.2 ./cli kernel images/4096x40   1 102648
  PID User     Command                         Swap      USS      PSS      RSS 
62158 codespace /usr/bin/python3 /usr/bin/s        0    12040    12277    14484 
61798 codespace ./cli kernel images/4096x40        0   101788   101839   103028 
%CPU %MEM ARGS Sun Oct  4 19:45:01 UTC 2026
 0.0  0.0 grep --color=auto ./cli       1  2200
92.8  1.2 ./cli kernel images/4096x40   0 104716
  PID User     Command                         Swap      USS      PSS      RSS 
62163 codespace /usr/bin/python3 /usr/bin/s        0    12036    12260    14432 
61798 codespace ./cli kernel images/4096x40        0   103768   103819   105008 
%CPU %MEM ARGS Sun Oct  4 19:45:02 UTC 2026
 0.0  0.0 grep --color=auto ./cli       1  2152
92.8  1.3 ./cli kernel images/4096x40   1 106880
  PID User     Command                         Swap      USS      PSS      RSS 
62169 codespace /usr/bin/python3 /usr/bin/s        0    12036    12272    14480 
61798 codespace ./cli kernel images/4096x40        0   106064   106115   107304 
%CPU %MEM ARGS Sun Oct  4 19:45:02 UTC 2026
 0.0  0.0 grep --color=auto ./cli       0  2180
92.2  1.3 ./cli kernel images/4096x40   0 108368
  PID User     Command                         Swap      USS      PSS      RSS 
62192 codespace /usr/bin/python3 /usr/bin/s        0    12064    12311    14556 
61798 codespace ./cli kernel images/4096x40        0   107580   107631   108820 
%CPU %MEM ARGS Sun Oct  4 19:45:02 UTC 2026
 0.0  0.0 grep --color=auto ./cli       1  2156
92.2  1.3 ./cli kernel images/4096x40   1 110432
  PID User     Command                         Swap      USS      PSS      RSS 
62203 codespace /usr/bin/python3 /usr/bin/s        0    12032    12256    14448 
61798 codespace ./cli kernel images/4096x40        0   109592   109643   110832 
%CPU %MEM ARGS Sun Oct  4 19:45:03 UTC 2026
 0.0  0.0 grep --color=auto ./cli       0  2160
92.3  1.3 ./cli kernel images/4096x40   0 112736
  PID User     Command                         Swap      USS      PSS      RSS 
62209 codespace /usr/bin/python3 /usr/bin/s        0    12040    12287    14592 
61798 codespace ./cli kernel images/4096x40        0   111856   111908   113096 
%CPU %MEM ARGS Sun Oct  4 19:45:03 UTC 2026
 0.0  0.0 grep --color=auto ./cli       1  2152
92.3  1.4 ./cli kernel images/4096x40   1 114884
  PID User     Command                         Swap      USS      PSS      RSS 
62214 codespace /usr/bin/python3 /usr/bin/s        0    12032    12265    14516 
61798 codespace ./cli kernel images/4096x40        0   113996   114048   115236 
%CPU %MEM ARGS Sun Oct  4 19:45:03 UTC 2026
 0.0  0.0 grep --color=auto ./cli       0  2200
92.2  1.4 ./cli kernel images/4096x40   1 116924
  PID User     Command                         Swap      USS      PSS      RSS 
62225 codespace /usr/bin/python3 /usr/bin/s        0    12036    12268    14556 
61798 codespace ./cli kernel images/4096x40        0   116060   116110   117300 
%CPU %MEM ARGS Sun Oct  4 19:45:03 UTC 2026
 0.0  0.0 grep --color=auto ./cli       1  2344
92.3  1.4 ./cli kernel images/4096x40   0 119180
  PID User     Command                         Swap      USS      PSS      RSS 
62230 codespace /usr/bin/python3 /usr/bin/s        0    12064    12312    14556 
61798 codespace ./cli kernel images/4096x40        0   118300   118351   119540 
%CPU %MEM ARGS Sun Oct  4 19:45:04 UTC 2026
 0.0  0.0 grep --color=auto ./cli       1  2252
92.2  1.4 ./cli kernel images/4096x40   0 121388
  PID User     Command                         Swap      USS      PSS      RSS 
62236 codespace /usr/bin/python3 /usr/bin/s        0    12036    12260    14452 
61798 codespace ./cli kernel images/4096x40        0   120512   120563   121752 
%CPU %MEM ARGS Sun Oct  4 19:45:04 UTC 2026
 0.0  0.0 grep --color=auto ./cli       1  2220
92.2  1.5 ./cli kernel images/4096x40   0 123624
  PID User     Command                         Swap      USS      PSS      RSS 
62241 codespace /usr/bin/python3 /usr/bin/s        0    12040    12272    14484 
61798 codespace ./cli kernel images/4096x40        0   122724   122775   123964 
%CPU %MEM ARGS Sun Oct  4 19:45:04 UTC 2026
 0.0  0.0 grep --color=auto ./cli       0  2156
92.2  1.5 ./cli kernel images/4096x40   1 125604
  PID User     Command                         Swap      USS      PSS      RSS 
62252 codespace /usr/bin/python3 /usr/bin/s        0    12032    12250    14424 
61798 codespace ./cli kernel images/4096x40        0   124732   124783   125972 
%CPU %MEM ARGS Sun Oct  4 19:45:05 UTC 2026
 0.0  0.0 grep --color=auto ./cli       1  2288
92.2  1.5 ./cli kernel images/4096x40   0 127660
  PID User     Command                         Swap      USS      PSS      RSS 
62258 codespace /usr/bin/python3 /usr/bin/s        0    12056    12292    14540 
61798 codespace ./cli kernel images/4096x40        0   126824   126876   128064 
%CPU %MEM ARGS Sun Oct  4 19:45:05 UTC 2026
 0.0  0.0 grep --color=auto ./cli       1  2204
92.2  1.5 ./cli kernel images/4096x40   1 129944
  PID User     Command                         Swap      USS      PSS      RSS 
62263 codespace /usr/bin/python3 /usr/bin/s        0    12032    12260    14512 
61798 codespace ./cli kernel images/4096x40        0   129072   129123   130312 
%CPU %MEM ARGS Sun Oct  4 19:45:05 UTC 2026
 0.0  0.0 grep --color=auto ./cli       0  2180
92.3  1.6 ./cli kernel images/4096x40   0 132052
  PID User     Command                         Swap      USS      PSS      RSS 
62268 codespace /usr/bin/python3 /usr/bin/s        0    12056    12292    14540 
61798 codespace ./cli kernel images/4096x40        0   131172   131224   132412 
%CPU %MEM ARGS Sun Oct  4 19:45:06 UTC 2026
 0.0  0.0 grep --color=auto ./cli       1  2164
92.3  1.6 ./cli kernel images/4096x40   1 134396
  PID User     Command                         Swap      USS      PSS      RSS 
62274 codespace /usr/bin/python3 /usr/bin/s        0    12036    12270    14512 
61798 codespace ./cli kernel images/4096x40        0   133488   133539   134728 
%CPU %MEM ARGS Sun Oct  4 19:45:06 UTC 2026
 0.0  0.0 grep --color=auto ./cli       0  2164
92.3  1.6 ./cli kernel images/4096x40   1 136576
  PID User     Command                         Swap      USS      PSS      RSS 
62279 codespace /usr/bin/python3 /usr/bin/s        0    12040    12277    14488 
61798 codespace ./cli kernel images/4096x40        0   135716   135767   136956 
%CPU %MEM ARGS Sun Oct  4 19:45:06 UTC 2026
 0.0  0.0 grep --color=auto ./cli       1  2340
92.4  1.7 ./cli kernel images/4096x40   0 138936
  PID User     Command                         Swap      USS      PSS      RSS 
62284 codespace /usr/bin/python3 /usr/bin/s        0    12040    12275    14484 
61798 codespace ./cli kernel images/4096x40        0   138040   138091   139280 
%CPU %MEM ARGS Sun Oct  4 19:45:06 UTC 2026
 0.0  0.0 grep --color=auto ./cli       1  2248
92.4  1.7 ./cli kernel images/4096x40   1 141012
  PID User     Command                         Swap      USS      PSS      RSS 
62295 codespace /usr/bin/python3 /usr/bin/s        0    12064    12313    14556 
61798 codespace ./cli kernel images/4096x40        0   140144   140195   141384 
%CPU %MEM ARGS Sun Oct  4 19:45:07 UTC 2026
 0.0  0.0 grep --color=auto ./cli       0  2344
92.6  1.7 ./cli kernel images/4096x40   0 143336
  PID User     Command                         Swap      USS      PSS      RSS 
62301 codespace /usr/bin/python3 /usr/bin/s        0    12032    12241    14420 
61798 codespace ./cli kernel images/4096x40        0   142440   142491   143680 
%CPU %MEM ARGS Sun Oct  4 19:45:07 UTC 2026
 0.0  0.0 grep --color=auto ./cli       1  2180
92.5  1.7 ./cli kernel images/4096x40   0 145460
  PID User     Command                         Swap      USS      PSS      RSS 
62306 codespace /usr/bin/python3 /usr/bin/s        0    12032    12243    14476 
61798 codespace ./cli kernel images/4096x40        0   144588   144639   145828 
%CPU %MEM ARGS Sun Oct  4 19:45:07 UTC 2026
 0.0  0.0 grep --color=auto ./cli       1  2172
92.5  1.8 ./cli kernel images/4096x40   1 147764
  PID User     Command                         Swap      USS      PSS      RSS 
62311 codespace /usr/bin/python3 /usr/bin/s        0    12040    12277    14488 
61798 codespace ./cli kernel images/4096x40        0   146884   146935   148124 
%CPU %MEM ARGS Sun Oct  4 19:45:08 UTC 2026
 0.0  0.0 grep --color=auto ./cli       1  2304
92.6  1.8 ./cli kernel images/4096x40   1 149956
  PID User     Command                         Swap      USS      PSS      RSS 
62317 codespace /usr/bin/python3 /usr/bin/s        0    12032    12255    14448 
61798 codespace ./cli kernel images/4096x40        0   149080   149131   150320 
%CPU %MEM ARGS Sun Oct  4 19:45:08 UTC 2026
 0.0  0.0 grep --color=auto ./cli       1  2152
92.7  1.8 ./cli kernel images/4096x40   1 152180
  PID User     Command                         Swap      USS      PSS      RSS 
62322 codespace /usr/bin/python3 /usr/bin/s        0    12040    12268    14452 
61798 codespace ./cli kernel images/4096x40        0   151328   151379   152568 
%CPU %MEM ARGS Sun Oct  4 19:45:08 UTC 2026
 0.0  0.0 grep --color=auto ./cli       1  2296
92.7  1.8 ./cli kernel images/4096x40   1 154500
  PID User     Command                         Swap      USS      PSS      RSS 
62327 codespace /usr/bin/python3 /usr/bin/s        0    12036    12261    14448 
61798 codespace ./cli kernel images/4096x40        0   153632   153683   154872 
%CPU %MEM ARGS Sun Oct  4 19:45:08 UTC 2026
 0.0  0.0 grep --color=auto ./cli       1  2248
92.8  1.9 ./cli kernel images/4096x40   1 156776
  PID User     Command                         Swap      USS      PSS      RSS 
62335 codespace /usr/bin/python3 /usr/bin/s        0    12036    12258    14452 
61798 codespace ./cli kernel images/4096x40        0   155940   155991   157180 
%CPU %MEM ARGS Sun Oct  4 19:45:09 UTC 2026
 0.0  0.0 grep --color=auto ./cli       1  2172
92.4  1.9 ./cli kernel images/4096x40   1 159116
  PID User     Command                         Swap      USS      PSS      RSS 
62350 codespace /usr/bin/python3 /usr/bin/s        0    12060    12301    14596 
61798 codespace ./cli kernel images/4096x40        0   158240   158291   159480 
%CPU %MEM ARGS Sun Oct  4 19:45:09 UTC 2026
 0.0  0.0 grep --color=auto ./cli       1  2208
92.3  1.9 ./cli kernel images/4096x40   1 161032
  PID User     Command                         Swap      USS      PSS      RSS 
62355 codespace /usr/bin/python3 /usr/bin/s        0    12056    12297    14592 
61798 codespace ./cli kernel images/4096x40        0   160148   160199   161388 
%CPU %MEM ARGS Sun Oct  4 19:45:09 UTC 2026
 0.0  0.0 grep --color=auto ./cli       0  2164
92.3  2.0 ./cli kernel images/4096x40   0 163300
  PID User     Command                         Swap      USS      PSS      RSS 
62360 codespace /usr/bin/python3 /usr/bin/s        0    12032    12256    14448 
61798 codespace ./cli kernel images/4096x40        0   162424   162475   163664 
%CPU %MEM ARGS Sun Oct  4 19:45:10 UTC 2026
 0.0  0.0 grep --color=auto ./cli       0  2176
92.3  2.0 ./cli kernel images/4096x40   1 165392
  PID User     Command                         Swap      USS      PSS      RSS 
62366 codespace /usr/bin/python3 /usr/bin/s        0    12040    12269    14452 
61798 codespace ./cli kernel images/4096x40        0   164512   164563   165752 
%CPU %MEM ARGS Sun Oct  4 19:45:10 UTC 2026
 0.0  0.0 grep --color=auto ./cli       1  2176
92.3  2.0 ./cli kernel images/4096x40   0 167652
  PID User     Command                         Swap      USS      PSS      RSS 
62371 codespace /usr/bin/python3 /usr/bin/s        0    12032    12266    14516 
61798 codespace ./cli kernel images/4096x40        0   166860   166912   168100 
%CPU %MEM ARGS Sun Oct  4 19:45:10 UTC 2026
 0.0  0.0 grep --color=auto ./cli       1  2156
92.4  2.0 ./cli kernel images/4096x40   0 169992
  PID User     Command                         Swap      USS      PSS      RSS 
62376 codespace /usr/bin/python3 /usr/bin/s        0    12044    12268    14460 
61798 codespace ./cli kernel images/4096x40        0   169120   169171   170360 
%CPU %MEM ARGS Sun Oct  4 19:45:11 UTC 2026
 0.0  0.0 grep --color=auto ./cli       0  2208
92.3  2.1 ./cli kernel images/4096x40   0 172016
  PID User     Command                         Swap      USS      PSS      RSS 
62388 codespace /usr/bin/python3 /usr/bin/s        0    12032    12264    14508 
61798 codespace ./cli kernel images/4096x40        0   171116   171167   172356 
%CPU %MEM ARGS Sun Oct  4 19:45:11 UTC 2026
 0.0  0.0 grep --color=auto ./cli       1  2160
92.3  2.1 ./cli kernel images/4096x40   1 174212
  PID User     Command                         Swap      USS      PSS      RSS 
62393 codespace /usr/bin/python3 /usr/bin/s        0    12048    12282    14496 
61798 codespace ./cli kernel images/4096x40        0   173348   173400   174588 
%CPU %MEM ARGS Sun Oct  4 19:45:11 UTC 2026
 0.0  0.0 grep --color=auto ./cli       1  2344
92.4  2.1 ./cli kernel images/4096x40   0 176500
  PID User     Command                         Swap      USS      PSS      RSS 
62398 codespace /usr/bin/python3 /usr/bin/s        0    12040    12271    14444 
61798 codespace ./cli kernel images/4096x40        0   175628   175679   176868 
%CPU %MEM ARGS Sun Oct  4 19:45:12 UTC 2026
 0.0  0.0 grep --color=auto ./cli       0  2156
92.5  2.1 ./cli kernel images/4096x40   1 178824
  PID User     Command                         Swap      USS      PSS      RSS 
62404 codespace /usr/bin/python3 /usr/bin/s        0    12032    12267    14500 
61798 codespace ./cli kernel images/4096x40        0   177944   177996   179184 
%CPU %MEM ARGS Sun Oct  4 19:45:12 UTC 2026
 0.0  0.0 grep --color=auto ./cli       1  2156
92.5  2.2 ./cli kernel images/4096x40   0 181092
  PID User     Command                         Swap      USS      PSS      RSS 
62409 codespace /usr/bin/python3 /usr/bin/s        0    12036    12272    14488 
61798 codespace ./cli kernel images/4096x40        0   180196   180248   181436 
%CPU %MEM ARGS Sun Oct  4 19:45:12 UTC 2026
 0.0  0.0 grep --color=auto ./cli       1  2340
92.4  2.2 ./cli kernel images/4096x40   1 182884
  PID User     Command                         Swap      USS      PSS      RSS 
62420 codespace /usr/bin/python3 /usr/bin/s        0    11972    12208    14424 
61798 codespace ./cli kernel images/4096x40        0   182268   182320   183508 
%CPU %MEM ARGS Sun Oct  4 19:45:12 UTC 2026
 0.0  0.0 grep --color=auto ./cli       1  2200
92.4  2.2 ./cli kernel images/4096x40   1 185416
  PID User     Command                         Swap      USS      PSS      RSS 
62438 codespace /usr/bin/python3 /usr/bin/s        0    12056    12296    14564 
61798 codespace ./cli kernel images/4096x40        0   184556   184607   185796 
%CPU %MEM ARGS Sun Oct  4 19:45:13 UTC 2026
 0.0  0.0 grep --color=auto ./cli       0  2156
92.4  2.3 ./cli kernel images/4096x40   0 187504
  PID User     Command                         Swap      USS      PSS      RSS 
62450 codespace /usr/bin/python3 /usr/bin/s        0    12032    12255    14444 
61798 codespace ./cli kernel images/4096x40        0   186628   186679   187868 
%CPU %MEM ARGS Sun Oct  4 19:45:13 UTC 2026
 0.0  0.0 grep --color=auto ./cli       0  2296
92.4  2.3 ./cli kernel images/4096x40   0 189804
  PID User     Command                         Swap      USS      PSS      RSS 
62455 codespace /usr/bin/python3 /usr/bin/s        0    12036    12265    14516 
61798 codespace ./cli kernel images/4096x40        0   188928   188979   190168 
%CPU %MEM ARGS Sun Oct  4 19:45:13 UTC 2026
 0.0  0.0 grep --color=auto ./cli       1  2188
92.5  2.3 ./cli kernel images/4096x40   1 192112
  PID User     Command                         Swap      USS      PSS      RSS 
62460 codespace /usr/bin/python3 /usr/bin/s        0    12040    12276    14484 
61798 codespace ./cli kernel images/4096x40        0   191236   191287   192476 
%CPU %MEM ARGS Sun Oct  4 19:45:14 UTC 2026
 0.0  0.0 grep --color=auto ./cli       1  2152
92.5  2.3 ./cli kernel images/4096x40   0 194456
  PID User     Command                         Swap      USS      PSS      RSS 
62466 codespace /usr/bin/python3 /usr/bin/s        0    12040    12298    14556 
61798 codespace ./cli kernel images/4096x40        0   193588   193639   194828 
%CPU %MEM ARGS Sun Oct  4 19:45:14 UTC 2026
 0.0  0.0 grep --color=auto ./cli       0  2248
92.6  2.4 ./cli kernel images/4096x40   1 196760
  PID User     Command                         Swap      USS      PSS      RSS 
62471 codespace /usr/bin/python3 /usr/bin/s        0    12032    12257    14448 
61798 codespace ./cli kernel images/4096x40        0   195896   195948   197136 
%CPU %MEM ARGS Sun Oct  4 19:45:14 UTC 2026
 0.0  0.0 grep --color=auto ./cli       0  2160
92.6  2.4 ./cli kernel images/4096x40   1 201916
  PID User     Command                         Swap      USS      PSS      RSS 
62481 codespace /usr/bin/python3 /usr/bin/s        0    12032    12232    14452 
61798 codespace ./cli kernel images/4096x40        0   202764   202814   204004 
%CPU %MEM ARGS Sun Oct  4 19:45:15 UTC 2026
 0.0  0.0 grep --color=auto ./cli       0  2184
92.5  2.6 ./cli kernel images/4096x40   1 215316
  PID User     Command                         Swap      USS      PSS      RSS 
62487 codespace /usr/bin/python3 /usr/bin/s        0    12032    12255    14448 
61798 codespace ./cli kernel images/4096x40        0   216276   216327   217516 
%CPU %MEM ARGS Sun Oct  4 19:45:15 UTC 2026
 0.0  0.0 grep --color=auto ./cli       1  2156
92.4  2.7 ./cli kernel images/4096x40   1 225932
  PID User     Command                         Swap      USS      PSS      RSS 
62498 codespace /usr/bin/python3 /usr/bin/s        0    12060    12299    14544 
61798 codespace ./cli kernel images/4096x40        0   227032   227083   228272 
%CPU %MEM ARGS Sun Oct  4 19:45:15 UTC 2026
 0.0  0.0 grep --color=auto ./cli       0  2152
92.3  2.9 ./cli kernel images/4096x40   0 239036
  PID User     Command                         Swap      USS      PSS      RSS 
62503 codespace /usr/bin/python3 /usr/bin/s        0    12044    12277    14488 
61798 codespace ./cli kernel images/4096x40        0   240040   240091   241280 
%CPU %MEM ARGS Sun Oct  4 19:45:15 UTC 2026
 0.0  0.0 grep --color=auto ./cli       0  2212
92.4  3.1 ./cli kernel images/4096x40   0 252996
  PID User     Command                         Swap      USS      PSS      RSS 
62508 codespace /usr/bin/python3 /usr/bin/s        0    12036    12272    14500 
61798 codespace ./cli kernel images/4096x40        0   254168   254220   255408 
%CPU %MEM ARGS Sun Oct  4 19:45:16 UTC 2026
 0.0  0.0 grep --color=auto ./cli       0  2212
92.4  3.2 ./cli kernel images/4096x40   1 267040
  PID User     Command                         Swap      USS      PSS      RSS 
62514 codespace /usr/bin/python3 /usr/bin/s        0    12056    12296    14544 
61798 codespace ./cli kernel images/4096x40        0   268092   268144   269332 
%CPU %MEM ARGS Sun Oct  4 19:45:16 UTC 2026
 0.0  0.0 grep --color=auto ./cli       1  2212
92.5  3.4 ./cli kernel images/4096x40   0 280720
  PID User     Command                         Swap      USS      PSS      RSS 
62519 codespace /usr/bin/python3 /usr/bin/s        0    12052    12292    14564 
61798 codespace ./cli kernel images/4096x40        0   281704   281755   282944 
%CPU %MEM ARGS Sun Oct  4 19:45:16 UTC 2026
 0.0  0.0 grep --color=auto ./cli       1  2184
92.5  3.6 ./cli kernel images/4096x40   0 294288
  PID User     Command                         Swap      USS      PSS      RSS 
62524 codespace /usr/bin/python3 /usr/bin/s        0    12048    12273    14460 
61798 codespace ./cli kernel images/4096x40        0   295192   295243   296432 
%CPU %MEM ARGS Sun Oct  4 19:45:17 UTC 2026
 0.0  0.0 grep --color=auto ./cli       1  2248
92.5  3.7 ./cli kernel images/4096x40   1 306788
  PID User     Command                         Swap      USS      PSS      RSS 
62530 codespace /usr/bin/python3 /usr/bin/s        0    12032    12264    14508 
61798 codespace ./cli kernel images/4096x40        0   307180   307231   308420 
%CPU %MEM ARGS Sun Oct  4 19:45:17 UTC 2026
 0.0  0.0 grep --color=auto ./cli       0  2156
92.5  3.9 ./cli kernel images/4096x40   0 318640
  PID User     Command                         Swap      USS      PSS      RSS 
62541 codespace /usr/bin/python3 /usr/bin/s        0    12036    12260    14452 
61798 codespace ./cli kernel images/4096x40        0   319548   319599   320788 
%CPU %MEM ARGS Sun Oct  4 19:45:17 UTC 2026
 0.0  0.0 grep --color=auto ./cli       1  2156
92.5  4.0 ./cli kernel images/4096x40   1 331792
  PID User     Command                         Swap      USS      PSS      RSS 
62546 codespace /usr/bin/python3 /usr/bin/s        0    12052    12305    14556 
61798 codespace ./cli kernel images/4096x40        0   332988   333039   334228 
%CPU %MEM ARGS Sun Oct  4 19:45:17 UTC 2026
 0.0  0.0 grep --color=auto ./cli       1  2068
92.5  4.2 ./cli kernel images/4096x40   1 345664
  PID User     Command                         Swap      USS      PSS      RSS 
62551 codespace /usr/bin/python3 /usr/bin/s        0    12032    12257    14448 
61798 codespace ./cli kernel images/4096x40        0   346944   346995   348184 
%CPU %MEM ARGS Sun Oct  4 19:45:18 UTC 2026
 0.0  0.0 grep --color=auto ./cli       1  2248
92.6  4.4 ./cli kernel images/4096x40   0 359924
  PID User     Command                         Swap      USS      PSS      RSS 
62557 codespace /usr/bin/python3 /usr/bin/s        0    12040    12247    14428 
61798 codespace ./cli kernel images/4096x40        0   361092   361143   362332 
%CPU %MEM ARGS Sun Oct  4 19:45:18 UTC 2026
 0.0  0.0 grep --color=auto ./cli       1  2304
92.6  4.5 ./cli kernel images/4096x40   0 373768
  PID User     Command                         Swap      USS      PSS      RSS 
62562 codespace /usr/bin/python3 /usr/bin/s        0    11984    12217    14468 
61798 codespace ./cli kernel images/4096x40        0   375196   375247   376436 
%CPU %MEM ARGS Sun Oct  4 19:45:18 UTC 2026
 0.0  0.0 grep --color=auto ./cli       0  2160
92.6  4.7 ./cli kernel images/4096x40   1 388132
  PID User     Command                         Swap      USS      PSS      RSS 
62567 codespace /usr/bin/python3 /usr/bin/s        0    12032    12257    14448 
61798 codespace ./cli kernel images/4096x40        0   389304   389355   390544 
%CPU %MEM ARGS Sun Oct  4 19:45:19 UTC 2026
 0.0  0.0 grep --color=auto ./cli       1  2304
92.6  4.8 ./cli kernel images/4096x40   0 394580
  PID User     Command                         Swap      USS      PSS      RSS 
62573 codespace /usr/bin/python3 /usr/bin/s        0    12036    12265    14448 
61798 codespace ./cli kernel images/4096x40        0   393340   393391   394580 
%CPU %MEM ARGS Sun Oct  4 19:45:19 UTC 2026
 0.0  0.0 grep --color=auto ./cli       0  2168
92.3  4.8 ./cli kernel images/4096x40   0 394580
  PID User     Command                         Swap      USS      PSS      RSS 
62581 codespace /usr/bin/python3 /usr/bin/s        0    12032    12257    14448 
61798 codespace ./cli kernel images/4096x40        0   393340   393391   394580 
%CPU %MEM ARGS Sun Oct  4 19:45:20 UTC 2026
 0.0  0.0 grep --color=auto ./cli       1  2180
91.8  4.8 ./cli kernel images/4096x40   0 394580
  PID User     Command                         Swap      USS      PSS      RSS 
62589 codespace /usr/bin/python3 /usr/bin/s        0    12040    12269    14452 
61798 codespace ./cli kernel images/4096x40        0   393340   393391   394580 
%CPU %MEM ARGS Sun Oct  4 19:45:20 UTC 2026
 0.0  0.0 grep --color=auto ./cli       1  2308
91.4  4.8 ./cli kernel images/4096x40   0 394580
  PID User     Command                         Swap      USS      PSS      RSS 
62601 codespace /usr/bin/python3 /usr/bin/s        0    12036    12255    14408 
61798 codespace ./cli kernel images/4096x40        0   393340   393391   394580 
%CPU %MEM ARGS Sun Oct  4 19:45:20 UTC 2026
 0.0  0.0 grep --color=auto ./cli       1  2296
91.0  4.8 ./cli kernel images/4096x40   1 394580
  PID User     Command                         Swap      USS      PSS      RSS 
62606 codespace /usr/bin/python3 /usr/bin/s        0    12032    12257    14448 
61798 codespace ./cli kernel images/4096x40        0   393340   393391   394580 
%CPU %MEM ARGS Sun Oct  4 19:45:21 UTC 2026
 0.0  0.0 grep --color=auto ./cli       0  2292
90.6  4.8 ./cli kernel images/4096x40   0 394580
  PID User     Command                         Swap      USS      PSS      RSS 
62612 codespace /usr/bin/python3 /usr/bin/s        0    12032    12263    14508 
61798 codespace ./cli kernel images/4096x40        0   393340   393391   394580 
%CPU %MEM ARGS Sun Oct  4 19:45:21 UTC 2026
 0.0  0.0 grep --color=auto ./cli       0  2200
90.4  4.8 ./cli kernel images/4096x40   1 394580
  PID User     Command                         Swap      USS      PSS      RSS 
62617 codespace /usr/bin/python3 /usr/bin/s        0    12032    12255    14448 
61798 codespace ./cli kernel images/4096x40        0   393340   393391   394580 
%CPU %MEM ARGS Sun Oct  4 19:45:21 UTC 2026
 0.0  0.0 grep --color=auto ./cli       1  2152
89.9  4.8 ./cli kernel images/4096x40   1 394580
  PID User     Command                         Swap      USS      PSS      RSS 
62628 codespace /usr/bin/python3 /usr/bin/s        0    12040    12265    14452 
61798 codespace ./cli kernel images/4096x40        0   393340   393391   394580 
%CPU %MEM ARGS Sun Oct  4 19:45:22 UTC 2026
 0.0  0.0 grep --color=auto ./cli       1  2192
89.6  4.8 ./cli kernel images/4096x40   0 394580
  PID User     Command                         Swap      USS      PSS      RSS 
62634 codespace /usr/bin/python3 /usr/bin/s        0    12048    12289    14540 
61798 codespace ./cli kernel images/4096x40        0   393340   393392   394580 
%CPU %MEM ARGS Sun Oct  4 19:45:22 UTC 2026
 0.0  0.0 grep --color=auto ./cli       1  2308
89.3  4.8 ./cli kernel images/4096x40   0 394580
  PID User     Command                         Swap      USS      PSS      RSS 
62639 codespace /usr/bin/python3 /usr/bin/s        0    12032    12258    14448 
61798 codespace ./cli kernel images/4096x40        0   393340   393391   394580 
%CPU %MEM ARGS Sun Oct  4 19:45:23 UTC 2026
 0.0  0.0 grep --color=auto ./cli       1  2160
88.8  4.8 ./cli kernel images/4096x40   0 394580
  PID User     Command                         Swap      USS      PSS      RSS 
62662 codespace /usr/bin/python3 /usr/bin/s        0    12028    12252    14444 
61798 codespace ./cli kernel images/4096x40        0   393340   393391   394580 
%CPU %MEM ARGS Sun Oct  4 19:45:23 UTC 2026
 0.0  0.0 grep --color=auto ./cli       1  2304
88.6  4.8 ./cli kernel images/4096x40   0 394580
  PID User     Command                         Swap      USS      PSS      RSS 
62667 codespace /usr/bin/python3 /usr/bin/s        0    12040    12274    14480 
61798 codespace ./cli kernel images/4096x40        0   393340   393391   394580 
%CPU %MEM ARGS Sun Oct  4 19:45:23 UTC 2026
 0.0  0.0 grep --color=auto ./cli       0  2336
88.3  4.8 ./cli kernel images/4096x40   0 394580
  PID User     Command                         Swap      USS      PSS      RSS 
62672 codespace /usr/bin/python3 /usr/bin/s        0    12048    12252    14564 
61798 codespace ./cli kernel images/4096x40        0   393340   393385   394580 
%CPU %MEM ARGS Sun Oct  4 19:45:24 UTC 2026
 0.0  0.0 grep --color=auto ./cli       1  2172
88.0  4.8 ./cli kernel images/4096x40   0 394580
  PID User     Command                         Swap      USS      PSS      RSS 
62684 codespace /usr/bin/python3 /usr/bin/s        0    12032    12267    14508 
61798 codespace ./cli kernel images/4096x40        0   393340   393391   394580 
%CPU %MEM ARGS Sun Oct  4 19:45:24 UTC 2026
 0.0  0.0 grep --color=auto ./cli       1  2168
87.7  4.8 ./cli kernel images/4096x40   0 394580
  PID User     Command                         Swap      USS      PSS      RSS 
62689 codespace /usr/bin/python3 /usr/bin/s        0    12040    12276    14488 
61798 codespace ./cli kernel images/4096x40        0   393340   393391   394580 
%CPU %MEM ARGS Sun Oct  4 19:45:25 UTC 2026
 0.0  0.0 grep --color=auto ./cli       1  2248
87.4  4.8 ./cli kernel images/4096x40   0 394580
  PID User     Command                         Swap      USS      PSS      RSS 
62695 codespace /usr/bin/python3 /usr/bin/s        0    12040    12276    14496 
61798 codespace ./cli kernel images/4096x40        0   393340   393391   394580 
%CPU %MEM ARGS Sun Oct  4 19:45:25 UTC 2026
 0.0  0.0 grep --color=auto ./cli       1  2212
87.1  4.8 ./cli kernel images/4096x40   1 394580
  PID User     Command                         Swap      USS      PSS      RSS 
62700 codespace /usr/bin/python3 /usr/bin/s        0    12028    12253    14444 
61798 codespace ./cli kernel images/4096x40        0   393340   393391   394580 
%CPU %MEM ARGS Sun Oct  4 19:45:25 UTC 2026
 0.0  0.0 grep --color=auto ./cli       1  2144
86.8  4.8 ./cli kernel images/4096x40   0 394580
  PID User     Command                         Swap      USS      PSS      RSS 
62711 codespace /usr/bin/python3 /usr/bin/s        0    12028    12238    14500 
61798 codespace ./cli kernel images/4096x40        0   393340   393390   394580 
%CPU %MEM ARGS Sun Oct  4 19:45:26 UTC 2026
 0.0  0.0 grep --color=auto ./cli       0  2204
86.5  4.8 ./cli kernel images/4096x40   1 394580
  PID User     Command                         Swap      USS      PSS      RSS 
62720 codespace /usr/bin/python3 /usr/bin/s        0    12044    12287    14540 
61798 codespace ./cli kernel images/4096x40        0   393340   393392   394580 
%CPU %MEM ARGS Sun Oct  4 19:45:26 UTC 2026
 0.0  0.0 grep --color=auto ./cli       0  2164
86.1  4.8 ./cli kernel images/4096x40   1 394580
  PID User     Command                         Swap      USS      PSS      RSS 
62728 codespace /usr/bin/python3 /usr/bin/s        0    12044    12287    14540 
61798 codespace ./cli kernel images/4096x40        0   393340   393392   394580 
%CPU %MEM ARGS Sun Oct  4 19:45:27 UTC 2026
 0.0  0.0 grep --color=auto ./cli       1  2300
85.9  4.8 ./cli kernel images/4096x40   0 394580
  PID User     Command                         Swap      USS      PSS      RSS 
62733 codespace /usr/bin/python3 /usr/bin/s        0    12036    12268    14520 
61798 codespace ./cli kernel images/4096x40        0   393340   393391   394580 
%CPU %MEM ARGS Sun Oct  4 19:45:27 UTC 2026
 0.0  0.0 grep --color=auto ./cli       0  2292
85.7  4.8 ./cli kernel images/4096x40   1 394580
  PID User     Command                         Swap      USS      PSS      RSS 
62739 codespace /usr/bin/python3 /usr/bin/s        0    12032    12264    14516 
61798 codespace ./cli kernel images/4096x40        0   393340   393391   394580 
%CPU %MEM ARGS Sun Oct  4 19:45:27 UTC 2026
 0.0  0.0 grep --color=auto ./cli       1  2172
85.6  4.8 ./cli kernel images/4096x40   0 394580
  PID User     Command                         Swap      USS      PSS      RSS 
62744 codespace /usr/bin/python3 /usr/bin/s        0    12040    12278    14488 
61798 codespace ./cli kernel images/4096x40        0   393340   393391   394580 
%CPU %MEM ARGS Sun Oct  4 19:45:28 UTC 2026
 0.0  0.0 grep --color=auto ./cli       0  2344
85.3  4.8 ./cli kernel images/4096x40   1 394580
  PID User     Command                         Swap      USS      PSS      RSS 
62750 codespace /usr/bin/python3 /usr/bin/s        0    12040    12277    14488 
61798 codespace ./cli kernel images/4096x40        0   393340   393390   394580 
%CPU %MEM ARGS Sun Oct  4 19:45:28 UTC 2026
 0.0  0.0 grep --color=auto ./cli       0  2344
85.0  4.8 ./cli kernel images/4096x40   1 394580
  PID User     Command                         Swap      USS      PSS      RSS 
62761 codespace /usr/bin/python3 /usr/bin/s        0    12064    12312    14556 
61798 codespace ./cli kernel images/4096x40        0   393340   393391   394580 
%CPU %MEM ARGS Sun Oct  4 19:45:28 UTC 2026
 0.0  0.0 grep --color=auto ./cli       0  2248
84.7  4.8 ./cli kernel images/4096x40   1 394580
  PID User     Command                         Swap      USS      PSS      RSS 
62766 codespace /usr/bin/python3 /usr/bin/s        0    12032    12258    14448 
61798 codespace ./cli kernel images/4096x40        0   393340   393391   394580 
%CPU %MEM ARGS Sun Oct  4 19:45:29 UTC 2026
 0.0  0.0 grep --color=auto ./cli       0  2300
84.5  4.8 ./cli kernel images/4096x40   0 394580
  PID User     Command                         Swap      USS      PSS      RSS 
62772 codespace /usr/bin/python3 /usr/bin/s        0    12036    12267    14512 
61798 codespace ./cli kernel images/4096x40        0   393340   393391   394580 
%CPU %MEM ARGS Sun Oct  4 19:45:29 UTC 2026
 0.0  0.0 grep --color=auto ./cli       0  2304
84.2  4.8 ./cli kernel images/4096x40   1 394580
  PID User     Command                         Swap      USS      PSS      RSS 
62777 codespace /usr/bin/python3 /usr/bin/s        0    12032    12264    14516 
61798 codespace ./cli kernel images/4096x40        0   393340   393391   394580 
%CPU %MEM ARGS Sun Oct  4 19:45:30 UTC 2026
 0.0  0.0 grep --color=auto ./cli       1  2176
84.0  4.8 ./cli kernel images/4096x40   0 394580
  PID User     Command                         Swap      USS      PSS      RSS 
62783 codespace /usr/bin/python3 /usr/bin/s        0    12060    12308    14552 
61798 codespace ./cli kernel images/4096x40        0   393340   393391   394580 
%CPU %MEM ARGS Sun Oct  4 19:45:30 UTC 2026
 0.0  0.0 grep --color=auto ./cli       1  2160
83.7  4.8 ./cli kernel images/4096x40   0 394580
  PID User     Command                         Swap      USS      PSS      RSS 
62792 codespace /usr/bin/python3 /usr/bin/s        0    12032    12266    14516 
61798 codespace ./cli kernel images/4096x40        0   393340   393391   394580 
%CPU %MEM ARGS Sun Oct  4 19:45:31 UTC 2026
 0.0  0.0 grep --color=auto ./cli       0  2172
83.5  4.8 ./cli kernel images/4096x40   1 394580
  PID User     Command                         Swap      USS      PSS      RSS 
62799 codespace /usr/bin/python3 /usr/bin/s        0    12040    12272    14452 
61798 codespace ./cli kernel images/4096x40        0   393340   393391   394580 
%CPU %MEM ARGS Sun Oct  4 19:45:31 UTC 2026
 0.0  0.0 grep --color=auto ./cli       0  2196
83.3  4.8 ./cli kernel images/4096x40   1 394580
  PID User     Command                         Swap      USS      PSS      RSS 
62811 codespace /usr/bin/python3 /usr/bin/s        0    12036    12259    14592 
61798 codespace ./cli kernel images/4096x40        0   393340   393390   394580 
%CPU %MEM ARGS Sun Oct  4 19:45:31 UTC 2026
 0.0  0.0 grep --color=auto ./cli       1  2200
83.1  4.8 ./cli kernel images/4096x40   0 394580
  PID User     Command                         Swap      USS      PSS      RSS 
62816 codespace /usr/bin/python3 /usr/bin/s        0    12032    12265    14516 
61798 codespace ./cli kernel images/4096x40        0   393340   393392   394580 
%CPU %MEM ARGS Sun Oct  4 19:45:32 UTC 2026
 0.0  0.0 grep --color=auto ./cli       0  2168
82.8  4.8 ./cli kernel images/4096x40   1 394580
  PID User     Command                         Swap      USS      PSS      RSS 
62822 codespace /usr/bin/python3 /usr/bin/s        0    12036    12269    14500 
61798 codespace ./cli kernel images/4096x40        0   393340   393391   394580 
%CPU %MEM ARGS Sun Oct  4 19:45:32 UTC 2026
 0.0  0.0 grep --color=auto ./cli       1  2172
82.5  4.8 ./cli kernel images/4096x40   0 394580
  PID User     Command                         Swap      USS      PSS      RSS 
62827 codespace /usr/bin/python3 /usr/bin/s        0    12032    12264    14508 
61798 codespace ./cli kernel images/4096x40        0   393340   393391   394580 
%CPU %MEM ARGS Sun Oct  4 19:45:33 UTC 2026
 0.0  0.0 grep --color=auto ./cli       1  2248
82.4  4.8 ./cli kernel images/4096x40   1 394580
  PID User     Command                         Swap      USS      PSS      RSS 
62839 codespace /usr/bin/python3 /usr/bin/s        0    12032    12257    14448 
61798 codespace ./cli kernel images/4096x40        0   393340   393391   394580 
%CPU %MEM ARGS Sun Oct  4 19:45:33 UTC 2026
 0.0  0.0 grep --color=auto ./cli       1  1924
82.0  4.8 ./cli kernel images/4096x40   1 394580
  PID User     Command                         Swap      USS      PSS      RSS 
62862 codespace /usr/bin/python3 /usr/bin/s        0    12032    12255    14448 
61798 codespace ./cli kernel images/4096x40        0   393340   393391   394580 
%CPU %MEM ARGS Sun Oct  4 19:45:33 UTC 2026
 0.0  0.0 grep --color=auto ./cli       1  2172
81.9  4.8 ./cli kernel images/4096x40   1 394580
  PID User     Command                         Swap      USS      PSS      RSS 
62867 codespace /usr/bin/python3 /usr/bin/s        0    12040    12275    14488 
61798 codespace ./cli kernel images/4096x40        0   393340   393391   394580 
%CPU %MEM ARGS Sun Oct  4 19:45:34 UTC 2026
 0.0  0.0 grep --color=auto ./cli       1  2308
81.7  4.8 ./cli kernel images/4096x40   1 394580
  PID User     Command                         Swap      USS      PSS      RSS 
62873 codespace /usr/bin/python3 /usr/bin/s        0    12044    12289    14588 
61798 codespace ./cli kernel images/4096x40        0   393340   393392   394580 
%CPU %MEM ARGS Sun Oct  4 19:45:34 UTC 2026
 0.0  0.0 grep --color=auto ./cli       1  2300
81.5  4.8 ./cli kernel images/4096x40   0 394580
  PID User     Command                         Swap      USS      PSS      RSS 
62878 codespace /usr/bin/python3 /usr/bin/s        0    12044    12273    14456 
61798 codespace ./cli kernel images/4096x40        0   393340   393391   394580 
%CPU %MEM ARGS Sun Oct  4 19:45:35 UTC 2026
 0.0  0.0 grep --color=auto ./cli       1  2180
81.3  4.8 ./cli kernel images/4096x40   0 394580
  PID User     Command                         Swap      USS      PSS      RSS 
62889 codespace /usr/bin/python3 /usr/bin/s        0    12032    12263    14512 
61798 codespace ./cli kernel images/4096x40        0   393340   393392   394580 
%CPU %MEM ARGS Sun Oct  4 19:45:35 UTC 2026
 0.0  0.0 grep --color=auto ./cli       1  2296
81.1  4.8 ./cli kernel images/4096x40   1 394580
  PID User     Command                         Swap      USS      PSS      RSS 
62895 codespace /usr/bin/python3 /usr/bin/s        0    12068    12301    14512 
61798 codespace ./cli kernel images/4096x40        0   393340   393391   394580 
%CPU %MEM ARGS Sun Oct  4 19:45:35 UTC 2026
 0.0  0.0 grep --color=auto ./cli       0  2156
80.9  4.8 ./cli kernel images/4096x40   0 394580
  PID User     Command                         Swap      USS      PSS      RSS 
62900 codespace /usr/bin/python3 /usr/bin/s        0    12036    12261    14448 
61798 codespace ./cli kernel images/4096x40        0   393340   393391   394580 
%CPU %MEM ARGS Sun Oct  4 19:45:36 UTC 2026
 0.0  0.0 grep --color=auto ./cli       1  2300
80.7  4.8 ./cli kernel images/4096x40   0 394580
  PID User     Command                         Swap      USS      PSS      RSS 
62906 codespace /usr/bin/python3 /usr/bin/s        0    12032    12257    14448 
61798 codespace ./cli kernel images/4096x40        0   393340   393392   394580 
%CPU %MEM ARGS Sun Oct  4 19:45:36 UTC 2026
 0.0  0.0 grep --color=auto ./cli       0  2252
80.5  4.8 ./cli kernel images/4096x40   1 394580
  PID User     Command                         Swap      USS      PSS      RSS 
62911 codespace /usr/bin/python3 /usr/bin/s        0    12044    12300    14556 
61798 codespace ./cli kernel images/4096x40        0   393340   393392   394580 
%CPU %MEM ARGS Sun Oct  4 19:45:37 UTC 2026
 0.0  0.0 grep --color=auto ./cli       1  2176
80.3  4.8 ./cli kernel images/4096x40   0 394580
  PID User     Command                         Swap      USS      PSS      RSS 
62923 codespace /usr/bin/python3 /usr/bin/s        0    12028    12237    14516 
61798 codespace ./cli kernel images/4096x40        0   393340   393390   394580 
%CPU %MEM ARGS Sun Oct  4 19:45:37 UTC 2026
 0.0  0.0 grep --color=auto ./cli       0  2160
80.1  4.8 ./cli kernel images/4096x40   1 394580
  PID User     Command                         Swap      USS      PSS      RSS 
62934 codespace /usr/bin/python3 /usr/bin/s        0    12056    12294    14540 
61798 codespace ./cli kernel images/4096x40        0   393340   393391   394580 
%CPU %MEM ARGS Sun Oct  4 19:45:37 UTC 2026
 0.0  0.0 grep --color=auto ./cli       1  2204
79.9  4.8 ./cli kernel images/4096x40   1 394580
  PID User     Command                         Swap      USS      PSS      RSS 
62939 codespace /usr/bin/python3 /usr/bin/s        0    12036    12261    14452 
61798 codespace ./cli kernel images/4096x40        0   393340   393391   394580 
%CPU %MEM ARGS Sun Oct  4 19:45:38 UTC 2026
 0.0  0.0 grep --color=auto ./cli       1  2340
79.7  4.8 ./cli kernel images/4096x40   1 394580
  PID User     Command                         Swap      USS      PSS      RSS 
62945 codespace /usr/bin/python3 /usr/bin/s        0    12040    12280    14488 
61798 codespace ./cli kernel images/4096x40        0   393340   393391   394580 
%CPU %MEM ARGS Sun Oct  4 19:45:38 UTC 2026
 0.0  0.0 grep --color=auto ./cli       0  2248
79.5  4.8 ./cli kernel images/4096x40   1 394580
  PID User     Command                         Swap      USS      PSS      RSS 
62950 codespace /usr/bin/python3 /usr/bin/s        0    12032    12259    14448 
61798 codespace ./cli kernel images/4096x40        0   393340   393391   394580 
%CPU %MEM ARGS Sun Oct  4 19:45:39 UTC 2026
 0.0  0.0 grep --color=auto ./cli       0  2212
79.4  4.8 ./cli kernel images/4096x40   0 394580
  PID User     Command                         Swap      USS      PSS      RSS 
62956 codespace /usr/bin/python3 /usr/bin/s        0    12032    12261    14512 
61798 codespace ./cli kernel images/4096x40        0   393340   393391   394580 
%CPU %MEM ARGS Sun Oct  4 19:45:39 UTC 2026
 0.0  0.0 grep --color=auto ./cli       1  2192
79.2  4.8 ./cli kernel images/4096x40   0 394580
  PID User     Command                         Swap      USS      PSS      RSS 
62967 codespace /usr/bin/python3 /usr/bin/s        0    12032    12257    14448 
61798 codespace ./cli kernel images/4096x40        0   393340   393392   394580 
%CPU %MEM ARGS Sun Oct  4 19:45:40 UTC 2026
 0.0  0.0 grep --color=auto ./cli       1  2176
79.1  4.8 ./cli kernel images/4096x40   0 394580
  PID User     Command                         Swap      USS      PSS      RSS 
62972 codespace /usr/bin/python3 /usr/bin/s        0    12040    12279    14484 
61798 codespace ./cli kernel images/4096x40        0   393340   393391   394580 
%CPU %MEM ARGS Sun Oct  4 19:45:40 UTC 2026
 0.0  0.0 grep --color=auto ./cli       0  2180
79.0  4.8 ./cli kernel images/4096x40   0 394580
  PID User     Command                         Swap      USS      PSS      RSS 
62978 codespace /usr/bin/python3 /usr/bin/s        0    12056    12309    14556 
61798 codespace ./cli kernel images/4096x40        0   393340   393391   394580 
%CPU %MEM ARGS Sun Oct  4 19:45:40 UTC 2026
 0.0  0.0 grep --color=auto ./cli       0  2196
78.9  4.8 ./cli kernel images/4096x40   1 394580
  PID User     Command                         Swap      USS      PSS      RSS 
62983 codespace /usr/bin/python3 /usr/bin/s        0    12036    12259    14408 
61798 codespace ./cli kernel images/4096x40        0   393340   393391   394580 
%CPU %MEM ARGS Sun Oct  4 19:45:41 UTC 2026
 0.0  0.0 grep --color=auto ./cli       1  2252
78.7  4.8 ./cli kernel images/4096x40   0 394580
  PID User     Command                         Swap      USS      PSS      RSS 
62989 codespace /usr/bin/python3 /usr/bin/s        0    12032    12257    14448 
61798 codespace ./cli kernel images/4096x40        0   393340   393391   394580 
%CPU %MEM ARGS Sun Oct  4 19:45:41 UTC 2026
 0.0  0.0 grep --color=auto ./cli       1  2164
78.5  4.8 ./cli kernel images/4096x40   0 394580
  PID User     Command                         Swap      USS      PSS      RSS 
63000 codespace /usr/bin/python3 /usr/bin/s        0    12056    12294    14540 
61798 codespace ./cli kernel images/4096x40        0   393340   393391   394580 
%CPU %MEM ARGS Sun Oct  4 19:45:42 UTC 2026
 0.0  0.0 grep --color=auto ./cli       0  2308
78.4  4.8 ./cli kernel images/4096x40   1 394580
  PID User     Command                         Swap      USS      PSS      RSS 
63005 codespace /usr/bin/python3 /usr/bin/s        0    12028    12261    14512 
61798 codespace ./cli kernel images/4096x40        0   393340   393391   394580 
%CPU %MEM ARGS Sun Oct  4 19:45:42 UTC 2026
 0.0  0.0 grep --color=auto ./cli       0  2180
78.3  4.8 ./cli kernel images/4096x40   1 394580
  PID User     Command                         Swap      USS      PSS      RSS 
63011 codespace /usr/bin/python3 /usr/bin/s        0    12032    12256    14448 
61798 codespace ./cli kernel images/4096x40        0   393340   393391   394580 
%CPU %MEM ARGS Sun Oct  4 19:45:42 UTC 2026
 0.0  0.0 grep --color=auto ./cli       1  2192
78.2  4.8 ./cli kernel images/4096x40   0 394580
  PID User     Command                         Swap      USS      PSS      RSS 
63021 codespace /usr/bin/python3 /usr/bin/s        0    12040    12269    14452 
61798 codespace ./cli kernel images/4096x40        0   393340   393391   394580 
%CPU %MEM ARGS Sun Oct  4 19:45:43 UTC 2026
 0.0  0.0 grep --color=auto ./cli       1  2212
78.0  4.8 ./cli kernel images/4096x40   1 394580
  PID User     Command                         Swap      USS      PSS      RSS 
63027 codespace /usr/bin/python3 /usr/bin/s        0    12032    12264    14508 
61798 codespace ./cli kernel images/4096x40        0   393340   393391   394580 
%CPU %MEM ARGS Sun Oct  4 19:45:43 UTC 2026
 0.0  0.0 grep --color=auto ./cli       0  2252
77.9  4.8 ./cli kernel images/4096x40   1 394580
  PID User     Command                         Swap      USS      PSS      RSS 
63033 codespace /usr/bin/python3 /usr/bin/s        0    11972    12207    14424 
61798 codespace ./cli kernel images/4096x40        0   393340   393392   394580 
%CPU %MEM ARGS Sun Oct  4 19:45:44 UTC 2026
 0.0  0.0 grep --color=auto ./cli       1  2164
77.7  4.8 ./cli kernel images/4096x40   0 394580
  PID User     Command                         Swap      USS      PSS      RSS 
63061 codespace /usr/bin/python3 /usr/bin/s        0    12032    12259    14448 
61798 codespace ./cli kernel images/4096x40        0   393340   393392   394580 
%CPU %MEM ARGS Sun Oct  4 19:45:44 UTC 2026
 0.0  0.0 grep --color=auto ./cli       0  2180
77.6  4.8 ./cli kernel images/4096x40   0 394580
  PID User     Command                         Swap      USS      PSS      RSS 
63067 codespace /usr/bin/python3 /usr/bin/s        0    12032    12259    14448 
61798 codespace ./cli kernel images/4096x40        0   393340   393392   394580 
%CPU %MEM ARGS Sun Oct  4 19:45:44 UTC 2026
 0.0  0.0 grep --color=auto ./cli       0  2160
77.5  4.8 ./cli kernel images/4096x40   0 394580
  PID User     Command                         Swap      USS      PSS      RSS 
63072 codespace /usr/bin/python3 /usr/bin/s        0    12032    12264    14508 
61798 codespace ./cli kernel images/4096x40        0   393340   393392   394580 
%CPU %MEM ARGS Sun Oct  4 19:45:45 UTC 2026
 0.0  0.0 grep --color=auto ./cli       0  2252
77.4  4.8 ./cli kernel images/4096x40   1 394580
  PID User     Command                         Swap      USS      PSS      RSS 
63078 codespace /usr/bin/python3 /usr/bin/s        0    12036    12262    14452 
61798 codespace ./cli kernel images/4096x40        0   393340   393391   394580 
%CPU %MEM ARGS Sun Oct  4 19:45:45 UTC 2026
 0.0  0.0 grep --color=auto ./cli       1  2168
77.3  4.8 ./cli kernel images/4096x40   0 394580
  PID User     Command                         Swap      USS      PSS      RSS 
63083 codespace /usr/bin/python3 /usr/bin/s        0    12060    12309    14556 
61798 codespace ./cli kernel images/4096x40        0   393340   393391   394580 
%CPU %MEM ARGS Sun Oct  4 19:45:45 UTC 2026
 0.0  0.0 grep --color=auto ./cli       0  2344
77.2  4.8 ./cli kernel images/4096x40   1 394580
  PID User     Command                         Swap      USS      PSS      RSS 
63092 codespace /usr/bin/python3 /usr/bin/s        0    12032    12256    14448 
61798 codespace ./cli kernel images/4096x40        0   393340   393391   394580 
%CPU %MEM ARGS Sun Oct  4 19:45:46 UTC 2026
 0.0  0.0 grep --color=auto ./cli       0  2332
77.0  4.8 ./cli kernel images/4096x40   1 394580
  PID User     Command                         Swap      USS      PSS      RSS 
63100 codespace /usr/bin/python3 /usr/bin/s        0    12032    12264    14508 
61798 codespace ./cli kernel images/4096x40        0   393340   393391   394580 
%CPU %MEM ARGS Sun Oct  4 19:45:46 UTC 2026
 0.0  0.0 grep --color=auto ./cli       1  2340
76.9  4.8 ./cli kernel images/4096x40   0 394580
  PID User     Command                         Swap      USS      PSS      RSS 
63105 codespace /usr/bin/python3 /usr/bin/s        0    12060    12296    14544 
61798 codespace ./cli kernel images/4096x40        0   393340   393391   394580 
%CPU %MEM ARGS Sun Oct  4 19:45:47 UTC 2026
 0.0  0.0 grep --color=auto ./cli       1  2160
76.8  4.8 ./cli kernel images/4096x40   1 394580
  PID User     Command                         Swap      USS      PSS      RSS 
63110 codespace /usr/bin/python3 /usr/bin/s        0    12032    12261    14512 
61798 codespace ./cli kernel images/4096x40        0   393340   393391   394580 
%CPU %MEM ARGS Sun Oct  4 19:45:47 UTC 2026
 0.0  0.0 grep --color=auto ./cli       1  2160
76.8  4.8 ./cli kernel images/4096x40   1 394580
  PID User     Command                         Swap      USS      PSS      RSS 
63116 codespace /usr/bin/python3 /usr/bin/s        0    12056    12297    14592 
61798 codespace ./cli kernel images/4096x40        0   393340   393391   394580 
%CPU %MEM ARGS Sun Oct  4 19:45:47 UTC 2026
 0.0  0.0 grep --color=auto ./cli       0  2176
76.7  4.8 ./cli kernel images/4096x40   0 394580
  PID User     Command                         Swap      USS      PSS      RSS 
63121 codespace /usr/bin/python3 /usr/bin/s        0    12016    12241    14508 
61798 codespace ./cli kernel images/4096x40        0   393340   393385   394580 
%CPU %MEM ARGS Sun Oct  4 19:45:48 UTC 2026
 0.0  0.0 grep --color=auto ./cli       1  2160
76.5  4.8 ./cli kernel images/4096x40   1 394580
  PID User     Command                         Swap      USS      PSS      RSS 
63139 codespace /usr/bin/python3 /usr/bin/s        0    12036    12271    14500 
61798 codespace ./cli kernel images/4096x40        0   393340   393391   394580 
%CPU %MEM ARGS Sun Oct  4 19:45:48 UTC 2026
 0.0  0.0 grep --color=auto ./cli       1  2200
76.4  4.8 ./cli kernel images/4096x40   1 394580
  PID User     Command                         Swap      USS      PSS      RSS 
63144 codespace /usr/bin/python3 /usr/bin/s        0    12032    12265    14516 
61798 codespace ./cli kernel images/4096x40        0   393340   393391   394580 
%CPU %MEM ARGS Sun Oct  4 19:45:49 UTC 2026
 0.0  0.0 grep --color=auto ./cli       1  2160
76.3  4.8 ./cli kernel images/4096x40   1 394580
  PID User     Command                         Swap      USS      PSS      RSS 
63149 codespace /usr/bin/python3 /usr/bin/s        0    12040    12267    14472 
61798 codespace ./cli kernel images/4096x40        0   393340   393391   394580 
%CPU %MEM ARGS Sun Oct  4 19:45:49 UTC 2026
 0.0  0.0 grep --color=auto ./cli       0  2204
76.3  4.8 ./cli kernel images/4096x40   1 394580
  PID User     Command                         Swap      USS      PSS      RSS 
63155 codespace /usr/bin/python3 /usr/bin/s        0    12040    12269    14452 
61798 codespace ./cli kernel images/4096x40        0   393340   393391   394580 
%CPU %MEM ARGS Sun Oct  4 19:45:49 UTC 2026
 0.0  0.0 grep --color=auto ./cli       0  2152
76.1  4.8 ./cli kernel images/4096x40   1 394580
  PID User     Command                         Swap      USS      PSS      RSS 
63160 codespace /usr/bin/python3 /usr/bin/s        0    12036    12259    14452 
61798 codespace ./cli kernel images/4096x40        0   393340   393391   394580 
%CPU %MEM ARGS Sun Oct  4 19:45:50 UTC 2026
 0.0  0.0 grep --color=auto ./cli       0  2192
76.0  4.8 ./cli kernel images/4096x40   0 394580
  PID User     Command                         Swap      USS      PSS      RSS 
63166 codespace /usr/bin/python3 /usr/bin/s        0    12040    12266    14456 
61798 codespace ./cli kernel images/4096x40        0   393340   393391   394580 
%CPU %MEM ARGS Sun Oct  4 19:45:50 UTC 2026
 0.0  0.0 grep --color=auto ./cli       0  2168
75.9  4.8 ./cli kernel images/4096x40   1 394580
  PID User     Command                         Swap      USS      PSS      RSS 
63177 codespace /usr/bin/python3 /usr/bin/s        0    12036    12260    14452 
61798 codespace ./cli kernel images/4096x40        0   393340   393391   394580 
%CPU %MEM ARGS Sun Oct  4 19:45:51 UTC 2026
 0.0  0.0 grep --color=auto ./cli       0  2200
75.8  4.8 ./cli kernel images/4096x40   0 394580
  PID User     Command                         Swap      USS      PSS      RSS 
63182 codespace /usr/bin/python3 /usr/bin/s        0    12048    12295    14600 
61798 codespace ./cli kernel images/4096x40        0   393340   393391   394580 
%CPU %MEM ARGS Sun Oct  4 19:45:51 UTC 2026
 0.0  0.0 grep --color=auto ./cli       1  2160
75.7  4.8 ./cli kernel images/4096x40   0 394580
  PID User     Command                         Swap      USS      PSS      RSS 
63188 codespace /usr/bin/python3 /usr/bin/s        0    12040    12277    14484 
61798 codespace ./cli kernel images/4096x40        0   393340   393391   394580 
%CPU %MEM ARGS Sun Oct  4 19:45:51 UTC 2026
 0.0  0.0 grep --color=auto ./cli       0  2112
75.6  4.8 ./cli kernel images/4096x40   0 394580
  PID User     Command                         Swap      USS      PSS      RSS 
63193 codespace /usr/bin/python3 /usr/bin/s        0    12032    12267    14484 
61798 codespace ./cli kernel images/4096x40        0   393340   393392   394580 
%CPU %MEM ARGS Sun Oct  4 19:45:52 UTC 2026
 0.0  0.0 grep --color=auto ./cli       0  2212
75.5  4.8 ./cli kernel images/4096x40   1 394580
  PID User     Command                         Swap      USS      PSS      RSS 
63199 codespace /usr/bin/python3 /usr/bin/s        0    12060    12298    14568 
61798 codespace ./cli kernel images/4096x40        0   393340   393391   394580 
%CPU %MEM ARGS Sun Oct  4 19:45:52 UTC 2026
 0.0  0.0 grep --color=auto ./cli       1  2212
75.4  4.8 ./cli kernel images/4096x40   1 394580
  PID User     Command                         Swap      USS      PSS      RSS 
63210 codespace /usr/bin/python3 /usr/bin/s        0    12064    12311    14556 
61798 codespace ./cli kernel images/4096x40        0   393340   393391   394580 
%CPU %MEM ARGS Sun Oct  4 19:45:52 UTC 2026
 0.0  0.0 grep --color=auto ./cli       1  2176
75.3  4.8 ./cli kernel images/4096x40   0 394580
  PID User     Command                         Swap      USS      PSS      RSS 
63215 codespace /usr/bin/python3 /usr/bin/s        0    12032    12262    14512 
61798 codespace ./cli kernel images/4096x40        0   393340   393391   394580 
%CPU %MEM ARGS Sun Oct  4 19:45:53 UTC 2026
 0.0  0.0 grep --color=auto ./cli       0  2156
75.3  4.8 ./cli kernel images/4096x40   1 394580
  PID User     Command                         Swap      USS      PSS      RSS 
63221 codespace /usr/bin/python3 /usr/bin/s        0    12032    12263    14516 
61798 codespace ./cli kernel images/4096x40        0   393340   393391   394580 
%CPU %MEM ARGS Sun Oct  4 19:45:53 UTC 2026
 0.0  0.0 grep --color=auto ./cli       0  2184
75.1  4.8 ./cli kernel images/4096x40   1 394580
  PID User     Command                         Swap      USS      PSS      RSS 
63226 codespace /usr/bin/python3 /usr/bin/s        0    12064    12287    14556 
61798 codespace ./cli kernel images/4096x40        0   393340   393390   394580 
%CPU %MEM ARGS Sun Oct  4 19:45:54 UTC 2026
 0.0  0.0 grep --color=auto ./cli       0  2176
74.9  4.8 ./cli kernel images/4096x40   1 394580
  PID User     Command                         Swap      USS      PSS      RSS 
63249 codespace /usr/bin/python3 /usr/bin/s        0    11932    12180    14496 
61798 codespace ./cli kernel images/4096x40        0   393340   393386   394580 
%CPU %MEM ARGS Sun Oct  4 19:45:54 UTC 2026
 0.0  0.0 grep --color=auto ./cli       1  2196
74.7  4.8 ./cli kernel images/4096x40   0 394580
  PID User     Command                         Swap      USS      PSS      RSS 
63271 codespace /usr/bin/python3 /usr/bin/s        0    12032    12248    14400 
61798 codespace ./cli kernel images/4096x40        0   393340   393391   394580 
%CPU %MEM ARGS Sun Oct  4 19:45:55 UTC 2026
 0.0  0.0 grep --color=auto ./cli       0  2188
74.5  4.8 ./cli kernel images/4096x40   0 394580
  PID User     Command                         Swap      USS      PSS      RSS 
63286 codespace /usr/bin/python3 /usr/bin/s        0    12044    12287    14540 
61798 codespace ./cli kernel images/4096x40        0   393340   393392   394580 
%CPU %MEM ARGS Sun Oct  4 19:45:55 UTC 2026
 0.0  0.0 grep --color=auto ./cli       1  2168
74.3  4.8 ./cli kernel images/4096x40   0 394580
  PID User     Command                         Swap      USS      PSS      RSS 
63295 codespace /usr/bin/python3 /usr/bin/s        0    12032    12264    14508 
61798 codespace ./cli kernel images/4096x40        0   393340   393391   394580 
%CPU %MEM ARGS Sun Oct  4 19:45:56 UTC 2026
 0.0  0.0 grep --color=auto ./cli       1  2196
74.2  4.8 ./cli kernel images/4096x40   1 394580
  PID User     Command                         Swap      USS      PSS      RSS 
63301 codespace /usr/bin/python3 /usr/bin/s        0    12032    12259    14448 
61798 codespace ./cli kernel images/4096x40        0   393340   393391   394580 
%CPU %MEM ARGS Sun Oct  4 19:45:56 UTC 2026
 0.0  0.0 grep --color=auto ./cli       1  2308
74.1  4.8 ./cli kernel images/4096x40   0 394580
  PID User     Command                         Swap      USS      PSS      RSS 
63307 codespace /usr/bin/python3 /usr/bin/s        0    12032    12244    14476 
61798 codespace ./cli kernel images/4096x40        0   393340   393391   394580 
%CPU %MEM ARGS Sun Oct  4 19:45:56 UTC 2026
 0.0  0.0 grep --color=auto ./cli       0  2180
74.0  4.8 ./cli kernel images/4096x40   0 394580
  PID User     Command                         Swap      USS      PSS      RSS 
63318 codespace /usr/bin/python3 /usr/bin/s        0    12040    12271    14452 
61798 codespace ./cli kernel images/4096x40        0   393340   393391   394580 
%CPU %MEM ARGS Sun Oct  4 19:45:57 UTC 2026
 0.0  0.0 grep --color=auto ./cli       1  2252
74.0  4.8 ./cli kernel images/4096x40   0 394580
  PID User     Command                         Swap      USS      PSS      RSS 
63324 codespace /usr/bin/python3 /usr/bin/s        0    12036    12263    14452 
61798 codespace ./cli kernel images/4096x40        0   393340   393391   394580 
%CPU %MEM ARGS Sun Oct  4 19:45:57 UTC 2026
 0.0  0.0 grep --color=auto ./cli       1  2180
73.9  4.8 ./cli kernel images/4096x40   0 394580
  PID User     Command                         Swap      USS      PSS      RSS 
63329 codespace /usr/bin/python3 /usr/bin/s        0    12040    12272    14452 
61798 codespace ./cli kernel images/4096x40        0   393340   393391   394580 
%CPU %MEM ARGS Sun Oct  4 19:45:58 UTC 2026
 0.0  0.0 grep --color=auto ./cli       1  2160
73.8  4.8 ./cli kernel images/4096x40   0 394580
  PID User     Command                         Swap      USS      PSS      RSS 
63334 codespace /usr/bin/python3 /usr/bin/s        0    12044    12277    14488 
61798 codespace ./cli kernel images/4096x40        0   393340   393391   394580 
%CPU %MEM ARGS Sun Oct  4 19:45:58 UTC 2026
 0.0  0.0 grep --color=auto ./cli       0  2156
73.7  4.8 ./cli kernel images/4096x40   0 394580
  PID User     Command                         Swap      USS      PSS      RSS 
63340 codespace /usr/bin/python3 /usr/bin/s        0    12040    12274    14484 
61798 codespace ./cli kernel images/4096x40        0   393340   393391   394580 
%CPU %MEM ARGS Sun Oct  4 19:45:58 UTC 2026
 0.0  0.0 grep --color=auto ./cli       0  2292
73.7  4.8 ./cli kernel images/4096x40   1 394580
  PID User     Command                         Swap      USS      PSS      RSS 
63345 codespace /usr/bin/python3 /usr/bin/s        0    12032    12254    14448 
61798 codespace ./cli kernel images/4096x40        0   393340   393391   394580 
%CPU %MEM ARGS Sun Oct  4 19:45:59 UTC 2026
 0.0  0.0 grep --color=auto ./cli       0  2180
73.6  4.8 ./cli kernel images/4096x40   1 394580
  PID User     Command                         Swap      USS      PSS      RSS 
63357 codespace /usr/bin/python3 /usr/bin/s        0    12032    12279    14560 
61798 codespace ./cli kernel images/4096x40        0   393340   393392   394580 
%CPU %MEM ARGS Sun Oct  4 19:45:59 UTC 2026
 0.0  0.0 grep --color=auto ./cli       0  2152
73.5  4.8 ./cli kernel images/4096x40   1 394580
  PID User     Command                         Swap      USS      PSS      RSS 
63368 codespace /usr/bin/python3 /usr/bin/s        0    12036    12283    14564 
61798 codespace ./cli kernel images/4096x40        0   393340   393392   394580 
%CPU %MEM ARGS Sun Oct  4 19:46:00 UTC 2026
 0.0  0.0 grep --color=auto ./cli       1  2340
73.4  4.8 ./cli kernel images/4096x40   1 394580
  PID User     Command                         Swap      USS      PSS      RSS 
63373 codespace /usr/bin/python3 /usr/bin/s        0    12000    12227    14416 
61798 codespace ./cli kernel images/4096x40        0   393340   393392   394580 
%CPU %MEM ARGS Sun Oct  4 19:46:00 UTC 2026
 0.0  0.0 grep --color=auto ./cli       0  2164
73.3  4.8 ./cli kernel images/4096x40   0 394580
  PID User     Command                         Swap      USS      PSS      RSS 
63379 codespace /usr/bin/python3 /usr/bin/s        0    12040    12278    14496 
61798 codespace ./cli kernel images/4096x40        0   393340   393391   394580 
%CPU %MEM ARGS Sun Oct  4 19:46:00 UTC 2026
 0.0  0.0 grep --color=auto ./cli       0  2180
73.2  4.8 ./cli kernel images/4096x40   0 394580
  PID User     Command                         Swap      USS      PSS      RSS 
63384 codespace /usr/bin/python3 /usr/bin/s        0    12032    12246    14424 
61798 codespace ./cli kernel images/4096x40        0   393340   393391   394580 
%CPU %MEM ARGS Sun Oct  4 19:46:01 UTC 2026
 0.0  0.0 grep --color=auto ./cli       0  2160
73.2  4.8 ./cli kernel images/4096x40   0 394580
  PID User     Command                         Swap      USS      PSS      RSS 
63395 codespace /usr/bin/python3 /usr/bin/s        0    12036    12270    14512 
61798 codespace ./cli kernel images/4096x40        0   393340   393391   394580 
%CPU %MEM ARGS Sun Oct  4 19:46:01 UTC 2026
 0.0  0.0 grep --color=auto ./cli       1  2248
73.1  4.8 ./cli kernel images/4096x40   0 394580
  PID User     Command                         Swap      USS      PSS      RSS 
63401 codespace /usr/bin/python3 /usr/bin/s        0    12032    12257    14448 
61798 codespace ./cli kernel images/4096x40        0   393340   393391   394580 
%CPU %MEM ARGS Sun Oct  4 19:46:02 UTC 2026
 0.0  0.0 grep --color=auto ./cli       0  2160
73.0  4.8 ./cli kernel images/4096x40   1 394580
  PID User     Command                         Swap      USS      PSS      RSS 
63406 codespace /usr/bin/python3 /usr/bin/s        0    12064    12311    14556 
61798 codespace ./cli kernel images/4096x40        0   393340   393391   394580 
%CPU %MEM ARGS Sun Oct  4 19:46:02 UTC 2026
 0.0  0.0 grep --color=auto ./cli       1  2156
72.9  4.8 ./cli kernel images/4096x40   1 394580
  PID User     Command                         Swap      USS      PSS      RSS 
63412 codespace /usr/bin/python3 /usr/bin/s        0    12028    12260    14512 
61798 codespace ./cli kernel images/4096x40        0   393340   393391   394580 
%CPU %MEM ARGS Sun Oct  4 19:46:02 UTC 2026
 0.0  0.0 grep --color=auto ./cli       0  2204
72.8  4.8 ./cli kernel images/4096x40   1 394580
  PID User     Command                         Swap      USS      PSS      RSS 
63417 codespace /usr/bin/python3 /usr/bin/s        0    11992    12216    14408 
61798 codespace ./cli kernel images/4096x40        0   393340   393391   394580 
%CPU %MEM ARGS Sun Oct  4 19:46:03 UTC 2026
 0.0  0.0 grep --color=auto ./cli       1  2248
72.8  4.8 ./cli kernel images/4096x40   0 394580
  PID User     Command                         Swap      USS      PSS      RSS 
63422 codespace /usr/bin/python3 /usr/bin/s        0    12032    12267    14500 
61798 codespace ./cli kernel images/4096x40        0   393340   393392   394580 
%CPU %MEM ARGS Sun Oct  4 19:46:03 UTC 2026
 0.0  0.0 grep --color=auto ./cli       0  2168
72.7  4.8 ./cli kernel images/4096x40   1 394580
  PID User     Command                         Swap      USS      PSS      RSS 
63434 codespace /usr/bin/python3 /usr/bin/s        0    12036    12270    14484 
61798 codespace ./cli kernel images/4096x40        0   393340   393392   394580 
%CPU %MEM ARGS Sun Oct  4 19:46:04 UTC 2026
 0.0  0.0 grep --color=auto ./cli       0  2192
72.6  4.8 ./cli kernel images/4096x40   1 394580
  PID User     Command                         Swap      USS      PSS      RSS 
63439 codespace /usr/bin/python3 /usr/bin/s        0    12036    12262    14452 
61798 codespace ./cli kernel images/4096x40        0   393340   393391   394580 
%CPU %MEM ARGS Sun Oct  4 19:46:04 UTC 2026
 0.0  0.0 grep --color=auto ./cli       0  2160
72.6  4.8 ./cli kernel images/4096x40   0 394580
  PID User     Command                         Swap      USS      PSS      RSS 
63445 codespace /usr/bin/python3 /usr/bin/s        0    12040    12278    14484 
61798 codespace ./cli kernel images/4096x40        0   393340   393391   394580 
%CPU %MEM ARGS Sun Oct  4 19:46:04 UTC 2026
 0.0  0.0 grep --color=auto ./cli       0  2164
72.5  4.8 ./cli kernel images/4096x40   0 394580
  PID User     Command                         Swap      USS      PSS      RSS 
63467 codespace /usr/bin/python3 /usr/bin/s        0    12024    12230    14512 
61798 codespace ./cli kernel images/4096x40        0   393340   393390   394580 
%CPU %MEM ARGS Sun Oct  4 19:46:05 UTC 2026
 0.0  0.0 grep --color=auto ./cli       0  2252
72.4  4.8 ./cli kernel images/4096x40   0 394580
  PID User     Command                         Swap      USS      PSS      RSS 
63479 codespace /usr/bin/python3 /usr/bin/s        0    12032    12257    14448 
61798 codespace ./cli kernel images/4096x40        0   393340   393391   394580 
%CPU %MEM ARGS Sun Oct  4 19:46:05 UTC 2026
 0.0  0.0 grep --color=auto ./cli       0  2168
72.2  4.8 ./cli kernel images/4096x40   1 394580
  PID User     Command                         Swap      USS      PSS      RSS 
63490 codespace /usr/bin/python3 /usr/bin/s        0    12048    12294    14592 
61798 codespace ./cli kernel images/4096x40        0   393340   393391   394580 
%CPU %MEM ARGS Sun Oct  4 19:46:06 UTC 2026
 0.0  0.0 grep --color=auto ./cli       0  2176
72.1  4.8 ./cli kernel images/4096x40   1 394580
  PID User     Command                         Swap      USS      PSS      RSS 
63495 codespace /usr/bin/python3 /usr/bin/s        0    12032    12257    14448 
61798 codespace ./cli kernel images/4096x40        0   393340   393391   394580 
%CPU %MEM ARGS Sun Oct  4 19:46:06 UTC 2026
 0.0  0.0 grep --color=auto ./cli       0  2156
72.1  4.8 ./cli kernel images/4096x40   1 394580
  PID User     Command                         Swap      USS      PSS      RSS 
63501 codespace /usr/bin/python3 /usr/bin/s        0    12044    12287    14540 
61798 codespace ./cli kernel images/4096x40        0   393340   393392   394580 
%CPU %MEM ARGS Sun Oct  4 19:46:07 UTC 2026
 0.0  0.0 grep --color=auto ./cli       0  2160
72.0  4.8 ./cli kernel images/4096x40   0 394580
  PID User     Command                         Swap      USS      PSS      RSS 
63506 codespace /usr/bin/python3 /usr/bin/s        0    12048    12295    14600 
61798 codespace ./cli kernel images/4096x40        0   393340   393392   394580 
%CPU %MEM ARGS Sun Oct  4 19:46:07 UTC 2026
 0.0  0.0 grep --color=auto ./cli       0  2168
72.0  4.8 ./cli kernel images/4096x40   0 394580
  PID User     Command                         Swap      USS      PSS      RSS 
63512 codespace /usr/bin/python3 /usr/bin/s        0    12048    12302    14556 
61798 codespace ./cli kernel images/4096x40        0   393340   393391   394580 
%CPU %MEM ARGS Sun Oct  4 19:46:07 UTC 2026
 0.0  0.0 grep --color=auto ./cli       1  2180
71.9  4.8 ./cli kernel images/4096x40   0 394580
  PID User     Command                         Swap      USS      PSS      RSS 
63523 codespace /usr/bin/python3 /usr/bin/s        0    12044    12271    14456 
61798 codespace ./cli kernel images/4096x40        0   393340   393391   394580 
%CPU %MEM ARGS Sun Oct  4 19:46:08 UTC 2026
 0.0  0.0 grep --color=auto ./cli       1  2200
71.9  4.8 ./cli kernel images/4096x40   0 394580
  PID User     Command                         Swap      USS      PSS      RSS 
63528 codespace /usr/bin/python3 /usr/bin/s        0    12032    12267    14508 
61798 codespace ./cli kernel images/4096x40        0   393340   393392   394580 
%CPU %MEM ARGS Sun Oct  4 19:46:08 UTC 2026
 0.0  0.0 grep --color=auto ./cli       1  2212
71.9  4.8 ./cli kernel images/4096x40   1 394580
  PID User     Command                         Swap      USS      PSS      RSS 
63534 codespace /usr/bin/python3 /usr/bin/s        0    12028    12259    14508 
61798 codespace ./cli kernel images/4096x40        0   393340   393392   394580 
%CPU %MEM ARGS Sun Oct  4 19:46:09 UTC 2026
 0.0  0.0 grep --color=auto ./cli       1  2168
71.9  4.8 ./cli kernel images/4096x40   0 394580
  PID User     Command                         Swap      USS      PSS      RSS 
63539 codespace /usr/bin/python3 /usr/bin/s        0    12032    12263    14512 
61798 codespace ./cli kernel images/4096x40        0   393340   393392   394580 
%CPU %MEM ARGS Sun Oct  4 19:46:09 UTC 2026
 0.0  0.0 grep --color=auto ./cli       1  2288
71.8  4.8 ./cli kernel images/4096x40   0 394580
  PID User     Command                         Swap      USS      PSS      RSS 
63545 codespace /usr/bin/python3 /usr/bin/s        0    12040    12287    14592 
61798 codespace ./cli kernel images/4096x40        0   393340   393392   394580 
%CPU %MEM ARGS Sun Oct  4 19:46:09 UTC 2026
 0.0  0.0 grep --color=auto ./cli       1  2212
71.7  4.8 ./cli kernel images/4096x40   0 394580
  PID User     Command                         Swap      USS      PSS      RSS 
63553 codespace /usr/bin/python3 /usr/bin/s        0    12044    12287    14540 
61798 codespace ./cli kernel images/4096x40        0   393340   393392   394580 
%CPU %MEM ARGS Sun Oct  4 19:46:10 UTC 2026
 0.0  0.0 grep --color=auto ./cli       1  2188
71.6  4.8 ./cli kernel images/4096x40   1 394580
  PID User     Command                         Swap      USS      PSS      RSS 
63561 codespace /usr/bin/python3 /usr/bin/s        0    12064    12313    14556 
61798 codespace ./cli kernel images/4096x40        0   393340   393391   394580 
%CPU %MEM ARGS Sun Oct  4 19:46:10 UTC 2026
 0.0  0.0 grep --color=auto ./cli       0  2160
71.5  4.8 ./cli kernel images/4096x40   0 394580
  PID User     Command                         Swap      USS      PSS      RSS 
63574 codespace /usr/bin/python3 /usr/bin/s        0    12044    12282    14528 
61798 codespace ./cli kernel images/4096x40        0   393340   393391   394580 
%CPU %MEM ARGS Sun Oct  4 19:46:11 UTC 2026
 0.0  0.0 grep --color=auto ./cli       1  2308
71.4  4.8 ./cli kernel images/4096x40   1 394580
  PID User     Command                         Swap      USS      PSS      RSS 
63579 codespace /usr/bin/python3 /usr/bin/s        0    12040    12278    14488 
61798 codespace ./cli kernel images/4096x40        0   393340   393391   394580 
%CPU %MEM ARGS Sun Oct  4 19:46:11 UTC 2026
 0.0  0.0 grep --color=auto ./cli       0  2308
71.4  4.8 ./cli kernel images/4096x40   0 394580
  PID User     Command                         Swap      USS      PSS      RSS 
63585 codespace /usr/bin/python3 /usr/bin/s        0    12028    12260    14512 
61798 codespace ./cli kernel images/4096x40        0   393340   393391   394580 
%CPU %MEM ARGS Sun Oct  4 19:46:12 UTC 2026
 0.0  0.0 grep --color=auto ./cli       1  2172
71.3  4.8 ./cli kernel images/4096x40   0 394580
  PID User     Command                         Swap      USS      PSS      RSS 
63590 codespace /usr/bin/python3 /usr/bin/s        0    12040    12270    14452 
61798 codespace ./cli kernel images/4096x40        0   393340   393391   394580 
%CPU %MEM ARGS Sun Oct  4 19:46:12 UTC 2026
 0.0  0.0 grep --color=auto ./cli       0  2172
71.2  4.8 ./cli kernel images/4096x40   1 394580
  PID User     Command                         Swap      USS      PSS      RSS 
63602 codespace /usr/bin/python3 /usr/bin/s        0    12052    12296    14548 
61798 codespace ./cli kernel images/4096x40        0   393340   393392   394580 
%CPU %MEM ARGS Sun Oct  4 19:46:12 UTC 2026
 0.0  0.0 grep --color=auto ./cli       0  2152
71.2  4.8 ./cli kernel images/4096x40   0 394580
  PID User     Command                         Swap      USS      PSS      RSS 
63607 codespace /usr/bin/python3 /usr/bin/s        0    12036    12272    14500 
61798 codespace ./cli kernel images/4096x40        0   393340   393392   394580 
%CPU %MEM ARGS Sun Oct  4 19:46:13 UTC 2026
 0.0  0.0 grep --color=auto ./cli       1  2340
71.1  4.8 ./cli kernel images/4096x40   0 394580
  PID User     Command                         Swap      USS      PSS      RSS 
63612 codespace /usr/bin/python3 /usr/bin/s        0    12040    12280    14488 
61798 codespace ./cli kernel images/4096x40        0   393340   393392   394580 
%CPU %MEM ARGS Sun Oct  4 19:46:13 UTC 2026
 0.0  0.0 grep --color=auto ./cli       1  2156
71.0  4.8 ./cli kernel images/4096x40   0 394580
  PID User     Command                         Swap      USS      PSS      RSS 
63618 codespace /usr/bin/python3 /usr/bin/s        0    12032    12264    14508 
61798 codespace ./cli kernel images/4096x40        0   393340   393392   394580 
%CPU %MEM ARGS Sun Oct  4 19:46:14 UTC 2026
 0.0  0.0 grep --color=auto ./cli       1  2156
71.0  4.8 ./cli kernel images/4096x40   0 394580
  PID User     Command                         Swap      USS      PSS      RSS 
63623 codespace /usr/bin/python3 /usr/bin/s        0    12024    12259    14492 
61798 codespace ./cli kernel images/4096x40        0   393340   393392   394580 
%CPU %MEM ARGS Sun Oct  4 19:46:14 UTC 2026
 0.0  0.0 grep --color=auto ./cli       0  2292
70.9  4.8 ./cli kernel images/4096x40   1 394580
  PID User     Command                         Swap      USS      PSS      RSS 
63635 codespace /usr/bin/python3 /usr/bin/s        0    12032    12265    14508 
61798 codespace ./cli kernel images/4096x40        0   393340   393391   394580 
%CPU %MEM ARGS Sun Oct  4 19:46:14 UTC 2026
 0.0  0.0 grep --color=auto ./cli       1  2156
70.8  4.8 ./cli kernel images/4096x40   0 394580
  PID User     Command                         Swap      USS      PSS      RSS 
63646 codespace /usr/bin/python3 /usr/bin/s        0    12040    12278    14488 
61798 codespace ./cli kernel images/4096x40        0   393340   393391   394580 
%CPU %MEM ARGS Sun Oct  4 19:46:15 UTC 2026
 0.0  0.0 grep --color=auto ./cli       1  2164
70.7  4.8 ./cli kernel images/4096x40   1 394580
  PID User     Command                         Swap      USS      PSS      RSS 
63664 codespace /usr/bin/python3 /usr/bin/s        0    12032    12257    14448 
61798 codespace ./cli kernel images/4096x40        0   393340   393391   394580 
%CPU %MEM ARGS Sun Oct  4 19:46:15 UTC 2026
 0.0  0.0 grep --color=auto ./cli       0  2184
70.6  4.8 ./cli kernel images/4096x40   0 394580
  PID User     Command                         Swap      USS      PSS      RSS 
63669 codespace /usr/bin/python3 /usr/bin/s        0    12032    12261    14512 
61798 codespace ./cli kernel images/4096x40        0   393340   393391   394580 
%CPU %MEM ARGS Sun Oct  4 19:46:16 UTC 2026
 0.0  0.0 grep --color=auto ./cli       1  2248
70.6  4.8 ./cli kernel images/4096x40   1 394580
  PID User     Command                         Swap      USS      PSS      RSS 
63674 codespace /usr/bin/python3 /usr/bin/s        0    12028    12238    14484 
61798 codespace ./cli kernel images/4096x40        0   393340   393392   394580 
%CPU %MEM ARGS Sun Oct  4 19:46:16 UTC 2026
 0.0  0.0 grep --color=auto ./cli       1  2160
70.4  4.8 ./cli kernel images/4096x40   1 394580
  PID User     Command                         Swap      USS      PSS      RSS 
63692 codespace /usr/bin/python3 /usr/bin/s        0    12040    12285    14564 
61798 codespace ./cli kernel images/4096x40        0   393340   393391   394580 
%CPU %MEM ARGS Sun Oct  4 19:46:17 UTC 2026
 0.0  0.0 grep --color=auto ./cli       1  2156
70.3  4.8 ./cli kernel images/4096x40   0 394580
  PID User     Command                         Swap      USS      PSS      RSS 
63697 codespace /usr/bin/python3 /usr/bin/s        0    12044    12283    14492 
61798 codespace ./cli kernel images/4096x40        0   393340   393391   394580 
%CPU %MEM ARGS Sun Oct  4 19:46:17 UTC 2026
 0.0  0.0 grep --color=auto ./cli       0  2160
70.3  4.8 ./cli kernel images/4096x40   0 394580
  PID User     Command                         Swap      USS      PSS      RSS 
63703 codespace /usr/bin/python3 /usr/bin/s        0    12036    12272    14500 
61798 codespace ./cli kernel images/4096x40        0   393340   393392   394580 
%CPU %MEM ARGS Sun Oct  4 19:46:17 UTC 2026
 0.0  0.0 grep --color=auto ./cli       0  2148
70.3  4.8 ./cli kernel images/4096x40   1 394580
  PID User     Command                         Swap      USS      PSS      RSS 
63708 codespace /usr/bin/python3 /usr/bin/s        0    12032    12262    14512 
61798 codespace ./cli kernel images/4096x40        0   393340   393391   394580 
%CPU %MEM ARGS Sun Oct  4 19:46:18 UTC 2026
 0.0  0.0 grep --color=auto ./cli       0  2248
70.2  4.8 ./cli kernel images/4096x40   1 394580
  PID User     Command                         Swap      USS      PSS      RSS 
63713 codespace /usr/bin/python3 /usr/bin/s        0    12048    12282    14492 
61798 codespace ./cli kernel images/4096x40        0   393340   393394   394580 
%CPU %MEM ARGS Sun Oct  4 19:46:18 UTC 2026
 0.0  0.0 grep --color=auto ./cli       0  2284
70.1  4.8 ./cli kernel images/4096x40   1 394580
  PID User     Command                         Swap      USS      PSS      RSS 
63722 codespace /usr/bin/python3 /usr/bin/s        0    12040    12269    14452 
61798 codespace ./cli kernel images/4096x40        0   393340   393391   394580 
%CPU %MEM ARGS Sun Oct  4 19:46:19 UTC 2026
 0.0  0.0 grep --color=auto ./cli       1  2248
70.1  4.8 ./cli kernel images/4096x40   0 394580
  PID User     Command                         Swap      USS      PSS      RSS 
63730 codespace /usr/bin/python3 /usr/bin/s        0    12036    12271    14512 
61798 codespace ./cli kernel images/4096x40        0   393340   393391   394580 
%CPU %MEM ARGS Sun Oct  4 19:46:19 UTC 2026
 0.0  0.0 grep --color=auto ./cli       1  2180
70.0  4.8 ./cli kernel images/4096x40   0 394580
  PID User     Command                         Swap      USS      PSS      RSS 
63736 codespace /usr/bin/python3 /usr/bin/s        0    12032    12261    14512 
61798 codespace ./cli kernel images/4096x40        0   393340   393391   394580 
%CPU %MEM ARGS Sun Oct  4 19:46:19 UTC 2026
 0.0  0.0 grep --color=auto ./cli       0  2176
70.0  4.8 ./cli kernel images/4096x40   0 394580
  PID User     Command                         Swap      USS      PSS      RSS 
63741 codespace /usr/bin/python3 /usr/bin/s        0    12044    12278    14488 
61798 codespace ./cli kernel images/4096x40        0   393340   393391   394580 
%CPU %MEM ARGS Sun Oct  4 19:46:20 UTC 2026
 0.0  0.0 grep --color=auto ./cli       1  2300
69.9  4.8 ./cli kernel images/4096x40   0 394580
  PID User     Command                         Swap      USS      PSS      RSS 
63746 codespace /usr/bin/python3 /usr/bin/s        0    12028    12253    14464 
61798 codespace ./cli kernel images/4096x40        0   393340   393391   394580 
%CPU %MEM ARGS Sun Oct  4 19:46:20 UTC 2026
 0.0  0.0 grep --color=auto ./cli       1  2288
69.9  4.8 ./cli kernel images/4096x40   1 394580
  PID User     Command                         Swap      USS      PSS      RSS 
63752 codespace /usr/bin/python3 /usr/bin/s        0    12036    12272    14500 
61798 codespace ./cli kernel images/4096x40        0   393340   393392   394580 
%CPU %MEM ARGS Sun Oct  4 19:46:21 UTC 2026
 0.0  0.0 grep --color=auto ./cli       1  2196
69.8  4.8 ./cli kernel images/4096x40   0 394580
  PID User     Command                         Swap      USS      PSS      RSS 
63763 codespace /usr/bin/python3 /usr/bin/s        0    12032    12257    14448 
61798 codespace ./cli kernel images/4096x40        0   393340   393391   394580 
%CPU %MEM ARGS Sun Oct  4 19:46:21 UTC 2026
 0.0  0.0 grep --color=auto ./cli       0  2220
69.8  4.8 ./cli kernel images/4096x40   0 394580
  PID User     Command                         Swap      USS      PSS      RSS 
63769 codespace /usr/bin/python3 /usr/bin/s        0    12040    12264    14436 
61798 codespace ./cli kernel images/4096x40        0   393340   393392   394580 
%CPU %MEM ARGS Sun Oct  4 19:46:21 UTC 2026
 0.0  0.0 grep --color=auto ./cli       0  2208
69.7  4.8 ./cli kernel images/4096x40   0 394580
  PID User     Command                         Swap      USS      PSS      RSS 
63774 codespace /usr/bin/python3 /usr/bin/s        0    12032    12235    14448 
61798 codespace ./cli kernel images/4096x40        0   393340   393390   394580 
%CPU %MEM ARGS Sun Oct  4 19:46:22 UTC 2026
 0.0  0.0 grep --color=auto ./cli       0  2172
69.7  4.8 ./cli kernel images/4096x40   1 394580
  PID User     Command                         Swap      USS      PSS      RSS 
63785 codespace /usr/bin/python3 /usr/bin/s        0    12032    12262    14448 
61798 codespace ./cli kernel images/4096x40        0   393340   393393   394580 
%CPU %MEM ARGS Sun Oct  4 19:46:22 UTC 2026
 0.0  0.0 grep --color=auto ./cli       1  2160
69.6  4.8 ./cli kernel images/4096x40   1 394580
  PID User     Command                         Swap      USS      PSS      RSS 
63791 codespace /usr/bin/python3 /usr/bin/s        0    12032    12262    14512 
61798 codespace ./cli kernel images/4096x40        0   393340   393391   394580 
%CPU %MEM ARGS Sun Oct  4 19:46:23 UTC 2026
 0.0  0.0 grep --color=auto ./cli       1  2172
69.5  4.8 ./cli kernel images/4096x40   1 394580
  PID User     Command                         Swap      USS      PSS      RSS 
63802 codespace /usr/bin/python3 /usr/bin/s        0    12056    12295    14540 
61798 codespace ./cli kernel images/4096x40        0   393340   393391   394580 
%CPU %MEM ARGS Sun Oct  4 19:46:23 UTC 2026
 0.0  0.0 grep --color=auto ./cli       0  2156
69.5  4.8 ./cli kernel images/4096x40   1 394580
  PID User     Command                         Swap      USS      PSS      RSS 
63808 codespace /usr/bin/python3 /usr/bin/s        0    12032    12256    14448 
61798 codespace ./cli kernel images/4096x40        0   393340   393391   394580 
%CPU %MEM ARGS Sun Oct  4 19:46:23 UTC 2026
 0.0  0.0 grep --color=auto ./cli       0  2152
69.5  4.8 ./cli kernel images/4096x40   0 394580
  PID User     Command                         Swap      USS      PSS      RSS 
63813 codespace /usr/bin/python3 /usr/bin/s        0    12032    12256    14448 
61798 codespace ./cli kernel images/4096x40        0   393340   393391   394580 
%CPU %MEM ARGS Sun Oct  4 19:46:24 UTC 2026
 0.0  0.0 grep --color=auto ./cli       1  2340
69.4  4.8 ./cli kernel images/4096x40   0 394580
  PID User     Command                         Swap      USS      PSS      RSS 
63818 codespace /usr/bin/python3 /usr/bin/s        0    12048    12292    14592 
61798 codespace ./cli kernel images/4096x40        0   393340   393391   394580 
%CPU %MEM ARGS Sun Oct  4 19:46:24 UTC 2026
 0.0  0.0 grep --color=auto ./cli       1  2184
69.4  4.8 ./cli kernel images/4096x40   1 394580
  PID User     Command                         Swap      USS      PSS      RSS 
63824 codespace /usr/bin/python3 /usr/bin/s        0    12028    12262    14512 
61798 codespace ./cli kernel images/4096x40        0   393340   393391   394580 
%CPU %MEM ARGS Sun Oct  4 19:46:24 UTC 2026
 0.0  0.0 grep --color=auto ./cli       1  2164
69.4  4.8 ./cli kernel images/4096x40   1 394580
  PID User     Command                         Swap      USS      PSS      RSS 
63829 codespace /usr/bin/python3 /usr/bin/s        0    12064    12312    14556 
61798 codespace ./cli kernel images/4096x40        0   393340   393391   394580 
%CPU %MEM ARGS Sun Oct  4 19:46:25 UTC 2026
 0.0  0.0 grep --color=auto ./cli       0  2180
69.3  4.8 ./cli kernel images/4096x40   1 394580
  PID User     Command                         Swap      USS      PSS      RSS 
63852 codespace /usr/bin/python3 /usr/bin/s        0    12032    12263    14508 
61798 codespace ./cli kernel images/4096x40        0   393340   393391   394580 
%CPU %MEM ARGS Sun Oct  4 19:46:25 UTC 2026
 0.0  0.0 grep --color=auto ./cli       0  2168
69.2  4.8 ./cli kernel images/4096x40   1 394580
  PID User     Command                         Swap      USS      PSS      RSS 
63864 codespace /usr/bin/python3 /usr/bin/s        0    12032    12254    14448 
61798 codespace ./cli kernel images/4096x40        0   393340   393391   394580 
%CPU %MEM ARGS Sun Oct  4 19:46:26 UTC 2026
 0.0  0.0 grep --color=auto ./cli       1  2248
69.2  4.8 ./cli kernel images/4096x40   0 394580
  PID User     Command                         Swap      USS      PSS      RSS 
63869 codespace /usr/bin/python3 /usr/bin/s        0    12036    12269    14500 
61798 codespace ./cli kernel images/4096x40        0   393340   393392   394580 
%CPU %MEM ARGS Sun Oct  4 19:46:26 UTC 2026
 0.0  0.0 grep --color=auto ./cli       1  2156
69.1  4.8 ./cli kernel images/4096x40   0 394580
  PID User     Command                         Swap      USS      PSS      RSS 
63875 codespace /usr/bin/python3 /usr/bin/s        0    12032    12263    14512 
61798 codespace ./cli kernel images/4096x40        0   393340   393391   394580 
%CPU %MEM ARGS Sun Oct  4 19:46:26 UTC 2026
 0.0  0.0 grep --color=auto ./cli       0  2204
69.1  4.8 ./cli kernel images/4096x40   1 394580
  PID User     Command                         Swap      USS      PSS      RSS 
63880 codespace /usr/bin/python3 /usr/bin/s        0    12048    12262    14476 
61798 codespace ./cli kernel images/4096x40        0   393340   393392   394580 
%CPU %MEM ARGS Sun Oct  4 19:46:27 UTC 2026
 0.0  0.0 grep --color=auto ./cli       1  2160
69.0  4.8 ./cli kernel images/4096x40   0 394580
  PID User     Command                         Swap      USS      PSS      RSS 
63888 codespace /usr/bin/python3 /usr/bin/s        0    12056    12294    14540 
61798 codespace ./cli kernel images/4096x40        0   393340   393391   394580 
%CPU %MEM ARGS Sun Oct  4 19:46:27 UTC 2026
 0.0  0.0 grep --color=auto ./cli       1  2292
69.0  4.8 ./cli kernel images/4096x40   0 394580
  PID User     Command                         Swap      USS      PSS      RSS 
63903 codespace /usr/bin/python3 /usr/bin/s        0    12032    12266    14508 
61798 codespace ./cli kernel images/4096x40        0   393340   393391   394580 
%CPU %MEM ARGS Sun Oct  4 19:46:28 UTC 2026
 0.0  0.0 grep --color=auto ./cli       1  2208
68.9  4.8 ./cli kernel images/4096x40   1 394580
  PID User     Command                         Swap      USS      PSS      RSS 
63908 codespace /usr/bin/python3 /usr/bin/s        0    12032    12266    14508 
61798 codespace ./cli kernel images/4096x40        0   393340   393391   394580 
%CPU %MEM ARGS Sun Oct  4 19:46:28 UTC 2026
 0.0  0.0 grep --color=auto ./cli       0  2204
68.8  4.8 ./cli kernel images/4096x40   1 394580
  PID User     Command                         Swap      USS      PSS      RSS 
63914 codespace /usr/bin/python3 /usr/bin/s        0    12032    12267    14508 
61798 codespace ./cli kernel images/4096x40        0   393340   393391   394580 
%CPU %MEM ARGS Sun Oct  4 19:46:28 UTC 2026
 0.0  0.0 grep --color=auto ./cli       0  2180
68.8  4.8 ./cli kernel images/4096x40   1 394580
  PID User     Command                         Swap      USS      PSS      RSS 
63919 codespace /usr/bin/python3 /usr/bin/s        0    12036    12260    14448 
61798 codespace ./cli kernel images/4096x40        0   393340   393391   394580 
%CPU %MEM ARGS Sun Oct  4 19:46:29 UTC 2026
 0.0  0.0 grep --color=auto ./cli       0  2184
68.8  4.8 ./cli kernel images/4096x40   1 394580
  PID User     Command                         Swap      USS      PSS      RSS 
63924 codespace /usr/bin/python3 /usr/bin/s        0    12048    12302    14556 
61798 codespace ./cli kernel images/4096x40        0   393340   393391   394580 
%CPU %MEM ARGS Sun Oct  4 19:46:29 UTC 2026
 0.0  0.0 grep --color=auto ./cli       1  2248
68.7  4.8 ./cli kernel images/4096x40   0 394580
  PID User     Command                         Swap      USS      PSS      RSS 
63936 codespace /usr/bin/python3 /usr/bin/s        0    12040    12272    14452 
61798 codespace ./cli kernel images/4096x40        0   393340   393391   394580 
%CPU %MEM ARGS Sun Oct  4 19:46:30 UTC 2026
 0.0  0.0 grep --color=auto ./cli       1  2248
68.7  4.8 ./cli kernel images/4096x40   1 394580
  PID User     Command                         Swap      USS      PSS      RSS 
63941 codespace /usr/bin/python3 /usr/bin/s        0    12032    12267    14484 
61798 codespace ./cli kernel images/4096x40        0   393340   393392   394580 
%CPU %MEM ARGS Sun Oct  4 19:46:30 UTC 2026
 0.0  0.0 grep --color=auto ./cli       1  2292
68.6  4.8 ./cli kernel images/4096x40   1 394580
  PID User     Command                         Swap      USS      PSS      RSS 
63947 codespace /usr/bin/python3 /usr/bin/s        0    12052    12301    14544 
61798 codespace ./cli kernel images/4096x40        0   393340   393391   394580 
%CPU %MEM ARGS Sun Oct  4 19:46:31 UTC 2026
 0.0  0.0 grep --color=auto ./cli       1  2172
68.6  4.8 ./cli kernel images/4096x40   0 394580
  PID User     Command                         Swap      USS      PSS      RSS 
63952 codespace /usr/bin/python3 /usr/bin/s        0    12032    12256    14448 
61798 codespace ./cli kernel images/4096x40        0   393340   393391   394580 
%CPU %MEM ARGS Sun Oct  4 19:46:31 UTC 2026
 0.0  0.0 grep --color=auto ./cli       1  2300
68.5  4.8 ./cli kernel images/4096x40   0 394580
  PID User     Command                         Swap      USS      PSS      RSS 
63958 codespace /usr/bin/python3 /usr/bin/s        0    12032    12267    14516 
61798 codespace ./cli kernel images/4096x40        0   393340   393391   394580 
%CPU %MEM ARGS Sun Oct  4 19:46:31 UTC 2026
 0.0  0.0 grep --color=auto ./cli       0  2304
68.4  4.8 ./cli kernel images/4096x40   0 394580
  PID User     Command                         Swap      USS      PSS      RSS 
63966 codespace /usr/bin/python3 /usr/bin/s        0    12048    12294    14592 
61798 codespace ./cli kernel images/4096x40        0   393340   393391   394580 
%CPU %MEM ARGS Sun Oct  4 19:46:32 UTC 2026
 0.0  0.0 grep --color=auto ./cli       0  2156
68.4  4.8 ./cli kernel images/4096x40   0 394580
  PID User     Command                         Swap      USS      PSS      RSS 
63974 codespace /usr/bin/python3 /usr/bin/s        0    12012    12256    14508 
61798 codespace ./cli kernel images/4096x40        0   393340   393392   394580 
%CPU %MEM ARGS Sun Oct  4 19:46:32 UTC 2026
 0.0  0.0 grep --color=auto ./cli       0  2184
68.3  4.8 ./cli kernel images/4096x40   0 394580
  PID User     Command                         Swap      USS      PSS      RSS 
63980 codespace /usr/bin/python3 /usr/bin/s        0    12032    12257    14448 
61798 codespace ./cli kernel images/4096x40        0   393340   393392   394580 
%CPU %MEM ARGS Sun Oct  4 19:46:33 UTC 2026
 0.0  0.0 grep --color=auto ./cli       0  2208
68.3  4.8 ./cli kernel images/4096x40   1 394580
  PID User     Command                         Swap      USS      PSS      RSS 
63985 codespace /usr/bin/python3 /usr/bin/s        0    12028    12231    14512 
61798 codespace ./cli kernel images/4096x40        0   393340   393390   394580 
%CPU %MEM ARGS Sun Oct  4 19:46:33 UTC 2026
 0.0  0.0 grep --color=auto ./cli       1  2156
68.3  4.8 ./cli kernel images/4096x40   0 394580
  PID User     Command                         Swap      USS      PSS      RSS 
63997 codespace /usr/bin/python3 /usr/bin/s        0    12040    12264    14456 
61798 codespace ./cli kernel images/4096x40        0   393340   393391   394580 
%CPU %MEM ARGS Sun Oct  4 19:46:34 UTC 2026
 0.0  0.0 grep --color=auto ./cli       0  2184
68.2  4.8 ./cli kernel images/4096x40   0 394580
  PID User     Command                         Swap      USS      PSS      RSS 
64005 codespace /usr/bin/python3 /usr/bin/s        0    12044    12281    14492 
61798 codespace ./cli kernel images/4096x40        0   393340   393391   394580 
%CPU %MEM ARGS Sun Oct  4 19:46:34 UTC 2026
 0.0  0.0 grep --color=auto ./cli       0  2248
68.2  4.8 ./cli kernel images/4096x40   0 394580
  PID User     Command                         Swap      USS      PSS      RSS 
64013 codespace /usr/bin/python3 /usr/bin/s        0    12028    12260    14512 
61798 codespace ./cli kernel images/4096x40        0   393340   393392   394580 
%CPU %MEM ARGS Sun Oct  4 19:46:34 UTC 2026
 0.0  0.0 grep --color=auto ./cli       0  2192
68.1  4.8 ./cli kernel images/4096x40   0 394580
  PID User     Command                         Swap      USS      PSS      RSS 
64019 codespace /usr/bin/python3 /usr/bin/s        0    12028    12253    14444 
61798 codespace ./cli kernel images/4096x40        0   393340   393392   394580 
%CPU %MEM ARGS Sun Oct  4 19:46:35 UTC 2026
 0.0  0.0 grep --color=auto ./cli       1  2304
68.1  4.8 ./cli kernel images/4096x40   0 394580
  PID User     Command                         Swap      USS      PSS      RSS 
64024 codespace /usr/bin/python3 /usr/bin/s        0    12044    12300    14556 
61798 codespace ./cli kernel images/4096x40        0   393340   393392   394580 
%CPU %MEM ARGS Sun Oct  4 19:46:35 UTC 2026
 0.0  0.0 grep --color=auto ./cli       1  2156
68.0  4.8 ./cli kernel images/4096x40   1 394580
  PID User     Command                         Swap      USS      PSS      RSS 
64036 codespace /usr/bin/python3 /usr/bin/s        0    12088    12329    14600 
61798 codespace ./cli kernel images/4096x40        0   393340   393391   394580 
%CPU %MEM ARGS Sun Oct  4 19:46:36 UTC 2026
 0.0  0.0 grep --color=auto ./cli       0  2184
68.0  4.8 ./cli kernel images/4096x40   0 394580
  PID User     Command                         Swap      USS      PSS      RSS 
64053 codespace /usr/bin/python3 /usr/bin/s        0    12036    12265    14448 
61798 codespace ./cli kernel images/4096x40        0   393340   393391   394580 
%CPU %MEM ARGS Sun Oct  4 19:46:36 UTC 2026
 0.0  0.0 grep --color=auto ./cli       0  2292
67.9  4.8 ./cli kernel images/4096x40   1 394580
  PID User     Command                         Swap      USS      PSS      RSS 
64065 codespace /usr/bin/python3 /usr/bin/s        0    12044    12290    14540 
61798 codespace ./cli kernel images/4096x40        0   393340   393392   394580 
%CPU %MEM ARGS Sun Oct  4 19:46:36 UTC 2026
 0.0  0.0 grep --color=auto ./cli       1  2152
67.9  4.8 ./cli kernel images/4096x40   0 394580
  PID User     Command                         Swap      USS      PSS      RSS 
64070 codespace /usr/bin/python3 /usr/bin/s        0    12032    12268    14516 
61798 codespace ./cli kernel images/4096x40        0   393340   393392   394580 
%CPU %MEM ARGS Sun Oct  4 19:46:37 UTC 2026
 0.0  0.0 grep --color=auto ./cli       1  2288
67.8  4.8 ./cli kernel images/4096x40   0 394580
  PID User     Command                         Swap      USS      PSS      RSS 
64075 codespace /usr/bin/python3 /usr/bin/s        0    12040    12280    14484 
61798 codespace ./cli kernel images/4096x40        0   393340   393394   394580 
%CPU %MEM ARGS Sun Oct  4 19:46:37 UTC 2026
 0.0  0.0 grep --color=auto ./cli       1  2164
67.8  4.8 ./cli kernel images/4096x40   1 394580
  PID User     Command                         Swap      USS      PSS      RSS 
64081 codespace /usr/bin/python3 /usr/bin/s        0    12008    12251    14504 
61798 codespace ./cli kernel images/4096x40        0   393340   393392   394580 
%CPU %MEM ARGS Sun Oct  4 19:46:38 UTC 2026
 0.0  0.0 grep --color=auto ./cli       0  2152
67.8  4.8 ./cli kernel images/4096x40   0 394580
  PID User     Command                         Swap      USS      PSS      RSS 
64086 codespace /usr/bin/python3 /usr/bin/s        0    12040    12251    14484 
61798 codespace ./cli kernel images/4096x40        0   393340   393388   394580 
%CPU %MEM ARGS Sun Oct  4 19:46:38 UTC 2026
 0.0  0.0 grep --color=auto ./cli       1  2172
67.7  4.8 ./cli kernel images/4096x40   0 394580
  PID User     Command                         Swap      USS      PSS      RSS 
64098 codespace /usr/bin/python3 /usr/bin/s        0    12036    12251    14484 
61798 codespace ./cli kernel images/4096x40        0   393340   393390   394580 
%CPU %MEM ARGS Sun Oct  4 19:46:39 UTC 2026
 0.0  0.0 grep --color=auto ./cli       1  2176
67.7  4.8 ./cli kernel images/4096x40   0 394580
  PID User     Command                         Swap      USS      PSS      RSS 
64109 codespace /usr/bin/python3 /usr/bin/s        0    12040    12287    14592 
61798 codespace ./cli kernel images/4096x40        0   393340   393392   394580 
%CPU %MEM ARGS Sun Oct  4 19:46:39 UTC 2026
 0.0  0.0 grep --color=auto ./cli       1  2252
67.6  4.8 ./cli kernel images/4096x40   0 394580
  PID User     Command                         Swap      USS      PSS      RSS 
64114 codespace /usr/bin/python3 /usr/bin/s        0    12056    12295    14540 
61798 codespace ./cli kernel images/4096x40        0   393340   393391   394580 
%CPU %MEM ARGS Sun Oct  4 19:46:39 UTC 2026
 0.0  0.0 grep --color=auto ./cli       0  2288
67.6  4.8 ./cli kernel images/4096x40   0 394580
  PID User     Command                         Swap      USS      PSS      RSS 
64120 codespace /usr/bin/python3 /usr/bin/s        0    12064    12310    14552 
61798 codespace ./cli kernel images/4096x40        0   393340   393391   394580 
%CPU %MEM ARGS Sun Oct  4 19:46:40 UTC 2026
 0.0  0.0 grep --color=auto ./cli       1  2288
67.6  4.8 ./cli kernel images/4096x40   0 394580
  PID User     Command                         Swap      USS      PSS      RSS 
64125 codespace /usr/bin/python3 /usr/bin/s        0    12044    12280    14492 
61798 codespace ./cli kernel images/4096x40        0   393340   393391   394580 
%CPU %MEM ARGS Sun Oct  4 19:46:40 UTC 2026
 0.0  0.0 grep --color=auto ./cli       1  2296
67.5  4.8 ./cli kernel images/4096x40   0 394580
  PID User     Command                         Swap      USS      PSS      RSS 
64137 codespace /usr/bin/python3 /usr/bin/s        0    12040    12271    14452 
61798 codespace ./cli kernel images/4096x40        0   393340   393391   394580 
%CPU %MEM ARGS Sun Oct  4 19:46:41 UTC 2026
 0.0  0.0 grep --color=auto ./cli       1  2248
67.5  4.8 ./cli kernel images/4096x40   0 394580
  PID User     Command                         Swap      USS      PSS      RSS 
64142 codespace /usr/bin/python3 /usr/bin/s        0    12032    12250    14400 
61798 codespace ./cli kernel images/4096x40        0   393340   393391   394580 
%CPU %MEM ARGS Sun Oct  4 19:46:41 UTC 2026
 0.0  0.0 grep --color=auto ./cli       1  2152
67.4  4.8 ./cli kernel images/4096x40   0 394580
  PID User     Command                         Swap      USS      PSS      RSS 
64147 codespace /usr/bin/python3 /usr/bin/s        0    12040    12283    14580 
61798 codespace ./cli kernel images/4096x40        0   393340   393391   394580 
%CPU %MEM ARGS Sun Oct  4 19:46:41 UTC 2026
 0.0  0.0 grep --color=auto ./cli       0  2204
67.4  4.8 ./cli kernel images/4096x40   1 394580
  PID User     Command                         Swap      USS      PSS      RSS 
64153 codespace /usr/bin/python3 /usr/bin/s        0    12036    12272    14500 
61798 codespace ./cli kernel images/4096x40        0   393340   393392   394580 
%CPU %MEM ARGS Sun Oct  4 19:46:42 UTC 2026
 0.0  0.0 grep --color=auto ./cli       0  2340
67.4  4.8 ./cli kernel images/4096x40   0 394580
  PID User     Command                         Swap      USS      PSS      RSS 
64158 codespace /usr/bin/python3 /usr/bin/s        0    12036    12261    14448 
61798 codespace ./cli kernel images/4096x40        0   393340   393391   394580 
%CPU %MEM ARGS Sun Oct  4 19:46:42 UTC 2026
 0.0  0.0 grep --color=auto ./cli       0  2152
67.3  4.8 ./cli kernel images/4096x40   1 394580
  PID User     Command                         Swap      USS      PSS      RSS 
64167 codespace /usr/bin/python3 /usr/bin/s        0    12036    12270    14500 
61798 codespace ./cli kernel images/4096x40        0   393340   393391   394580 
%CPU %MEM ARGS Sun Oct  4 19:46:43 UTC 2026
 0.0  0.0 grep --color=auto ./cli       0  2304
67.3  4.8 ./cli kernel images/4096x40   0 394580
  PID User     Command                         Swap      USS      PSS      RSS 
64175 codespace /usr/bin/python3 /usr/bin/s        0    12036    12262    14448 
61798 codespace ./cli kernel images/4096x40        0   393340   393391   394580 
%CPU %MEM ARGS Sun Oct  4 19:46:43 UTC 2026
 0.0  0.0 grep --color=auto ./cli       1  2248
67.3  4.8 ./cli kernel images/4096x40   1 394580
  PID User     Command                         Swap      USS      PSS      RSS 
64181 codespace /usr/bin/python3 /usr/bin/s        0    12040    12270    14452 
61798 codespace ./cli kernel images/4096x40        0   393340   393391   394580 
%CPU %MEM ARGS Sun Oct  4 19:46:44 UTC 2026
 0.0  0.0 grep --color=auto ./cli       0  2172
67.2  4.8 ./cli kernel images/4096x40   1 394580
  PID User     Command                         Swap      USS      PSS      RSS 
64186 codespace /usr/bin/python3 /usr/bin/s        0    12032    12243    14464 
61798 codespace ./cli kernel images/4096x40        0   393340   393391   394580 
%CPU %MEM ARGS Sun Oct  4 19:46:44 UTC 2026
 0.0  0.0 grep --color=auto ./cli       0  2180
67.2  4.8 ./cli kernel images/4096x40   0 394580
  PID User     Command                         Swap      USS      PSS      RSS 
64191 codespace /usr/bin/python3 /usr/bin/s        0    12032    12233    14452 
61798 codespace ./cli kernel images/4096x40        0   393340   393390   394580 
%CPU %MEM ARGS Sun Oct  4 19:46:44 UTC 2026
 0.0  0.0 grep --color=auto ./cli       0  2304
67.2  4.8 ./cli kernel images/4096x40   0 394580
  PID User     Command                         Swap      USS      PSS      RSS 
64204 codespace /usr/bin/python3 /usr/bin/s        0    12032    12256    14448 
61798 codespace ./cli kernel images/4096x40        0   393340   393390   394580 
%CPU %MEM ARGS Sun Oct  4 19:46:45 UTC 2026
 0.0  0.0 grep --color=auto ./cli       0  2180
67.2  4.8 ./cli kernel images/4096x40   0 394580
  PID User     Command                         Swap      USS      PSS      RSS 
64215 codespace /usr/bin/python3 /usr/bin/s        0    12068    12315    14560 
61798 codespace ./cli kernel images/4096x40        0   393340   393391   394580 
%CPU %MEM ARGS Sun Oct  4 19:46:45 UTC 2026
 0.0  0.0 grep --color=auto ./cli       0  2204
67.1  4.8 ./cli kernel images/4096x40   1 394580
  PID User     Command                         Swap      USS      PSS      RSS 
64221 codespace /usr/bin/python3 /usr/bin/s        0    12064    12301    14572 
61798 codespace ./cli kernel images/4096x40        0   393340   393391   394580 
%CPU %MEM ARGS Sun Oct  4 19:46:46 UTC 2026
 0.0  0.0 grep --color=auto ./cli       0  2172
67.1  4.8 ./cli kernel images/4096x40   1 394580
  PID User     Command                         Swap      USS      PSS      RSS 
64226 codespace /usr/bin/python3 /usr/bin/s        0    12032    12264    14516 
61798 codespace ./cli kernel images/4096x40        0   393340   393391   394580 
%CPU %MEM ARGS Sun Oct  4 19:46:46 UTC 2026
 0.0  0.0 grep --color=auto ./cli       0  2212
67.0  4.8 ./cli kernel images/4096x40   1 394580
  PID User     Command                         Swap      USS      PSS      RSS 
64249 codespace /usr/bin/python3 /usr/bin/s        0    12032    12255    14448 
61798 codespace ./cli kernel images/4096x40        0   393340   393391   394580 
%CPU %MEM ARGS Sun Oct  4 19:46:46 UTC 2026
 0.0  0.0 grep --color=auto ./cli       0  2292
67.0  4.8 ./cli kernel images/4096x40   1 394580
  PID User     Command                         Swap      USS      PSS      RSS 
64255 codespace /usr/bin/python3 /usr/bin/s        0    12040    12269    14452 
61798 codespace ./cli kernel images/4096x40        0   393340   393391   394580 
%CPU %MEM ARGS Sun Oct  4 19:46:47 UTC 2026
 0.0  0.0 grep --color=auto ./cli       0  2192
66.9  4.8 ./cli kernel images/4096x40   1 394580
  PID User     Command                         Swap      USS      PSS      RSS 
64266 codespace /usr/bin/python3 /usr/bin/s        0    12036    12260    14448 
61798 codespace ./cli kernel images/4096x40        0   393340   393391   394580 
%CPU %MEM ARGS Sun Oct  4 19:46:47 UTC 2026
 0.0  0.0 grep --color=auto ./cli       1  2164
66.9  4.8 ./cli kernel images/4096x40   1 394580
  PID User     Command                         Swap      USS      PSS      RSS 
64272 codespace /usr/bin/python3 /usr/bin/s        0    12056    12296    14592 
61798 codespace ./cli kernel images/4096x40        0   393340   393391   394580 
%CPU %MEM ARGS Sun Oct  4 19:46:48 UTC 2026
 0.0  0.0 grep --color=auto ./cli       0  2204
66.9  4.8 ./cli kernel images/4096x40   0 394580
  PID User     Command                         Swap      USS      PSS      RSS 
64277 codespace /usr/bin/python3 /usr/bin/s        0    12036    12262    14448 
61798 codespace ./cli kernel images/4096x40        0   393340   393391   394580 
%CPU %MEM ARGS Sun Oct  4 19:46:48 UTC 2026
 0.0  0.0 grep --color=auto ./cli       0  2176
66.9  4.8 ./cli kernel images/4096x40   1 394580
  PID User     Command                         Swap      USS      PSS      RSS 
64282 codespace /usr/bin/python3 /usr/bin/s        0    12064    12312    14556 
61798 codespace ./cli kernel images/4096x40        0   393340   393391   394580 
%CPU %MEM ARGS Sun Oct  4 19:46:48 UTC 2026
 0.0  0.0 grep --color=auto ./cli       1  2156
66.8  4.8 ./cli kernel images/4096x40   1 394580
  PID User     Command                         Swap      USS      PSS      RSS 
64288 codespace /usr/bin/python3 /usr/bin/s        0    12040    12269    14452 
61798 codespace ./cli kernel images/4096x40        0   393340   393391   394580 
%CPU %MEM ARGS Sun Oct  4 19:46:49 UTC 2026
 0.0  0.0 grep --color=auto ./cli       1  2152
66.8  4.8 ./cli kernel images/4096x40   1 394580
  PID User     Command                         Swap      USS      PSS      RSS 
64293 codespace /usr/bin/python3 /usr/bin/s        0    12064    12311    14556 
61798 codespace ./cli kernel images/4096x40        0   393340   393391   394580 
%CPU %MEM ARGS Sun Oct  4 19:46:49 UTC 2026
 0.0  0.0 grep --color=auto ./cli       1  2208
66.8  4.8 ./cli kernel images/4096x40   1 394580
  PID User     Command                         Swap      USS      PSS      RSS 
64305 codespace /usr/bin/python3 /usr/bin/s        0    12028    12263    14480 
61798 codespace ./cli kernel images/4096x40        0   393340   393392   394580 
%CPU %MEM ARGS Sun Oct  4 19:46:50 UTC 2026
 0.0  0.0 grep --color=auto ./cli       1  2196
66.8  4.8 ./cli kernel images/4096x40   1 394580
  PID User     Command                         Swap      USS      PSS      RSS 
64316 codespace /usr/bin/python3 /usr/bin/s        0    12036    12263    14448 
61798 codespace ./cli kernel images/4096x40        0   393340   393390   394580 
%CPU %MEM ARGS Sun Oct  4 19:46:50 UTC 2026
 0.0  0.0 grep --color=auto ./cli       0  2196
66.7  4.8 ./cli kernel images/4096x40   0 394580
  PID User     Command                         Swap      USS      PSS      RSS 
64321 codespace /usr/bin/python3 /usr/bin/s        0    12040    12269    14452 
61798 codespace ./cli kernel images/4096x40        0   393340   393391   394580 
%CPU %MEM ARGS Sun Oct  4 19:46:50 UTC 2026
 0.0  0.0 grep --color=auto ./cli       0  2248
66.7  4.8 ./cli kernel images/4096x40   0 394580
  PID User     Command                         Swap      USS      PSS      RSS 
64327 codespace /usr/bin/python3 /usr/bin/s        0    12032    12257    14480 
61798 codespace ./cli kernel images/4096x40        0   393340   393391   394580 
%CPU %MEM ARGS Sun Oct  4 19:46:51 UTC 2026
 0.0  0.0 grep --color=auto ./cli       0  2184
66.7  4.8 ./cli kernel images/4096x40   1 394580
  PID User     Command                         Swap      USS      PSS      RSS 
64332 codespace /usr/bin/python3 /usr/bin/s        0    12032    12262    14512 
61798 codespace ./cli kernel images/4096x40        0   393340   393391   394580 
%CPU %MEM ARGS Sun Oct  4 19:46:51 UTC 2026
 0.0  0.0 grep --color=auto ./cli       1  2192
66.7  4.8 ./cli kernel images/4096x40   1 394580
  PID User     Command                         Swap      USS      PSS      RSS 
64342 codespace /usr/bin/python3 /usr/bin/s        0    12056    12279    14488 
61798 codespace ./cli kernel images/4096x40        0   393340   393391   394580 
%CPU %MEM ARGS Sun Oct  4 19:46:52 UTC 2026
 0.0  0.0 grep --color=auto ./cli       1  2180
66.6  4.8 ./cli kernel images/4096x40   1 394580
  PID User     Command                         Swap      USS      PSS      RSS 
64349 codespace /usr/bin/python3 /usr/bin/s        0    12036    12272    14480 
61798 codespace ./cli kernel images/4096x40        0   393340   393391   394580 
%CPU %MEM ARGS Sun Oct  4 19:46:52 UTC 2026
 0.0  0.0 grep --color=auto ./cli       1  2296
66.6  4.8 ./cli kernel images/4096x40   0 394580
  PID User     Command                         Swap      USS      PSS      RSS 
64354 codespace /usr/bin/python3 /usr/bin/s        0    12052    12291    14540 
61798 codespace ./cli kernel images/4096x40        0   393340   393392   394580 
%CPU %MEM ARGS Sun Oct  4 19:46:52 UTC 2026
 0.0  0.0 grep --color=auto ./cli       0  2204
66.6  4.8 ./cli kernel images/4096x40   0 394580
  PID User     Command                         Swap      USS      PSS      RSS 
64360 codespace /usr/bin/python3 /usr/bin/s        0    12052    12294    14592 
61798 codespace ./cli kernel images/4096x40        0   393340   393391   394580 
%CPU %MEM ARGS Sun Oct  4 19:46:53 UTC 2026
 0.0  0.0 grep --color=auto ./cli       1  2192
66.6  4.8 ./cli kernel images/4096x40   1 394580
  PID User     Command                         Swap      USS      PSS      RSS 
64365 codespace /usr/bin/python3 /usr/bin/s        0    12044    12270    14456 
61798 codespace ./cli kernel images/4096x40        0   393340   393391   394580 
%CPU %MEM ARGS Sun Oct  4 19:46:53 UTC 2026
 0.0  0.0 grep --color=auto ./cli       0  2168
66.5  4.8 ./cli kernel images/4096x40   0 394580
  PID User     Command                         Swap      USS      PSS      RSS 
64371 codespace /usr/bin/python3 /usr/bin/s        0    12032    12256    14448 
61798 codespace ./cli kernel images/4096x40        0   393340   393391   394580 
%CPU %MEM ARGS Sun Oct  4 19:46:54 UTC 2026
 0.0  0.0 grep --color=auto ./cli       1  2168
66.5  4.8 ./cli kernel images/4096x40   0 394580
  PID User     Command                         Swap      USS      PSS      RSS 
64382 codespace /usr/bin/python3 /usr/bin/s        0    12032    12264    14508 
61798 codespace ./cli kernel images/4096x40        0   393340   393391   394580 
%CPU %MEM ARGS Sun Oct  4 19:46:54 UTC 2026
 0.0  0.0 grep --color=auto ./cli       1  2296
66.5  4.8 ./cli kernel images/4096x40   0 394580
  PID User     Command                         Swap      USS      PSS      RSS 
64387 codespace /usr/bin/python3 /usr/bin/s        0    12048    12289    14560 
61798 codespace ./cli kernel images/4096x40        0   393340   393392   394580 
%CPU %MEM ARGS Sun Oct  4 19:46:55 UTC 2026
 0.0  0.0 grep --color=auto ./cli       0  2248
66.4  4.8 ./cli kernel images/4096x40   0 394580
  PID User     Command                         Swap      USS      PSS      RSS 
64393 codespace /usr/bin/python3 /usr/bin/s        0    12032    12266    14516 
61798 codespace ./cli kernel images/4096x40        0   393340   393392   394580 
%CPU %MEM ARGS Sun Oct  4 19:46:55 UTC 2026
 0.0  0.0 grep --color=auto ./cli       0  2156
66.4  4.8 ./cli kernel images/4096x40   0 394580
  PID User     Command                         Swap      USS      PSS      RSS 
64398 codespace /usr/bin/python3 /usr/bin/s        0    12032    12263    14512 
61798 codespace ./cli kernel images/4096x40        0   393340   393392   394580 
%CPU %MEM ARGS Sun Oct  4 19:46:55 UTC 2026
 0.0  0.0 grep --color=auto ./cli       0  2212
66.3  4.8 ./cli kernel images/4096x40   1 394580
  PID User     Command                         Swap      USS      PSS      RSS 
64410 codespace /usr/bin/python3 /usr/bin/s        0    12040    12259    14564 
61798 codespace ./cli kernel images/4096x40        0   393340   393385   394580 
%CPU %MEM ARGS Sun Oct  4 19:46:56 UTC 2026
 0.0  0.0 grep --color=auto ./cli       1  2192
66.3  4.8 ./cli kernel images/4096x40   1 394580
  PID User     Command                         Swap      USS      PSS      RSS 
64421 codespace /usr/bin/python3 /usr/bin/s        0    12032    12259    14448 
61798 codespace ./cli kernel images/4096x40        0   393340   393391   394580 
%CPU %MEM ARGS Sun Oct  4 19:46:56 UTC 2026
 0.0  0.0 grep --color=auto ./cli       0  2212
66.2  4.8 ./cli kernel images/4096x40   1 394580
  PID User     Command                         Swap      USS      PSS      RSS 
64439 codespace /usr/bin/python3 /usr/bin/s        0    12032    12262    14512 
61798 codespace ./cli kernel images/4096x40        0   393340   393391   394580 
%CPU %MEM ARGS Sun Oct  4 19:46:57 UTC 2026
 0.0  0.0 grep --color=auto ./cli       0  2172
66.2  4.8 ./cli kernel images/4096x40   0 394580
  PID User     Command                         Swap      USS      PSS      RSS 
64450 codespace /usr/bin/python3 /usr/bin/s        0    12032    12262    14512 
61798 codespace ./cli kernel images/4096x40        0   393340   393391   394580 
%CPU %MEM ARGS Sun Oct  4 19:46:57 UTC 2026
 0.0  0.0 grep --color=auto ./cli       1  2252
66.2  4.8 ./cli kernel images/4096x40   1 394580
  PID User     Command                         Swap      USS      PSS      RSS 
64455 codespace /usr/bin/python3 /usr/bin/s        0    12036    12271    14512 
61798 codespace ./cli kernel images/4096x40        0   393340   393391   394580 
%CPU %MEM ARGS Sun Oct  4 19:46:57 UTC 2026
 0.0  0.0 grep --color=auto ./cli       1  2180
66.2  4.8 ./cli kernel images/4096x40   0 394580
  PID User     Command                         Swap      USS      PSS      RSS 
64461 codespace /usr/bin/python3 /usr/bin/s        0    12032    12265    14508 
61798 codespace ./cli kernel images/4096x40        0   393340   393391   394580 
%CPU %MEM ARGS Sun Oct  4 19:46:58 UTC 2026
 0.0  0.0 grep --color=auto ./cli       0  2152
66.2  4.8 ./cli kernel images/4096x40   0 394580
  PID User     Command                         Swap      USS      PSS      RSS 
64469 codespace /usr/bin/python3 /usr/bin/s        0    12012    12251    14520 
61798 codespace ./cli kernel images/4096x40        0   393340   393391   394580 
%CPU %MEM ARGS Sun Oct  4 19:46:58 UTC 2026
 0.0  0.0 grep --color=auto ./cli       1  2152
66.1  4.8 ./cli kernel images/4096x40   0 394580
  PID User     Command                         Swap      USS      PSS      RSS 
64477 codespace /usr/bin/python3 /usr/bin/s        0    12036    12269    14500 
61798 codespace ./cli kernel images/4096x40        0   393340   393392   394580 
%CPU %MEM ARGS Sun Oct  4 19:46:59 UTC 2026
 0.0  0.0 grep --color=auto ./cli       1  2308
66.1  4.8 ./cli kernel images/4096x40   0 394580
  PID User     Command                         Swap      USS      PSS      RSS 
64483 codespace /usr/bin/python3 /usr/bin/s        0    12032    12264    14516 
61798 codespace ./cli kernel images/4096x40        0   393340   393391   394580 
%CPU %MEM ARGS Sun Oct  4 19:46:59 UTC 2026
 0.0  0.0 grep --color=auto ./cli       1  2156
66.1  4.8 ./cli kernel images/4096x40   0 394580
  PID User     Command                         Swap      USS      PSS      RSS 
64488 codespace /usr/bin/python3 /usr/bin/s        0    12032    12258    14448 
61798 codespace ./cli kernel images/4096x40        0   393340   393391   394580 
%CPU %MEM ARGS Sun Oct  4 19:46:59 UTC 2026
 0.0  0.0 grep --color=auto ./cli       1  2340
66.0  4.8 ./cli kernel images/4096x40   0 394580
  PID User     Command                         Swap      USS      PSS      RSS 
64494 codespace /usr/bin/python3 /usr/bin/s        0    11988    12217    14468 
61798 codespace ./cli kernel images/4096x40        0   393340   393391   394580 
%CPU %MEM ARGS Sun Oct  4 19:47:00 UTC 2026
 0.0  0.0 grep --color=auto ./cli       1  2156
66.0  4.8 ./cli kernel images/4096x40   0 394580
  PID User     Command                         Swap      USS      PSS      RSS 
64499 codespace /usr/bin/python3 /usr/bin/s        0    12032    12261    14512 
61798 codespace ./cli kernel images/4096x40        0   393340   393391   394580 
%CPU %MEM ARGS Sun Oct  4 19:47:00 UTC 2026
 0.0  0.0 grep --color=auto ./cli       0  2248
66.0  4.8 ./cli kernel images/4096x40   1 394580
  PID User     Command                         Swap      USS      PSS      RSS 
64511 codespace /usr/bin/python3 /usr/bin/s        0    12036    12261    14452 
61798 codespace ./cli kernel images/4096x40        0   393340   393391   394580 
%CPU %MEM ARGS Sun Oct  4 19:47:01 UTC 2026
 0.0  0.0 grep --color=auto ./cli       0  2172
66.0  4.8 ./cli kernel images/4096x40   0 394580
  PID User     Command                         Swap      USS      PSS      RSS 
64516 codespace /usr/bin/python3 /usr/bin/s        0    12088    12306    14588 
61798 codespace ./cli kernel images/4096x40        0   393340   393390   394580 
%CPU %MEM ARGS Sun Oct  4 19:47:01 UTC 2026
 0.0  0.0 grep --color=auto ./cli       0  2288
65.9  4.8 ./cli kernel images/4096x40   0 394580
  PID User     Command                         Swap      USS      PSS      RSS 
64527 codespace /usr/bin/python3 /usr/bin/s        0    12068    12315    14560 
61798 codespace ./cli kernel images/4096x40        0   393340   393391   394580 
%CPU %MEM ARGS Sun Oct  4 19:47:01 UTC 2026
 0.0  0.0 grep --color=auto ./cli       0  2184
65.9  4.8 ./cli kernel images/4096x40   1 394580
  PID User     Command                         Swap      USS      PSS      RSS 
64533 codespace /usr/bin/python3 /usr/bin/s        0    12048    12286    14532 
61798 codespace ./cli kernel images/4096x40        0   393340   393391   394580 
%CPU %MEM ARGS Sun Oct  4 19:47:02 UTC 2026
 0.0  0.0 grep --color=auto ./cli       1  2204
65.9  4.8 ./cli kernel images/4096x40   1 394580
  PID User     Command                         Swap      USS      PSS      RSS 
64538 codespace /usr/bin/python3 /usr/bin/s        0    12032    12267    14508 
61798 codespace ./cli kernel images/4096x40        0   393340   393391   394580 
%CPU %MEM ARGS Sun Oct  4 19:47:02 UTC 2026
 0.0  0.0 grep --color=auto ./cli       0  2340
65.8  4.8 ./cli kernel images/4096x40   0 394580
  PID User     Command                         Swap      USS      PSS      RSS 
64546 codespace /usr/bin/python3 /usr/bin/s        0    12028    12255    14444 
61798 codespace ./cli kernel images/4096x40        0   393340   393391   394580 
%CPU %MEM ARGS Sun Oct  4 19:47:03 UTC 2026
 0.0  0.0 grep --color=auto ./cli       1  2172
65.8  4.8 ./cli kernel images/4096x40   1 394580
  PID User     Command                         Swap      USS      PSS      RSS 
64555 codespace /usr/bin/python3 /usr/bin/s        0    12032    12256    14448 
61798 codespace ./cli kernel images/4096x40        0   393340   393391   394580 
%CPU %MEM ARGS Sun Oct  4 19:47:03 UTC 2026
 0.0  0.0 grep --color=auto ./cli       0  2168
65.8  4.8 ./cli kernel images/4096x40   0 394580
  PID User     Command                         Swap      USS      PSS      RSS 
64560 codespace /usr/bin/python3 /usr/bin/s        0    12032    12259    14448 
61798 codespace ./cli kernel images/4096x40        0   393340   393391   394580 
%CPU %MEM ARGS Sun Oct  4 19:47:03 UTC 2026
 0.0  0.0 grep --color=auto ./cli       0  2168
65.8  4.8 ./cli kernel images/4096x40   1 394580
  PID User     Command                         Swap      USS      PSS      RSS 
64566 codespace /usr/bin/python3 /usr/bin/s        0    12040    12275    14484 
61798 codespace ./cli kernel images/4096x40        0   393340   393392   394580 
%CPU %MEM ARGS Sun Oct  4 19:47:04 UTC 2026
 0.0  0.0 grep --color=auto ./cli       0  2248
65.7  4.8 ./cli kernel images/4096x40   0 394580
  PID User     Command                         Swap      USS      PSS      RSS 
64571 codespace /usr/bin/python3 /usr/bin/s        0    12040    12273    14484 
61798 codespace ./cli kernel images/4096x40        0   393340   393391   394580 
%CPU %MEM ARGS Sun Oct  4 19:47:04 UTC 2026
 0.0  0.0 grep --color=auto ./cli       1  2292
65.7  4.8 ./cli kernel images/4096x40   0 394580
  PID User     Command                         Swap      USS      PSS      RSS 
64577 codespace /usr/bin/python3 /usr/bin/s        0    12064    12311    14556 
61798 codespace ./cli kernel images/4096x40        0   393340   393391   394580 
%CPU %MEM ARGS Sun Oct  4 19:47:05 UTC 2026
 0.0  0.0 grep --color=auto ./cli       0  2160
65.7  4.8 ./cli kernel images/4096x40   1 394580
  PID User     Command                         Swap      USS      PSS      RSS 
64588 codespace /usr/bin/python3 /usr/bin/s        0    12036    12261    14452 
61798 codespace ./cli kernel images/4096x40        0   393340   393391   394580 
%CPU %MEM ARGS Sun Oct  4 19:47:05 UTC 2026
 0.0  0.0 grep --color=auto ./cli       1  2180
65.7  4.8 ./cli kernel images/4096x40   1 394580
  PID User     Command                         Swap      USS      PSS      RSS 
64593 codespace /usr/bin/python3 /usr/bin/s        0    12040    12270    14452 
61798 codespace ./cli kernel images/4096x40        0   393340   393391   394580 
%CPU %MEM ARGS Sun Oct  4 19:47:05 UTC 2026
 0.0  0.0 grep --color=auto ./cli       0  2296
65.6  4.8 ./cli kernel images/4096x40   1 394580
  PID User     Command                         Swap      USS      PSS      RSS 
64599 codespace /usr/bin/python3 /usr/bin/s        0    12036    12264    14448 
61798 codespace ./cli kernel images/4096x40        0   393340   393392   394580 
%CPU %MEM ARGS Sun Oct  4 19:47:06 UTC 2026
 0.0  0.0 grep --color=auto ./cli       1  2180
65.7  4.8 ./cli kernel images/4096x40   0 394580
  PID User     Command                         Swap      USS      PSS      RSS 
64604 codespace /usr/bin/python3 /usr/bin/s        0    12032    12288    14544 
61798 codespace ./cli kernel images/4096x40        0   393340   393392   394580 
%CPU %MEM ARGS Sun Oct  4 19:47:06 UTC 2026
 0.0  0.0 grep --color=auto ./cli       0  2156
65.6  4.8 ./cli kernel images/4096x40   1 394580
  PID User     Command                         Swap      USS      PSS      RSS 
64610 codespace /usr/bin/python3 /usr/bin/s        0    12028    12232    14448 
61798 codespace ./cli kernel images/4096x40        0   393340   393391   394580 
%CPU %MEM ARGS Sun Oct  4 19:47:07 UTC 2026
 0.0  0.0 grep --color=auto ./cli       0  2200
65.5  4.8 ./cli kernel images/4096x40   1 394580
  PID User     Command                         Swap      USS      PSS      RSS 
64645 codespace /usr/bin/python3 /usr/bin/s        0    12044    12287    14564 
61798 codespace ./cli kernel images/4096x40        0   393340   393391   394580 
%CPU %MEM ARGS Sun Oct  4 19:47:07 UTC 2026
 0.0  0.0 grep --color=auto ./cli       0  2304
65.5  4.8 ./cli kernel images/4096x40   1 394580
  PID User     Command                         Swap      USS      PSS      RSS 
64650 codespace /usr/bin/python3 /usr/bin/s        0    12016    12255    14504 
61798 codespace ./cli kernel images/4096x40        0   393340   393392   394580 
%CPU %MEM ARGS Sun Oct  4 19:47:07 UTC 2026
 0.0  0.0 grep --color=auto ./cli       0  2212
65.5  4.8 ./cli kernel images/4096x40   1 394580
  PID User     Command                         Swap      USS      PSS      RSS 
64656 codespace /usr/bin/python3 /usr/bin/s        0    12040    12271    14452 
61798 codespace ./cli kernel images/4096x40        0   393340   393391   394580 
%CPU %MEM ARGS Sun Oct  4 19:47:08 UTC 2026
 0.0  0.0 grep --color=auto ./cli       0  2164
65.4  4.8 ./cli kernel images/4096x40   0 394580
  PID User     Command                         Swap      USS      PSS      RSS 
64661 codespace /usr/bin/python3 /usr/bin/s        0    12040    12271    14452 
61798 codespace ./cli kernel images/4096x40        0   393340   393391   394580 
%CPU %MEM ARGS Sun Oct  4 19:47:08 UTC 2026
 0.0  0.0 grep --color=auto ./cli       0  2180
65.4  4.8 ./cli kernel images/4096x40   0 394580
  PID User     Command                         Swap      USS      PSS      RSS 
64667 codespace /usr/bin/python3 /usr/bin/s        0    12052    12294    14592 
61798 codespace ./cli kernel images/4096x40        0   393340   393391   394580 
%CPU %MEM ARGS Sun Oct  4 19:47:09 UTC 2026
 0.0  0.0 grep --color=auto ./cli       0  2180
65.4  4.8 ./cli kernel images/4096x40   1 394580
  PID User     Command                         Swap      USS      PSS      RSS 
64672 codespace /usr/bin/python3 /usr/bin/s        0    12036    12262    14448 
61798 codespace ./cli kernel images/4096x40        0   393340   393391   394580 
%CPU %MEM ARGS Sun Oct  4 19:47:09 UTC 2026
 0.0  0.0 grep --color=auto ./cli       1  2168
65.4  4.8 ./cli kernel images/4096x40   0 394580
  PID User     Command                         Swap      USS      PSS      RSS 
64683 codespace /usr/bin/python3 /usr/bin/s        0    12036    12272    14500 
61798 codespace ./cli kernel images/4096x40        0   393340   393391   394580 
%CPU %MEM ARGS Sun Oct  4 19:47:10 UTC 2026
 0.0  0.0 grep --color=auto ./cli       1  2192
65.4  4.8 ./cli kernel images/4096x40   1 394580
  PID User     Command                         Swap      USS      PSS      RSS 
64689 codespace /usr/bin/python3 /usr/bin/s        0    12040    12273    14484 
61798 codespace ./cli kernel images/4096x40        0   393340   393391   394580 
%CPU %MEM ARGS Sun Oct  4 19:47:10 UTC 2026
 0.0  0.0 grep --color=auto ./cli       0  2152
65.4  4.8 ./cli kernel images/4096x40   1 394580
  PID User     Command                         Swap      USS      PSS      RSS 
64694 codespace /usr/bin/python3 /usr/bin/s        0    12040    12274    14484 
61798 codespace ./cli kernel images/4096x40        0   393340   393391   394580 
%CPU %MEM ARGS Sun Oct  4 19:47:10 UTC 2026
 0.0  0.0 grep --color=auto ./cli       1  2160
65.3  4.8 ./cli kernel images/4096x40   1 394580
  PID User     Command                         Swap      USS      PSS      RSS 
64700 codespace /usr/bin/python3 /usr/bin/s        0    12036    12253    14400 
61798 codespace ./cli kernel images/4096x40        0   393340   393391   394580 
%CPU %MEM ARGS Sun Oct  4 19:47:11 UTC 2026
 0.0  0.0 grep --color=auto ./cli       1  2164
65.3  4.8 ./cli kernel images/4096x40   0 394580
  PID User     Command                         Swap      USS      PSS      RSS 
64705 codespace /usr/bin/python3 /usr/bin/s        0    12056    12293    14540 
61798 codespace ./cli kernel images/4096x40        0   393340   393392   394580 
%CPU %MEM ARGS Sun Oct  4 19:47:11 UTC 2026
 0.0  0.0 grep --color=auto ./cli       1  2164
65.3  4.8 ./cli kernel images/4096x40   1 394580
  PID User     Command                         Swap      USS      PSS      RSS 
64713 codespace /usr/bin/python3 /usr/bin/s        0    12056    12296    14592 
61798 codespace ./cli kernel images/4096x40        0   393340   393386   394580 
%CPU %MEM ARGS Sun Oct  4 19:47:11 UTC 2026
 0.0  0.0 grep --color=auto ./cli       0  2248
65.2  4.8 ./cli kernel images/4096x40   1 394580
  PID User     Command                         Swap      USS      PSS      RSS 
64722 codespace /usr/bin/python3 /usr/bin/s        0    12048    12293    14592 
61798 codespace ./cli kernel images/4096x40        0   393340   393392   394580 
%CPU %MEM ARGS Sun Oct  4 19:47:12 UTC 2026
 0.0  0.0 grep --color=auto ./cli       0  2248
65.3  4.8 ./cli kernel images/4096x40   0 394580
  PID User     Command                         Swap      USS      PSS      RSS 
64727 codespace /usr/bin/python3 /usr/bin/s        0    12040    12274    14488 
61798 codespace ./cli kernel images/4096x40        0   393340   393391   394580 
%CPU %MEM ARGS Sun Oct  4 19:47:12 UTC 2026
 0.0  0.0 grep --color=auto ./cli       0  2288
65.2  4.8 ./cli kernel images/4096x40   1 394580
  PID User     Command                         Swap      USS      PSS      RSS 
64738 codespace /usr/bin/python3 /usr/bin/s        0    12028    12227    14448 
61798 codespace ./cli kernel images/4096x40        0   393340   393390   394580 
%CPU %MEM ARGS Sun Oct  4 19:47:13 UTC 2026
 0.0  0.0 grep --color=auto ./cli       0  2204
65.2  4.8 ./cli kernel images/4096x40   1 394580
  PID User     Command                         Swap      USS      PSS      RSS 
64744 codespace /usr/bin/python3 /usr/bin/s        0    12056    12297    14592 
61798 codespace ./cli kernel images/4096x40        0   393340   393391   394580 
%CPU %MEM ARGS Sun Oct  4 19:47:13 UTC 2026
 0.0  0.0 grep --color=auto ./cli       0  2164
65.1  4.8 ./cli kernel images/4096x40   1 394580
  PID User     Command                         Swap      USS      PSS      RSS 
64749 codespace /usr/bin/python3 /usr/bin/s        0    12032    12265    14516 
61798 codespace ./cli kernel images/4096x40        0   393340   393391   394580 
%CPU %MEM ARGS Sun Oct  4 19:47:13 UTC 2026
 0.0  0.0 grep --color=auto ./cli       0  2296
65.1  4.8 ./cli kernel images/4096x40   1 394580
  PID User     Command                         Swap      USS      PSS      RSS 
64761 codespace /usr/bin/python3 /usr/bin/s        0    12036    12261    14448 
61798 codespace ./cli kernel images/4096x40        0   393340   393391   394580 
%CPU %MEM ARGS Sun Oct  4 19:47:14 UTC 2026
 0.0  0.0 grep --color=auto ./cli       0  2156
65.1  4.8 ./cli kernel images/4096x40   1 394580
  PID User     Command                         Swap      USS      PSS      RSS 
64766 codespace /usr/bin/python3 /usr/bin/s        0    12032    12266    14508 
61798 codespace ./cli kernel images/4096x40        0   393340   393391   394580 
%CPU %MEM ARGS Sun Oct  4 19:47:14 UTC 2026
 0.0  0.0 grep --color=auto ./cli       1  2308
65.0  4.8 ./cli kernel images/4096x40   1 394580
  PID User     Command                         Swap      USS      PSS      RSS 
64771 codespace /usr/bin/python3 /usr/bin/s        0    12060    12298    14568 
61798 codespace ./cli kernel images/4096x40        0   393340   393391   394580 
%CPU %MEM ARGS Sun Oct  4 19:47:15 UTC 2026
 0.0  0.0 grep --color=auto ./cli       1  2152
65.0  4.8 ./cli kernel images/4096x40   1 394580
  PID User     Command                         Swap      USS      PSS      RSS 
64777 codespace /usr/bin/python3 /usr/bin/s        0    12040    12272    14484 
61798 codespace ./cli kernel images/4096x40        0   393340   393391   394580 
%CPU %MEM ARGS Sun Oct  4 19:47:15 UTC 2026
 0.0  0.0 grep --color=auto ./cli       1  2176
65.0  4.8 ./cli kernel images/4096x40   0 394580
  PID User     Command                         Swap      USS      PSS      RSS 
64782 codespace /usr/bin/python3 /usr/bin/s        0    12040    12272    14484 
61798 codespace ./cli kernel images/4096x40        0   393340   393391   394580 
%CPU %MEM ARGS Sun Oct  4 19:47:15 UTC 2026
 0.0  0.0 grep --color=auto ./cli       1  2208
65.0  4.8 ./cli kernel images/4096x40   1 394580
  PID User     Command                         Swap      USS      PSS      RSS 
64791 codespace /usr/bin/python3 /usr/bin/s        0    12044    12279    14492 
61798 codespace ./cli kernel images/4096x40        0   393340   393391   394580 
%CPU %MEM ARGS Sun Oct  4 19:47:16 UTC 2026
 0.0  0.0 grep --color=auto ./cli       1  2252
65.0  4.8 ./cli kernel images/4096x40   0 394580
  PID User     Command                         Swap      USS      PSS      RSS 
64799 codespace /usr/bin/python3 /usr/bin/s        0    12040    12273    14484 
61798 codespace ./cli kernel images/4096x40        0   393340   393391   394580 
%CPU %MEM ARGS Sun Oct  4 19:47:16 UTC 2026
 0.0  0.0 grep --color=auto ./cli       0  2156
65.0  4.8 ./cli kernel images/4096x40   1 394580
  PID User     Command                         Swap      USS      PSS      RSS 
64805 codespace /usr/bin/python3 /usr/bin/s        0    11984    12216    14468 
61798 codespace ./cli kernel images/4096x40        0   393340   393391   394580 
%CPU %MEM ARGS Sun Oct  4 19:47:17 UTC 2026
 0.0  0.0 grep --color=auto ./cli       1  2192
65.0  4.8 ./cli kernel images/4096x40   0 394580
  PID User     Command                         Swap      USS      PSS      RSS 
64810 codespace /usr/bin/python3 /usr/bin/s        0    12032    12259    14448 
61798 codespace ./cli kernel images/4096x40        0   393340   393391   394580 
%CPU %MEM ARGS Sun Oct  4 19:47:17 UTC 2026
 0.0  0.0 grep --color=auto ./cli       1  2248
64.9  4.8 ./cli kernel images/4096x40   1 394580
  PID User     Command                         Swap      USS      PSS      RSS 
64833 codespace /usr/bin/python3 /usr/bin/s        0    12040    12268    14472 
61798 codespace ./cli kernel images/4096x40        0   393340   393391   394580 
%CPU %MEM ARGS Sun Oct  4 19:47:18 UTC 2026
 0.0  0.0 grep --color=auto ./cli       0  2248
64.9  4.8 ./cli kernel images/4096x40   1 394580
  PID User     Command                         Swap      USS      PSS      RSS 
64842 codespace /usr/bin/python3 /usr/bin/s        0    12028    12227    14448 
61798 codespace ./cli kernel images/4096x40        0   393340   393390   394580 
%CPU %MEM ARGS Sun Oct  4 19:47:18 UTC 2026
 0.0  0.0 grep --color=auto ./cli       0  2340
64.8  4.8 ./cli kernel images/4096x40   0 394580
  PID User     Command                         Swap      USS      PSS      RSS 
64855 codespace /usr/bin/python3 /usr/bin/s        0    12032    12256    14448 
61798 codespace ./cli kernel images/4096x40        0   393340   393391   394580 
%CPU %MEM ARGS Sun Oct  4 19:47:19 UTC 2026
 0.0  0.0 grep --color=auto ./cli       0  2308
64.8  4.8 ./cli kernel images/4096x40   1 394580
  PID User     Command                         Swap      USS      PSS      RSS 
64861 codespace /usr/bin/python3 /usr/bin/s        0    12032    12267    14484 
61798 codespace ./cli kernel images/4096x40        0   393340   393392   394580 
%CPU %MEM ARGS Sun Oct  4 19:47:19 UTC 2026
 0.0  0.0 grep --color=auto ./cli       0  2248
64.8  4.8 ./cli kernel images/4096x40   1 394580
  PID User     Command                         Swap      USS      PSS      RSS 
64866 codespace /usr/bin/python3 /usr/bin/s        0    12040    12279    14488 
61798 codespace ./cli kernel images/4096x40        0   393340   393391   394580 
%CPU %MEM ARGS Sun Oct  4 19:47:19 UTC 2026
 0.0  0.0 grep --color=auto ./cli       1  2180
64.8  4.8 ./cli kernel images/4096x40   0 394580
  PID User     Command                         Swap      USS      PSS      RSS 
64871 codespace /usr/bin/python3 /usr/bin/s        0    12032    12258    14448 
61798 codespace ./cli kernel images/4096x40        0   393340   393391   394580 
%CPU %MEM ARGS Sun Oct  4 19:47:20 UTC 2026
 0.0  0.0 grep --color=auto ./cli       0  2156
64.7  4.8 ./cli kernel images/4096x40   1 394580
  PID User     Command                         Swap      USS      PSS      RSS 
64877 codespace /usr/bin/python3 /usr/bin/s        0    12028    12238    14444 
61798 codespace ./cli kernel images/4096x40        0   393340   393390   394580 
%CPU %MEM ARGS Sun Oct  4 19:47:20 UTC 2026
 0.0  0.0 grep --color=auto ./cli       0  2172
64.7  4.8 ./cli kernel images/4096x40   0 394580
  PID User     Command                         Swap      USS      PSS      RSS 
64888 codespace /usr/bin/python3 /usr/bin/s        0    12032    12258    14448 
61798 codespace ./cli kernel images/4096x40        0   393340   393391   394580 
%CPU %MEM ARGS Sun Oct  4 19:47:21 UTC 2026
 0.0  0.0 grep --color=auto ./cli       1  2160
64.7  4.8 ./cli kernel images/4096x40   1 394580
  PID User     Command                         Swap      USS      PSS      RSS 
64894 codespace /usr/bin/python3 /usr/bin/s        0    12052    12291    14540 
61798 codespace ./cli kernel images/4096x40        0   393340   393392   394580 
%CPU %MEM ARGS Sun Oct  4 19:47:21 UTC 2026
 0.0  0.0 grep --color=auto ./cli       1  2172
64.7  4.8 ./cli kernel images/4096x40   0 394580
  PID User     Command                         Swap      USS      PSS      RSS 
64899 codespace /usr/bin/python3 /usr/bin/s        0    12036    12270    14484 
61798 codespace ./cli kernel images/4096x40        0   393340   393392   394580 
%CPU %MEM ARGS Sun Oct  4 19:47:21 UTC 2026
 0.0  0.0 grep --color=auto ./cli       1  2192
64.7  4.8 ./cli kernel images/4096x40   0 394580
  PID User     Command                         Swap      USS      PSS      RSS 
64904 codespace /usr/bin/python3 /usr/bin/s        0    12000    12227    14416 
61798 codespace ./cli kernel images/4096x40        0   393340   393391   394580 
%CPU %MEM ARGS Sun Oct  4 19:47:22 UTC 2026
 0.0  0.0 grep --color=auto ./cli       1  2252
64.7  4.8 ./cli kernel images/4096x40   1 394580
  PID User     Command                         Swap      USS      PSS      RSS 
64910 codespace /usr/bin/python3 /usr/bin/s        0    12044    12279    14496 
61798 codespace ./cli kernel images/4096x40        0   393340   393392   394580 
%CPU %MEM ARGS Sun Oct  4 19:47:22 UTC 2026
 0.0  0.0 grep --color=auto ./cli       0  2192
64.6  4.8 ./cli kernel images/4096x40   1 394580
  PID User     Command                         Swap      USS      PSS      RSS 
64918 codespace /usr/bin/python3 /usr/bin/s        0    12032    12259    14448 
61798 codespace ./cli kernel images/4096x40        0   393340   393391   394580 
%CPU %MEM ARGS Sun Oct  4 19:47:22 UTC 2026
 0.0  0.0 grep --color=auto ./cli       0  2288
64.6  4.8 ./cli kernel images/4096x40   0 394580
  PID User     Command                         Swap      USS      PSS      RSS 
64927 codespace /usr/bin/python3 /usr/bin/s        0    12040    12278    14488 
61798 codespace ./cli kernel images/4096x40        0   393340   393391   394580 
%CPU %MEM ARGS Sun Oct  4 19:47:23 UTC 2026
 0.0  0.0 grep --color=auto ./cli       1  2176
64.6  4.8 ./cli kernel images/4096x40   0 394580
  PID User     Command                         Swap      USS      PSS      RSS 
64932 codespace /usr/bin/python3 /usr/bin/s        0    12056    12282    14536 
61798 codespace ./cli kernel images/4096x40        0   393340   393391   394580 
%CPU %MEM ARGS Sun Oct  4 19:47:23 UTC 2026
 0.0  0.0 grep --color=auto ./cli       1  2184
64.6  4.8 ./cli kernel images/4096x40   1 394580
  PID User     Command                         Swap      USS      PSS      RSS 
64937 codespace /usr/bin/python3 /usr/bin/s        0    12032    12264    14516 
61798 codespace ./cli kernel images/4096x40        0   393340   393391   394580 
%CPU %MEM ARGS Sun Oct  4 19:47:24 UTC 2026
 0.0  0.0 grep --color=auto ./cli       1  2196
64.6  4.8 ./cli kernel images/4096x40   0 394580
  PID User     Command                         Swap      USS      PSS      RSS 
64948 codespace /usr/bin/python3 /usr/bin/s        0    12032    12264    14516 
61798 codespace ./cli kernel images/4096x40        0   393340   393391   394580 
%CPU %MEM ARGS Sun Oct  4 19:47:24 UTC 2026
 0.0  0.0 grep --color=auto ./cli       0  2248
64.5  4.8 ./cli kernel images/4096x40   1 394580
  PID User     Command                         Swap      USS      PSS      RSS 
64953 codespace /usr/bin/python3 /usr/bin/s        0    12032    12256    14448 
61798 codespace ./cli kernel images/4096x40        0   393340   393391   394580 
%CPU %MEM ARGS Sun Oct  4 19:47:25 UTC 2026
 0.0  0.0 grep --color=auto ./cli       0  2152
64.5  4.8 ./cli kernel images/4096x40   1 394580
  PID User     Command                         Swap      USS      PSS      RSS 
64965 codespace /usr/bin/python3 /usr/bin/s        0    12036    12261    14448 
61798 codespace ./cli kernel images/4096x40        0   393340   393391   394580 
%CPU %MEM ARGS Sun Oct  4 19:47:25 UTC 2026
 0.0  0.0 grep --color=auto ./cli       0  2180
64.5  4.8 ./cli kernel images/4096x40   1 394580
  PID User     Command                         Swap      USS      PSS      RSS 
64970 codespace /usr/bin/python3 /usr/bin/s        0    12040    12274    14484 
61798 codespace ./cli kernel images/4096x40        0   393340   393391   394580 
%CPU %MEM ARGS Sun Oct  4 19:47:25 UTC 2026
 0.0  0.0 grep --color=auto ./cli       0  2176
64.5  4.8 ./cli kernel images/4096x40   1 394580
  PID User     Command                         Swap      USS      PSS      RSS 
64975 codespace /usr/bin/python3 /usr/bin/s        0    12028    12247    14420 
61798 codespace ./cli kernel images/4096x40        0   393340   393392   394580 
%CPU %MEM ARGS Sun Oct  4 19:47:26 UTC 2026
 0.0  0.0 grep --color=auto ./cli       0  2296
64.5  4.8 ./cli kernel images/4096x40   0 394580
  PID User     Command                         Swap      USS      PSS      RSS 
64981 codespace /usr/bin/python3 /usr/bin/s        0    12028    12253    14444 
61798 codespace ./cli kernel images/4096x40        0   393340   393392   394580 
%CPU %MEM ARGS Sun Oct  4 19:47:26 UTC 2026
 0.0  0.0 grep --color=auto ./cli       0  2168
64.5  4.8 ./cli kernel images/4096x40   1 394580
  PID User     Command                         Swap      USS      PSS      RSS 
64986 codespace /usr/bin/python3 /usr/bin/s        0    12044    12287    14540 
61798 codespace ./cli kernel images/4096x40        0   393340   393392   394580 
%CPU %MEM ARGS Sun Oct  4 19:47:26 UTC 2026
 0.0  0.0 grep --color=auto ./cli       0  2296
64.5  4.8 ./cli kernel images/4096x40   1 394580
  PID User     Command                         Swap      USS      PSS      RSS 
64995 codespace /usr/bin/python3 /usr/bin/s        0    12032    12266    14516 
61798 codespace ./cli kernel images/4096x40        0   393340   393391   394580 
%CPU %MEM ARGS Sun Oct  4 19:47:27 UTC 2026
 0.0  0.0 grep --color=auto ./cli       0  2256
64.5  4.8 ./cli kernel images/4096x40   1 394580
  PID User     Command                         Swap      USS      PSS      RSS 
65003 codespace /usr/bin/python3 /usr/bin/s        0    12040    12269    14452 
61798 codespace ./cli kernel images/4096x40        0   393340   393391   394580 
%CPU %MEM ARGS Sun Oct  4 19:47:27 UTC 2026
 0.0  0.0 grep --color=auto ./cli       1  2208
64.4  4.8 ./cli kernel images/4096x40   1 394580
  PID User     Command                         Swap      USS      PSS      RSS 
65010 codespace /usr/bin/python3 /usr/bin/s        0    12032    12272    14508 
61798 codespace ./cli kernel images/4096x40        0   393340   393391   394580 
%CPU %MEM ARGS Sun Oct  4 19:47:28 UTC 2026
 0.0  0.0 grep --color=auto ./cli       1  2180
64.4  4.8 ./cli kernel images/4096x40   0 394580
  PID User     Command                         Swap      USS      PSS      RSS 
65032 codespace /usr/bin/python3 /usr/bin/s        0    12040    12279    14488 
61798 codespace ./cli kernel images/4096x40        0   393340   393391   394580 
%CPU %MEM ARGS Sun Oct  4 19:47:28 UTC 2026
 0.0  0.0 grep --color=auto ./cli       0  2196
64.4  4.8 ./cli kernel images/4096x40   1 394580
  PID User     Command                         Swap      USS      PSS      RSS 
65037 codespace /usr/bin/python3 /usr/bin/s        0    12048    12298    14592 
61798 codespace ./cli kernel images/4096x40        0   393340   393391   394580 
%CPU %MEM ARGS Sun Oct  4 19:47:28 UTC 2026
 0.0  0.0 grep --color=auto ./cli       1  2172
64.4  4.8 ./cli kernel images/4096x40   0 394580
  PID User     Command                         Swap      USS      PSS      RSS 
65043 codespace /usr/bin/python3 /usr/bin/s        0    12036    12261    14448 
61798 codespace ./cli kernel images/4096x40        0   393340   393391   394580 
%CPU %MEM ARGS Sun Oct  4 19:47:29 UTC 2026
 0.0  0.0 grep --color=auto ./cli       0  2160
64.3  4.8 ./cli kernel images/4096x40   0 394580
  PID User     Command                         Swap      USS      PSS      RSS 
65054 codespace /usr/bin/python3 /usr/bin/s        0    12060    12286    14492 
61798 codespace ./cli kernel images/4096x40        0   393340   393391   394580 
%CPU %MEM ARGS Sun Oct  4 19:47:29 UTC 2026
 0.0  0.0 grep --color=auto ./cli       0  2252
64.3  4.8 ./cli kernel images/4096x40   1 394580
  PID User     Command                         Swap      USS      PSS      RSS 
65065 codespace /usr/bin/python3 /usr/bin/s        0    12032    12261    14512 
61798 codespace ./cli kernel images/4096x40        0   393340   393391   394580 
%CPU %MEM ARGS Sun Oct  4 19:47:30 UTC 2026
 0.0  0.0 grep --color=auto ./cli       0  2252
64.3  4.8 ./cli kernel images/4096x40   1 394580
  PID User     Command                         Swap      USS      PSS      RSS 
65071 codespace /usr/bin/python3 /usr/bin/s        0    12032    12267    14484 
61798 codespace ./cli kernel images/4096x40        0   393340   393392   394580 
%CPU %MEM ARGS Sun Oct  4 19:47:30 UTC 2026
 0.0  0.0 grep --color=auto ./cli       0  2200
64.3  4.8 ./cli kernel images/4096x40   0 394580
  PID User     Command                         Swap      USS      PSS      RSS 
65076 codespace /usr/bin/python3 /usr/bin/s        0    12040    12271    14452 
61798 codespace ./cli kernel images/4096x40        0   393340   393391   394580 
%CPU %MEM ARGS Sun Oct  4 19:47:31 UTC 2026
 0.0  0.0 grep --color=auto ./cli       1  2304
64.2  4.8 ./cli kernel images/4096x40   0 394580
  PID User     Command                         Swap      USS      PSS      RSS 
65082 codespace /usr/bin/python3 /usr/bin/s        0    12056    12295    14564 
61798 codespace ./cli kernel images/4096x40        0   393340   393391   394580 
%CPU %MEM ARGS Sun Oct  4 19:47:31 UTC 2026
 0.0  0.0 grep --color=auto ./cli       1  2160
64.2  4.8 ./cli kernel images/4096x40   0 394580
  PID User     Command                         Swap      USS      PSS      RSS 
65093 codespace /usr/bin/python3 /usr/bin/s        0    12036    12270    14500 
61798 codespace ./cli kernel images/4096x40        0   393340   393391   394580 
%CPU %MEM ARGS Sun Oct  4 19:47:31 UTC 2026
 0.0  0.0 grep --color=auto ./cli       0  2248
64.2  4.8 ./cli kernel images/4096x40   1 394580
  PID User     Command                         Swap      USS      PSS      RSS 
65098 codespace /usr/bin/python3 /usr/bin/s        0    12036    12270    14480 
61798 codespace ./cli kernel images/4096x40        0   393340   393391   394580 
%CPU %MEM ARGS Sun Oct  4 19:47:32 UTC 2026
 0.0  0.0 grep --color=auto ./cli       1  2204
64.2  4.8 ./cli kernel images/4096x40   0 394580
  PID User     Command                         Swap      USS      PSS      RSS 
65104 codespace /usr/bin/python3 /usr/bin/s        0    12036    12261    14452 
61798 codespace ./cli kernel images/4096x40        0   393340   393391   394580 
%CPU %MEM ARGS Sun Oct  4 19:47:32 UTC 2026
 0.0  0.0 grep --color=auto ./cli       1  2208
64.2  4.8 ./cli kernel images/4096x40   1 394580
  PID User     Command                         Swap      USS      PSS      RSS 
65109 codespace /usr/bin/python3 /usr/bin/s        0    12040    12269    14452 
61798 codespace ./cli kernel images/4096x40        0   393340   393391   394580 
%CPU %MEM ARGS Sun Oct  4 19:47:33 UTC 2026
 0.0  0.0 grep --color=auto ./cli       1  2156
64.2  4.8 ./cli kernel images/4096x40   1 394580
  PID User     Command                         Swap      USS      PSS      RSS 
65115 codespace /usr/bin/python3 /usr/bin/s        0    12056    12305    14552 
61798 codespace ./cli kernel images/4096x40        0   393340   393391   394580 
%CPU %MEM ARGS Sun Oct  4 19:47:33 UTC 2026
 0.0  0.0 grep --color=auto ./cli       1  2292
64.1  4.8 ./cli kernel images/4096x40   1 394580
  PID User     Command                         Swap      USS      PSS      RSS 
65126 codespace /usr/bin/python3 /usr/bin/s        0    12032    12256    14448 
61798 codespace ./cli kernel images/4096x40        0   393340   393391   394580 
%CPU %MEM ARGS Sun Oct  4 19:47:33 UTC 2026
 0.0  0.0 grep --color=auto ./cli       0  2172
64.1  4.8 ./cli kernel images/4096x40   0 394580
  PID User     Command                         Swap      USS      PSS      RSS 
65132 codespace /usr/bin/python3 /usr/bin/s        0    12048    12286    14556 
61798 codespace ./cli kernel images/4096x40        0   393340   393391   394580 
%CPU %MEM ARGS Sun Oct  4 19:47:34 UTC 2026
 0.0  0.0 grep --color=auto ./cli       0  2184
64.1  4.8 ./cli kernel images/4096x40   0 394580
  PID User     Command                         Swap      USS      PSS      RSS 
65137 codespace /usr/bin/python3 /usr/bin/s        0    12032    12267    14508 
61798 codespace ./cli kernel images/4096x40        0   393340   393391   394580 
%CPU %MEM ARGS Sun Oct  4 19:47:34 UTC 2026
 0.0  0.0 grep --color=auto ./cli       0  2176
64.1  4.8 ./cli kernel images/4096x40   1 394580
  PID User     Command                         Swap      USS      PSS      RSS 
65142 codespace /usr/bin/python3 /usr/bin/s        0    12032    12257    14448 
61798 codespace ./cli kernel images/4096x40        0   393340   393391   394580 
%CPU %MEM ARGS Sun Oct  4 19:47:35 UTC 2026
 0.0  0.0 grep --color=auto ./cli       0  2252
64.1  4.8 ./cli kernel images/4096x40   0 394580
  PID User     Command                         Swap      USS      PSS      RSS 
65148 codespace /usr/bin/python3 /usr/bin/s        0    12028    12229    14448 
61798 codespace ./cli kernel images/4096x40        0   393340   393390   394580 
%CPU %MEM ARGS Sun Oct  4 19:47:35 UTC 2026
 0.0  0.0 grep --color=auto ./cli       0  2288
64.1  4.8 ./cli kernel images/4096x40   1 394580
  PID User     Command                         Swap      USS      PSS      RSS 
65162 codespace /usr/bin/python3 /usr/bin/s        0    12032    12259    14448 
61798 codespace ./cli kernel images/4096x40        0   393340   393391   394580 
%CPU %MEM ARGS Sun Oct  4 19:47:36 UTC 2026
 0.0  0.0 grep --color=auto ./cli       1  2208
64.0  4.8 ./cli kernel images/4096x40   0 394580
  PID User     Command                         Swap      USS      PSS      RSS 
65171 codespace /usr/bin/python3 /usr/bin/s        0    12032    12257    14448 
61798 codespace ./cli kernel images/4096x40        0   393340   393391   394580 
%CPU %MEM ARGS Sun Oct  4 19:47:36 UTC 2026
 0.0  0.0 grep --color=auto ./cli       1  2252
64.0  4.8 ./cli kernel images/4096x40   0 394580
  PID User     Command                         Swap      USS      PSS      RSS 
65176 codespace /usr/bin/python3 /usr/bin/s        0    12052    12292    14540 
61798 codespace ./cli kernel images/4096x40        0   393340   393392   394580 
%CPU %MEM ARGS Sun Oct  4 19:47:36 UTC 2026
 0.0  0.0 grep --color=auto ./cli       1  2292
64.0  4.8 ./cli kernel images/4096x40   1 394580
  PID User     Command                         Swap      USS      PSS      RSS 
65181 codespace /usr/bin/python3 /usr/bin/s        0    12036    12266    14516 
61798 codespace ./cli kernel images/4096x40        0   393340   393391   394580 
%CPU %MEM ARGS Sun Oct  4 19:47:37 UTC 2026
 0.0  0.0 grep --color=auto ./cli       1  2152
64.0  4.8 ./cli kernel images/4096x40   0 394580
  PID User     Command                         Swap      USS      PSS      RSS 
65187 codespace /usr/bin/python3 /usr/bin/s        0    12032    12260    14512 
61798 codespace ./cli kernel images/4096x40        0   393340   393391   394580 
%CPU %MEM ARGS Sun Oct  4 19:47:37 UTC 2026
 0.0  0.0 grep --color=auto ./cli       1  2308
64.0  4.8 ./cli kernel images/4096x40   0 394580
  PID User     Command                         Swap      USS      PSS      RSS 
65192 codespace /usr/bin/python3 /usr/bin/s        0    12048    12273    14464 
61798 codespace ./cli kernel images/4096x40        0   393340   393391   394580 
%CPU %MEM ARGS Sun Oct  4 19:47:37 UTC 2026
 0.0  0.0 grep --color=auto ./cli       1  2252
64.0  4.8 ./cli kernel images/4096x40   0 394580
  PID User     Command                         Swap      USS      PSS      RSS 
65204 codespace /usr/bin/python3 /usr/bin/s        0    12032    12257    14448 
61798 codespace ./cli kernel images/4096x40        0   393340   393391   394580 
%CPU %MEM ARGS Sun Oct  4 19:47:38 UTC 2026
 0.0  0.0 grep --color=auto ./cli       0  2200
63.9  4.8 ./cli kernel images/4096x40   1 394580
  PID User     Command                         Swap      USS      PSS      RSS 
65221 codespace /usr/bin/python3 /usr/bin/s        0    12052    12292    14540 
61798 codespace ./cli kernel images/4096x40        0   393340   393392   394580 
%CPU %MEM ARGS Sun Oct  4 19:47:38 UTC 2026
 0.0  0.0 grep --color=auto ./cli       1  2340
63.9  4.8 ./cli kernel images/4096x40   1 394580
  PID User     Command                         Swap      USS      PSS      RSS 
65232 codespace /usr/bin/python3 /usr/bin/s        0    12032    12257    14448 
61798 codespace ./cli kernel images/4096x40        0   393340   393391   394580 
%CPU %MEM ARGS Sun Oct  4 19:47:39 UTC 2026
 0.0  0.0 grep --color=auto ./cli       0  2288
63.9  4.8 ./cli kernel images/4096x40   0 394580
  PID User     Command                         Swap      USS      PSS      RSS 
65238 codespace /usr/bin/python3 /usr/bin/s        0    12020    12250    14432 
61798 codespace ./cli kernel images/4096x40        0   393340   393391   394580 
%CPU %MEM ARGS Sun Oct  4 19:47:39 UTC 2026
 0.0  0.0 grep --color=auto ./cli       1  2308
63.9  4.8 ./cli kernel images/4096x40   1 394580
  PID User     Command                         Swap      USS      PSS      RSS 
65243 codespace /usr/bin/python3 /usr/bin/s        0    12036    12262    14448 
61798 codespace ./cli kernel images/4096x40        0   393340   393391   394580 
%CPU %MEM ARGS Sun Oct  4 19:47:39 UTC 2026
 0.0  0.0 grep --color=auto ./cli       1  2176
63.9  4.8 ./cli kernel images/4096x40   1 394580
  PID User     Command                         Swap      USS      PSS      RSS 
65248 codespace /usr/bin/python3 /usr/bin/s        0    12032    12250    14596 
61798 codespace ./cli kernel images/4096x40        0   393340   393390   394580 
%CPU %MEM ARGS Sun Oct  4 19:47:40 UTC 2026
 0.0  0.0 grep --color=auto ./cli       0  2176
63.9  4.8 ./cli kernel images/4096x40   0 394580
  PID User     Command                         Swap      USS      PSS      RSS 
65260 codespace /usr/bin/python3 /usr/bin/s        0    12036    12273    14500 
61798 codespace ./cli kernel images/4096x40        0   393340   393392   394580 
%CPU %MEM ARGS Sun Oct  4 19:47:40 UTC 2026
 0.0  0.0 grep --color=auto ./cli       1  2248
63.8  4.8 ./cli kernel images/4096x40   0 394580
  PID User     Command                         Swap      USS      PSS      RSS 
65265 codespace /usr/bin/python3 /usr/bin/s        0    12036    12267    14516 
61798 codespace ./cli kernel images/4096x40        0   393340   393391   394580 
%CPU %MEM ARGS Sun Oct  4 19:47:41 UTC 2026
 0.0  0.0 grep --color=auto ./cli       0  2296
63.8  4.8 ./cli kernel images/4096x40   0 394580
  PID User     Command                         Swap      USS      PSS      RSS 
65277 codespace /usr/bin/python3 /usr/bin/s        0    12044    12271    14456 
61798 codespace ./cli kernel images/4096x40        0   393340   393391   394580 
%CPU %MEM ARGS Sun Oct  4 19:47:41 UTC 2026
 0.0  0.0 grep --color=auto ./cli       1  2276
63.8  4.8 ./cli kernel images/4096x40   1 394580
  PID User     Command                         Swap      USS      PSS      RSS 
65282 codespace /usr/bin/python3 /usr/bin/s        0    12036    12257    14484 
61798 codespace ./cli kernel images/4096x40        0   393340   393391   394580 
%CPU %MEM ARGS Sun Oct  4 19:47:41 UTC 2026
 0.0  0.0 grep --color=auto ./cli       0  2172
63.8  4.8 ./cli kernel images/4096x40   1 394580
  PID User     Command                         Swap      USS      PSS      RSS 
65287 codespace /usr/bin/python3 /usr/bin/s        0    12032    12242    14464 
61798 codespace ./cli kernel images/4096x40        0   393340   393391   394580 
%CPU %MEM ARGS Sun Oct  4 19:47:42 UTC 2026
 0.0  0.0 grep --color=auto ./cli       0  2296
63.7  4.8 ./cli kernel images/4096x40   0 394580
  PID User     Command                         Swap      USS      PSS      RSS 
65299 codespace /usr/bin/python3 /usr/bin/s        0    12036    12266    14440 
61798 codespace ./cli kernel images/4096x40        0   393340   393391   394580 
%CPU %MEM ARGS Sun Oct  4 19:47:42 UTC 2026
 0.0  0.0 grep --color=auto ./cli       1  2172
63.8  4.8 ./cli kernel images/4096x40   0 394580
  PID User     Command                         Swap      USS      PSS      RSS 
65304 codespace /usr/bin/python3 /usr/bin/s        0    12040    12276    14484 
61798 codespace ./cli kernel images/4096x40        0   393340   393391   394580 
%CPU %MEM ARGS Sun Oct  4 19:47:43 UTC 2026
 0.0  0.0 grep --color=auto ./cli       1  2136
63.7  4.8 ./cli kernel images/4096x40   0 394580
  PID User     Command                         Swap      USS      PSS      RSS 
65310 codespace /usr/bin/python3 /usr/bin/s        0    12040    12271    14452 
61798 codespace ./cli kernel images/4096x40        0   393340   393391   394580 
%CPU %MEM ARGS Sun Oct  4 19:47:43 UTC 2026
 0.0  0.0 grep --color=auto ./cli       1  2248
63.7  4.8 ./cli kernel images/4096x40   0 394580
  PID User     Command                         Swap      USS      PSS      RSS 
65315 codespace /usr/bin/python3 /usr/bin/s        0    12040    12271    14452 
61798 codespace ./cli kernel images/4096x40        0   393340   393391   394580 
%CPU %MEM ARGS Sun Oct  4 19:47:43 UTC 2026
 0.0  0.0 grep --color=auto ./cli       0  2300
63.7  4.8 ./cli kernel images/4096x40   0 394580
  PID User     Command                         Swap      USS      PSS      RSS 
65320 codespace /usr/bin/python3 /usr/bin/s        0    12032    12267    14484 
61798 codespace ./cli kernel images/4096x40        0   393340   393392   394580 
%CPU %MEM ARGS Sun Oct  4 19:47:44 UTC 2026
 0.0  0.0 grep --color=auto ./cli       1  2180
63.7  4.8 ./cli kernel images/4096x40   0 394580
  PID User     Command                         Swap      USS      PSS      RSS 
65326 codespace /usr/bin/python3 /usr/bin/s        0    12036    12261    14448 
61798 codespace ./cli kernel images/4096x40        0   393340   393386   394580 
%CPU %MEM ARGS Sun Oct  4 19:47:44 UTC 2026
 0.0  0.0 grep --color=auto ./cli       0  2248
63.7  4.8 ./cli kernel images/4096x40   1 394580
  PID User     Command                         Swap      USS      PSS      RSS 
65337 codespace /usr/bin/python3 /usr/bin/s        0    12044    12285    14536 
61798 codespace ./cli kernel images/4096x40        0   393340   393392   394580 
%CPU %MEM ARGS Sun Oct  4 19:47:45 UTC 2026
 0.0  0.0 grep --color=auto ./cli       0  2304
63.7  4.8 ./cli kernel images/4096x40   0 394580
  PID User     Command                         Swap      USS      PSS      RSS 
65343 codespace /usr/bin/python3 /usr/bin/s        0    12032    12258    14448 
61798 codespace ./cli kernel images/4096x40        0   393340   393391   394580 
%CPU %MEM ARGS Sun Oct  4 19:47:45 UTC 2026
 0.0  0.0 grep --color=auto ./cli       0  2252
63.7  4.8 ./cli kernel images/4096x40   1 394580
  PID User     Command                         Swap      USS      PSS      RSS 
65348 codespace /usr/bin/python3 /usr/bin/s        0    12036    12263    14448 
61798 codespace ./cli kernel images/4096x40        0   393340   393391   394580 
%CPU %MEM ARGS Sun Oct  4 19:47:45 UTC 2026
 0.0  0.0 grep --color=auto ./cli       1  2140
63.7  4.8 ./cli kernel images/4096x40   0 394580
  PID User     Command                         Swap      USS      PSS      RSS 
65353 codespace /usr/bin/python3 /usr/bin/s        0    12032    12261    14512 
61798 codespace ./cli kernel images/4096x40        0   393340   393391   394580 
%CPU %MEM ARGS Sun Oct  4 19:47:46 UTC 2026
 0.0  0.0 grep --color=auto ./cli       1  2164
63.7  4.8 ./cli kernel images/4096x40   0 394580
  PID User     Command                         Swap      USS      PSS      RSS 
65359 codespace /usr/bin/python3 /usr/bin/s        0    12032    12245    14424 
61798 codespace ./cli kernel images/4096x40        0   393340   393391   394580 
%CPU %MEM ARGS Sun Oct  4 19:47:46 UTC 2026
 0.0  0.0 grep --color=auto ./cli       1  2168
63.7  4.8 ./cli kernel images/4096x40   0 394580
  PID User     Command                         Swap      USS      PSS      RSS 
65370 codespace /usr/bin/python3 /usr/bin/s        0    11996    12206    14552 
61798 codespace ./cli kernel images/4096x40        0   393340   393386   394580 
%CPU %MEM ARGS Sun Oct  4 19:47:47 UTC 2026
 0.0  0.0 grep --color=auto ./cli       0  2304
63.6  4.8 ./cli kernel images/4096x40   1 394580
  PID User     Command                         Swap      USS      PSS      RSS 
65382 codespace /usr/bin/python3 /usr/bin/s        0    12032    12258    14448 
61798 codespace ./cli kernel images/4096x40        0   393340   393391   394580 
%CPU %MEM ARGS Sun Oct  4 19:47:47 UTC 2026
 0.0  0.0 grep --color=auto ./cli       1  2180
63.6  4.8 ./cli kernel images/4096x40   0 394580
  PID User     Command                         Swap      USS      PSS      RSS 
65387 codespace /usr/bin/python3 /usr/bin/s        0    12052    12294    14592 
61798 codespace ./cli kernel images/4096x40        0   393340   393391   394580 
%CPU %MEM ARGS Sun Oct  4 19:47:47 UTC 2026
 0.0  0.0 grep --color=auto ./cli       0  2252
63.6  4.8 ./cli kernel images/4096x40   1 394580
  PID User     Command                         Swap      USS      PSS      RSS 
65392 codespace /usr/bin/python3 /usr/bin/s        0    12020    12246    14436 
61798 codespace ./cli kernel images/4096x40        0   393340   393391   394580 
%CPU %MEM ARGS Sun Oct  4 19:47:48 UTC 2026
 0.0  0.0 grep --color=auto ./cli       0  2248
63.6  4.8 ./cli kernel images/4096x40   0 394580
  PID User     Command                         Swap      USS      PSS      RSS 
65398 codespace /usr/bin/python3 /usr/bin/s        0    12036    12262    14448 
61798 codespace ./cli kernel images/4096x40        0   393340   393391   394580 
%CPU %MEM ARGS Sun Oct  4 19:47:48 UTC 2026
 0.0  0.0 grep --color=auto ./cli       0  2168
63.5  4.8 ./cli kernel images/4096x40   1 394580
  PID User     Command                         Swap      USS      PSS      RSS 
65408 codespace /usr/bin/python3 /usr/bin/s        0    12040    12276    14488 
61798 codespace ./cli kernel images/4096x40        0   393340   393390   394580 
%CPU %MEM ARGS Sun Oct  4 19:47:49 UTC 2026
 0.0  0.0 grep --color=auto ./cli       0  2304
63.5  4.8 ./cli kernel images/4096x40   0 394580
  PID User     Command                         Swap      USS      PSS      RSS 
65432 codespace /usr/bin/python3 /usr/bin/s        0    12040    12287    14592 
61798 codespace ./cli kernel images/4096x40        0   393340   393391   394580 
%CPU %MEM ARGS Sun Oct  4 19:47:49 UTC 2026
 0.0  0.0 grep --color=auto ./cli       1  2180
63.5  4.8 ./cli kernel images/4096x40   1 394580
  PID User     Command                         Swap      USS      PSS      RSS 
65437 codespace /usr/bin/python3 /usr/bin/s        0    12044    12287    14540 
61798 codespace ./cli kernel images/4096x40        0   393340   393392   394580 
%CPU %MEM ARGS Sun Oct  4 19:47:49 UTC 2026
 0.0  0.0 grep --color=auto ./cli       1  2172
63.5  4.8 ./cli kernel images/4096x40   0 394580
  PID User     Command                         Swap      USS      PSS      RSS 
65442 codespace /usr/bin/python3 /usr/bin/s        0    12032    12262    14504 
61798 codespace ./cli kernel images/4096x40        0   393340   393391   394580 
%CPU %MEM ARGS Sun Oct  4 19:47:50 UTC 2026
 0.0  0.0 grep --color=auto ./cli       0  2180
63.5  4.8 ./cli kernel images/4096x40   1 394580
  PID User     Command                         Swap      USS      PSS      RSS 
65448 codespace /usr/bin/python3 /usr/bin/s        0    12032    12244    14476 
61798 codespace ./cli kernel images/4096x40        0   393340   393391   394580 
%CPU %MEM ARGS Sun Oct  4 19:47:50 UTC 2026
 0.0  0.0 grep --color=auto ./cli       0  2204
63.5  4.8 ./cli kernel images/4096x40   1 394580
  PID User     Command                         Swap      USS      PSS      RSS 
65453 codespace /usr/bin/python3 /usr/bin/s        0    12060    12311    14560 
61798 codespace ./cli kernel images/4096x40        0   393340   393391   394580 
%CPU %MEM ARGS Sun Oct  4 19:47:51 UTC 2026
 0.0  0.0 grep --color=auto ./cli       1  2308
63.4  4.8 ./cli kernel images/4096x40   0 394580
  PID User     Command                         Swap      USS      PSS      RSS 
65465 codespace /usr/bin/python3 /usr/bin/s        0    12068    12316    14560 
61798 codespace ./cli kernel images/4096x40        0   393340   393391   394580 
%CPU %MEM ARGS Sun Oct  4 19:47:51 UTC 2026
 0.0  0.0 grep --color=auto ./cli       0  2344
63.4  4.8 ./cli kernel images/4096x40   0 394580
  PID User     Command                         Swap      USS      PSS      RSS 
65470 codespace /usr/bin/python3 /usr/bin/s        0    12036    12262    14448 
61798 codespace ./cli kernel images/4096x40        0   393340   393391   394580 
%CPU %MEM ARGS Sun Oct  4 19:47:51 UTC 2026
 0.0  0.0 grep --color=auto ./cli       0  2300
63.4  4.8 ./cli kernel images/4096x40   1 394580
  PID User     Command                         Swap      USS      PSS      RSS 
65475 codespace /usr/bin/python3 /usr/bin/s        0    12004    12211    14484 
61798 codespace ./cli kernel images/4096x40        0   393340   393390   394580 
%CPU %MEM ARGS Sun Oct  4 19:47:52 UTC 2026
 0.0  0.0 grep --color=auto ./cli       0  2192
63.4  4.8 ./cli kernel images/4096x40   0 394580
  PID User     Command                         Swap      USS      PSS      RSS 
65488 codespace /usr/bin/python3 /usr/bin/s        0    12024    12262    14472 
61798 codespace ./cli kernel images/4096x40        0   393340   393391   394580 
%CPU %MEM ARGS Sun Oct  4 19:47:52 UTC 2026
 0.0  0.0 grep --color=auto ./cli       0  2204
63.4  4.8 ./cli kernel images/4096x40   0 394580
  PID User     Command                         Swap      USS      PSS      RSS 
65493 codespace /usr/bin/python3 /usr/bin/s        0    12036    12268    14520 
61798 codespace ./cli kernel images/4096x40        0   393340   393391   394580 
%CPU %MEM ARGS Sun Oct  4 19:47:53 UTC 2026
 0.0  0.0 grep --color=auto ./cli       1  2340
63.4  4.8 ./cli kernel images/4096x40   0 394580
  PID User     Command                         Swap      USS      PSS      RSS 
65499 codespace /usr/bin/python3 /usr/bin/s        0    12032    12267    14484 
61798 codespace ./cli kernel images/4096x40        0   393340   393392   394580 
%CPU %MEM ARGS Sun Oct  4 19:47:53 UTC 2026
 0.0  0.0 grep --color=auto ./cli       1  2344
63.4  4.8 ./cli kernel images/4096x40   0 394580
  PID User     Command                         Swap      USS      PSS      RSS 
65510 codespace /usr/bin/python3 /usr/bin/s        0    12032    12264    14516 
61798 codespace ./cli kernel images/4096x40        0   393340   393391   394580 
%CPU %MEM ARGS Sun Oct  4 19:47:54 UTC 2026
 0.0  0.0 grep --color=auto ./cli       1  2164
63.4  4.8 ./cli kernel images/4096x40   1 394580
  PID User     Command                         Swap      USS      PSS      RSS 
65515 codespace /usr/bin/python3 /usr/bin/s        0    12036    12259    14452 
61798 codespace ./cli kernel images/4096x40        0   393340   393391   394580 
%CPU %MEM ARGS Sun Oct  4 19:47:54 UTC 2026
 0.0  0.0 grep --color=auto ./cli       1  2196
63.3  4.8 ./cli kernel images/4096x40   0 394580
  PID User     Command                         Swap      USS      PSS      RSS 
65521 codespace /usr/bin/python3 /usr/bin/s        0    12028    12263    14504 
61798 codespace ./cli kernel images/4096x40        0   393340   393391   394580 
%CPU %MEM ARGS Sun Oct  4 19:47:54 UTC 2026
 0.0  0.0 grep --color=auto ./cli       0  2292
63.3  4.8 ./cli kernel images/4096x40   0 394580
  PID User     Command                         Swap      USS      PSS      RSS 
65526 codespace /usr/bin/python3 /usr/bin/s        0    12040    12269    14452 
61798 codespace ./cli kernel images/4096x40        0   393340   393391   394580 
%CPU %MEM ARGS Sun Oct  4 19:47:55 UTC 2026
 0.0  0.0 grep --color=auto ./cli       1  2160
63.3  4.8 ./cli kernel images/4096x40   1 394580
  PID User     Command                         Swap      USS      PSS      RSS 
65532 codespace /usr/bin/python3 /usr/bin/s        0    12032    12258    14432 
61798 codespace ./cli kernel images/4096x40        0   393340   393391   394580 
%CPU %MEM ARGS Sun Oct  4 19:47:55 UTC 2026
 0.0  0.0 grep --color=auto ./cli       0  2248
63.3  4.8 ./cli kernel images/4096x40   0 394580
  PID User     Command                         Swap      USS      PSS      RSS 
65543 codespace /usr/bin/python3 /usr/bin/s        0    12032    12255    14448 
61798 codespace ./cli kernel images/4096x40        0   393340   393391   394580 
%CPU %MEM ARGS Sun Oct  4 19:47:56 UTC 2026
 0.0  0.0 grep --color=auto ./cli       1  2160
63.3  4.8 ./cli kernel images/4096x40   1 394580
  PID User     Command                         Swap      USS      PSS      RSS 
65549 codespace /usr/bin/python3 /usr/bin/s        0    12036    12265    14516 
61798 codespace ./cli kernel images/4096x40        0   393340   393391   394580 
%CPU %MEM ARGS Sun Oct  4 19:47:56 UTC 2026
 0.0  0.0 grep --color=auto ./cli       0  2252
63.3  4.8 ./cli kernel images/4096x40   1 394580
  PID User     Command                         Swap      USS      PSS      RSS 
65554 codespace /usr/bin/python3 /usr/bin/s        0    12020    12257    14464 
61798 codespace ./cli kernel images/4096x40        0   393340   393391   394580 
%CPU %MEM ARGS Sun Oct  4 19:47:56 UTC 2026
 0.0  0.0 grep --color=auto ./cli       0  2252
63.3  4.8 ./cli kernel images/4096x40   1 394580
  PID User     Command                         Swap      USS      PSS      RSS 
65559 codespace /usr/bin/python3 /usr/bin/s        0    12060    12299    14596 
61798 codespace ./cli kernel images/4096x40        0   393340   393391   394580 
%CPU %MEM ARGS Sun Oct  4 19:47:57 UTC 2026
 0.0  0.0 grep --color=auto ./cli       1  2308
63.3  4.8 ./cli kernel images/4096x40   1 394580
  PID User     Command                         Swap      USS      PSS      RSS 
65565 codespace /usr/bin/python3 /usr/bin/s        0    12064    12311    14556 
61798 codespace ./cli kernel images/4096x40        0   393340   393391   394580 
%CPU %MEM ARGS Sun Oct  4 19:47:57 UTC 2026
 0.0  0.0 grep --color=auto ./cli       1  2192
63.2  4.8 ./cli kernel images/4096x40   0 394580
  PID User     Command                         Swap      USS      PSS      RSS 
65582 codespace /usr/bin/python3 /usr/bin/s        0    12032    12260    14512 
61798 codespace ./cli kernel images/4096x40        0   393340   393391   394580 
%CPU %MEM ARGS Sun Oct  4 19:47:58 UTC 2026
 0.0  0.0 grep --color=auto ./cli       1  2204
63.2  4.8 ./cli kernel images/4096x40   0 394580
  PID User     Command                         Swap      USS      PSS      RSS 
65588 codespace /usr/bin/python3 /usr/bin/s        0    12040    12277    14484 
61798 codespace ./cli kernel images/4096x40        0   393340   393391   394580 
%CPU %MEM ARGS Sun Oct  4 19:47:58 UTC 2026
 0.0  0.0 grep --color=auto ./cli       0  2160
63.2  4.8 ./cli kernel images/4096x40   1 394580
  PID User     Command                         Swap      USS      PSS      RSS 
65593 codespace /usr/bin/python3 /usr/bin/s        0    12036    12260    14452 
61798 codespace ./cli kernel images/4096x40        0   393340   393391   394580 
%CPU %MEM ARGS Sun Oct  4 19:47:59 UTC 2026
 0.0  0.0 grep --color=auto ./cli       1  2248
63.2  4.8 ./cli kernel images/4096x40   0 394580
  PID User     Command                         Swap      USS      PSS      RSS 
65604 codespace /usr/bin/python3 /usr/bin/s        0    12040    12276    14504 
61798 codespace ./cli kernel images/4096x40        0   393340   393392   394580 
%CPU %MEM ARGS Sun Oct  4 19:47:59 UTC 2026
 0.0  0.0 grep --color=auto ./cli       1  2152
63.2  4.8 ./cli kernel images/4096x40   0 394580
  PID User     Command                         Swap      USS      PSS      RSS 
65622 codespace /usr/bin/python3 /usr/bin/s        0    12036    12274    14532 
61798 codespace ./cli kernel images/4096x40        0   393340   393390   394580 
%CPU %MEM ARGS Sun Oct  4 19:47:59 UTC 2026
 0.0  0.0 grep --color=auto ./cli       1  2304
63.1  4.8 ./cli kernel images/4096x40   1 394580
  PID User     Command                         Swap      USS      PSS      RSS 
65633 codespace /usr/bin/python3 /usr/bin/s        0    12032    12261    14512 
61798 codespace ./cli kernel images/4096x40        0   393340   393391   394580 
%CPU %MEM ARGS Sun Oct  4 19:48:00 UTC 2026
 0.0  0.0 grep --color=auto ./cli       1  2172
63.1  4.8 ./cli kernel images/4096x40   1 394580
  PID User     Command                         Swap      USS      PSS      RSS 
65639 codespace /usr/bin/python3 /usr/bin/s        0    12024    12248    14440 
61798 codespace ./cli kernel images/4096x40        0   393340   393391   394580 
%CPU %MEM ARGS Sun Oct  4 19:48:00 UTC 2026
 0.0  0.0 grep --color=auto ./cli       1  2172
63.1  4.8 ./cli kernel images/4096x40   0 394580
  PID User     Command                         Swap      USS      PSS      RSS 
65644 codespace /usr/bin/python3 /usr/bin/s        0    12036    12271    14500 
61798 codespace ./cli kernel images/4096x40        0   393340   393391   394580 
%CPU %MEM ARGS Sun Oct  4 19:48:01 UTC 2026
 0.0  0.0 grep --color=auto ./cli       1  2156
63.1  4.8 ./cli kernel images/4096x40   1 394580
  PID User     Command                         Swap      USS      PSS      RSS 
65650 codespace /usr/bin/python3 /usr/bin/s        0    12068    12315    14560 
61798 codespace ./cli kernel images/4096x40        0   393340   393391   394580 
%CPU %MEM ARGS Sun Oct  4 19:48:01 UTC 2026
 0.0  0.0 grep --color=auto ./cli       1  2192
63.1  4.8 ./cli kernel images/4096x40   0 394580
  PID User     Command                         Swap      USS      PSS      RSS 
65655 codespace /usr/bin/python3 /usr/bin/s        0    12036    12269    14480 
61798 codespace ./cli kernel images/4096x40        0   393340   393391   394580 
%CPU %MEM ARGS Sun Oct  4 19:48:01 UTC 2026
 0.0  0.0 grep --color=auto ./cli       1  2336
63.1  4.8 ./cli kernel images/4096x40   1 394580
  PID User     Command                         Swap      USS      PSS      RSS 
65661 codespace /usr/bin/python3 /usr/bin/s        0    12052    12265    14556 
61798 codespace ./cli kernel images/4096x40        0   393340   393385   394580 
%CPU %MEM ARGS Sun Oct  4 19:48:02 UTC 2026
 0.0  0.0 grep --color=auto ./cli       0  2156
63.1  4.8 ./cli kernel images/4096x40   1 394580
  PID User     Command                         Swap      USS      PSS      RSS 
65672 codespace /usr/bin/python3 /usr/bin/s        0    12032    12261    14512 
61798 codespace ./cli kernel images/4096x40        0   393340   393391   394580 
%CPU %MEM ARGS Sun Oct  4 19:48:02 UTC 2026
 0.0  0.0 grep --color=auto ./cli       1  2344
63.1  4.8 ./cli kernel images/4096x40   0 394580
  PID User     Command                         Swap      USS      PSS      RSS 
65677 codespace /usr/bin/python3 /usr/bin/s        0    12032    12256    14448 
61798 codespace ./cli kernel images/4096x40        0   393340   393391   394580 
%CPU %MEM ARGS Sun Oct  4 19:48:03 UTC 2026
 0.0  0.0 grep --color=auto ./cli       1  2208
63.1  4.8 ./cli kernel images/4096x40   1 394580
  PID User     Command                         Swap      USS      PSS      RSS 
65682 codespace /usr/bin/python3 /usr/bin/s        0    12032    12267    14500 
61798 codespace ./cli kernel images/4096x40        0   393340   393392   394580 
%CPU %MEM ARGS Sun Oct  4 19:48:03 UTC 2026
 0.0  0.0 grep --color=auto ./cli       1  2300
63.1  4.8 ./cli kernel images/4096x40   0 394580
  PID User     Command                         Swap      USS      PSS      RSS 
65694 codespace /usr/bin/python3 /usr/bin/s        0    12024    12271    14552 
61798 codespace ./cli kernel images/4096x40        0   393340   393392   394580 
%CPU %MEM ARGS Sun Oct  4 19:48:03 UTC 2026
 0.0  0.0 grep --color=auto ./cli       0  2304
63.0  4.8 ./cli kernel images/4096x40   1 394580
  PID User     Command                         Swap      USS      PSS      RSS 
65699 codespace /usr/bin/python3 /usr/bin/s        0    12004    12246    14520 
61798 codespace ./cli kernel images/4096x40        0   393340   393391   394580 
%CPU %MEM ARGS Sun Oct  4 19:48:04 UTC 2026
 0.0  0.0 grep --color=auto ./cli       1  2344
63.0  4.8 ./cli kernel images/4096x40   1 394580
  PID User     Command                         Swap      USS      PSS      RSS 
65711 codespace /usr/bin/python3 /usr/bin/s        0    12048    12292    14592 
61798 codespace ./cli kernel images/4096x40        0   393340   393391   394580 
%CPU %MEM ARGS Sun Oct  4 19:48:04 UTC 2026
 0.0  0.0 grep --color=auto ./cli       1  2176
63.0  4.8 ./cli kernel images/4096x40   0 394580
  PID User     Command                         Swap      USS      PSS      RSS 
65716 codespace /usr/bin/python3 /usr/bin/s        0    12036    12263    14436 
61798 codespace ./cli kernel images/4096x40        0   393340   393391   394580 
%CPU %MEM ARGS Sun Oct  4 19:48:05 UTC 2026
 0.0  0.0 grep --color=auto ./cli       1  2152
63.0  4.8 ./cli kernel images/4096x40   1 394580
  PID User     Command                         Swap      USS      PSS      RSS 
65722 codespace /usr/bin/python3 /usr/bin/s        0    12052    12308    14564 
61798 codespace ./cli kernel images/4096x40        0   393340   393392   394580 
%CPU %MEM ARGS Sun Oct  4 19:48:05 UTC 2026
 0.0  0.0 grep --color=auto ./cli       1  2300
63.0  4.8 ./cli kernel images/4096x40   1 394580
  PID User     Command                         Swap      USS      PSS      RSS 
65727 codespace /usr/bin/python3 /usr/bin/s        0    12028    12255    14444 
61798 codespace ./cli kernel images/4096x40        0   393340   393392   394580 
%CPU %MEM ARGS Sun Oct  4 19:48:06 UTC 2026
 0.0  0.0 grep --color=auto ./cli       0  2304
63.0  4.8 ./cli kernel images/4096x40   1 394580
  PID User     Command                         Swap      USS      PSS      RSS 
65732 codespace /usr/bin/python3 /usr/bin/s        0    12040    12279    14488 
61798 codespace ./cli kernel images/4096x40        0   393340   393391   394580 
%CPU %MEM ARGS Sun Oct  4 19:48:06 UTC 2026
 0.0  0.0 grep --color=auto ./cli       1  2172
63.0  4.8 ./cli kernel images/4096x40   1 394580
  PID User     Command                         Swap      USS      PSS      RSS 
65744 codespace /usr/bin/python3 /usr/bin/s        0    12032    12267    14500 
61798 codespace ./cli kernel images/4096x40        0   393340   393392   394580 
%CPU %MEM ARGS Sun Oct  4 19:48:06 UTC 2026
 0.0  0.0 grep --color=auto ./cli       0  2144
63.0  4.8 ./cli kernel images/4096x40   0 394580
  PID User     Command                         Swap      USS      PSS      RSS 
65749 codespace /usr/bin/python3 /usr/bin/s        0    12040    12272    14452 
61798 codespace ./cli kernel images/4096x40        0   393340   393391   394580 
%CPU %MEM ARGS Sun Oct  4 19:48:07 UTC 2026
 0.0  0.0 grep --color=auto ./cli       0  2252
63.0  4.8 ./cli kernel images/4096x40   1 394580
  PID User     Command                         Swap      USS      PSS      RSS 
65755 codespace /usr/bin/python3 /usr/bin/s        0    12032    12256    14448 
61798 codespace ./cli kernel images/4096x40        0   393340   393391   394580 
%CPU %MEM ARGS Sun Oct  4 19:48:07 UTC 2026
 0.0  0.0 grep --color=auto ./cli       1  2208
63.0  4.8 ./cli kernel images/4096x40   0 394580
  PID User     Command                         Swap      USS      PSS      RSS 
65760 codespace /usr/bin/python3 /usr/bin/s        0    12060    12296    14544 
61798 codespace ./cli kernel images/4096x40        0   393340   393391   394580 
%CPU %MEM ARGS Sun Oct  4 19:48:08 UTC 2026
 0.0  0.0 grep --color=auto ./cli       1  2344
62.9  4.8 ./cli kernel images/4096x40   0 394580
  PID User     Command                         Swap      USS      PSS      RSS 
65765 codespace /usr/bin/python3 /usr/bin/s        0    12036    12265    14448 
61798 codespace ./cli kernel images/4096x40        0   393340   393391   394580 
%CPU %MEM ARGS Sun Oct  4 19:48:08 UTC 2026
 0.0  0.0 grep --color=auto ./cli       0  2248
62.9  4.8 ./cli kernel images/4096x40   0 394580
  PID User     Command                         Swap      USS      PSS      RSS 
65771 codespace /usr/bin/python3 /usr/bin/s        0    12028    12229    14516 
61798 codespace ./cli kernel images/4096x40        0   393340   393390   394580 
%CPU %MEM ARGS Sun Oct  4 19:48:08 UTC 2026
 0.0  0.0 grep --color=auto ./cli       1  2176
62.9  4.8 ./cli kernel images/4096x40   0 394580
  PID User     Command                         Swap      USS      PSS      RSS 
65782 codespace /usr/bin/python3 /usr/bin/s        0    12048    12277    14464 
61798 codespace ./cli kernel images/4096x40        0   393340   393391   394580 
%CPU %MEM ARGS Sun Oct  4 19:48:09 UTC 2026
 0.0  0.0 grep --color=auto ./cli       1  2200
62.9  4.8 ./cli kernel images/4096x40   0 394580
  PID User     Command                         Swap      USS      PSS      RSS 
65794 codespace /usr/bin/python3 /usr/bin/s        0    12032    12257    14448 
61798 codespace ./cli kernel images/4096x40        0   393340   393391   394580 
%CPU %MEM ARGS Sun Oct  4 19:48:09 UTC 2026
 0.0  0.0 grep --color=auto ./cli       1  2256
62.9  4.8 ./cli kernel images/4096x40   0 394580
  PID User     Command                         Swap      USS      PSS      RSS 
65817 codespace /usr/bin/python3 /usr/bin/s        0    12032    12267    14500 
61798 codespace ./cli kernel images/4096x40        0   393340   393392   394580 
%CPU %MEM ARGS Sun Oct  4 19:48:10 UTC 2026
 0.0  0.0 grep --color=auto ./cli       0  2172
62.9  4.8 ./cli kernel images/4096x40   1 394580
  PID User     Command                         Swap      USS      PSS      RSS 
65823 codespace /usr/bin/python3 /usr/bin/s        0    12048    12291    14544 
61798 codespace ./cli kernel images/4096x40        0   393340   393392   394580 
%CPU %MEM ARGS Sun Oct  4 19:48:10 UTC 2026
 0.0  0.0 grep --color=auto ./cli       1  2212
62.9  4.8 ./cli kernel images/4096x40   1 394580
  PID User     Command                         Swap      USS      PSS      RSS 
65828 codespace /usr/bin/python3 /usr/bin/s        0    12032    12268    14484 
61798 codespace ./cli kernel images/4096x40        0   393340   393392   394580 
%CPU %MEM ARGS Sun Oct  4 19:48:10 UTC 2026
 0.0  0.0 grep --color=auto ./cli       0  2308
62.8  4.8 ./cli kernel images/4096x40   1 394580
  PID User     Command                         Swap      USS      PSS      RSS 
65839 codespace /usr/bin/python3 /usr/bin/s        0    12044    12259    14476 
61798 codespace ./cli kernel images/4096x40        0   393340   393392   394580 
%CPU %MEM ARGS Sun Oct  4 19:48:11 UTC 2026
 0.0  0.0 grep --color=auto ./cli       0  2172
62.8  4.8 ./cli kernel images/4096x40   0 394580
  PID User     Command                         Swap      USS      PSS      RSS 
65846 codespace /usr/bin/python3 /usr/bin/s        0    12016    12247    14496 
61798 codespace ./cli kernel images/4096x40        0   393340   393392   394580 
%CPU %MEM ARGS Sun Oct  4 19:48:11 UTC 2026
 0.0  0.0 grep --color=auto ./cli       0  2152
62.8  4.8 ./cli kernel images/4096x40   1 394580
  PID User     Command                         Swap      USS      PSS      RSS 
65851 codespace /usr/bin/python3 /usr/bin/s        0    12040    12274    14488 
61798 codespace ./cli kernel images/4096x40        0   393340   393391   394580 
%CPU %MEM ARGS Sun Oct  4 19:48:12 UTC 2026
 0.0  0.0 grep --color=auto ./cli       0  2184
62.8  4.8 ./cli kernel images/4096x40   0 394580
  PID User     Command                         Swap      USS      PSS      RSS 
65857 codespace /usr/bin/python3 /usr/bin/s        0    12036    12283    14564 
61798 codespace ./cli kernel images/4096x40        0   393340   393392   394580 
%CPU %MEM ARGS Sun Oct  4 19:48:12 UTC 2026
 0.0  0.0 grep --color=auto ./cli       1  2180
62.8  4.8 ./cli kernel images/4096x40   0 394580
  PID User     Command                         Swap      USS      PSS      RSS 
65865 codespace /usr/bin/python3 /usr/bin/s        0    12032    12264    14508 
61798 codespace ./cli kernel images/4096x40        0   393340   393392   394580 
%CPU %MEM ARGS Sun Oct  4 19:48:13 UTC 2026
 0.0  0.0 grep --color=auto ./cli       1  2288
62.8  4.8 ./cli kernel images/4096x40   1 394580
  PID User     Command                         Swap      USS      PSS      RSS 
65877 codespace /usr/bin/python3 /usr/bin/s        0    12032    12257    14448 
61798 codespace ./cli kernel images/4096x40        0   393340   393391   394580 
%CPU %MEM ARGS Sun Oct  4 19:48:13 UTC 2026
 0.0  0.0 grep --color=auto ./cli       1  2304
62.8  4.8 ./cli kernel images/4096x40   0 394580
  PID User     Command                         Swap      USS      PSS      RSS 
65883 codespace /usr/bin/python3 /usr/bin/s        0    12036    12268    14448 
61798 codespace ./cli kernel images/4096x40        0   393340   393391   394580 
%CPU %MEM ARGS Sun Oct  4 19:48:13 UTC 2026
 0.0  0.0 grep --color=auto ./cli       0  2172
62.7  4.8 ./cli kernel images/4096x40   0 394580
  PID User     Command                         Swap      USS      PSS      RSS 
65888 codespace /usr/bin/python3 /usr/bin/s        0    12052    12295    14548 
61798 codespace ./cli kernel images/4096x40        0   393340   393392   394580 
%CPU %MEM ARGS Sun Oct  4 19:48:14 UTC 2026
 0.0  0.0 grep --color=auto ./cli       1  2180
62.7  4.8 ./cli kernel images/4096x40   0 394580
  PID User     Command                         Swap      USS      PSS      RSS 
65894 codespace /usr/bin/python3 /usr/bin/s        0    12048    12292    14592 
61798 codespace ./cli kernel images/4096x40        0   393340   393391   394580 
%CPU %MEM ARGS Sun Oct  4 19:48:14 UTC 2026
 0.0  0.0 grep --color=auto ./cli       0  2204
62.7  4.8 ./cli kernel images/4096x40   0 394580
  PID User     Command                         Swap      USS      PSS      RSS 
65899 codespace /usr/bin/python3 /usr/bin/s        0    12036    12260    14540 
61798 codespace ./cli kernel images/4096x40        0   393340   393390   394580 
%CPU %MEM ARGS Sun Oct  4 19:48:15 UTC 2026
 0.0  0.0 grep --color=auto ./cli       1  2248
62.7  4.8 ./cli kernel images/4096x40   0 394580
  PID User     Command                         Swap      USS      PSS      RSS 
65913 codespace /usr/bin/python3 /usr/bin/s        0    12040    12277    14504 
61798 codespace ./cli kernel images/4096x40        0   393340   393392   394580 
%CPU %MEM ARGS Sun Oct  4 19:48:15 UTC 2026
 0.0  0.0 grep --color=auto ./cli       1  2272
62.7  4.8 ./cli kernel images/4096x40   1 394580
  PID User     Command                         Swap      USS      PSS      RSS 
65922 codespace /usr/bin/python3 /usr/bin/s        0    12036    12273    14500 
61798 codespace ./cli kernel images/4096x40        0   393340   393392   394580 
%CPU %MEM ARGS Sun Oct  4 19:48:15 UTC 2026
 0.0  0.0 grep --color=auto ./cli       0  2180
62.7  4.8 ./cli kernel images/4096x40   0 394580
  PID User     Command                         Swap      USS      PSS      RSS 
65927 codespace /usr/bin/python3 /usr/bin/s        0    12032    12257    14448 
61798 codespace ./cli kernel images/4096x40        0   393340   393391   394580 
%CPU %MEM ARGS Sun Oct  4 19:48:16 UTC 2026
 0.0  0.0 grep --color=auto ./cli       1  2208
62.7  4.8 ./cli kernel images/4096x40   1 394580
  PID User     Command                         Swap      USS      PSS      RSS 
65933 codespace /usr/bin/python3 /usr/bin/s        0    12056    12297    14592 
61798 codespace ./cli kernel images/4096x40        0   393340   393391   394580 
%CPU %MEM ARGS Sun Oct  4 19:48:16 UTC 2026
 0.0  0.0 grep --color=auto ./cli       1  2132
62.6  4.8 ./cli kernel images/4096x40   0 394580
  PID User     Command                         Swap      USS      PSS      RSS 
65938 codespace /usr/bin/python3 /usr/bin/s        0    12060    12300    14568 
61798 codespace ./cli kernel images/4096x40        0   393340   393391   394580 
%CPU %MEM ARGS Sun Oct  4 19:48:16 UTC 2026
 0.0  0.0 grep --color=auto ./cli       1  2200
62.6  4.8 ./cli kernel images/4096x40   0 394580
  PID User     Command                         Swap      USS      PSS      RSS 
65943 codespace /usr/bin/python3 /usr/bin/s        0    12056    12297    14592 
61798 codespace ./cli kernel images/4096x40        0   393340   393391   394580 
%CPU %MEM ARGS Sun Oct  4 19:48:17 UTC 2026
 0.0  0.0 grep --color=auto ./cli       0  2288
62.6  4.8 ./cli kernel images/4096x40   1 394580
  PID User     Command                         Swap      USS      PSS      RSS 
65955 codespace /usr/bin/python3 /usr/bin/s        0    11980    12217    14444 
61798 codespace ./cli kernel images/4096x40        0   393340   393392   394580 
%CPU %MEM ARGS Sun Oct  4 19:48:17 UTC 2026
 0.0  0.0 grep --color=auto ./cli       0  2168
62.6  4.8 ./cli kernel images/4096x40   1 394580
  PID User     Command                         Swap      USS      PSS      RSS 
65960 codespace /usr/bin/python3 /usr/bin/s        0    12032    12268    14508 
61798 codespace ./cli kernel images/4096x40        0   393340   393391   394580 
%CPU %MEM ARGS Sun Oct  4 19:48:18 UTC 2026
 0.0  0.0 grep --color=auto ./cli       0  2152
62.6  4.8 ./cli kernel images/4096x40   1 394580
  PID User     Command                         Swap      USS      PSS      RSS 
65966 codespace /usr/bin/python3 /usr/bin/s        0    12028    12261    14512 
61798 codespace ./cli kernel images/4096x40        0   393340   393391   394580 
%CPU %MEM ARGS Sun Oct  4 19:48:18 UTC 2026
 0.0  0.0 grep --color=auto ./cli       1  2304
62.6  4.8 ./cli kernel images/4096x40   1 394580
  PID User     Command                         Swap      USS      PSS      RSS 
65971 codespace /usr/bin/python3 /usr/bin/s        0    12056    12294    14540 
61798 codespace ./cli kernel images/4096x40        0   393340   393391   394580 
%CPU %MEM ARGS Sun Oct  4 19:48:19 UTC 2026
 0.0  0.0 grep --color=auto ./cli       0  2344
62.6  4.8 ./cli kernel images/4096x40   1 394580
  PID User     Command                         Swap      USS      PSS      RSS 
65976 codespace /usr/bin/python3 /usr/bin/s        0    12032    12265    14516 
61798 codespace ./cli kernel images/4096x40        0   393340   393391   394580 
%CPU %MEM ARGS Sun Oct  4 19:48:19 UTC 2026
 0.0  0.0 grep --color=auto ./cli       0  2300
62.6  4.8 ./cli kernel images/4096x40   1 394580
  PID User     Command                         Swap      USS      PSS      RSS 
65983 codespace /usr/bin/python3 /usr/bin/s        0    12032    12267    14508 
61798 codespace ./cli kernel images/4096x40        0   393340   393391   394580 
%CPU %MEM ARGS Sun Oct  4 19:48:19 UTC 2026
 0.0  0.0 grep --color=auto ./cli       1  2168
62.6  4.8 ./cli kernel images/4096x40   1 394580
  PID User     Command                         Swap      USS      PSS      RSS 
65993 codespace /usr/bin/python3 /usr/bin/s        0    12032    12267    14508 
61798 codespace ./cli kernel images/4096x40        0   393340   393391   394580 
%CPU %MEM ARGS Sun Oct  4 19:48:20 UTC 2026
 0.0  0.0 grep --color=auto ./cli       1  2164
62.5  4.8 ./cli kernel images/4096x40   1 394580
  PID User     Command                         Swap      USS      PSS      RSS 
66017 codespace /usr/bin/python3 /usr/bin/s        0    12032    12232    14452 
61798 codespace ./cli kernel images/4096x40        0   393340   393390   394580 
%CPU %MEM ARGS Sun Oct  4 19:48:20 UTC 2026
 0.0  0.0 grep --color=auto ./cli       0  2176
62.5  4.8 ./cli kernel images/4096x40   1 394580
  PID User     Command                         Swap      USS      PSS      RSS 
66028 codespace /usr/bin/python3 /usr/bin/s        0    12052    12292    14564 
61798 codespace ./cli kernel images/4096x40        0   393340   393391   394580 
%CPU %MEM ARGS Sun Oct  4 19:48:21 UTC 2026
 0.0  0.0 grep --color=auto ./cli       0  2300
62.5  4.8 ./cli kernel images/4096x40   1 394580
  PID User     Command                         Swap      USS      PSS      RSS 
66033 codespace /usr/bin/python3 /usr/bin/s        0    12032    12267    14484 
61798 codespace ./cli kernel images/4096x40        0   393340   393392   394580 
%CPU %MEM ARGS Sun Oct  4 19:48:21 UTC 2026
 0.0  0.0 grep --color=auto ./cli       1  2172
62.5  4.8 ./cli kernel images/4096x40   0 394580
  PID User     Command                         Swap      USS      PSS      RSS 
66039 codespace /usr/bin/python3 /usr/bin/s        0    12032    12243    14476 
61798 codespace ./cli kernel images/4096x40        0   393340   393391   394580 
%CPU %MEM ARGS Sun Oct  4 19:48:21 UTC 2026
 0.0  0.0 grep --color=auto ./cli       1  2292
62.4  4.8 ./cli kernel images/4096x40   1 394580
  PID User     Command                         Swap      USS      PSS      RSS 
66050 codespace /usr/bin/python3 /usr/bin/s        0    12032    12267    14500 
61798 codespace ./cli kernel images/4096x40        0   393340   393392   394580 
%CPU %MEM ARGS Sun Oct  4 19:48:22 UTC 2026
 0.0  0.0 grep --color=auto ./cli       1  2172
62.4  4.8 ./cli kernel images/4096x40   0 394580
  PID User     Command                         Swap      USS      PSS      RSS 
66056 codespace /usr/bin/python3 /usr/bin/s        0    11992    12216    14408 
61798 codespace ./cli kernel images/4096x40        0   393340   393391   394580 
%CPU %MEM ARGS Sun Oct  4 19:48:22 UTC 2026
 0.0  0.0 grep --color=auto ./cli       0  2136
62.4  4.8 ./cli kernel images/4096x40   1 394580
  PID User     Command                         Swap      USS      PSS      RSS 
66061 codespace /usr/bin/python3 /usr/bin/s        0    12040    12277    14484 
61798 codespace ./cli kernel images/4096x40        0   393340   393391   394580 
%CPU %MEM ARGS Sun Oct  4 19:48:23 UTC 2026
 0.0  0.0 grep --color=auto ./cli       1  2156
62.4  4.8 ./cli kernel images/4096x40   1 394580
  PID User     Command                         Swap      USS      PSS      RSS 
66066 codespace /usr/bin/python3 /usr/bin/s        0    12040    12271    14452 
61798 codespace ./cli kernel images/4096x40        0   393340   393391   394580 
%CPU %MEM ARGS Sun Oct  4 19:48:23 UTC 2026
 0.0  0.0 grep --color=auto ./cli       0  2296
62.4  4.8 ./cli kernel images/4096x40   1 394580
  PID User     Command                         Swap      USS      PSS      RSS 
66072 codespace /usr/bin/python3 /usr/bin/s        0    12028    12249    14424 
61798 codespace ./cli kernel images/4096x40        0   393340   393391   394580 
%CPU %MEM ARGS Sun Oct  4 19:48:23 UTC 2026
 0.0  0.0 grep --color=auto ./cli       0  2172
62.4  4.8 ./cli kernel images/4096x40   1 394580
  PID User     Command                         Swap      USS      PSS      RSS 
66083 codespace /usr/bin/python3 /usr/bin/s        0    12040    12271    14452 
61798 codespace ./cli kernel images/4096x40        0   393340   393391   394580 
%CPU %MEM ARGS Sun Oct  4 19:48:24 UTC 2026
 0.0  0.0 grep --color=auto ./cli       1  2344
62.4  4.8 ./cli kernel images/4096x40   0 394580
  PID User     Command                         Swap      USS      PSS      RSS 
66089 codespace /usr/bin/python3 /usr/bin/s        0    12044    12287    14540 
61798 codespace ./cli kernel images/4096x40        0   393340   393392   394580 
%CPU %MEM ARGS Sun Oct  4 19:48:24 UTC 2026
 0.0  0.0 grep --color=auto ./cli       1  2300
62.4  4.8 ./cli kernel images/4096x40   0 394580
  PID User     Command                         Swap      USS      PSS      RSS 
66094 codespace /usr/bin/python3 /usr/bin/s        0    12036    12264    14448 
61798 codespace ./cli kernel images/4096x40        0   393340   393391   394580 
%CPU %MEM ARGS Sun Oct  4 19:48:25 UTC 2026
 0.0  0.0 grep --color=auto ./cli       0  2180
62.4  4.8 ./cli kernel images/4096x40   1 394580
  PID User     Command                         Swap      USS      PSS      RSS 
66099 codespace /usr/bin/python3 /usr/bin/s        0    12032    12264    14516 
61798 codespace ./cli kernel images/4096x40        0   393340   393391   394580 
%CPU %MEM ARGS Sun Oct  4 19:48:25 UTC 2026
 0.0  0.0 grep --color=auto ./cli       0  2100
62.4  4.8 ./cli kernel images/4096x40   0 394580
  PID User     Command                         Swap      USS      PSS      RSS 
66105 codespace /usr/bin/python3 /usr/bin/s        0    12060    12299    14568 
61798 codespace ./cli kernel images/4096x40        0   393340   393391   394580 
%CPU %MEM ARGS Sun Oct  4 19:48:25 UTC 2026
 0.0  0.0 grep --color=auto ./cli       0  2248
62.4  4.8 ./cli kernel images/4096x40   1 394580
  PID User     Command                         Swap      USS      PSS      RSS 
66115 codespace /usr/bin/python3 /usr/bin/s        0    12036    12221    14484 
61798 codespace ./cli kernel images/4096x40        0   393340   393385   394580 
%CPU %MEM ARGS Sun Oct  4 19:48:26 UTC 2026
 0.0  0.0 grep --color=auto ./cli       0  2160
62.4  4.8 ./cli kernel images/4096x40   1 394580
  PID User     Command                         Swap      USS      PSS      RSS 
66127 codespace /usr/bin/python3 /usr/bin/s        0    12040    12275    14484 
61798 codespace ./cli kernel images/4096x40        0   393340   393392   394580 
%CPU %MEM ARGS Sun Oct  4 19:48:26 UTC 2026
 0.0  0.0 grep --color=auto ./cli       0  2156
62.4  4.8 ./cli kernel images/4096x40   0 394580
  PID User     Command                         Swap      USS      PSS      RSS 
66132 codespace /usr/bin/python3 /usr/bin/s        0    12040    12274    14488 
61798 codespace ./cli kernel images/4096x40        0   393340   393391   394580 
%CPU %MEM ARGS Sun Oct  4 19:48:27 UTC 2026
 0.0  0.0 grep --color=auto ./cli       1  2248
62.3  4.8 ./cli kernel images/4096x40   0 394580
  PID User     Command                         Swap      USS      PSS      RSS 
66137 codespace /usr/bin/python3 /usr/bin/s        0    12032    12257    14448 
61798 codespace ./cli kernel images/4096x40        0   393340   393392   394580 
%CPU %MEM ARGS Sun Oct  4 19:48:27 UTC 2026
 0.0  0.0 grep --color=auto ./cli       1  2308
62.3  4.8 ./cli kernel images/4096x40   0 394580
  PID User     Command                         Swap      USS      PSS      RSS 
66143 codespace /usr/bin/python3 /usr/bin/s        0    12032    12267    14484 
61798 codespace ./cli kernel images/4096x40        0   393340   393392   394580 
%CPU %MEM ARGS Sun Oct  4 19:48:27 UTC 2026
 0.0  0.0 grep --color=auto ./cli       0  2196
62.3  4.8 ./cli kernel images/4096x40   0 394580
  PID User     Command                         Swap      USS      PSS      RSS 
66148 codespace /usr/bin/python3 /usr/bin/s        0    12032    12264    14516 
61798 codespace ./cli kernel images/4096x40        0   393340   393391   394580 
%CPU %MEM ARGS Sun Oct  4 19:48:28 UTC 2026
 0.0  0.0 grep --color=auto ./cli       0  2176
62.3  4.8 ./cli kernel images/4096x40   0 394580
  PID User     Command                         Swap      USS      PSS      RSS 
66156 codespace /usr/bin/python3 /usr/bin/s        0    12028    12261    14512 
61798 codespace ./cli kernel images/4096x40        0   393340   393392   394580 
%CPU %MEM ARGS Sun Oct  4 19:48:28 UTC 2026
 0.0  0.0 grep --color=auto ./cli       0  2184
62.3  4.8 ./cli kernel images/4096x40   0 394580
  PID User     Command                         Swap      USS      PSS      RSS 
66165 codespace /usr/bin/python3 /usr/bin/s        0    12032    12267    14500 
61798 codespace ./cli kernel images/4096x40        0   393340   393392   394580 
%CPU %MEM ARGS Sun Oct  4 19:48:29 UTC 2026
 0.0  0.0 grep --color=auto ./cli       0  2344
62.3  4.8 ./cli kernel images/4096x40   0 394580
  PID User     Command                         Swap      USS      PSS      RSS 
66170 codespace /usr/bin/python3 /usr/bin/s        0    12032    12265    14516 
61798 codespace ./cli kernel images/4096x40        0   393340   393392   394580 
%CPU %MEM ARGS Sun Oct  4 19:48:29 UTC 2026
 0.0  0.0 grep --color=auto ./cli       1  2308
62.3  4.8 ./cli kernel images/4096x40   0 394580
  PID User     Command                         Swap      USS      PSS      RSS 
66176 codespace /usr/bin/python3 /usr/bin/s        0    12032    12263    14512 
61798 codespace ./cli kernel images/4096x40        0   393340   393391   394580 
%CPU %MEM ARGS Sun Oct  4 19:48:29 UTC 2026
 0.0  0.0 grep --color=auto ./cli       0  2156
62.3  4.8 ./cli kernel images/4096x40   1 394580
  PID User     Command                         Swap      USS      PSS      RSS 
66181 codespace /usr/bin/python3 /usr/bin/s        0    12040    12275    14488 
61798 codespace ./cli kernel images/4096x40        0   393340   393391   394580 
%CPU %MEM ARGS Sun Oct  4 19:48:30 UTC 2026
 0.0  0.0 grep --color=auto ./cli       1  2308
62.3  4.8 ./cli kernel images/4096x40   1 394580
  PID User     Command                         Swap      USS      PSS      RSS 
66187 codespace /usr/bin/python3 /usr/bin/s        0    12036    12229    14452 
61798 codespace ./cli kernel images/4096x40        0   393340   393386   394580 
%CPU %MEM ARGS Sun Oct  4 19:48:30 UTC 2026
 0.0  0.0 grep --color=auto ./cli       0  2168
62.2  4.8 ./cli kernel images/4096x40   0 394580
  PID User     Command                         Swap      USS      PSS      RSS 
66216 codespace /usr/bin/python3 /usr/bin/s        0    12028    12263    14512 
61798 codespace ./cli kernel images/4096x40        0   393340   393391   394580 
%CPU %MEM ARGS Sun Oct  4 19:48:31 UTC 2026
 0.0  0.0 grep --color=auto ./cli       0  2180
62.2  4.8 ./cli kernel images/4096x40   0 394580
  PID User     Command                         Swap      USS      PSS      RSS 
66221 codespace /usr/bin/python3 /usr/bin/s        0    12032    12261    14456 
61798 codespace ./cli kernel images/4096x40        0   393340   393392   394580 
%CPU %MEM ARGS Sun Oct  4 19:48:31 UTC 2026
 0.0  0.0 grep --color=auto ./cli       0  2176
62.2  4.8 ./cli kernel images/4096x40   0 394580
  PID User     Command                         Swap      USS      PSS      RSS 
66233 codespace /usr/bin/python3 /usr/bin/s        0    11976    12211    14444 
61798 codespace ./cli kernel images/4096x40        0   393340   393392   394580 
%CPU %MEM ARGS Sun Oct  4 19:48:32 UTC 2026
 0.0  0.0 grep --color=auto ./cli       0  2248
62.2  4.8 ./cli kernel images/4096x40   0 394580
  PID User     Command                         Swap      USS      PSS      RSS 
66238 codespace /usr/bin/python3 /usr/bin/s        0    12032    12263    14512 
61798 codespace ./cli kernel images/4096x40        0   393340   393392   394580 
%CPU %MEM ARGS Sun Oct  4 19:48:32 UTC 2026
 0.0  0.0 grep --color=auto ./cli       0  2172
62.2  4.8 ./cli kernel images/4096x40   0 394580
  PID User     Command                         Swap      USS      PSS      RSS 
66245 codespace /usr/bin/python3 /usr/bin/s        0    12044    12268    14460 
61798 codespace ./cli kernel images/4096x40        0   393340   393391   394580 
%CPU %MEM ARGS Sun Oct  4 19:48:33 UTC 2026
 0.0  0.0 grep --color=auto ./cli       0  2252
62.2  4.8 ./cli kernel images/4096x40   0 394580
  PID User     Command                         Swap      USS      PSS      RSS 
66255 codespace /usr/bin/python3 /usr/bin/s        0    12032    12250    14424 
61798 codespace ./cli kernel images/4096x40        0   393340   393391   394580 
%CPU %MEM ARGS Sun Oct  4 19:48:33 UTC 2026
 0.0  0.0 grep --color=auto ./cli       0  2164
62.2  4.8 ./cli kernel images/4096x40   1 394580
  PID User     Command                         Swap      USS      PSS      RSS 
66261 codespace /usr/bin/python3 /usr/bin/s        0    12040    12275    14484 
61798 codespace ./cli kernel images/4096x40        0   393340   393391   394580 
%CPU %MEM ARGS Sun Oct  4 19:48:33 UTC 2026
 0.0  0.0 grep --color=auto ./cli       1  2248
62.2  4.8 ./cli kernel images/4096x40   0 394580
  PID User     Command                         Swap      USS      PSS      RSS 
66266 codespace /usr/bin/python3 /usr/bin/s        0    12036    12261    14448 
61798 codespace ./cli kernel images/4096x40        0   393340   393391   394580 
%CPU %MEM ARGS Sun Oct  4 19:48:34 UTC 2026
 0.0  0.0 grep --color=auto ./cli       0  2152
62.2  4.8 ./cli kernel images/4096x40   0 394580
  PID User     Command                         Swap      USS      PSS      RSS 
66271 codespace /usr/bin/python3 /usr/bin/s        0    12036    12271    14480 
61798 codespace ./cli kernel images/4096x40        0   393340   393392   394580 
%CPU %MEM ARGS Sun Oct  4 19:48:34 UTC 2026
 0.0  0.0 grep --color=auto ./cli       0  2248
62.1  4.8 ./cli kernel images/4096x40   1 394580
  PID User     Command                         Swap      USS      PSS      RSS 
66277 codespace /usr/bin/python3 /usr/bin/s        0    12056    12297    14568 
61798 codespace ./cli kernel images/4096x40        0   393340   393392   394580 
%CPU %MEM ARGS Sun Oct  4 19:48:35 UTC 2026
 0.0  0.0 grep --color=auto ./cli       0  2340
62.1  4.8 ./cli kernel images/4096x40   1 394580
  PID User     Command                         Swap      USS      PSS      RSS 
66288 codespace /usr/bin/python3 /usr/bin/s        0    12028    12254    14444 
61798 codespace ./cli kernel images/4096x40        0   393340   393391   394580 
%CPU %MEM ARGS Sun Oct  4 19:48:35 UTC 2026
 0.0  0.0 grep --color=auto ./cli       1  2252
62.1  4.8 ./cli kernel images/4096x40   0 394580
  PID User     Command                         Swap      USS      PSS      RSS 
66294 codespace /usr/bin/python3 /usr/bin/s        0    12036    12274    14484 
61798 codespace ./cli kernel images/4096x40        0   393340   393391   394580 
%CPU %MEM ARGS Sun Oct  4 19:48:35 UTC 2026
 0.0  0.0 grep --color=auto ./cli       1  2160
62.1  4.8 ./cli kernel images/4096x40   0 394580
  PID User     Command                         Swap      USS      PSS      RSS 
66299 codespace /usr/bin/python3 /usr/bin/s        0    12036    12269    14500 
61798 codespace ./cli kernel images/4096x40        0   393340   393392   394580 
%CPU %MEM ARGS Sun Oct  4 19:48:36 UTC 2026
 0.0  0.0 grep --color=auto ./cli       1  2180
62.1  4.8 ./cli kernel images/4096x40   0 394580
  PID User     Command                         Swap      USS      PSS      RSS 
66304 codespace /usr/bin/python3 /usr/bin/s        0    12044    12287    14564 
61798 codespace ./cli kernel images/4096x40        0   393340   393391   394580 
%CPU %MEM ARGS Sun Oct  4 19:48:36 UTC 2026
 0.0  0.0 grep --color=auto ./cli       0  2168
62.1  4.8 ./cli kernel images/4096x40   0 394580
  PID User     Command                         Swap      USS      PSS      RSS 
66310 codespace /usr/bin/python3 /usr/bin/s        0    12032    12264    14508 
61798 codespace ./cli kernel images/4096x40        0   393340   393391   394580 
%CPU %MEM ARGS Sun Oct  4 19:48:37 UTC 2026
 0.0  0.0 grep --color=auto ./cli       0  2180
62.1  4.8 ./cli kernel images/4096x40   1 394580
  PID User     Command                         Swap      USS      PSS      RSS 
66318 codespace /usr/bin/python3 /usr/bin/s        0    12028    12235    14516 
61798 codespace ./cli kernel images/4096x40        0   393340   393390   394580 
%CPU %MEM ARGS Sun Oct  4 19:48:37 UTC 2026
 0.0  0.0 grep --color=auto ./cli       1  2156
62.1  4.8 ./cli kernel images/4096x40   0 394580
  PID User     Command                         Swap      USS      PSS      RSS 
66333 codespace /usr/bin/python3 /usr/bin/s        0    11996    12220    14412 
61798 codespace ./cli kernel images/4096x40        0   393340   393391   394580 
%CPU %MEM ARGS Sun Oct  4 19:48:37 UTC 2026
 0.0  0.0 grep --color=auto ./cli       0  2288
62.1  4.8 ./cli kernel images/4096x40   0 394580
  PID User     Command                         Swap      USS      PSS      RSS 
66338 codespace /usr/bin/python3 /usr/bin/s        0    12048    12289    14540 
61798 codespace ./cli kernel images/4096x40        0   393340   393392   394580 
%CPU %MEM ARGS Sun Oct  4 19:48:38 UTC 2026
 0.0  0.0 grep --color=auto ./cli       0  2344
62.1  4.8 ./cli kernel images/4096x40   1 394580
  PID User     Command                         Swap      USS      PSS      RSS 
66343 codespace /usr/bin/python3 /usr/bin/s        0    12040    12275    14488 
61798 codespace ./cli kernel images/4096x40        0   393340   393391   394580 
%CPU %MEM ARGS Sun Oct  4 19:48:38 UTC 2026
 0.0  0.0 grep --color=auto ./cli       0  2180
62.0  4.8 ./cli kernel images/4096x40   1 394580
  PID User     Command                         Swap      USS      PSS      RSS 
66349 codespace /usr/bin/python3 /usr/bin/s        0    12032    12267    14516 
61798 codespace ./cli kernel images/4096x40        0   393340   393391   394580 
%CPU %MEM ARGS Sun Oct  4 19:48:39 UTC 2026
 0.0  0.0 grep --color=auto ./cli       0  2248
62.0  4.8 ./cli kernel images/4096x40   1 394580
  PID User     Command                         Swap      USS      PSS      RSS 
66354 codespace /usr/bin/python3 /usr/bin/s        0    12040    12283    14532 
61798 codespace ./cli kernel images/4096x40        0   393340   393392   394580 
%CPU %MEM ARGS Sun Oct  4 19:48:39 UTC 2026
 0.0  0.0 grep --color=auto ./cli       0  2304
62.0  4.8 ./cli kernel images/4096x40   1 394580
  PID User     Command                         Swap      USS      PSS      RSS 
66366 codespace /usr/bin/python3 /usr/bin/s        0    12032    12256    14448 
61798 codespace ./cli kernel images/4096x40        0   393340   393391   394580 
%CPU %MEM ARGS Sun Oct  4 19:48:39 UTC 2026
 0.0  0.0 grep --color=auto ./cli       1  2252
62.0  4.8 ./cli kernel images/4096x40   1 394580
  PID User     Command                         Swap      USS      PSS      RSS 
66371 codespace /usr/bin/python3 /usr/bin/s        0    12032    12267    14516 
61798 codespace ./cli kernel images/4096x40        0   393340   393391   394580 
%CPU %MEM ARGS Sun Oct  4 19:48:40 UTC 2026
 0.0  0.0 grep --color=auto ./cli       1  2156
62.0  4.8 ./cli kernel images/4096x40   0 394580
  PID User     Command                         Swap      USS      PSS      RSS 
66376 codespace /usr/bin/python3 /usr/bin/s        0    12040    12275    14508 
61798 codespace ./cli kernel images/4096x40        0   393340   393392   394580 
%CPU %MEM ARGS Sun Oct  4 19:48:40 UTC 2026
 0.0  0.0 grep --color=auto ./cli       0  2184
62.0  4.8 ./cli kernel images/4096x40   0 394580
  PID User     Command                         Swap      USS      PSS      RSS 
66382 codespace /usr/bin/python3 /usr/bin/s        0    12044    12290    14592 
61798 codespace ./cli kernel images/4096x40        0   393340   393391   394580 
%CPU %MEM ARGS Sun Oct  4 19:48:41 UTC 2026
 0.0  0.0 grep --color=auto ./cli       1  2160
62.0  4.8 ./cli kernel images/4096x40   0 394580
  PID User     Command                         Swap      USS      PSS      RSS 
66405 codespace /usr/bin/python3 /usr/bin/s        0    12040    12293    14544 
61798 codespace ./cli kernel images/4096x40        0   393340   393391   394580 
%CPU %MEM ARGS Sun Oct  4 19:48:41 UTC 2026
 0.0  0.0 grep --color=auto ./cli       1  2176
62.0  4.8 ./cli kernel images/4096x40   0 394580
  PID User     Command                         Swap      USS      PSS      RSS 
66417 codespace /usr/bin/python3 /usr/bin/s        0    12044    12287    14564 
61798 codespace ./cli kernel images/4096x40        0   393340   393391   394580 
%CPU %MEM ARGS Sun Oct  4 19:48:41 UTC 2026
 0.0  0.0 grep --color=auto ./cli       0  2180
62.0  4.8 ./cli kernel images/4096x40   0 394580
  PID User     Command                         Swap      USS      PSS      RSS 
66422 codespace /usr/bin/python3 /usr/bin/s        0    12032    12256    14448 
61798 codespace ./cli kernel images/4096x40        0   393340   393391   394580 
%CPU %MEM ARGS Sun Oct  4 19:48:42 UTC 2026
 0.0  0.0 grep --color=auto ./cli       1  2164
62.0  4.8 ./cli kernel images/4096x40   0 394580
  PID User     Command                         Swap      USS      PSS      RSS 
66428 codespace /usr/bin/python3 /usr/bin/s        0    12036    12270    14480 
61798 codespace ./cli kernel images/4096x40        0   393340   393391   394580 
%CPU %MEM ARGS Sun Oct  4 19:48:42 UTC 2026
 0.0  0.0 grep --color=auto ./cli       1  2296
62.0  4.8 ./cli kernel images/4096x40   0 394580
  PID User     Command                         Swap      USS      PSS      RSS 
66440 codespace /usr/bin/python3 /usr/bin/s        0    12032    12242    14500 
61798 codespace ./cli kernel images/4096x40        0   393340   393390   394580 
%CPU %MEM ARGS Sun Oct  4 19:48:43 UTC 2026
 0.0  0.0 grep --color=auto ./cli       0  2248
61.9  4.8 ./cli kernel images/4096x40   0 394580
  PID User     Command                         Swap      USS      PSS      RSS 
66445 codespace /usr/bin/python3 /usr/bin/s        0    12048    12286    14496 
61798 codespace ./cli kernel images/4096x40        0   393340   393391   394580 
%CPU %MEM ARGS Sun Oct  4 19:48:43 UTC 2026
 0.0  0.0 grep --color=auto ./cli       0  2160
61.9  4.8 ./cli kernel images/4096x40   0 394580
  PID User     Command                         Swap      USS      PSS      RSS 
66454 codespace /usr/bin/python3 /usr/bin/s        0    12044    12280    14488 
61798 codespace ./cli kernel images/4096x40        0   393340   393391   394580 
%CPU %MEM ARGS Sun Oct  4 19:48:44 UTC 2026
 0.0  0.0 grep --color=auto ./cli       1  2180
61.9  4.8 ./cli kernel images/4096x40   1 394580
  PID User     Command                         Swap      USS      PSS      RSS 
66462 codespace /usr/bin/python3 /usr/bin/s        0    12036    12252    14428 
61798 codespace ./cli kernel images/4096x40        0   393340   393391   394580 
%CPU %MEM ARGS Sun Oct  4 19:48:44 UTC 2026
 0.0  0.0 grep --color=auto ./cli       0  2208
61.9  4.8 ./cli kernel images/4096x40   0 394580
  PID User     Command                         Swap      USS      PSS      RSS 
66467 codespace /usr/bin/python3 /usr/bin/s        0    12032    12268    14484 
61798 codespace ./cli kernel images/4096x40        0   393340   393392   394580 
%CPU %MEM ARGS Sun Oct  4 19:48:44 UTC 2026
 0.0  0.0 grep --color=auto ./cli       0  2304
61.9  4.8 ./cli kernel images/4096x40   0 394580
  PID User     Command                         Swap      USS      PSS      RSS 
66473 codespace /usr/bin/python3 /usr/bin/s        0    12044    12269    14460 
61798 codespace ./cli kernel images/4096x40        0   393340   393391   394580 
%CPU %MEM ARGS Sun Oct  4 19:48:45 UTC 2026
 0.0  0.0 grep --color=auto ./cli       0  2248
61.9  4.8 ./cli kernel images/4096x40   1 394580
  PID User     Command                         Swap      USS      PSS      RSS 
66478 codespace /usr/bin/python3 /usr/bin/s        0    12036    12264    14452 
61798 codespace ./cli kernel images/4096x40        0   393340   393391   394580 
%CPU %MEM ARGS Sun Oct  4 19:48:45 UTC 2026
 0.0  0.0 grep --color=auto ./cli       1  2168
61.9  4.8 ./cli kernel images/4096x40   0 394580
  PID User     Command                         Swap      USS      PSS      RSS 
66484 codespace /usr/bin/python3 /usr/bin/s        0    12040    12287    14592 
61798 codespace ./cli kernel images/4096x40        0   393340   393392   394580 
%CPU %MEM ARGS Sun Oct  4 19:48:45 UTC 2026
 0.0  0.0 grep --color=auto ./cli       0  2192
61.9  4.8 ./cli kernel images/4096x40   0 394580
  PID User     Command                         Swap      USS      PSS      RSS 
66495 codespace /usr/bin/python3 /usr/bin/s        0    12036    12245    14432 
61798 codespace ./cli kernel images/4096x40        0   393340   393392   394580 
%CPU %MEM ARGS Sun Oct  4 19:48:46 UTC 2026
 0.0  0.0 grep --color=auto ./cli       0  2160
61.9  4.8 ./cli kernel images/4096x40   1 394580
  PID User     Command                         Swap      USS      PSS      RSS 
61798 codespace ./cli kernel images/4096x40        0      116      168     1356 
66501 codespace /usr/bin/python3 /usr/bin/s        0    12040    12275    14484 
